"keyfield","sport_num","stom_spec","standard","total","wt_wstom","wt_wostom","blk_wt","blk_vol","cat","cat_wt","cat_vol","food_id","food_ord","food_fam","food_count","food_wt","food_tl","food_sl","food_cl"
"200906071451-147",32,"Cynoscion nebulosus",54.05,66.4,2.32,1.99,0.036,0.036,"Crustacean",0.001,0.01,"Hippolyte spp","Decapoda","Hippolytidae",1,0.001,NA,NA,NA
"200906071451-147",32,"Cynoscion nebulosus",54.05,66.4,2.32,1.99,0.036,0.036,"Fish",0.036,0.06,"Lucania parva","Cyprinodontiformes","Fundulidae",1,0.011,NA,NA,NA
"200906071451-147",32,"Cynoscion nebulosus",54.05,66.4,2.32,1.99,0.036,0.036,"Fish",0.036,0.06,"Lucania parva","Cyprinodontiformes","Fundulidae",1,0.026,NA,NA,NA
"200906081002-176",31,"Cynoscion nebulosus",39.42,46.83,0.88,0.64,0.087,0.087,"Fish",0.087,0.15,"Lucania parva","Cyprinodontiformes","Fundulidae",1,0.087,21.62,15.92,NA
"200907111350-107",27,"Cynoscion nebulosus",26.57,30.67,0.24,0.16,NA,NA,NA,NA,NA,"Empty",NA,NA,0,NA,NA,NA,NA
"200907111350-107",28,"Cynoscion nebulosus",27.01,32.14,0.27,0.2,0.007,0.007,"Fish",0.007,0.02,"Gerreidae spp","Perciformes","Gerreidae",1,0.007,NA,NA,NA
"200907111350-107",25,"Cynoscion nebulosus",51.38,59.49,1.57,1.28,0.011,0.011,"Crustacean",0.005,0.02,"Hippolyte spp","Decapoda","Hippolytidae",1,0.005,NA,NA,NA
"200907111350-107",25,"Cynoscion nebulosus",51.38,59.49,1.57,1.28,0.011,0.011,"Fish",0.006,0.01,"UNID",NA,NA,1,0.006,NA,NA,NA
"200907111350-107",26,"Cynoscion nebulosus",31.58,36.8,0.38,0.3,0.007,0.007,"Fish",0.007,0.1,"UNID",NA,NA,1,0.007,NA,NA,NA
"200907111213-021",33,"Cynoscion nebulosus",40.73,47.65,0.77,0.64,NA,NA,NA,NA,NA,"Empty",NA,NA,0,NA,NA,NA,NA
"200907111428-119",30,"Cynoscion nebulosus",34.77,41.03,0.54,0.45,0.024,0.024,"Fish",0.024,0.04,"Lucania parva","Cyprinodontiformes","Fundulidae",1,0.024,NA,NA,NA
"200907111616-068",24,"Cynoscion nebulosus",28.61,34.03,0.44,0.32,NA,NA,NA,NA,NA,"Empty",NA,NA,0,NA,NA,NA,NA
"200907111616-068",23,"Cynoscion nebulosus",44.05,52.52,1.1,0.77,0.014,0.014,"Fish",0.014,0.03,"UNID",NA,NA,1,0.014,NA,NA,NA
"200907111645-070",65,"Cynoscion nebulosus",35.4,41.88,0.46,0.45,NA,NA,NA,NA,NA,"Empty",NA,NA,0,NA,NA,NA,NA
"200907111645-070",66,"Cynoscion nebulosus",23.45,27.83,0.15,0.13,NA,NA,NA,NA,NA,"Empty",NA,NA,0,NA,NA,NA,NA
"200907111645-070",68,"Cynoscion nebulosus",18.66,22.43,0.06,0.06,NA,NA,NA,NA,NA,"Empty",NA,NA,0,NA,NA,NA,NA
"200907111645-070",69,"Cynoscion nebulosus",30.65,37.74,0.23,0.21,NA,NA,NA,NA,NA,"Empty",NA,NA,0,NA,NA,NA,NA
"200907111645-070",67,"Cynoscion nebulosus",31.26,36.43,0.39,0.31,0.031,0.031,"Crustacean",0.031,0.12,"Farfantepenaeus duorarum","Decapoda","Penaeidae",1,0.012,NA,NA,NA
"200907111645-070",67,"Cynoscion nebulosus",31.26,36.43,0.39,0.31,0.031,0.031,"Crustacean",0.031,0.12,"Farfantepenaeus duorarum","Decapoda","Penaeidae",1,0.017,NA,NA,NA
"200907111550-067",44,"Cynoscion nebulosus",27.12,32.16,0.22,0.21,NA,NA,NA,NA,NA,"Empty",NA,NA,0,NA,NA,NA,NA
"200907111550-067",39,"Cynoscion nebulosus",59.63,70.36,2.24,2.11,0.038,0.038,"Crustacean",0.038,0.08,"Farfantepenaeus duorarum","Decapoda","Penaeidae",1,0.038,NA,NA,6.89
"200907111550-067",40,"Cynoscion nebulosus",47.88,55.3,1.33,1.25,0.071,0.071,"Crustacean",0.071,0.21,"Farfantepenaeus duorarum","Decapoda","Penaeidae",1,0.071,NA,NA,NA
"200907111550-067",41,"Cynoscion nebulosus",48.8,59.3,1.3,1.33,0.033,0.033,"Crustacean",0.033,0.14,"Farfantepenaeus duorarum","Decapoda","Penaeidae",1,0.033,NA,NA,NA
"200907111550-067",42,"Cynoscion nebulosus",36.4,43.73,0.61,0.596,0.025,0.025,"Crustacean",0.025,0.06,"Farfantepenaeus duorarum","Decapoda","Penaeidae",1,0.025,NA,NA,NA
"200907111550-067",43,"Cynoscion nebulosus",30.18,36.47,0.32,0.28,0.006,0.006,"Fish",0.006,0.01,"Lucania parva","Cyprinodontiformes","Fundulidae",1,0.006,NA,NA,NA
"200907120938-071",36,"Cynoscion nebulosus",37.2,45.61,0.59,0.52,0.013,0.013,"Fish",0.013,0.02,"UNID",NA,NA,1,0.013,NA,NA,NA
"200907121007-073",20,"Cynoscion nebulosus",29.06,33.98,0.33,0.19,NA,NA,NA,NA,NA,"Empty",NA,NA,0,NA,NA,NA,NA
"200907121007-073",18,"Cynoscion nebulosus",58.96,72.33,2.85,2.47,0.068,0.068,"Fish",0.068,0.09,"Lucania parva","Cyprinodontiformes","Fundulidae",1,0.068,NA,NA,NA
"200907121007-073",19,"Cynoscion nebulosus",36.94,43.63,0.7,0.48,0.002,0.002,"Misc",0.002,0.01,"UNID",NA,NA,2,0.002,NA,NA,NA
"200907121007-073",21,"Cynoscion nebulosus",24.9,29.8,0.21,0.11,0.001,0.001,"Crustacean",0.001,0.01,"UNID",NA,NA,1,0.001,NA,NA,NA
"200907141139-323",34,"Cynoscion nebulosus",41.31,50.72,0.91,0.77,0.023,0.023,"Fish",0.023,0.04,"Lucania parva","Cyprinodontiformes","Fundulidae",1,0.01,NA,NA,NA
"200907141139-323",34,"Cynoscion nebulosus",41.31,50.72,0.91,0.77,0.023,0.023,"Fish",0.023,0.04,"UNID",NA,NA,1,0.012,NA,NA,NA
"200908081134-021",70,"Cynoscion nebulosus",72.38,84,NA,3.8,0.26,0.26,"Crustacean",0.171,0.39,"Farfantepenaeus duorarum","Decapoda","Penaeidae",1,0.077,NA,NA,NA
"200908081134-021",70,"Cynoscion nebulosus",72.38,84,NA,3.8,0.26,0.26,"Crustacean",0.171,0.39,"Tozeuma carolinense","Decapoda","Hippolytidae",1,0.076,NA,NA,NA
"200908081134-021",70,"Cynoscion nebulosus",72.38,84,NA,3.8,0.26,0.26,"Crustacean",0.171,0.39,"Tozeuma carolinense","Decapoda","Hippolytidae",1,0.021,NA,NA,NA
"200908081253-106",38,"Cynoscion nebulosus",36.78,43.49,0.55,0.51,NA,NA,NA,NA,NA,"Empty",NA,NA,0,NA,NA,NA,NA
"200908081425-068",37,"Cynoscion nebulosus",48.73,58.51,1.67,1.3,0.079,0.079,"Fish",0.079,0.17,"Lucania parva","Cyprinodontiformes","Fundulidae",1,0.079,NA,NA,NA
"200908091043-278",29,"Cynoscion nebulosus",54.89,68.68,2.3,1.93,0.071,0.071,"Fish",0.071,0.18,"Lucania parva","Cyprinodontiformes","Fundulidae",1,0.052,NA,NA,NA
"200908091043-278",29,"Cynoscion nebulosus",54.89,68.68,2.3,1.93,0.071,0.071,"Fish",0.071,0.18,"Lucania parva","Cyprinodontiformes","Fundulidae",1,0.021,NA,NA,NA
"200909150920-302",35,"Cynoscion nebulosus",69.21,83.92,4.46,3.91,0.18,0.18,"Crustacean",0.091,0.07,"Caridean spp","Decapoda",NA,1,0.002,NA,NA,NA
"200909150920-302",35,"Cynoscion nebulosus",69.21,83.92,4.46,3.91,0.18,0.18,"Crustacean",0.091,0.07,"Caridean spp","Decapoda",NA,1,0.003,NA,NA,NA
"200909150920-302",35,"Cynoscion nebulosus",69.21,83.92,4.46,3.91,0.18,0.18,"Crustacean",0.091,0.07,"Caridean spp","Decapoda",NA,1,0.005,NA,NA,NA
"200909150920-302",35,"Cynoscion nebulosus",69.21,83.92,4.46,3.91,0.18,0.18,"Fish",0.103,0.05,"Mugilidae spp","Mugiliformes","Mugilidae",1,0.103,NA,NA,NA
"200909150920-302",35,"Cynoscion nebulosus",69.21,83.92,4.46,3.91,0.18,0.18,"Crustacean",0.091,0.07,"Palaemon spp","Decapoda","Palaemonidae",1,0.004,NA,NA,NA
"200909150920-302",35,"Cynoscion nebulosus",69.21,83.92,4.46,3.91,0.18,0.18,"Crustacean",0.091,0.07,"Palaemon spp","Decapoda","Palaemonidae",1,0.01,NA,NA,NA
"200909150920-302",35,"Cynoscion nebulosus",69.21,83.92,4.46,3.91,0.18,0.18,"Crustacean",0.091,0.07,"Thor spp","Decapoda","Thoridae",1,0.001,NA,NA,NA
"200909150920-302",35,"Cynoscion nebulosus",69.21,83.92,4.46,3.91,0.18,0.18,"Crustacean",0.091,0.07,"Thor spp","Decapoda","Thoridae",1,0.004,NA,NA,NA
"200909150920-302",35,"Cynoscion nebulosus",69.21,83.92,4.46,3.91,0.18,0.18,"Crustacean",0.091,0.07,"Thor spp","Decapoda","Thoridae",1,0.023,NA,NA,NA
"200910121018-312",22,"Cynoscion nebulosus",27.85,34.1,0.33,0.22,0.023,0.023,"Crustacean",0.023,0.055,"Hippolyte spp","Decapoda","Hippolytidae",1,0.01,NA,NA,NA
"200910121018-312",22,"Cynoscion nebulosus",27.85,34.1,0.33,0.22,0.023,0.023,"Crustacean",0.023,0.055,"Hippolyte zostericola","Decapoda","Hippolytidae",1,0.007,NA,NA,NA
"200910121604-284",63,"Cynoscion nebulosus",37.26,46.71,0.58,0.53,0.001,0.001,"Misc",0.001,0.01,"UNID",NA,NA,1,0.001,NA,NA,NA
"200911160815-292",64,"Cynoscion nebulosus",35.47,42.37,0.5,0.43,NA,NA,NA,NA,NA,"Empty",NA,NA,0,NA,NA,NA,NA
"200911160836-291",45,"Cynoscion nebulosus",67.01,82,4.23,4.06,0.052,0.052,"Crustacean",0.052,0.08,"Caridean spp","Decapoda",NA,1,0.003,NA,NA,NA
"200911160836-291",45,"Cynoscion nebulosus",67.01,82,4.23,4.06,0.052,0.052,"Crustacean",0.052,0.08,"Caridean spp","Decapoda",NA,1,0.002,NA,NA,NA
"200911160836-291",45,"Cynoscion nebulosus",67.01,82,4.23,4.06,0.052,0.052,"Crustacean",0.052,0.08,"Hippolyte zostericola","Decapoda","Hippolytidae",1,0.028,NA,NA,6.11
"200911160836-291",45,"Cynoscion nebulosus",67.01,82,4.23,4.06,0.052,0.052,"Crustacean",0.052,0.08,"Thor spp","Decapoda","Thoridae",1,0.013,NA,NA,NA
"201005291115-054",2,"Cynoscion nebulosus",34.08,41.4,NA,0.45,NA,NA,NA,NA,NA,"Empty",NA,NA,0,NA,NA,NA,NA
"201005291030-022",13,"Cynoscion nebulosus",31.49,38.93,NA,0.33,0.006,0.006,"Fish",0.006,0.02,"UNID",NA,NA,1,0.006,NA,NA,NA
"201005291030-022",14,"Cynoscion nebulosus",31.97,39.37,NA,0.37,0.004,0.004,"Fish",0.004,0.03,"UNID",NA,NA,1,0.004,NA,NA,NA
"201005291030-022",15,"Cynoscion nebulosus",26.8,33.98,NA,0.16,0.024,0.024,"Fish",0.024,0.06,"UNID",NA,NA,1,0.024,NA,NA,NA
"201005291005-024",8,"Cynoscion nebulosus",34.8,42.58,NA,0.55,0.045,0.045,"Crustacean",0.04,0.08,"Hippolyte spp","Decapoda","Hippolytidae",1,0.04,NA,NA,NA
"201005291005-024",8,"Cynoscion nebulosus",34.8,42.58,NA,0.55,0.045,0.045,"Crustacean",0.04,0.08,"Latreutes fucorum","Decapoda","Hippolytidae",1,0.001,NA,NA,NA
"201005291515-068",3,"Cynoscion nebulosus",35.7,43.41,NA,0.5,NA,NA,NA,NA,NA,"Empty",NA,NA,0,NA,NA,NA,NA
"201005291515-068",4,"Cynoscion nebulosus",39.85,49.32,NA,0.6,NA,NA,NA,NA,NA,"Empty",NA,NA,0,NA,NA,NA,NA
"201005291515-068",8,"Cynoscion nebulosus",33.85,41.47,NA,2.79,0.014,0.014,"Crustacean",0.004,0.01,"Tanaidacea spp","Tanaidacea",NA,1,0.004,NA,NA,NA
"201005291515-068",9,"Cynoscion nebulosus",33.85,41.47,NA,2.79,0.014,0.014,"Fish",0.014,0.06,"UNID",NA,NA,1,0.006,NA,NA,NA
"201005291515-068",9,"Cynoscion nebulosus",33.85,41.47,NA,2.79,0.014,0.014,"Fish",0.014,0.06,"UNID",NA,NA,1,0.008,NA,NA,NA
"201005290915-122",12,"Cynoscion nebulosus",18.48,22.42,NA,0.71,0.001,0.001,"Misc",0.001,0.01,"UNID",NA,NA,1,0.001,NA,NA,NA
"201005291420-144",5,"Cynoscion nebulosus",19.86,23.23,NA,0.09,NA,NA,NA,NA,NA,"Empty",NA,NA,0,NA,NA,NA,NA
"201006011320-621",10,"Cynoscion nebulosus",48.91,60.18,NA,1.27,0.023,0.023,"Crustacean",0.015,0.06,"Caridean spp","Decapoda",NA,1,0.015,NA,NA,NA
"201006011320-621",10,"Cynoscion nebulosus",48.91,60.18,NA,1.27,0.023,0.023,"Crustacean",0.01,0.03,"UNID",NA,NA,1,0.01,NA,NA,NA
"201007031205-107",11,"Cynoscion nebulosus",42.31,51.98,1.16,0.69,0.021,0.021,"Crustacean",0.021,0.04,"Hippolyte zostericola","Decapoda","Hippolytidae",1,0.021,NA,NA,NA
"201007031542-168",7,"Cynoscion nebulosus",61.62,73.65,4.5,2.91,0.167,0.167,"Crustacean",0.131,0.18,"Caridean spp","Decapoda",NA,1,0.01,NA,NA,NA
"201007031542-168",7,"Cynoscion nebulosus",61.62,73.65,4.5,2.91,0.167,0.167,"Crustacean",0.131,0.18,"Caridean spp","Decapoda",NA,1,0.007,NA,NA,NA
"201007031542-168",7,"Cynoscion nebulosus",61.62,73.65,4.5,2.91,0.167,0.167,"Crustacean",0.131,0.18,"Caridean spp","Decapoda",NA,1,0.004,NA,NA,NA
"201007031542-168",7,"Cynoscion nebulosus",61.62,73.65,4.5,2.91,0.167,0.167,"Crustacean",0.131,0.18,"Caridean spp","Decapoda",NA,1,0.004,NA,NA,NA
"201007031542-168",7,"Cynoscion nebulosus",61.62,73.65,4.5,2.91,0.167,0.167,"Crustacean",0.131,0.18,"Caridean spp","Decapoda",NA,1,0.003,NA,NA,NA
"201007031542-168",7,"Cynoscion nebulosus",61.62,73.65,4.5,2.91,0.167,0.167,"Crustacean",0.131,0.18,"Hippolyte spp","Decapoda","Hippolytidae",1,0.04,12.2,NA,NA
"201007031542-168",7,"Cynoscion nebulosus",61.62,73.65,4.5,2.91,0.167,0.167,"Crustacean",0.131,0.18,"Penaeid spp","Decapoda","Penaeidae",1,0.09,20.45,NA,NA
"201007031542-168",7,"Cynoscion nebulosus",42.31,51.98,1.16,0.69,0.021,0.021,"Crustacean",0.013,0.2,"UNID",NA,NA,1,0.009,NA,NA,NA
"201007040925-144",6,"Cynoscion nebulosus",40.73,51.37,0.93,0.81,0.037,0.037,"Crustacean",0.026,0.01,"Caridean spp","Decapoda",NA,1,0.001,NA,NA,NA
"201007040925-144",6,"Cynoscion nebulosus",40.73,51.37,0.93,0.81,0.037,0.037,"Crustacean",0.026,0.01,"Hippolyte pleuracanthus","Decapoda","Hippolytidae",1,0.026,11.17,NA,3.21
"201007040925-144",6,"Cynoscion nebulosus",40.73,51.37,0.93,0.81,0.037,0.037,"Fish",0.007,0.03,"UNID",NA,NA,1,0.007,NA,NA,NA
"201007311534-071",16,"Cynoscion nebulosus",115.6,133.56,17.19,15.79,0.23,0.23,"Crustacean",0.23,0.35,"Penaeid spp","Decapoda","Penaeidae",1,0.23,NA,NA,NA
"201007311534-071",17,"Cynoscion nebulosus",73.66,85.2,5.49,4.65,0.23,0.23,"Misc",0.23,0.3,"UNID",NA,NA,1,0.23,NA,NA,NA
"201007311328-159",1,"Cynoscion nebulosus",33.16,41.36,0.46,0.39,NA,NA,NA,NA,NA,"Empty",NA,NA,0,NA,NA,NA,NA
"201009050920-023",48,"Cynoscion nebulosus",33.35,40.96,0.49,0.46,NA,NA,NA,NA,NA,"Empty",NA,NA,0,NA,NA,NA,NA
"201009050920-023",46,"Cynoscion nebulosus",40.94,52.96,1,0.92,0.006,0.006,"Crustacean",0.006,0.04,"Latreutes fucorum","Decapoda","Hippolytidae",1,0.006,NA,NA,NA
"201009050920-023",49,"Cynoscion nebulosus",27.49,35.65,0.32,0.29,0.003,0.003,"Fish",0.003,0.02,"Lucania parva","Cyprinodontiformes","Fundulidae",1,0.003,0.02,NA,NA
"201009050920-023",47,"Cynoscion nebulosus",34.32,43.55,0.56,0.55,0.002,0.002,"Crustacean",0.002,0.01,"UNID",NA,NA,1,0.002,NA,NA,NA
"201009050920-023",47,"Cynoscion nebulosus",34.32,43.55,0.56,0.55,0.002,0.002,"Misc",0.001,0.01,"UNID",NA,NA,1,0.001,NA,NA,NA
"201009051010-021",51,"Cynoscion nebulosus",32.78,41.44,0.45,0.44,0.001,0.001,"Misc",0.001,0.01,"UNID",NA,NA,1,0.001,NA,NA,NA
"201009051304-156",53,"Cynoscion nebulosus",49.81,61.53,1.63,1.45,0.042,0.042,"Crustacean",0.042,0.06,"Tozeuma carolinense","Decapoda","Hippolytidae",1,0.042,NA,NA,NA
"201009051245-157",52,"Cynoscion nebulosus",48.41,60.59,1.57,1.39,0.052,0.052,"Crustacean",0.019,0.02,"Caridean spp","Decapoda",NA,1,0.019,NA,NA,NA
"201009051245-157",52,"Cynoscion nebulosus",48.41,60.59,1.57,1.39,0.052,0.052,"Fish",0.037,0.005,"Lucania parva","Cyprinodontiformes","Fundulidae",1,0.023,NA,NA,NA
"201009051245-157",52,"Cynoscion nebulosus",48.41,60.59,1.57,1.39,0.052,0.052,"Fish",0.037,0.005,"Lucania parva","Cyprinodontiformes","Fundulidae",1,0.015,NA,NA,NA
"201009051530-176",50,"Cynoscion nebulosus",40.76,51.02,0.93,0.84,0.003,0.003,"Misc",0.003,0.035,"UNID",NA,NA,5,0.035,NA,NA,NA
"201010031113-130",54,"Cynoscion nebulosus",35.52,43.85,0.54,0.46,0.029,0.029,"Fish",0.029,0.07,"Holocentridae spp","Holocentriformes","Holocentridae",1,0.029,NA,NA,NA
"201010031113-130",55,"Cynoscion nebulosus",24.39,29.33,0.16,0.13,0.008,0.008,"Fish",0.005,0.02,"Sphyraenidae spp","Istiophoriformes","Sphyraenidae",1,0.005,NA,NA,NA
"201010031113-130",55,"Cynoscion nebulosus",24.39,29.33,0.16,0.13,0.008,0.008,"Crustacean",0.003,0.01,"UNID",NA,NA,1,0.003,NA,NA,NA
"201010031325-156",59,"Cynoscion nebulosus",33.94,42.2,0.48,0.45,0.003,0.003,"Misc",0.003,0.01,"UNID",NA,NA,1,0.003,NA,NA,NA
"201010031410-067",56,"Cynoscion nebulosus",53.86,67.51,2.12,1.9,0.051,0.051,"Crustacean",0.051,0.08,"Caridean spp","Decapoda",NA,5,0.051,NA,NA,NA
"201010031410-067",56,"Cynoscion nebulosus",53.86,67.51,2.12,1.9,0.051,0.051,"Crustacean",0.051,0.08,"Tanaidacea spp","Tanaidacea",NA,1,0.001,NA,NA,NA
"201010031410-067",57,"Cynoscion nebulosus",38.39,47.44,0.86,0.81,0.006,0.006,"Misc",0.006,0.02,"UNID",NA,NA,1,0.006,NA,NA,NA
"201010031005-022",58,"Cynoscion nebulosus",33.04,41.71,0.49,0.43,NA,NA,NA,NA,NA,"Empty",NA,NA,0,NA,NA,NA,NA
"201011100857-174",60,"Cynoscion nebulosus",73.88,90.2,5.34,4.87,0.153,0.153,"Crustacean",0.153,0.1,"Farfantepenaeus duorarum","Decapoda","Penaeidae",1,0.153,NA,NA,NA
"201011100935-167",61,"Cynoscion nebulosus",68.72,83.95,4.44,3.9,0.117,0.117,"Fish",0.117,0.12,"UNID",NA,NA,1,0.117,NA,NA,NA
"201011101050-135",62,"Cynoscion nebulosus",29.58,37.85,0.29,0.26,NA,NA,NA,NA,NA,"Empty",NA,NA,0,NA,NA,NA,NA
"201105140935-144",10,"Cynoscion nebulosus",50.43,62.82,1.54,1.44,0.011,0.011,"Crustacean",0.011,0.028,"Hippolyte pleuracanthus","Decapoda","Hippolytidae",1,0.011,NA,NA,NA
"201105141050-118",9,"Cynoscion nebulosus",41.97,52.26,0.82,0.73,0.023,0.023,"Fish",NA,NA,"UNID",NA,NA,1,NA,NA,NA,NA
"201105141050-118",9,"Cynoscion nebulosus",41.97,52.26,0.82,0.73,0.023,0.023,"Crustacean",NA,NA,"UNID",NA,NA,1,NA,NA,NA,NA
"201105141222-106",8,"Cynoscion nebulosus",37.18,45.78,0.67,0.58,0.032,0.032,"Crustacean",0.032,0.084,"UNID",NA,NA,1,0.032,NA,NA,NA
"201105141410-070",4,"Cynoscion nebulosus",26.75,33.75,0.22,0.17,0,0,NA,NA,NA,"Empty",NA,NA,0,NA,NA,NA,NA
"201105141410-070",34,"Cynoscion nebulosus",16.24,19.17,0.06,NA,NA,NA,NA,NA,NA,"Empty",NA,NA,0,NA,NA,NA,NA
"201105141410-070",3,"Cynoscion nebulosus",29.14,35.2,0.32,0.17,0.027,0.027,"Fish",0.027,0.084,"Gerreidae spp","Perciformes","Gerreidae",1,0.023,NA,NA,NA
"201105141410-070",3,"Cynoscion nebulosus",29.14,35.2,0.32,0.17,0.027,0.027,"Fish",0.027,0.084,"Gerreidae spp","Perciformes","Gerreidae",1,0.011,NA,NA,NA
"201105141410-070",3,"Cynoscion nebulosus",29.14,35.2,0.32,0.17,0.027,0.027,"Fish",0.027,0.084,"Gerreidae spp","Perciformes","Gerreidae",1,0.002,NA,NA,NA
"201105141410-070",2,"Cynoscion nebulosus",47.25,58.21,1.22,1.08,0.031,0.031,"Fish",0.01,0.014,"UNID",NA,NA,1,0.01,NA,NA,NA
"201105141410-070",2,"Cynoscion nebulosus",47.25,58.21,1.22,1.08,0.031,0.031,"Misc",0.004,NA,"UNID",NA,NA,1,0.004,NA,NA,NA
"201105141345-130",1,"Cynoscion nebulosus",70.76,86.13,4.54,3.97,0.131,0.131,"Crustacean",0.131,0.18,"Penaeid spp","Decapoda","Penaeidae",1,0.113,NA,NA,NA
"201105141345-130",1,"Cynoscion nebulosus",70.76,86.13,4.54,3.97,0.131,0.131,"Crustacean",0.131,0.18,"Penaeid spp","Decapoda","Penaeidae",1,0.015,NA,NA,NA
"201105151422-073",6,"Cynoscion nebulosus",37.34,45.25,0.73,0.59,0.077,0.077,"Fish",0.077,0.13,"Gerreidae spp","Perciformes","Gerreidae",1,0.037,NA,NA,NA
"201105151422-073",5,"Cynoscion nebulosus",40.5,49.94,0.85,0.75,0.001,0.001,"Fish",0.001,0.001,"UNID",NA,NA,1,0.001,NA,NA,NA
"201105151422-073",6,"Cynoscion nebulosus",37.34,45.25,0.73,0.59,0.077,0.077,"Fish",0.077,0.13,"UNID",NA,NA,1,0.032,NA,NA,NA
"201105151422-073",6,"Cynoscion nebulosus",37.34,45.25,0.73,0.59,0.077,0.077,"Fish",0.077,0.13,"UNID",NA,NA,1,0.007,NA,NA,NA
"201105151422-073",6,"Cynoscion nebulosus",37.34,45.25,0.73,0.59,0.077,0.077,"Fish",0.077,0.13,"UNID",NA,NA,1,0.005,NA,NA,NA
"201105151422-073",7,"Cynoscion nebulosus",32.64,40.69,0.46,0.41,0.022,0.022,"Fish",0.022,0.044,"UNID",NA,NA,1,0.022,NA,NA,NA
"201105151012-171",11,"Cynoscion nebulosus",50.34,61.41,1.73,1.43,0.257,0.257,"Fish",0.138,0.14,"Engraulidae spp","Clupeiformes","Engraulidae",1,0.045,NA,NA,NA
"201105151012-171",11,"Cynoscion nebulosus",50.34,61.41,1.73,1.43,0.257,0.257,"Crustacean",0.109,0.17,"Farfantepenaeus duorarum","Decapoda","Penaeidae",1,0.067,NA,NA,NA
"201105151012-171",11,"Cynoscion nebulosus",50.34,61.41,1.73,1.43,0.257,0.257,"Crustacean",0.109,0.17,"Penaeid spp","Decapoda","Penaeidae",1,0.042,NA,NA,NA
"201105151012-171",11,"Cynoscion nebulosus",50.34,61.41,1.73,1.43,0.257,0.257,"Fish",0.138,0.14,"UNID",NA,NA,1,0.021,NA,NA,NA
"201105151012-171",11,"Cynoscion nebulosus",50.34,61.41,1.73,1.43,0.257,0.257,"Fish",0.138,0.14,"UNID",NA,NA,1,0.075,NA,NA,NA
"201106121050-020",21,"Cynoscion nebulosus",43.33,55.45,0.92,0.82,0,0,NA,NA,NA,"Empty",NA,NA,0,NA,NA,NA,NA
"201106121028-101",13,"Cynoscion nebulosus",57.8,72.57,2.57,2.12,0.189,0.189,"Crustacean",0.142,0.12,"Farfantepenaeus duorarum","Decapoda","Penaeidae",1,0.1,NA,NA,NA
"201106121028-101",13,"Cynoscion nebulosus",57.8,72.57,2.57,2.12,0.189,0.189,"Fish",0.042,0.046,"Gerreidae spp","Perciformes","Gerreidae",1,0.042,NA,NA,NA
"201106121028-101",13,"Cynoscion nebulosus",57.8,72.57,2.57,2.12,0.189,0.189,"Crustacean",0.142,0.12,"Penaeid spp","Decapoda","Penaeidae",1,0.003,NA,NA,NA
"201106121028-101",13,"Cynoscion nebulosus",57.8,72.57,2.57,2.12,0.189,0.189,"Crustacean",0.142,0.12,"Penaeid spp","Decapoda","Penaeidae",1,0.023,NA,NA,NA
"201106121155-065",12,"Cynoscion nebulosus",28.48,34.96,0.3,0.24,0,0,NA,NA,NA,"Empty",NA,NA,0,NA,NA,NA,NA
"201106121220-068",18,"Cynoscion nebulosus",51.89,65.59,1.51,1.32,0.003,0.003,"Crustacean",0.003,0.002,"UNID",NA,NA,1,0.003,NA,NA,NA
"201106121220-068",19,"Cynoscion nebulosus",36.23,45.3,0.55,0.5,0.001,0.001,"Crustacean",0.001,0.001,"UNID",NA,NA,1,0.001,NA,NA,NA
"201106121220-068",20,"Cynoscion nebulosus",29.59,37.47,0.32,0.25,0.032,0.032,"Fish",0.019,0.049,"UNID",NA,NA,1,0.019,NA,NA,NA
"201106121220-068",20,"Cynoscion nebulosus",29.59,37.47,0.32,0.25,0.032,0.032,"Crustacean",0.018,0.024,"UNID",NA,NA,1,0.018,NA,NA,NA
"201106121348-071",17,"Cynoscion nebulosus",28.22,33.59,0.29,0.23,0,0,NA,NA,NA,"Empty",NA,NA,0,NA,NA,NA,NA
"201106121348-071",16,"Cynoscion nebulosus",44.34,55.72,1.11,0.95,0.005,0.005,"Fish",0.005,0.002,"UNID",NA,NA,1,0.005,NA,NA,NA
"201106121315-070",15,"Cynoscion nebulosus",29.3,35.89,0.27,0.24,0,0,NA,NA,NA,"Empty",NA,NA,0,NA,NA,NA,NA
"201106121315-070",14,"Cynoscion nebulosus",31.26,38.85,0.33,0.28,0.001,0.001,"Crustacean",0.001,0.001,"UNID",NA,NA,1,0.001,NA,NA,NA
"201108141452-068",23,"Cynoscion nebulosus",38.74,46.54,0.6,0.5,0,0,NA,NA,NA,"Empty",NA,NA,0,NA,NA,NA,NA
"201108141452-068",22,"Cynoscion nebulosus",100.39,120.74,11.82,11.15,0.1,0.1,"Crustacean",0.1,0.18,"Farfantepenaeus duorarum","Decapoda","Penaeidae",1,0.1,NA,NA,NA
"201109041119-067",33,"Cynoscion nebulosus",14.54,17.12,0.037,0.024,0,0,NA,NA,NA,"Empty",NA,NA,0,NA,NA,NA,NA
"201109041119-067",31,"Cynoscion nebulosus",20.31,24.27,0.13,0.1,0.014,0.014,"Crustacean",0.014,0.05,"Penaeid spp","Decapoda","Penaeidae",1,0.014,NA,NA,NA
"201109041119-067",25,"Cynoscion nebulosus",21.07,25.61,0.11,0.09,0.001,0.001,"Misc",0.001,0.01,"UNID",NA,NA,1,0.001,NA,NA,NA
"201109041119-067",26,"Cynoscion nebulosus",25.9,32.41,0.21,0.14,0.009,0.009,"Fish",0.009,0.025,"UNID",NA,NA,1,0.009,NA,NA,NA
"201109041119-067",32,"Cynoscion nebulosus",14.65,18.18,0.04,0.03,0.005,0.005,"Fish",0.005,0.01,"UNID",NA,NA,1,0.005,NA,NA,NA
"201109041425-168",24,"Cynoscion nebulosus",13.64,15.93,0.023,0.014,0,0,NA,NA,NA,"Empty",NA,NA,0,NA,NA,NA,NA
"201110231436-168",29,"Cynoscion nebulosus",25.57,31,0.18,0.15,0,0,NA,NA,NA,"Empty",NA,NA,0,NA,NA,NA,NA
"201110231436-168",30,"Cynoscion nebulosus",20.67,24.42,0.07,0.06,0.002,0.002,"Crustacean",0.002,0.01,"UNID",NA,NA,1,0.002,NA,NA,NA
"201110231410-171",27,"Cynoscion nebulosus",75.1,88.03,5.98,5.47,0.102,0.102,"Crustacean",0.102,0.16,"Penaeid spp","Decapoda","Penaeidae",1,0.102,NA,NA,NA
"201110231410-171",28,"Cynoscion nebulosus",43.66,53.07,1.02,0.9,0.016,0.016,"Crustacean",0.016,0.025,"UNID",NA,NA,3,0.016,NA,NA,NA
"201205271045-065",9,"Cynoscion nebulosus",35.61,42.38,0.62,0.59,0,0,NA,NA,NA,"Empty",NA,NA,0,NA,NA,NA,NA
"201205270822-123",8,"Cynoscion nebulosus",33.34,41.01,0.57,0.47,0.003,0.003,"Crustacean",0.003,0.007,"Caridean spp","Decapoda",NA,1,0,NA,NA,NA
"201205270822-123",8,"Cynoscion nebulosus",33.34,41.01,0.57,0.47,0.003,0.003,"Crustacean",0.003,0.007,"Caridean spp","Decapoda",NA,1,0,NA,NA,NA
"201205270822-123",8,"Cynoscion nebulosus",33.34,41.01,0.57,0.47,0.003,0.003,"Crustacean",0.003,0.007,"Gammaridea spp","Amphipoda",NA,1,0.001,NA,NA,NA
"201205270822-123",8,"Cynoscion nebulosus",33.34,41.01,0.57,0.47,0.003,0.003,"Crustacean",0.003,0.007,"Thor spp","Decapoda","Thoridae",1,0.002,NA,NA,NA
"201205271104-067",6,"Cynoscion nebulosus",32.98,40.64,0.47,0.42,0,0,NA,NA,NA,"Empty",NA,NA,0,NA,NA,NA,NA
"201205271104-067",5,"Cynoscion nebulosus",40.71,48.4,0.92,0.81,0.003,0.003,"Crustacean",0.003,0.009,"UNID",NA,NA,1,0.003,NA,NA,NA
"201205271104-067",7,"Cynoscion nebulosus",57.26,72,2.95,2.47,0.053,0.053,"Fish",0.053,0.052,"UNID",NA,NA,1,0.04,NA,NA,NA
"201205271104-067",7,"Cynoscion nebulosus",57.26,72,2.95,2.47,0.053,0.053,"Fish",0.053,0.052,"UNID",NA,NA,1,0.016,NA,NA,NA
"201205270938-022",10,"Cynoscion nebulosus",25.98,32.5,0.23,0.2,0.009,0.009,"Crustacean",0.009,0.018,"Caridean spp","Decapoda",NA,3,0.009,NA,NA,NA
"201205271447-175",4,"Cynoscion nebulosus",35.23,43.12,0.69,0.61,0.009,0.009,"Crustacean",0.009,0.028,"Hippolyte zostericola","Decapoda","Hippolytidae",1,0.005,9.53,NA,NA
"201205271447-175",4,"Cynoscion nebulosus",35.23,43.12,0.69,0.61,0.009,0.009,"Crustacean",0.009,0.028,"Penaeid spp","Decapoda","Penaeidae",1,0.004,NA,NA,NA
"201206261417-158",23,"Cynoscion nebulosus",56.26,66.17,2.87,2.54,0.047,0.047,"Fish",0.035,0.041,"Caridean spp","Decapoda",NA,1,0.019,NA,NA,NA
"201206261417-158",23,"Cynoscion nebulosus",56.26,66.17,2.87,2.54,0.047,0.047,"Fish",0.035,0.041,"Lucania parva","Cyprinodontiformes","Fundulidae",1,0.026,NA,NA,NA
"201206261417-158",23,"Cynoscion nebulosus",56.26,66.17,2.87,2.54,0.047,0.047,"Crustacean",0.019,0.013,"UNID",NA,NA,1,0.007,NA,NA,NA
"201206270850-171",14,"Cynoscion nebulosus",61.1,79.36,4.47,4.09,0.028,0.028,"Fish",0.028,0.03,"Eucinostomus spp","Perciformes","Gerreidae",1,0.003,NA,NA,NA
"201206270850-171",14,"Cynoscion nebulosus",61.1,79.36,4.47,4.09,0.028,0.028,"Fish",0.028,0.03,"Eucinostomus spp","Perciformes","Gerreidae",1,0.002,NA,NA,NA
"201206270850-171",14,"Cynoscion nebulosus",61.1,79.36,4.47,4.09,0.028,0.028,"Fish",0.028,0.03,"UNID",NA,NA,1,0.013,NA,NA,NA
"201206271305-123",15,"Cynoscion nebulosus",29.54,35.46,0.39,0.31,0.023,0.023,"Fish",0.023,0.011,"UNID",NA,NA,1,0.003,NA,NA,NA
"201206271305-123",15,"Cynoscion nebulosus",29.54,35.46,0.39,0.31,0.023,0.023,"Fish",0.023,0.011,"UNID",NA,NA,1,0.011,NA,NA,NA
"201206271305-123",15,"Cynoscion nebulosus",29.54,35.46,0.39,0.31,0.023,0.023,"Fish",0.023,0.011,"UNID",NA,NA,1,0.006,NA,NA,NA
"201207161048-020",17,"Cynoscion nebulosus",29.94,36.88,0.39,0.33,0.008,0.008,"Crustacean",0.008,0.002,"Caridean spp","Decapoda",NA,2,0.005,NA,NA,NA
"201207161048-020",16,"Cynoscion nebulosus",39.88,51.24,1.03,0.93,0,0,NA,NA,NA,"Empty",NA,NA,0,NA,NA,NA,NA
"201207161048-020",17,"Cynoscion nebulosus",29.94,36.88,0.39,0.33,0.008,0.008,"Crustacean",0.008,0.002,"Hippolyte spp","Decapoda","Hippolytidae",1,0.002,NA,NA,NA
"201207161048-020",17,"Cynoscion nebulosus",29.94,36.88,0.39,0.33,0.008,0.008,"Crustacean",0.008,0.002,"Hippolyte spp","Decapoda","Hippolytidae",1,0.001,NA,NA,NA
"201207161159-144",2,"Cynoscion nebulosus",66.43,79.29,3.86,3.43,0.103,0.103,"Crustacean",0.009,0.042,"Caridean spp","Decapoda",NA,1,0.003,NA,NA,NA
"201207161159-144",2,"Cynoscion nebulosus",66.43,79.29,3.86,3.43,0.103,0.103,"Crustacean",0.009,0.042,"Thor spp","Decapoda","Thoridae",1,0.006,NA,NA,NA
"201207161159-144",2,"Cynoscion nebulosus",66.43,79.29,3.86,3.43,0.103,0.103,"Fish",0.045,0.063,"UNID",NA,NA,1,0.045,NA,NA,NA
"201207161159-144",3,"Cynoscion nebulosus",75.11,89.55,5.73,5.26,0.017,0.017,"Fish",0.017,0.07,"UNID",NA,NA,1,0.017,NA,NA,NA
"201207161240-156",21,"Cynoscion nebulosus",46.74,59.65,1.53,1.35,0.005,0.005,"Crustacean",0.005,0.031,"Amphipod spp","Amphipoda",NA,1,0.001,NA,NA,NA
"201207161240-156",20,"Cynoscion nebulosus",45.57,59.98,1.76,1.59,0.001,0.001,"Crustacean",0.001,0.001,"Caridean spp","Decapoda",NA,1,0.001,NA,NA,NA
"201207161240-156",22,"Cynoscion nebulosus",31.57,39.01,0.47,0.41,0.015,0.015,"Crustacean",0.015,0.019,"Caridean spp","Decapoda",NA,2,0.015,NA,NA,NA
"201207161240-156",21,"Cynoscion nebulosus",46.74,59.65,1.53,1.35,0.005,0.005,"Crustacean",0.005,0.031,"Thor spp","Decapoda","Thoridae",1,0.002,NA,NA,NA
"201207161332-070",13,"Cynoscion nebulosus",18.98,23.63,0.1,0.07,0.001,0.001,"Crustacean",0.001,0.001,"Amphipod spp","Amphipoda",NA,8,0.001,NA,NA,NA
"201207161332-070",12,"Cynoscion nebulosus",64.91,76.24,3.84,3.24,0.064,0.064,"Crustacean",0.064,0.042,"Penaeid spp","Decapoda","Penaeidae",4,0.046,NA,NA,NA
"201207161332-070",12,"Cynoscion nebulosus",64.91,76.24,3.84,3.24,0.064,0.064,"Crustacean",0.064,0.042,"Thor spp","Decapoda","Thoridae",1,0.015,NA,NA,NA
"201207161332-070",11,"Cynoscion nebulosus",32.72,39.55,0.49,0.39,0.016,0.016,"Fish",0.016,0.049,"UNID",NA,NA,1,0.016,NA,NA,NA
"201207161359-073",24,"Cynoscion nebulosus",46.38,57.11,1.31,1.18,0,0,NA,NA,NA,"Empty",NA,NA,0,NA,NA,NA,NA
"201208121146-020",18,"Cynoscion nebulosus",52.83,66.24,2.18,1.97,0.039,0.039,"Crustacean",0.039,0.048,"Farfantepenaeus spp","Decapoda","Penaeidae",1,0.018,14.81,NA,3.31
"201208121146-020",19,"Cynoscion nebulosus",52.46,61.44,1.96,1.71,0.076,0.076,"Crustacean",0.076,0.097,"Farfantepenaeus spp","Decapoda","Penaeidae",1,0.055,21.28,NA,4.39
"201208121146-020",19,"Cynoscion nebulosus",52.46,61.44,1.96,1.71,0.076,0.076,"Crustacean",0.076,0.097,"Hippolyte zostericola","Decapoda","Hippolytidae",1,0.013,NA,NA,NA
"201208121146-020",18,"Cynoscion nebulosus",52.83,66.24,2.18,1.97,0.039,0.039,"Crustacean",0.039,0.048,"Periclimenes longicaudatus","Decapoda","Palaemonidae",1,0.008,9.18,NA,1.68
"201208121146-020",18,"Cynoscion nebulosus",52.83,66.24,2.18,1.97,0.039,0.039,"Crustacean",0.039,0.048,"Tozeuma carolinense","Decapoda","Hippolytidae",1,0.017,NA,NA,NA
"201208121246-068",1,"Cynoscion nebulosus",64.96,79.05,3.55,3.06,0.002,0.002,"Crustacean",0.001,0.001,"Caridean spp","Decapoda",NA,1,0.001,NA,NA,NA
"201208121246-068",1,"Cynoscion nebulosus",64.96,79.05,3.55,3.06,0.002,0.002,"Fish",0.002,0.035,"UNID",NA,NA,1,0.002,NA,NA,NA
"201208121255-070",27,"Cynoscion nebulosus",63.47,75.31,4.15,3.74,0,0,NA,NA,NA,"Empty",NA,NA,0,NA,NA,NA,NA
"201208121255-070",25,"Cynoscion nebulosus",31.29,40.19,0.45,0.39,0.003,0.003,"Crustacean",0.003,0.001,"UNID",NA,NA,4,0.003,NA,NA,NA
"201208121255-070",26,"Cynoscion nebulosus",70.78,86.46,5.44,5.12,0.003,0.003,"Crustacean",0.003,0.015,"UNID",NA,NA,1,0.003,NA,NA,NA
"201209020915-124",28,"Cynoscion nebulosus",49.36,60.28,1.57,1.46,0,0,NA,NA,NA,"Empty",NA,NA,0,NA,NA,NA,NA
"201209021410-156",32,"Cynoscion nebulosus",65.14,80.18,4.38,4.1,0.023,0.023,"Crustacean",0.023,0.008,"Caridean spp","Decapoda",NA,2,0.018,NA,NA,NA
"201209021410-156",32,"Cynoscion nebulosus",65.14,80.18,4.38,4.1,0.023,0.023,"Crustacean",0.023,0.008,"Periclimenes longicaudatus","Decapoda","Palaemonidae",1,0.005,NA,NA,NA
"201209021410-156",33,"Cynoscion nebulosus",28.24,38.2,0.42,0.33,0.004,0.004,"Crustacean",0.004,0.006,"Periclimenes longicaudatus","Decapoda","Palaemonidae",1,0.003,7.61,NA,1.31
"201209021410-156",33,"Cynoscion nebulosus",28.24,38.2,0.42,0.33,0.004,0.004,"Crustacean",0.004,0.006,"UNID",NA,NA,1,0.001,NA,NA,NA
"201209021449-168",30,"Cynoscion nebulosus",17.63,20.94,0.08,0.06,0.001,0.001,"Fish",0.001,0.001,"UNID",NA,NA,1,0.001,NA,NA,NA
"201209021449-168",31,"Cynoscion nebulosus",21.76,24.62,0.15,0.11,0.002,0.002,"Fish",0.002,0.019,"UNID",NA,NA,1,0.002,NA,NA,NA
"201209021342-070",36,"Cynoscion nebulosus",70.52,82.83,5.26,4.88,0.094,0.094,"Crustacean",0.042,0.032,"Caridean spp","Decapoda",NA,1,0.003,NA,NA,NA
"201209021342-070",38,"Cynoscion nebulosus",31.33,39.03,0.46,0.38,0.014,0.014,"Crustacean",0.014,0.001,"Caridean spp","Decapoda",NA,5,0.014,NA,NA,NA
"201209021342-070",39,"Cynoscion nebulosus",16.76,19.83,0.07,0.05,0.002,0.002,"Crustacean",0.002,0.001,"Caridean spp","Decapoda",NA,3,0.002,NA,NA,NA
"201209021342-070",37,"Cynoscion nebulosus",31.01,37.91,0.38,0.35,0,0,NA,NA,NA,"Empty",NA,NA,0,NA,NA,NA,NA
"201209021342-070",35,"Cynoscion nebulosus",66.04,76.15,3.53,3.25,0.068,0.068,"Crustacean",0.068,0.041,"Farfantepenaeus spp","Decapoda","Penaeidae",1,0.068,NA,NA,NA
"201209021342-070",36,"Cynoscion nebulosus",70.52,82.83,5.26,4.88,0.094,0.094,"Crustacean",0.042,0.032,"Hippolyte zostericola","Decapoda","Hippolytidae",1,0.009,13.26,NA,2.93
"201209021342-070",36,"Cynoscion nebulosus",70.52,82.83,5.26,4.88,0.094,0.094,"Crustacean",0.042,0.032,"Penaeid spp","Decapoda","Penaeidae",1,0.03,NA,NA,NA
"201209021342-070",36,"Cynoscion nebulosus",70.52,82.83,5.26,4.88,0.094,0.094,"Misc",0.002,0.001,"Thalassia testudinum",NA,NA,1,0.002,NA,NA,NA
"201209031444-290",29,"Cynoscion nebulosus",29.4,34.39,0.32,0.28,0.002,0.002,"Fish",0.002,0.019,"UNID",NA,NA,1,0.002,NA,NA,NA
"201209031511-312",34,"Cynoscion nebulosus",36.64,43.61,0.65,0.57,0,0,NA,NA,NA,"Empty",NA,NA,0,NA,NA,NA,NA
"201305261342-071",3,"Cynoscion nebulosus",28.11,35.21,0.35,0.29,0.01,0.01,"Crustacean",0.01,0.008,"Caridean spp","Decapoda",NA,5,0.01,NA,NA,NA
"201305261304-067",1,"Cynoscion nebulosus",36.92,44.57,0.8,0.75,NA,NA,NA,NA,NA,"Empty",NA,NA,NA,NA,NA,NA,NA
"201305261324-070",5,"Cynoscion nebulosus",30.14,35.87,0.41,0.38,NA,NA,NA,NA,NA,"Empty",NA,NA,0,NA,NA,NA,NA
"201305261324-070",2,"Cynoscion nebulosus",23.17,28.66,0.19,0.15,0.007,0.007,"Crustacean",0.007,0.003,"Penaeid spp","Decapoda","Penaeidae",1,0.007,9.1,NA,NA
"201305261324-070",4,"Cynoscion nebulosus",28.39,34.25,0.35,0.32,0.001,0.001,"Crustacean",0.001,0.001,"Penaeid spp","Decapoda","Penaeidae",1,0.001,5.96,NA,NA
"201305261324-070",4,"Cynoscion nebulosus",28.39,34.25,0.35,0.32,0.001,0.001,"Crustacean",0.001,0.002,"Penaeid spp","Decapoda","Penaeidae",2,0,NA,NA,NA
"201306161442-172",7,"Cynoscion nebulosus",23.24,27.84,0.13,0.11,0.003,0.003,"Fish",0.003,0.021,"UNID",NA,NA,1,0.003,NA,NA,NA
"201306161400-143",6,"Cynoscion nebulosus",30.86,38.03,0.37,0.31,0.025,0.025,"Crustacean",0.025,0.049,"Caridean spp","Decapoda",NA,1,0.025,14.5,NA,2.6
"201307141248-156",19,"Cynoscion nebulosus",29.24,36.87,0.36,0.32,0,0,NA,NA,NA,"Empty",NA,NA,0,NA,NA,NA,NA
"201307141308-067",8,"Cynoscion nebulosus",65.35,79.65,5.41,4.95,0.11,0.11,"Crustacean",0.11,0.115,"Farfantepenaeus spp","Decapoda","Penaeidae",1,0.11,25.22,NA,6.04
"201307141308-067",9,"Cynoscion nebulosus",77.04,89.62,8.18,7.68,0.084,0.084,"Crustacean",0.084,0.052,"Farfantepenaeus spp","Decapoda","Penaeidae",1,0.07,NA,NA,NA
"201307141308-067",9,"Cynoscion nebulosus",77.04,89.62,8.18,7.68,0.084,0.084,"Crustacean",0.084,0.052,"Farfantepenaeus spp","Decapoda","Penaeidae",1,0.006,10.71,NA,2.33
"201307141308-067",9,"Cynoscion nebulosus",77.04,89.62,8.18,7.68,0.084,0.084,"Crustacean",0.084,0.052,"Farfantepenaeus spp","Decapoda","Penaeidae",1,0.007,11.26,NA,2.65
"201307141308-067",10,"Cynoscion nebulosus",65.46,78.65,5.64,5.22,0.04,0.04,"Crustacean",0.04,0.053,"Farfantepenaeus spp","Decapoda","Penaeidae",1,0.04,15.89,NA,4.09
"201307141308-067",11,"Cynoscion nebulosus",35.77,45.38,0.88,0.79,0.017,0.017,"Crustacean",0.017,0.018,"Farfantepenaeus spp","Decapoda","Penaeidae",1,0.005,9.68,NA,2
"201307141308-067",11,"Cynoscion nebulosus",35.77,45.38,0.88,0.79,0.017,0.017,"Crustacean",0.017,0.018,"Mysida spp","Mysida",NA,1,0,NA,NA,NA
"201307141308-067",11,"Cynoscion nebulosus",35.77,45.38,0.88,0.79,0.017,0.017,"Crustacean",0.017,0.018,"Mysida spp","Mysida",NA,1,0,5.18,NA,NA
"201307141308-067",11,"Cynoscion nebulosus",35.77,45.38,0.88,0.79,0.017,0.017,"Crustacean",0.017,0.018,"Mysida spp","Mysida",NA,1,0,5.07,NA,NA
"201307141308-067",11,"Cynoscion nebulosus",35.77,45.38,0.88,0.79,0.017,0.017,"Crustacean",0.017,0.018,"Penaeid spp","Decapoda","Penaeidae",1,0.005,9.6,NA,NA
"201307141308-067",11,"Cynoscion nebulosus",35.77,45.38,0.88,0.79,0.017,0.017,"Crustacean",0.017,0.018,"Penaeid spp","Decapoda","Penaeidae",1,0.009,NA,NA,NA
"201307141308-067",13,"Cynoscion nebulosus",46.6,57.04,1.96,1.71,0.04,0.04,"Crustacean",0.03,0.038,"Penaeid spp","Decapoda","Penaeidae",1,0.03,NA,NA,NA
"201307141308-067",14,"Cynoscion nebulosus",51.93,65.06,2.76,2.56,0.06,0.06,"Crustacean",0.06,0.095,"Penaeid spp","Decapoda","Penaeidae",1,0.06,NA,NA,NA
"201307141308-067",13,"Cynoscion nebulosus",46.6,57.04,1.96,1.71,0.04,0.04,"Misc",0.003,0.004,"Syringodium filiforme",NA,NA,1,0.003,NA,NA,NA
"201307141308-067",12,"Cynoscion nebulosus",38.31,46.51,0.98,0.91,0.007,0.007,"Crustacean",0.007,0.016,"UNID",NA,NA,1,0.007,NA,NA,NA
"201307141340-070",18,"Cynoscion nebulosus",57.48,67.66,3.07,2.9,0,0,NA,NA,NA,"Empty",NA,NA,0,NA,NA,NA,NA
"201307141340-070",17,"Cynoscion nebulosus",44.53,56.68,1.45,1.39,0.004,0.004,"Crustacean",0.004,0.001,"Farfantepenaeus spp","Decapoda","Penaeidae",1,0.004,NA,NA,NA
"201307141340-070",15,"Cynoscion nebulosus",43.15,54.8,1.37,1.29,0.002,0.002,"Crustacean",0.002,0.001,"Penaeid spp","Decapoda","Penaeidae",1,0.002,NA,NA,NA
"201307141340-070",16,"Cynoscion nebulosus",70.86,84.07,5.86,5.42,0.09,0.09,"Crustacean",0.09,0.077,"Penaeid spp","Decapoda","Penaeidae",1,0.06,16.61,NA,3.9
"201307141340-070",16,"Cynoscion nebulosus",70.86,84.07,5.86,5.42,0.09,0.09,"Crustacean",0.09,0.077,"Penaeid spp","Decapoda","Penaeidae",1,0.03,NA,NA,NA
"201308161334-070",21,"Cynoscion nebulosus",89.54,103.99,12.43,11.41,0.43,0.43,"Crustacean",0.43,0.429,"Alpheus spp","Decapoda","Alpheidae",1,0.37,NA,NA,NA
"201308161334-070",23,"Cynoscion nebulosus",25.9,32.15,0.22,0.2,0,0,"Crustacean",0,0,"Amphipod spp","Amphipoda",NA,2,0,NA,NA,NA
"201308161334-070",24,"Cynoscion nebulosus",30.25,36.93,0.36,0.32,0.001,0.001,"Crustacean",0.001,0.001,"Amphipod spp","Amphipoda",NA,13,0.001,NA,NA,NA
"201308161334-070",20,"Cynoscion nebulosus",25.09,30.59,0.22,0.18,0.011,0.011,"Fish",0.011,0.02,"Cynoscion nebulosus","Acanthuriformes","Scianidae",1,0.011,NA,NA,NA
"201308161334-070",21,"Cynoscion nebulosus",89.54,103.99,12.43,11.41,0.43,0.43,"Crustacean",0.43,0.429,"Penaeid spp","Decapoda","Penaeidae",1,0.061,28.79,NA,6.56
"201308161334-070",22,"Cynoscion nebulosus",40.79,50.16,0.97,0.9,0.041,0.041,"Crustacean",0.041,0.041,"Penaeid spp","Decapoda","Penaeidae",1,0.041,NA,NA,NA
"201308161415-071",25,"Cynoscion nebulosus",21.52,26.3,0.16,0.14,0.001,0.001,"Crustacean",0.001,0.001,"Amphipod spp","Amphipoda",NA,12,0.001,NA,NA,NA
"201309151446-070",28,"Cynoscion nebulosus",62.98,75.99,4.34,4.18,0.008,0.008,"Crustacean",0.001,0.001,"Amphipod spp","Amphipoda",NA,9,0.001,NA,NA,NA
"201309151446-070",27,"Cynoscion nebulosus",29.84,35.91,0.55,0.43,0.06,0.06,"Fish",0.06,0.059,"Anchoa spp","Clupeiformes","Engraulidae",1,0.05,21.66,18.69,NA
"201309151446-070",27,"Cynoscion nebulosus",29.84,35.91,0.55,0.43,0.06,0.06,"Fish",0.06,0.059,"UNID",NA,NA,1,0.01,NA,NA,NA
"201309151446-070",28,"Cynoscion nebulosus",62.98,75.99,4.34,4.18,0.008,0.008,"Misc",0.007,0.005,"UNID",NA,NA,1,0.007,NA,NA,NA
"201309151121-023",26,"Cynoscion nebulosus",35.46,43.57,0.62,0.52,0.04,0.04,"Fish",0.04,0.041,"Clupeidae spp","Clupeiformes","Clupeidae",1,0.04,NA,NA,NA
"201309241155-168",29,"Cynoscion nebulosus",20.24,25.19,0.13,0.1,0.001,0.001,"Crustacean",0.001,0.001,"Amphipod spp","Amphipoda",NA,7,0.001,NA,NA,NA
"201310280930-123",30,"Cynoscion nebulosus",51.6,63.27,2.55,2.28,0.06,0.06,"Crustacean",0.06,0.058,"Caridean spp","Decapoda",NA,1,0.005,NA,NA,NA
"201310280930-123",30,"Cynoscion nebulosus",51.6,63.27,2.55,2.28,0.06,0.06,"Crustacean",0.06,0.058,"Hippolyte zostericola","Decapoda","Hippolytidae",1,0.012,10.85,NA,3.14
"201310280930-123",30,"Cynoscion nebulosus",51.6,63.27,2.55,2.28,0.06,0.06,"Crustacean",0.06,0.058,"Hippolyte zostericola","Decapoda","Hippolytidae",1,0.009,10.79,NA,2.64
"201310280930-123",30,"Cynoscion nebulosus",51.6,63.27,2.55,2.28,0.06,0.06,"Crustacean",0.06,0.058,"Hippolyte zostericola","Decapoda","Hippolytidae",1,0.008,9.9,NA,2.52
"201310280930-123",30,"Cynoscion nebulosus",51.6,63.27,2.55,2.28,0.06,0.06,"Crustacean",0.06,0.058,"Urocaris longicaudata","Decapoda","Palaemonidae",1,0.013,11.06,NA,3.34
"201310280930-123",30,"Cynoscion nebulosus",51.6,63.27,2.55,2.28,0.06,0.06,"Crustacean",0.06,0.058,"Urocaris longicaudata","Decapoda","Palaemonidae",1,0.013,11.41,NA,3.62
"201407210914-070",1,"Cynoscion nebulosus",30.75,39.01,0.47,0.4,0.001,0.001,"Misc",0.001,0.001,"UNID",NA,NA,1,NA,NA,NA,NA
"201410131008-312",2,"Cynoscion nebulosus",56.79,67.87,2.85,2.8,0.002,0.002,"Crustacean",0.002,0.05,"Farfantepenaeus spp","Decapoda","Penaeidae",2,0.001,NA,NA,NA
"201505241510-067",3,"Cynoscion nebulosus",35.4,39.01,0.72,0.71,NA,NA,NA,NA,NA,"Empty",NA,NA,0,NA,NA,NA,NA
"201505241143-123",1,"Cynoscion nebulosus",33.46,41.84,0.64,0.6,0.013,0.013,"Crustacean",0.004,0.02,"Farfantepenaeus spp","Decapoda","Penaeidae",1,0.004,NA,NA,NA
"201505241143-123",1,"Cynoscion nebulosus",33.46,41.84,0.64,0.6,0.013,0.013,"Fish",0.009,0.04,"UNID",NA,NA,1,0.009,NA,NA,NA
"201505241118-146",2,"Cynoscion nebulosus",26.56,31.4,0.32,0.29,0.009,0.009,"Crustacean",0.002,0.01,"Farfantepenaeus spp","Decapoda","Penaeidae",1,0.002,NA,NA,NA
"201505241118-146",2,"Cynoscion nebulosus",26.56,31.4,0.32,0.29,0.009,0.009,"Fish",0.007,0.06,"Lucania parva","Cyprinodontiformes","Fundulidae",1,0.007,NA,NA,NA
"201506201320-022",4,"Cynoscion nebulosus",67.35,79.07,3.87,3.8,NA,NA,NA,NA,NA,"Empty",NA,NA,0,NA,NA,NA,NA
"201506201320-022",5,"Cynoscion nebulosus",35.44,43.17,0.5,0.47,0.005,0.005,"Crustacean",0.005,0.02,"UNID",NA,NA,1,0.005,NA,NA,NA
"201506201320-022",6,"Cynoscion nebulosus",35.18,42.13,0.6,0.54,0.004,0.004,"Fish",0.004,0.01,"UNID",NA,NA,1,0.004,NA,NA,NA
"201506201320-022",7,"Cynoscion nebulosus",43.7,52.94,1.05,1.02,0.03,0.03,"Fish",0.03,0.01,"UNID",NA,NA,1,0.03,NA,NA,NA
"201506201220-122",8,"Cynoscion nebulosus",41.36,50.04,1.11,1,0.014,0.014,"Crustacean",0.014,0.05,"Farfantepenaeus spp","Decapoda","Penaeidae",4,0.014,NA,NA,NA
"201507181445-024",10,"Cynoscion nebulosus",56.03,68.41,2.3,2.26,NA,NA,NA,NA,NA,"Empty",NA,NA,0,NA,NA,NA,NA
"201507181325-134",9,"Cynoscion nebulosus",47.7,57.5,1.6,1.45,0.057,0.057,"Crustacean",0.057,0.09,"Farfantepenaeus spp","Decapoda","Penaeidae",3,0.057,NA,NA,NA
"201507181146-168",11,"Cynoscion nebulosus",27.04,32.48,0.28,0.25,NA,NA,NA,NA,NA,"Empty",NA,NA,0,NA,NA,NA,NA
"201507181146-168",12,"Cynoscion nebulosus",33.86,39.86,0.59,0.5,0.01,0.01,"Fish",0.01,0.02,"UNID",NA,NA,1,0.01,NA,NA,NA
"201508151622-022",14,"Cynoscion nebulosus",23.43,27.02,0.19,0.16,0.002,0.002,"Crustacean",0.002,0.01,"Amphipod spp","Amphipoda",NA,1,0.002,2.56,NA,NA
"201508151645-023",13,"Cynoscion nebulosus",49.14,60.74,1.84,1.66,0.011,0.011,"Fish",0.011,0.02,"UNID",NA,NA,1,0.011,NA,NA,NA
"201509041125-065",15,"Cynoscion nebulosus",16.51,21.42,0.04,0.03,0.001,0.001,"Misc",0.001,0.005,"UNID",NA,NA,1,NA,NA,NA,NA
"201509051302-256",16,"Cynoscion nebulosus",30.57,37.04,0.43,0.39,0.003,0.003,"Crustacean",0.003,0.01,"Amphipod spp","Amphipoda",NA,1,0.003,NA,NA,NA
"201510110939-070",17,"Cynoscion nebulosus",29.67,35.92,0.37,0.35,0.003,0.003,"Fish",0.001,0.005,"UNID",NA,NA,1,0.001,NA,NA,NA
"201510110939-070",17,"Cynoscion nebulosus",29.67,35.92,0.37,0.35,0.003,0.003,"Misc",0.002,0.005,"UNID",NA,NA,1,0.002,NA,NA,NA
"201510101415-268",18,"Cynoscion nebulosus",65.79,80.79,4.64,4.37,0.079,0.079,"Fish",0.075,0.09,"Anchoa mitchilli","Clupeiformes","Engraulidae",1,0.075,NA,14.53,NA
"201510101415-268",18,"Cynoscion nebulosus",65.79,80.79,4.64,4.37,0.079,0.079,"Misc",0.004,0.001,"UNID",NA,NA,1,0.004,NA,NA,NA
"201605301005-070",9,"Cynoscion nebulosus",41.01,50.75,0.99,0.96,0,0,NA,NA,NA,"Empty",NA,NA,NA,NA,NA,NA,NA
"201605301005-070",10,"Cynoscion nebulosus",32.53,38.59,0.52,0.449,0.012,0.012,"Misc",0.012,0.05,"UNID",NA,NA,1,0.012,NA,NA,NA
"201605301204-023",8,"Cynoscion nebulosus",25.4,30.69,0.244,0.231,0.01,0.01,"Misc",0.01,0.05,"UNID",NA,NA,1,0.01,NA,NA,NA
"201605301146-022",3,"Cynoscion nebulosus",32.7,40.47,0.56,0.544,0,0,NA,NA,NA,"Empty",NA,NA,NA,NA,NA,NA,NA
"201605301146-022",4,"Cynoscion nebulosus",22.54,27.23,0.164,0.154,0.001,0.001,"Misc",0.001,0.05,"UNID",NA,NA,1,0.001,NA,NA,NA
"201605301222-024",7,"Cynoscion nebulosus",26.72,31.71,0.253,0.241,0.001,0.001,"Misc",0.001,0.05,"UNID",NA,NA,1,0.001,NA,NA,NA
"201605301334-111",11,"Cynoscion nebulosus",30.87,37.4,0.415,0.364,0,0,NA,NA,NA,"Empty",NA,NA,NA,NA,NA,NA,NA
"201605301402-123",5,"Cynoscion nebulosus",24.19,29.15,0.204,0.175,0,0,NA,NA,NA,"Empty",NA,NA,NA,NA,NA,NA,NA
"201605301402-123",6,"Cynoscion nebulosus",20.77,24.62,0.099,0.089,0,0,NA,NA,NA,"Empty",NA,NA,NA,NA,NA,NA,NA
"201605301522-168",2,"Cynoscion nebulosus",22.36,27.28,0.194,0.157,0.003,0.003,"Crustacean",0.003,0.05,"Caridean spp","Decapoda",NA,1,0.003,NA,NA,NA
"201605301522-168",1,"Cynoscion nebulosus",30.21,37.36,0.545,0.499,0,0,NA,NA,NA,"Empty",NA,NA,NA,NA,NA,NA,NA
"201606251104-280",15,"Cynoscion nebulosus",19.89,24.06,0.08,0.072,0,0,NA,NA,NA,"Empty",NA,NA,NA,NA,NA,NA,NA
"201606251428-241",16,"Cynoscion nebulosus",22.58,27.51,0.164,0.135,0.002,0.002,"Misc",0.001,0.05,"UNID",NA,NA,1,0.001,NA,NA,NA
"201606260908-070",14,"Cynoscion nebulosus",25.58,30.31,0.204,0.174,0,0,NA,NA,NA,"Empty",NA,NA,NA,NA,NA,NA,NA
"201606260908-070",13,"Cynoscion nebulosus",23.02,28.25,0.174,0.145,0.003,0.003,"Misc",0.003,0.05,"UNID",NA,NA,1,0.003,NA,NA,NA
"201606260908-070",17,"Cynoscion nebulosus",27.85,34.54,0.317,0.285,0.002,0.002,"Misc",0.002,0.05,"UNID",NA,NA,1,0.002,NA,NA,NA
"201606261046-054",22,"Cynoscion nebulosus",21.7,26.51,0.138,0.115,0,0,NA,NA,NA,"Empty",NA,NA,NA,NA,NA,NA,NA
"201606261046-054",21,"Cynoscion nebulosus",25.4,29.82,0.2,0.162,0.001,0.001,"Arthropod",5e-04,0.025,"UNID",NA,NA,1,5e-04,NA,NA,NA
"201606261046-054",21,"Cynoscion nebulosus",25.4,29.82,0.2,0.16,0.001,0.001,"Misc",5e-04,0.025,"UNID",NA,NA,1,5e-04,NA,NA,NA
"201606261126-022",23,"Cynoscion nebulosus",21.31,25.34,0.142,0.118,0.007,0.007,"Fish",0.007,0.05,"UNID",NA,NA,1,0.007,NA,NA,NA
"201606261126-022",24,"Cynoscion nebulosus",21.42,25.29,0.133,0.11,0.007,0.007,"Fish",0.007,0.05,"UNID",NA,NA,1,0.007,NA,NA,NA
"201606261338-123",18,"Cynoscion nebulosus",15.35,18.32,0.048,0.039,0,0,NA,NA,NA,"Empty",NA,NA,NA,NA,NA,NA,NA
"201606261304-111",12,"Cynoscion nebulosus",51.75,61.8,2.123,1.842,0.016,0.016,"Crustacean",0.016,0.05,"UNID",NA,NA,1,0.16,NA,NA,NA
"201606261358-147",27,"Cynoscion nebulosus",26.32,32.66,0.298,0.24,0.023,0.023,"Crustacean",0.004,0.025,"Caridean spp","Decapoda",NA,1,0.004,NA,NA,NA
"201606261358-147",28,"Cynoscion nebulosus",69.71,87.76,5.582,5.21,0.093,0.093,"Fish",0.093,0.1,"Lucania parva","Cyprinodontiformes","Fundulidae",1,0.093,NA,NA,NA
"201606261358-147",27,"Cynoscion nebulosus",26.32,32.66,0.298,0.24,0.023,0.023,"Fish",0.013,0.025,"UNID",NA,NA,1,0.013,NA,NA,NA
"201606261505-168",19,"Cynoscion nebulosus",22.44,27.64,0.202,0.17,0.005,0.005,"Fish",0.005,0.1,"UNID",NA,NA,1,0.005,NA,NA,NA
"201606261505-168",20,"Cynoscion nebulosus",55,66.96,2.94,2.713,0.019,0.019,"Misc",0.019,0.05,"UNID",NA,NA,1,0.019,NA,NA,NA
"201606261421-146",26,"Cynoscion nebulosus",48.02,58.67,1.74,1.502,0.104,0.104,"Fish",0.104,0.15,"Lucania parva","Cyprinodontiformes","Fundulidae",1,0.104,NA,NA,NA
"201606270848-174",25,"Cynoscion nebulosus",25.59,31.7,0.16,0.142,0.005,0.005,"Crustacean",0.005,0.05,"UNID",NA,NA,1,0.005,NA,NA,NA
"201607161120-254",36,"Cynoscion nebulosus",74.02,89.2,6.639,6.274,0.042,0.042,"Misc",0.042,0.05,"UNID",NA,NA,1,0.042,NA,NA,NA
"201607170954-070",32,"Cynoscion nebulosus",47.47,58.54,1.845,1.642,0.064,0.064,"Fish",0.064,0.05,"UNID",NA,NA,1,0.064,NA,NA,NA
"201607171200-105",31,"Cynoscion nebulosus",35.74,44.13,0.81,0.693,0.061,0.061,"Crustacean",0.031,0.025,"Caridean spp","Decapoda",NA,1,0.017,NA,NA,NA
"201607171200-105",31,"Cynoscion nebulosus",35.74,44.13,0.81,0.693,0.061,0.061,"Crustacean",0.031,0.025,"UNID",NA,NA,1,0.014,NA,NA,NA
"201607171200-105",31,"Cynoscion nebulosus",35.74,44.13,0.81,0.693,0.061,0.061,"Misc",0.03,0.025,"UNID",NA,NA,1,0.03,NA,NA,NA
"201607171409-147",34,"Cynoscion nebulosus",54.18,63.15,2.693,2.255,0.265,0.265,"Fish",0.265,0.2,"Lucania parva","Cyprinodontiformes","Fundulidae",1,0.044,NA,NA,NA
"201607171409-147",34,"Cynoscion nebulosus",54.18,63.15,2.693,2.255,0.265,0.265,"Fish",0.265,0.2,"Lucania parva","Cyprinodontiformes","Fundulidae",1,0.06,16.62,14.44,NA
"201607171409-147",34,"Cynoscion nebulosus",54.18,63.15,2.693,2.255,0.265,0.265,"Fish",0.265,0.2,"Lucania parva","Cyprinodontiformes","Fundulidae",1,0.075,NA,NA,NA
"201607171409-147",34,"Cynoscion nebulosus",54.18,63.15,2.693,2.255,0.265,0.265,"Fish",0.265,0.2,"Lucania parva","Cyprinodontiformes","Fundulidae",1,0.065,18.41,15.1,NA
"201607171409-147",35,"Cynoscion nebulosus",45.66,55.09,1.722,1.505,0.093,0.093,"Fish",0.093,0.15,"Lucania parva","Cyprinodontiformes","Fundulidae",1,0.093,17.35,15.14,NA
"201607171449-133",33,"Cynoscion nebulosus",26.85,34.76,0.319,0.295,0,0,NA,NA,NA,"Empty",NA,NA,NA,NA,NA,NA,NA
"201607181029-304",29,"Cynoscion nebulosus",60.31,72.21,3.697,3.417,0.047,0.047,"Crustacean",0.012,0.025,"Caridean spp","Decapoda",NA,1,0.012,NA,NA,NA
"201607181029-304",29,"Cynoscion nebulosus",60.31,72.21,3.697,3.417,0.047,0.047,"Misc",0.035,0.025,"UNID",NA,NA,1,0.035,NA,NA,NA
"201607181450-302",37,"Cynoscion nebulosus",85.17,106.59,10.198,9.827,0,0,NA,NA,NA,"Empty",NA,NA,NA,NA,NA,NA,NA
"201607181450-302",38,"Cynoscion nebulosus",105.6,118.2,15.762,15.452,0.004,0.004,"Misc",0.004,0.05,"UNID",NA,NA,1,0.004,NA,NA,NA
"201607181500-301",30,"Cynoscion nebulosus",61.44,72.61,3.523,3.398,0,0,NA,NA,NA,"Empty",NA,NA,NA,NA,NA,NA,NA
"201608131138-266",39,"Cynoscion nebulosus",15.44,17.89,0.05,0.037,0.003,0.003,"Misc",0.003,0.05,"UNID",NA,NA,1,0.003,NA,NA,NA
"201608131216-254",40,"Cynoscion nebulosus",64.72,77.5,4.921,4.368,0.31,0.31,"Fish",0.31,0.4,"Lucania parva","Cyprinodontiformes","Fundulidae",1,0.238,25.88,22.13,NA
"201608131216-254",41,"Cynoscion nebulosus",51.96,64.53,2.789,2.283,0.328,0.328,"Fish",0.328,0.3,"Lucania parva","Cyprinodontiformes","Fundulidae",1,0.237,NA,NA,NA
"201608131216-254",40,"Cynoscion nebulosus",64.72,77.5,4.921,4.368,0.31,0.31,"Fish",0.31,0.4,"UNID",NA,NA,1,0.056,NA,NA,NA
"201608131216-254",41,"Cynoscion nebulosus",51.96,64.53,2.789,2.283,0.328,0.328,"Fish",0.328,0.3,"UNID",NA,NA,1,0.101,NA,NA,NA
"201608140926-172",42,"Cynoscion nebulosus",28.9,34.63,0.408,0.354,0.023,0.023,"Crustacean",0.023,0.05,"Penaeid spp","Decapoda","Penaeidae",1,0.016,NA,NA,NA
"201608140926-172",42,"Cynoscion nebulosus",28.9,34.63,0.408,0.354,0.023,0.023,"Crustacean",0.023,0.05,"UNID",NA,NA,1,0.007,NA,NA,NA
"201608141034-146",45,"Cynoscion nebulosus",18.82,23.13,0.113,0.097,0.002,0.002,"Misc",0.002,0.05,"UNID",NA,NA,1,0.002,NA,NA,NA
"201608141103-122",43,"Cynoscion nebulosus",32.02,40.08,0.568,0.512,0.007,0.007,"Fish",0.007,0.05,"UNID",NA,NA,1,0.007,NA,NA,NA
"201608140957-168",44,"Cynoscion nebulosus",27.05,34.16,0.395,0.326,0.028,0.028,"Crustacean",0.028,0.05,"UNID",NA,NA,3,0.028,NA,NA,NA
"201608141121-123",48,"Cynoscion nebulosus",53.1,63.94,2.633,2.464,0.007,0.007,"Misc",0.007,0.05,"UNID",NA,NA,1,0.007,NA,NA,NA
"201608141121-123",49,"Cynoscion nebulosus",41.74,52.75,1.476,1.241,0.123,0.123,"Crustacean",0.123,0.1,"UNID",NA,NA,4,0.123,NA,NA,NA
"201608141258-022",46,"Cynoscion nebulosus",19.72,23.88,0.112,0.096,0.004,0.004,"Misc",0.004,0.05,"UNID",NA,NA,1,0.004,NA,NA,NA
"201608141600-312",47,"Cynoscion nebulosus",58.28,72.75,3.582,3.46,0,0,NA,NA,NA,"Empty",NA,NA,NA,NA,NA,NA,NA
"201609031458-226",50,"Cynoscion nebulosus",33.04,39.24,0.473,0.437,0.004,0.004,"Crustacean",0.004,0.05,"Caridean spp","Decapoda",NA,1,0.004,NA,NA,NA
"201609040942-168",60,"Cynoscion nebulosus",47.71,59.16,1.969,1.809,0.058,0.058,"Crustacean",0.058,0.1,"Caridean spp","Decapoda",NA,1,0.026,NA,NA,2.17
"201609040942-168",60,"Cynoscion nebulosus",47.71,59.16,1.969,1.809,0.058,0.058,"Crustacean",0.058,0.1,"Caridean spp","Decapoda",NA,1,0.01,NA,NA,NA
"201609040942-168",60,"Cynoscion nebulosus",47.71,59.16,1.969,1.809,0.058,0.058,"Crustacean",0.058,0.1,"Caridean spp","Decapoda",NA,1,0.011,NA,NA,NA
"201609040942-168",60,"Cynoscion nebulosus",47.71,59.16,1.969,1.809,0.058,0.058,"Crustacean",0.058,0.1,"Caridean spp","Decapoda",NA,1,0.011,NA,NA,NA
"201609041707-143",55,"Cynoscion nebulosus",44.66,54.75,1.344,1.254,0,0,NA,NA,NA,"Empty",NA,NA,NA,NA,NA,NA,NA
"201609041020-173",57,"Cynoscion nebulosus",45.45,54.56,1.43,1.31,0.041,0.041,"Fish",0.041,0.05,"Lucania parva","Cyprinodontiformes","Fundulidae",1,0.041,NA,NA,NA
"201609041634-130",53,"Cynoscion nebulosus",22.56,26.07,0.161,0.138,0.001,0.001,"Misc",0.001,0.05,"UNID",NA,NA,1,0.001,NA,NA,NA
"201609041634-130",54,"Cynoscion nebulosus",37.61,46.75,0.924,0.847,0.018,0.018,"Crustacean",0.009,0.025,"UNID",NA,NA,1,0.009,NA,NA,NA
"201609041634-130",54,"Cynoscion nebulosus",37.61,46.75,0.924,0.847,0.018,0.018,"Misc",0.009,0.025,"UNID",NA,NA,1,0.009,NA,NA,NA
"201609041324-123",51,"Cynoscion nebulosus",51.39,62.81,2.557,2.29,0.168,0.168,"Crustacean",0.168,0.7,"Hippolyte zostericola","Decapoda","Hippolytidae",1,0.017,NA,NA,NA
"201609041324-123",51,"Cynoscion nebulosus",51.39,62.81,2.557,2.29,0.168,0.168,"Crustacean",0.168,0.7,"Hippolyte zostericola","Decapoda","Hippolytidae",1,0.019,NA,NA,NA
"201609041324-123",51,"Cynoscion nebulosus",51.39,62.81,2.557,2.29,0.168,0.168,"Crustacean",0.168,0.7,"Hippolyte zostericola","Decapoda","Hippolytidae",1,0.042,NA,NA,2.95
"201609041324-123",51,"Cynoscion nebulosus",51.39,62.81,2.557,2.29,0.168,0.168,"Crustacean",0.168,0.7,"Hippolyte zostericola","Decapoda","Hippolytidae",1,0.028,NA,NA,NA
"201609041324-123",51,"Cynoscion nebulosus",51.39,62.81,2.557,2.29,0.168,0.168,"Crustacean",0.168,0.7,"Thor spp","Decapoda","Thoridae",1,0.017,NA,NA,NA
"201609041324-123",51,"Cynoscion nebulosus",51.39,62.81,2.557,2.29,0.168,0.168,"Crustacean",0.168,0.7,"UNID",NA,NA,1,0.005,NA,NA,NA
"201609041324-123",51,"Cynoscion nebulosus",51.39,62.81,2.557,2.29,0.168,0.168,"Crustacean",0.168,0.7,"UNID",NA,NA,1,0.013,NA,NA,NA
"201609041324-123",51,"Cynoscion nebulosus",51.39,62.81,2.557,2.29,0.168,0.168,"Crustacean",0.168,0.7,"UNID",NA,NA,1,0.01,NA,NA,NA
"201609041324-123",51,"Cynoscion nebulosus",51.39,62.81,2.557,2.29,0.168,0.168,"Crustacean",0.168,0.7,"UNID",NA,NA,1,0.015,NA,NA,NA
"201609041255-137",56,"Cynoscion nebulosus",40.7,50.8,1.121,1.046,0.002,0.002,"Misc",0.002,0.05,"UNID",NA,NA,1,0.002,NA,NA,NA
"201609041834-070",59,"Cynoscion nebulosus",45.51,54.47,1.483,1.242,0.103,0.103,"Fish",0.103,0.15,"Lucania parva","Cyprinodontiformes","Fundulidae",1,0.032,13.19,11.02,NA
"201609041834-070",59,"Cynoscion nebulosus",45.51,54.47,1.483,1.242,0.103,0.103,"Fish",0.103,0.15,"Lucania parva","Cyprinodontiformes","Fundulidae",1,0.027,NA,10.59,NA
"201609041834-070",59,"Cynoscion nebulosus",45.51,54.47,1.483,1.242,0.103,0.103,"Fish",0.103,0.15,"Lucania parva","Cyprinodontiformes","Fundulidae",1,0.039,NA,NA,NA
"201609041834-070",58,"Cynoscion nebulosus",26.32,31.54,0.222,0.19,0.008,0.008,"Fish",0.007,0.04,"UNID",NA,NA,1,0.007,NA,NA,NA
"201609041834-070",58,"Cynoscion nebulosus",26.32,31.54,0.222,0.19,0.008,0.008,"Arthropod",0.001,0.01,"UNID",NA,NA,1,0.001,NA,NA,NA
"201609041810-068",52,"Cynoscion nebulosus",55.82,67.97,2.978,2.859,0.039,0.039,"Fish",0.039,0.1,"Gerreidae spp","Perciformes","Gerreidae",1,0.039,NA,NA,NA
"201609050934-282",61,"Cynoscion nebulosus",48.02,57.79,2.115,1.93,0.062,0.062,"Crustacean",0.012,0.05,"Caridean spp","Decapoda",NA,1,0.012,NA,NA,NA
"201609050934-282",61,"Cynoscion nebulosus",48.02,57.79,2.115,1.93,0.062,0.062,"Fish",0.046,0.05,"UNID",NA,NA,1,0.046,NA,NA,NA
"201610081036-266",62,"Cynoscion nebulosus",34.01,42.06,0.753,0.656,0.037,0.037,"Arthropod",0.007,0.025,"UNID",NA,NA,5,0.005,NA,NA,NA
"201610081036-266",62,"Cynoscion nebulosus",34.01,42.06,0.753,0.656,0.037,0.037,"Misc",0.03,0.025,"UNID",NA,NA,1,0.013,NA,NA,NA
"201610081036-266",63,"Cynoscion nebulosus",36.44,42.73,0.839,0.767,0.006,0.006,"Misc",0.006,0.05,"UNID",NA,NA,1,0.006,NA,NA,NA
"201610101041-312",64,"Cynoscion nebulosus",59.94,73.02,3.83,3.267,0.356,0.356,"Fish",0.356,0.4,"UNID",NA,NA,1,0.356,NA,NA,NA
"201611091139-294",71,"Cynoscion nebulosus",45.98,57.77,2.316,2.077,0.111,0.111,"Crustacean",0.111,0.1,"Caridean spp","Decapoda",NA,11,0.096,NA,NA,NA
"201611091139-294",71,"Cynoscion nebulosus",45.98,57.77,2.316,2.077,0.111,0.111,"Crustacean",0.111,0.1,"Thor spp","Decapoda","Thoridae",1,0.015,NA,NA,NA
"201611091314-301",65,"Cynoscion nebulosus",78.25,95,9.463,9.032,0.048,0.048,"Crustacean",0.048,0.05,"UNID",NA,NA,5,0.048,NA,NA,NA
"201611091330-312",73,"Cynoscion nebulosus",33.88,41.82,0.658,0.615,0,0,NA,NA,NA,"Empty",NA,NA,NA,NA,NA,NA,NA
"201611101100-169",68,"Cynoscion nebulosus",68.14,84.52,6.378,6.038,0.146,0.146,"Crustacean",0.146,0.1,"Caridean spp","Decapoda",NA,7,0.068,NA,NA,NA
"201611101100-169",68,"Cynoscion nebulosus",68.14,84.52,6.378,6.038,0.146,0.146,"Crustacean",0.146,0.1,"Hippolyte zostericola","Decapoda","Hippolytidae",1,0.022,NA,NA,NA
"201611101100-169",68,"Cynoscion nebulosus",68.14,84.52,6.378,6.038,0.146,0.146,"Crustacean",0.146,0.1,"Thor spp","Decapoda","Thoridae",2,0.039,NA,NA,NA
"201611110905-280",70,"Cynoscion nebulosus",68.95,87.97,7.135,6.835,0.026,0.026,"Misc",0.026,0.05,"UNID",NA,NA,2,0.026,NA,NA,NA
"201611111345-265",67,"Cynoscion nebulosus",50.14,60.66,2.273,2.111,0.015,0.015,"Misc",0.015,0.05,"UNID",NA,NA,1,0.015,NA,NA,NA
"201611111345-265",69,"Cynoscion nebulosus",49.25,58.94,2.061,1.965,0.006,0.006,"Misc",0.006,0.05,"UNID",NA,NA,1,0.006,NA,NA,NA
"201611111413-279",66,"Cynoscion nebulosus",66.08,80,4.404,4.171,0,0,NA,NA,NA,"Empty",NA,NA,NA,NA,NA,NA,NA
"201611111325-266",72,"Cynoscion nebulosus",27.17,32.27,0.261,0.235,0,0,NA,NA,NA,"Empty",NA,NA,NA,NA,NA,NA,NA
"201705271503-266",46,"Cynoscion nebulosus",NA,NA,0.11,0.092,0.008,0.008,"Fish",0.008,0.1,"UNID",NA,NA,1,0.008,NA,NA,NA
"201705281502-168",45,"Cynoscion nebulosus",43.53,52.94,1.28,1.23,0,0,"Empty",NA,NA,"Empty",NA,NA,NA,NA,NA,NA,NA
"201706251350-122",47,"Cynoscion nebulosus",49.02,59.44,2.18,2.02,0.037,0.037,"Fish",0.037,0.2,"UNID",NA,NA,2,0.037,NA,NA,NA
"201706251530-169",44,"Cynoscion nebulosus",37.09,46.75,0.89,0.84,0,0,"Empty",NA,NA,"Empty",NA,NA,NA,NA,NA,NA,NA
"201706251510-168",53,"Cynoscion nebulosus",34.24,41.52,0.66,0.61,0,0,"Empty",NA,NA,"Empty",NA,NA,NA,NA,NA,NA,NA
"201706261334-279",48,"Cynoscion nebulosus",31.05,37.57,0.52,0.47,0.003,0.003,"Crustacean",0.003,0.05,"Caridean spp","Decapoda",NA,1,0.003,NA,NA,NA
"201706261421-266",50,"Cynoscion nebulosus",62.66,73.06,4.23,3.99,0.097,0.097,"Fish",0.097,0.15,"Lucania parva","Cyprinodontiformes","Fundulidae",1,0.097,18.83,15.12,NA
"201706261403-265",43,"Cynoscion nebulosus",25.41,30.41,0.29,0.26,0,0,"Empty",NA,NA,"Empty",NA,NA,NA,NA,NA,NA,NA
"201706261347-278",52,"Cynoscion nebulosus",20.12,24.4,0.14,0.13,0.003,0.003,"Misc",0.003,0,"UNID",NA,NA,1,0.003,NA,NA,NA
"201707160853-070",21,"Cynoscion nebulosus",33.65,42.77,0.53,0.5,0.005,0.005,"Crustacean",0.005,0.1,"UNID",NA,NA,3,0.005,NA,NA,NA
"201707161030-107",24,"Cynoscion nebulosus",36.95,44.99,0.79,0.68,0.021,0.021,"Crustacean",0.021,0.1,"Caridean spp","Decapoda",NA,3,0.021,NA,NA,NA
"201707161030-107",25,"Cynoscion nebulosus",43.17,54.01,1.11,1.01,0.01,0.01,"Misc",0.01,0.1,"UNID",NA,NA,1,0.01,NA,NA,NA
"201707160934-130",49,"Cynoscion nebulosus",35.85,45.56,0.72,0.65,0.01,0.01,"Crustacean",0.004,0.05,"Amphipod spp","Amphipoda",NA,1,0.004,NA,NA,NA
"201707160934-130",49,"Cynoscion nebulosus",35.85,45.56,0.72,0.65,0.01,0.01,"Misc",0.006,0.05,"UNID",NA,NA,1,0.006,NA,NA,NA
"201707161409-135",23,"Cynoscion nebulosus",24.49,29.55,0.17,0.17,0,0,"Empty",NA,NA,"Empty",NA,NA,NA,NA,NA,NA,NA
"201707161518-168",54,"Cynoscion nebulosus",48.54,59.99,1.64,1.58,0,0,"Empty",NA,NA,"Empty",NA,NA,NA,NA,NA,NA,NA
"201707161518-168",55,"Cynoscion nebulosus",49.36,60.48,1.71,1.67,0.007,0.007,"Fish",0.007,0.1,"UNID",NA,NA,1,0.007,NA,NA,NA
"201707161518-168",56,"Cynoscion nebulosus",33.36,41.12,0.5,0.49,0.004,0.004,"Fish",0.004,0.05,"UNID",NA,NA,1,0.004,NA,NA,NA
"201708121049-267",60,"Cynoscion nebulosus",33.23,40.79,0.55,0.5,0,0,"Empty",NA,NA,"Empty",NA,NA,NA,NA,NA,NA,NA
"201708121049-267",61,"Cynoscion nebulosus",31.46,39.1,0.56,0.53,0,0,"Empty",NA,NA,"Empty",NA,NA,NA,NA,NA,NA,NA
"201708121049-267",62,"Cynoscion nebulosus",36.07,45.42,0.84,0.76,0.007,0.007,"Crustacean",0.007,0.1,"UNID",NA,NA,1,0.007,NA,NA,NA
"201708121049-267",63,"Cynoscion nebulosus",33.86,41.02,0.75,0.65,0.019,0.019,"Crustacean",0.019,0.1,"UNID",NA,NA,2,0.019,NA,NA,NA
"201708121525-266",51,"Cynoscion nebulosus",26.23,33.26,0.18,0.15,0.004,0.004,"Misc",0.004,0.05,"UNID",NA,NA,1,0.004,NA,NA,NA
"201708131056-070",65,"Cynoscion nebulosus",21.43,27.21,0.14,0.12,0.003,0.003,"Crustacean",0.003,0.05,"Empty",NA,NA,1,0.003,NA,NA,NA
"201708131056-070",66,"Cynoscion nebulosus",24.74,29.99,0.18,0.16,0,0,"Empty",NA,NA,"Empty",NA,NA,NA,NA,NA,NA,NA
"201708131138-130",64,"Cynoscion nebulosus",19.52,22.41,0.1,0.08,0.014,0.014,"Fish",0.014,0.1,"Eucinostomus spp","Perciformes","Gerreidae",1,0.014,12.05,9.97,NA
"201708131527-146",30,"Cynoscion nebulosus",41.14,49.71,1.13,1.04,0.006,0.006,"Misc",0.006,0.05,"UNID",NA,NA,1,0.006,NA,NA,NA
"201708131527-146",31,"Cynoscion nebulosus",29.91,36.86,0.45,0.41,0.002,0.002,"Fish",0.002,0.05,"UNID",NA,NA,1,0.002,NA,NA,NA
"201708131613-168",135,"Cynoscion nebulosus",18.23,21.78,0.067,0.065,0,0,"Empty",NA,NA,"Empty",NA,NA,NA,NA,NA,NA,NA
"201708131613-168",133,"Cynoscion nebulosus",20.87,25.56,0.13,0.13,0,0,"Empty",NA,NA,"Empty",NA,NA,NA,NA,NA,NA,NA
"201708131613-168",58,"Cynoscion nebulosus",68.55,76.12,4.87,4.49,0.016,0.016,"Misc",0.016,0.1,"UNID",NA,NA,1,0.016,NA,NA,NA
"201708131613-168",134,"Cynoscion nebulosus",17.94,21.27,0.083,0.075,0.001,0.001,"Misc",0.001,0.05,"UNID",NA,NA,1,0.001,NA,NA,NA
"201708131558-169",57,"Cynoscion nebulosus",68.89,75.09,4.78,4.33,0.318,0.318,"Fish",0.248,0.3,"Lucania parva","Cyprinodontiformes","Fundulidae",1,0.248,NA,20.94,NA
"201708150852-237",36,"Cynoscion nebulosus",32.66,39.74,0.46,0.39,0.007,0.007,"Crustacean",0.007,0.05,"Amphipod spp","Amphipoda",NA,6,0.007,NA,NA,NA
"201708150852-237",37,"Cynoscion nebulosus",28.2,34.48,0.31,0.28,0.007,0.007,"Crustacean",0.007,0.1,"Caridean spp","Decapoda",NA,7,0.007,NA,NA,NA
"201708150852-237",35,"Cynoscion nebulosus",31.03,37.94,0.42,0.39,0.002,0.002,"Misc",0.002,0.05,"Empty",NA,NA,1,0.002,NA,NA,NA
"201709040911-070",88,"Cynoscion nebulosus",19.52,23.14,0.1,0.084,0.002,0.002,"Crustacean",0.002,0.05,"Caridean spp","Decapoda",NA,1,0.002,NA,NA,NA
"201709040911-070",38,"Cynoscion nebulosus",28.67,34.35,0.34,0.3,0,0,"Empty",NA,NA,"Empty",NA,NA,NA,NA,NA,NA,NA
"201709040911-070",40,"Cynoscion nebulosus",25.04,31.86,0.2,0.18,0,0,"Empty",NA,NA,"Empty",NA,NA,NA,NA,NA,NA,NA
"201709040911-070",41,"Cynoscion nebulosus",22.27,28.1,0.16,0.16,0,0,"Empty",NA,NA,"Empty",NA,NA,NA,NA,NA,NA,NA
"201709040911-070",89,"Cynoscion nebulosus",16.44,19.23,0.052,0.046,0,0,"Empty",NA,NA,"Empty",NA,NA,NA,NA,NA,NA,NA
"201709040911-070",91,"Cynoscion nebulosus",13.26,15.05,0.029,0.025,0,0,"Empty",NA,NA,"Empty",NA,NA,NA,NA,NA,NA,NA
"201709040911-070",92,"Cynoscion nebulosus",14.43,17.16,0.031,0.027,0,0,"Empty",NA,NA,"Empty",NA,NA,NA,NA,NA,NA,NA
"201709040911-070",39,"Cynoscion nebulosus",24.54,30.67,0.23,0.19,0.004,0.004,"Misc",0.004,0.05,"UNID",NA,NA,1,0.004,NA,NA,NA
"201709040911-070",42,"Cynoscion nebulosus",25.85,30.4,0.22,0.21,0.001,0.001,"Misc",0.001,0.05,"UNID",NA,NA,1,0.001,NA,NA,NA
"201709040911-070",87,"Cynoscion nebulosus",20.64,25.08,0.1,0.09,0.001,0.001,"Misc",0.001,0.05,"UNID",NA,NA,1,0.001,NA,NA,NA
"201709040911-070",90,"Cynoscion nebulosus",19.47,24.78,0.1,0.08,0.001,0.001,"Misc",0.001,0.05,"UNID",NA,NA,1,0.001,NA,NA,NA
"201709040911-070",129,"Cynoscion nebulosus",50.67,62.11,1.82,1.74,0.003,0.003,"Misc",0.003,0.05,"UNID",NA,NA,1,0.003,NA,NA,NA
"201709041007-117",67,"Cynoscion nebulosus",30.42,37.16,0.41,0.38,0.005,0.005,"Fish",0.0054,0.05,"UNID",NA,NA,1,0.005,NA,NA,NA
"201709041236-123",118,"Cynoscion nebulosus",27.7,33.92,0.34,0.3,0.008,0.008,"Crustacean",0.008,0.1,"Empty",NA,NA,2,0.008,NA,NA,NA
"201709041336-134",33,"Cynoscion nebulosus",34.83,43.22,0.72,0.65,0,0,"Empty",NA,NA,"Empty",NA,NA,NA,NA,NA,NA,NA
"201709041336-134",34,"Cynoscion nebulosus",25.25,31.28,0.28,0.25,0.013,0.013,"Misc",0.013,0.1,"UNID",NA,NA,1,0.013,NA,NA,NA
"201709041352-146",105,"Cynoscion nebulosus",24.83,30.42,0.21,0.19,0.001,0.001,"Misc",0.001,0.05,"UNID",NA,NA,1,0.001,NA,NA,NA
"201709041453-169",82,"Cynoscion nebulosus",23.01,26.4,0.18,0.17,0,0,"Empty",NA,NA,"Empty",NA,NA,NA,NA,NA,NA,NA
"201709041522-175",117,"Cynoscion nebulosus",45.23,55.55,1.56,1.46,0,0,"Empty",NA,NA,"Empty",NA,NA,NA,NA,NA,NA,NA
"201709050947-267",22,"Cynoscion nebulosus",60.51,73.36,3.22,3.05,0,0,"Empty",NA,NA,"Empty",NA,NA,NA,NA,NA,NA,NA
"201709051126-237",19,"Cynoscion nebulosus",25.48,29.71,0.29,0.24,0.041,0.041,"Crustacean",0.041,0.1,"Amphipod spp","Amphipoda",NA,2,0.02,NA,NA,NA
"201709051126-237",20,"Cynoscion nebulosus",19.36,23.46,0.11,0.1,0.001,0.001,"Crustacean",0.001,0.05,"Amphipod spp","Amphipoda",NA,1,0.001,NA,NA,NA
"201709051126-237",19,"Cynoscion nebulosus",25.48,29.71,0.29,0.24,0.041,0.041,"Crustacean",0.041,0.1,"Crustacean spp",NA,NA,1,0.021,NA,NA,NA
"201709051126-237",18,"Cynoscion nebulosus",35.74,44.41,0.81,0.76,0.007,0.007,"Crustacean",0.007,0.1,"Empty",NA,NA,3,0.007,NA,NA,NA
"201709051104-266",121,"Cynoscion nebulosus",20.9,25.08,0.11,0.1,0.004,0.004,"Crustacean",0.004,0.1,"Caridean spp","Decapoda",NA,1,0.004,NA,NA,NA
"201709051104-266",84,"Cynoscion nebulosus",20.45,25.05,0.1,0.09,0,0,"Empty",NA,NA,"Empty",NA,NA,NA,NA,NA,NA,NA
"201710061333-621",94,"Cynoscion nebulosus",15.22,18.45,0.03,0.022,0,0,"Empty",NA,NA,"Empty",NA,NA,NA,NA,NA,NA,NA
"201710061333-621",95,"Cynoscion nebulosus",19.64,23.13,0.11,0.1,0,0,"Empty",NA,NA,"Empty",NA,NA,NA,NA,NA,NA,NA
"201710061317-618",128,"Cynoscion nebulosus",15.82,19.36,0.058,0.05,0,0,"Empty",NA,NA,"Empty",NA,NA,NA,NA,NA,NA,NA
"201710061317-618",127,"Cynoscion nebulosus",18.08,21.89,0.097,0.088,0,0,"Empty",NA,NA,"Empty",NA,NA,NA,NA,NA,NA,NA
"201710071500-303",125,"Cynoscion nebulosus",21.43,25.95,0.13,0.12,0,0,"Empty",NA,NA,"Empty",NA,NA,NA,NA,NA,NA,NA
"201710071525-301",126,"Cynoscion nebulosus",18.47,21.45,0.072,0.067,0,0,"Empty",NA,NA,"Empty",NA,NA,NA,NA,NA,NA,NA
"201710081026-156",132,"Cynoscion nebulosus",26.43,32.67,0.32,0.3,0.003,0.003,"Misc",0.003,0.05,"UNID",NA,NA,1,0.003,NA,NA,NA
"201710081010-070",119,"Cynoscion nebulosus",25.69,31.53,0.26,0.24,0,0,"Empty",NA,NA,"Empty",NA,NA,NA,NA,NA,NA,NA
"201710081010-070",120,"Cynoscion nebulosus",26.5,32.11,0.29,0.28,0.001,0.001,"Misc",0.001,0.05,"UNID",NA,NA,1,0.001,NA,NA,NA
"201710081245-123",122,"Cynoscion nebulosus",25.1,30.24,0.23,0.2,0.001,0.001,"Misc",0.001,0.05,"UNID",NA,NA,1,0.001,NA,NA,NA
"201710081351-146",106,"Cynoscion nebulosus",17.09,21.04,0.081,0.066,0,0,"Empty",NA,NA,"Empty",NA,NA,NA,NA,NA,NA,NA
"201710081447-168",108,"Cynoscion nebulosus",34.85,42.35,0.66,0.61,0.002,0.002,"Crustacean",0.002,0.05,"Caridean spp","Decapoda",NA,2,0.002,NA,NA,NA
"201710081447-168",111,"Cynoscion nebulosus",21.6,25.21,0.15,0.13,0,0,"Empty",NA,NA,"Empty",NA,NA,NA,NA,NA,NA,NA
"201710081447-168",110,"Cynoscion nebulosus",19.62,24.26,0.1,0.1,0,0,"Empty",NA,NA,"Empty",NA,NA,NA,NA,NA,NA,NA
"201710081447-168",109,"Cynoscion nebulosus",34.95,43.57,0.7,0.65,0,0,"Empty",NA,NA,"Empty",NA,NA,NA,NA,NA,NA,NA
"201710081530-173",124,"Cynoscion nebulosus",24.46,28.35,0.28,0.24,0,0,"Empty",NA,NA,"Empty",NA,NA,NA,NA,NA,NA,NA
"201710081530-173",123,"Cynoscion nebulosus",28.15,33.33,0.43,0.39,0,0,"Empty",NA,NA,"Empty",NA,NA,NA,NA,NA,NA,NA
"201710081411-159",131,"Cynoscion nebulosus",19.14,22.32,0.084,0.082,0,0,"Empty",NA,NA,"Empty",NA,NA,NA,NA,NA,NA,NA
"201710090933-280",77,"Cynoscion nebulosus",20.69,24.8,0.13,0.12,0.001,0.001,"Misc",0.001,0.05,"UNID",NA,NA,1,0.001,NA,NA,NA
"201710091022-265",99,"Cynoscion nebulosus",23.52,27.31,0.19,0.17,0,0,"Empty",NA,NA,"Empty",NA,NA,NA,NA,NA,NA,NA
"201710091022-265",98,"Cynoscion nebulosus",20.88,23.84,0.13,0.11,0.001,0.001,"Misc",0.001,0.05,"UNID",NA,NA,1,0.001,NA,NA,NA
"201710091022-265",100,"Cynoscion nebulosus",23.18,26.84,0.21,0.18,0.012,0.012,"Fish",0.003,0.1,"UNID",NA,NA,1,0.003,NA,NA,NA
"201710091115-253",107,"Cynoscion nebulosus",18.32,22.34,0.086,0.073,0,0,"Empty",NA,NA,"Empty",NA,NA,NA,NA,NA,NA,NA
"201710091216-224",101,"Cynoscion nebulosus",26.66,32.01,0.28,0.26,0,0,"Empty",NA,NA,"Empty",NA,NA,NA,NA,NA,NA,NA
"201710091140-240",78,"Cynoscion nebulosus",25.52,30.46,0.28,0.26,0.004,0.004,"Crustacean",0.004,0.1,"Caridean spp","Decapoda",NA,1,0.004,NA,NA,NA
"201710091140-240",79,"Cynoscion nebulosus",21.49,25.65,0.16,0.14,0.002,0.002,"Misc",0.002,0.05,"UNID",NA,NA,1,0.002,NA,NA,NA
"201710091150-225",130,"Cynoscion nebulosus",22.89,26.46,0.19,0.17,0.001,0.001,"Crustacean",0.001,0.05,"Caridean spp","Decapoda",NA,1,0.001,NA,NA,NA
"201710091305-226",71,"Cynoscion nebulosus",21.28,25.1,0.12,0.11,0.001,0.001,"Misc",0.001,0.05,"UNID",NA,NA,1,0.001,NA,NA,NA
"201710091324-227",104,"Cynoscion nebulosus",20.21,23.85,0.13,0.11,0,0,"Empty",NA,NA,"Empty",NA,NA,NA,NA,NA,NA,NA
"201710091324-227",103,"Cynoscion nebulosus",21.95,25.67,0.16,0.15,0,0,"Empty",NA,NA,"Empty",NA,NA,NA,NA,NA,NA,NA
"201711101352-622",115,"Cynoscion nebulosus",48.01,58.95,1.81,1.77,0,0,"Empty",NA,NA,"Empty",NA,NA,NA,NA,NA,NA,NA
"201711101352-622",114,"Cynoscion nebulosus",58.94,71.9,2.82,2.71,0,0,"Empty",NA,NA,"Empty",NA,NA,NA,NA,NA,NA,NA
"201711101352-622",113,"Cynoscion nebulosus",NA,NA,10.84,10.36,0,0,"Empty",NA,NA,"Empty",NA,NA,NA,NA,NA,NA,NA
"201711120941-067",27,"Cynoscion nebulosus",59.51,71.86,3.55,3.47,0.007,0.007,"Crustacean",0.002,0.04,"Amphipod spp","Amphipoda",NA,2,0.002,NA,NA,NA
"201711120941-067",28,"Cynoscion nebulosus",57.24,67.75,3.19,3.12,0,0,"Empty",NA,NA,"Empty",NA,NA,NA,NA,NA,NA,NA
"201711120941-067",27,"Cynoscion nebulosus",59.51,71.86,3.55,3.47,0.007,0.007,"Misc",0.005,0.06,"SEAGRASS",NA,NA,1,0.001,NA,NA,NA
"201711120941-067",27,"Cynoscion nebulosus",59.51,71.86,3.55,3.47,0.007,0.007,"Misc",0.005,0.06,"UNID",NA,NA,2,0.004,NA,NA,NA
"201711120941-067",29,"Cynoscion nebulosus",61.14,69.19,3.75,3.64,0.018,0.018,"Misc",0.018,0.1,"UNID",NA,NA,1,0.018,NA,NA,NA
"201711121656-239",70,"Cynoscion nebulosus",46.34,58.31,1.72,1.54,0,0,"Empty",NA,NA,"Empty",NA,NA,NA,NA,NA,NA,NA
"201711111110-304",96,"Cynoscion nebulosus",50.09,61.26,2.03,1.89,0.005,0.005,"Misc",0.005,0.1,"UNID",NA,NA,1,0.005,NA,NA,NA
"201711111020-323",69,"Cynoscion nebulosus",46.46,56.42,1.46,1.36,0,0,"Empty",NA,NA,"Empty",NA,NA,NA,NA,NA,NA,NA
"201711111020-323",68,"Cynoscion nebulosus",54.21,65.23,2.73,2.53,0.021,0.021,"Misc",0.021,0.1,"UNID",NA,NA,1,0.021,NA,NA,NA
"201711121642-240",93,"Cynoscion nebulosus",49.28,60.35,1.81,1.68,0,0,"Empty",NA,NA,"Empty",NA,NA,NA,NA,NA,NA,NA
"201711111429-271",80,"Cynoscion nebulosus",57.5,69.21,3.76,3.21,0.184,0.184,"Fish",0.184,0.3,"Anchoa spp","Clupeiformes","Engraulidae",1,0.055,NA,NA,NA
"201711111429-271",80,"Cynoscion nebulosus",57.5,69.21,3.76,3.21,0.184,0.184,"Fish",0.184,0.3,"Anchoa spp","Clupeiformes","Engraulidae",1,0.129,26.62,22.66,NA
"201711111429-271",81,"Cynoscion nebulosus",20.01,24.36,0.12,0.11,0.001,0.001,"Misc",0.001,0.05,"UNID",NA,NA,1,0.001,NA,NA,NA
"201711121327-145",102,"Cynoscion nebulosus",52.16,65.67,2.33,2.23,0.013,0.013,"Crustacean",0.013,0.2,"Caridean spp","Decapoda",NA,1,0.003,NA,NA,NA
"201711121327-145",102,"Cynoscion nebulosus",52.16,65.67,2.33,2.23,0.013,0.013,"Crustacean",0.013,0.2,"Urocaris longicaudata","Decapoda","Palaemonidae",1,0.01,NA,NA,NA
"201711121533-224",72,"Cynoscion nebulosus",20.78,25.78,0.14,0.12,0.002,0.002,"Crustacean",0.002,0.05,"UNID",NA,NA,1,0.002,NA,NA,NA
"201711111308-281",32,"Cynoscion nebulosus",52.4,61.31,2.46,2.36,0,0,"Empty",NA,NA,"Empty",NA,NA,NA,NA,NA,NA,NA
"201711111352-283",83,"Cynoscion nebulosus",42.81,51.63,1.33,1.02,0.184,0.184,"Fish",0.184,0.3,"Anchoa spp","Clupeiformes","Engraulidae",1,0.184,32.74,28.64,NA
"201711131137-237",74,"Cynoscion nebulosus",27.53,32.93,0.34,0.32,0.001,0.001,"Crustacean",0.001,0.05,"Caridean spp","Decapoda",NA,1,0.001,NA,NA,NA
"201711131137-237",85,"Cynoscion nebulosus",67.3,80.05,6.28,5.87,0.136,0.136,"Crustacean",0.028,0.1,"Caridean spp","Decapoda",NA,2,0.028,NA,NA,NA
"201711131137-237",86,"Cynoscion nebulosus",49.29,60.88,1.92,1.85,0.015,0.015,"Crustacean",0.015,0.1,"Caridean spp","Decapoda",NA,1,0.015,NA,NA,NA
"201711131137-237",75,"Cynoscion nebulosus",30.18,38.16,0.41,0.39,0,0,"Empty",NA,NA,"Empty",NA,NA,NA,NA,NA,NA,NA
"201711131137-237",73,"Cynoscion nebulosus",58.96,71.12,3.02,2.83,0.003,0.003,"Crustacean",0.003,0.1,"UNID",NA,NA,1,0.003,NA,NA,NA
"201711131137-237",76,"Cynoscion nebulosus",25.24,30.28,0.26,0.22,0.001,0.001,"Crustacean",0.001,0.05,"UNID",NA,NA,1,0.001,NA,NA,NA
"201711131137-237",85,"Cynoscion nebulosus",67.3,80.05,6.28,5.87,0.136,0.136,"Misc",0.108,0.2,"UNID",NA,NA,1,0.108,NA,NA,NA
"201711131035-279",112,"Cynoscion nebulosus",23.14,26.63,0.19,0.17,0.001,0.001,"Misc",0.001,0.05,"UNID",NA,NA,1,0.001,NA,NA,NA
"201711131115-278",97,"Cynoscion nebulosus",64.16,77.91,4.33,4.09,0.032,0.032,"Fish",0.032,0.1,"UNID",NA,NA,1,0.032,NA,NA,NA
"201711131206-174",116,"Cynoscion nebulosus",23.36,28.66,0.18,0.16,0,0,"Empty",NA,NA,"Empty",NA,NA,NA,NA,NA,NA,NA
"201712101101-239",9,"Cynoscion nebulosus",40.53,50.58,1.25,1.12,0.052,0.052,"Crustacean",0.035,0.1,"Caridean spp","Decapoda",NA,3,0.035,NA,NA,NA
"201712101101-239",9,"Cynoscion nebulosus",40.53,50.58,1.25,1.12,0.052,0.052,"Fish",0.017,0.1,"UNID",NA,NA,1,0.017,NA,NA,NA
"201712101146-241",10,"Cynoscion nebulosus",53.97,66.19,2.17,2.13,0.006,0.006,"Crustacean",0.006,0.005,"UNID",NA,NA,1,0.006,NA,NA,NA
"201712100945-266",11,"Cynoscion nebulosus",48.66,58.66,2.12,1.95,0.014,0.014,"Crustacean",0.014,0.1,"Caridean spp","Decapoda",NA,5,0.014,NA,NA,NA
"201712101436-294",12,"Cynoscion nebulosus",64,76.27,4.56,4.25,0,0,"Empty",NA,NA,"Empty",NA,NA,NA,NA,NA,NA,NA
"201712101015-267",17,"Cynoscion nebulosus",80.83,94.2,7.55,7.29,0.01,0.01,"Crustacean",0.01,0.05,"UNID",NA,NA,1,0.01,NA,NA,NA
"201712101533-292",7,"Cynoscion nebulosus",62.28,71.06,3.43,3.29,0,0,"Empty",NA,NA,"Empty",NA,NA,NA,NA,NA,NA,NA
"201712111300-619",4,"Cynoscion nebulosus",65.97,82.27,4.73,4.33,0.044,0.044,"Crustacean",0.044,0.3,"Caridean spp","Decapoda",NA,22,0.044,NA,NA,NA
"201712111035-303",13,"Cynoscion nebulosus",52.77,61.68,2.34,2.26,0.014,0.014,"Crustacean",0.014,0.1,"Amphipod spp","Amphipoda",NA,8,0.012,NA,NA,NA
"201712111035-303",13,"Cynoscion nebulosus",52.77,61.68,2.34,2.26,0.014,0.014,"Crustacean",0.014,0.1,"Caridean spp","Decapoda",NA,2,0.002,NA,NA,NA
"201712111035-303",14,"Cynoscion nebulosus",65.6,79.33,4.54,4.2,0.036,0.036,"Crustacean",0.026,0.05,"Caridean spp","Decapoda",NA,26,0.026,NA,NA,NA
"201712111035-303",15,"Cynoscion nebulosus",67.08,80.84,4.73,4.52,0.042,0.042,"Crustacean",0.042,0.1,"Caridean spp","Decapoda",NA,22,0.042,NA,NA,NA
"201712111035-303",14,"Cynoscion nebulosus",65.6,79.33,4.54,4.2,0.036,0.036,"Fish",0.01,0.05,"UNID",NA,NA,1,0.01,NA,NA,NA
"201712111150-323",16,"Cynoscion nebulosus",73.33,89.96,6.03,5.5,0.21,0.21,"Fish",0.21,0.3,"Anchoa spp","Clupeiformes","Engraulidae",1,0.21,26.96,NA,NA
"201712111630-168",3,"Cynoscion nebulosus",80.17,95.58,8.74,8.09,0.13,0.13,"Crustacean",0.023,0.2,"Caridean spp","Decapoda",NA,2,0.006,NA,NA,NA
"201712111630-168",1,"Cynoscion nebulosus",76.12,91.59,7.48,7.03,0.019,0.019,"Misc",0.019,0.01,"Empty",NA,NA,1,0.019,NA,NA,NA
"201712111630-168",2,"Cynoscion nebulosus",72.02,85.42,6.48,5.83,0.24,0.24,"Fish",0.11,0.1,"Empty",NA,NA,2,0.11,NA,NA,NA
"201712111630-168",2,"Cynoscion nebulosus",72.02,85.42,6.48,5.83,0.24,0.24,"Misc",0.13,0,"Empty",NA,NA,1,0.13,NA,NA,NA
"201712111630-168",3,"Cynoscion nebulosus",80.17,95.58,8.74,8.09,0.13,0.13,"Crustacean",0.023,0.2,"Penaeid spp","Decapoda","Penaeidae",1,0.017,NA,NA,NA
"201712111630-168",3,"Cynoscion nebulosus",80.17,95.58,8.74,8.09,0.13,0.13,"Fish",0.11,0.2,"UNID",NA,NA,1,0.11,NA,NA,NA
"201712111248-622",5,"Cynoscion nebulosus",73.92,87.21,6.86,6.38,0.14,0.14,"Crustacean",0.048,0.1,"Amphipod spp","Amphipoda",NA,1,0.001,NA,NA,NA
"201712111248-622",5,"Cynoscion nebulosus",73.92,87.21,6.86,6.38,0.14,0.14,"Fish",0.095,0.1,"Anchoa spp","Clupeiformes","Engraulidae",1,0.095,22.91,20.45,NA
"201712111248-622",5,"Cynoscion nebulosus",73.92,87.21,6.86,6.38,0.14,0.14,"Crustacean",0.048,0.1,"Caridean spp","Decapoda",NA,9,0.047,NA,NA,NA
"201712121205-024",6,"Cynoscion nebulosus",80.87,95.22,8.39,7.88,0.187,0.187,"Crustacean",0.167,0.3,"Caridean spp","Decapoda",NA,7,0.167,NA,NA,NA
"201712121205-024",6,"Cynoscion nebulosus",80.87,95.22,8.39,7.88,0.187,0.187,"Fish",0.02,0.1,"UNID",NA,NA,1,0.02,NA,NA,NA
"201712121240-146",8,"Cynoscion nebulosus",43.93,54.08,1.33,1.28,0,0,"Empty",NA,NA,"Empty",NA,NA,NA,NA,NA,NA,NA
"201801031108-266",147,"Cynoscion nebulosus",69.57,81.98,4.66,4.57,0.001,0.001,"Crustacean",0.001,0.1,"Caridean spp","Decapoda",NA,2,0.001,NA,NA,NA
"201801031157-291",146,"Cynoscion nebulosus",72.14,85.87,4.95,4.9,0.002,0.002,"Fish",0.002,0.1,"UNID",NA,NA,1,0.002,NA,NA,NA
"201801031259-302",151,"Cynoscion nebulosus",75.55,91.26,5.5,5.35,0.03,0.03,"Crustacean",0.03,0.1,"Caridean spp","Decapoda",NA,8,0.03,NA,NA,NA
"201801031128-267",149,"Cynoscion nebulosus",75.45,88.82,5.96,5.5,0.28,0.28,"Crustacean",0.28,0.4,"UNID",NA,NA,1,0.28,NA,NA,NA
"201801041311-315",150,"Cynoscion nebulosus",48.51,59.34,1.57,1.49,NA,NA,"Misc",NA,NA,"Empty",NA,NA,0,NA,NA,NA,NA
"201801051106-146",148,"Cynoscion nebulosus",78.84,93.27,7.62,7.26,0.061,0.061,"Crustacean",0.035,0.1,"Caridean spp","Decapoda",NA,9,0.035,NA,NA,NA
"201801051106-146",148,"Cynoscion nebulosus",78.84,93.27,7.62,7.26,0.061,0.061,"Fish",0.026,0.1,"UNID",NA,NA,1,0.026,NA,NA,NA
"201805241723-226",26,"Cynoscion nebulosus",45.22,54.01,1.183,1.048,0.019,0.019,"Crustacean",0.019,0.15,"Caridean spp","Decapoda",NA,2,0.009,NA,NA,NA
"201805241723-226",26,"Cynoscion nebulosus",45.22,54.01,1.183,1.048,0.019,0.019,"Crustacean",0.019,0.15,"Hippolyte spp","Decapoda","Hippolytidae",1,0.006,NA,NA,2.94
"201805241723-226",26,"Cynoscion nebulosus",45.22,54.01,1.183,1.048,0.019,0.019,"Crustacean",0.019,0.15,"Hippolyte spp","Decapoda","Hippolytidae",1,0.004,NA,NA,2.44
"201806130948-253",113,"Cynoscion nebulosus",30.16,34.47,0.344,0.323,NA,NA,"Misc",NA,NA,"Empty",NA,NA,0,NA,NA,NA,NA
"201806130906-266",52,"Cynoscion nebulosus",33.6,40.72,0.562,0.503,0.011,0.011,"Misc",0.011,0.025,"UNID",NA,NA,1,0.011,NA,NA,NA
"201806131006-239",112,"Cynoscion nebulosus",17.31,20.12,0.062,0.054,NA,NA,"Misc",NA,NA,"Empty",NA,NA,0,NA,NA,NA,NA
"201806131048-225",109,"Cynoscion nebulosus",61.21,73.35,3.616,3.361,0.04,0.04,"Crustacean",0.04,0.075,"Caridean spp","Decapoda",NA,9,0.04,NA,NA,NA
"201806140826-168",106,"Cynoscion nebulosus",56.38,67.52,2.591,2.451,0.006,0.006,"Fish",0.006,0.025,"UNID",NA,NA,1,0.006,NA,NA,NA
"201806141140-146",110,"Cynoscion nebulosus",17.07,20.74,0.066,0.054,0.001,0.001,"Crustacean",0.001,0.025,"UNID",NA,NA,1,0.001,NA,NA,NA
"201806141140-146",105,"Cynoscion nebulosus",24.97,29.84,0.203,0.178,0.003,0.003,"Fish",0.003,0.025,"UNID",NA,NA,3,0.003,NA,NA,NA
"201806141159-147",108,"Cynoscion nebulosus",51.71,62.69,2.222,1.981,0.049,0.049,"Crustacean",0.011,0.025,"Caridean spp","Decapoda",NA,2,0.011,NA,NA,NA
"201806141159-147",108,"Cynoscion nebulosus",51.71,62.69,2.222,1.981,0.049,0.049,"Fish",0.038,0.05,"UNID",NA,NA,1,0.038,NA,NA,NA
"201806141159-147",107,"Cynoscion nebulosus",31.84,37.84,0.492,0.437,0.008,0.008,"Fish",0.008,0.05,"UNID",NA,NA,1,0.008,NA,NA,NA
"201807231035-279",104,"Cynoscion nebulosus",64.04,76.25,4.238,4.035,0.028,0.028,"Crustacean",0.006,0.025,"UNID",NA,NA,2,0.006,NA,NA,NA
"201807231035-279",104,"Cynoscion nebulosus",64.04,76.25,4.238,4.035,0.028,0.028,"Misc",0.022,0.05,"UNID",NA,NA,1,0.022,NA,NA,NA
"201807241108-312",47,"Cynoscion nebulosus",45.82,55.13,1.595,1.357,0.103,0.103,"Fish",0.103,0.15,"UNID",NA,NA,1,0.103,NA,NA,NA
"201807241238-304",48,"Cynoscion nebulosus",47.39,58.87,1.573,1.45,0.004,0.004,"Crustacean",0.004,0.025,"UNID",NA,NA,1,0.004,NA,NA,NA
"201807250830-169",49,"Cynoscion nebulosus",39.76,48.79,0.876,0.83,NA,NA,"Misc",NA,NA,"Empty",NA,NA,0,NA,NA,NA,NA
"201807250830-169",50,"Cynoscion nebulosus",41.02,51.15,1.167,1.07,NA,NA,"Misc",NA,NA,"Empty",NA,NA,0,NA,NA,NA,NA
"201807250830-169",51,"Cynoscion nebulosus",44.85,54.37,1.354,1.273,NA,NA,"Misc",NA,NA,"Empty",NA,NA,0,NA,NA,NA,NA
"201807251030-146",30,"Cynoscion nebulosus",37.42,45,0.687,0.668,0.006,0.006,"Fish",0.006,0.025,"UNID",NA,NA,1,0.006,NA,NA,NA
"201807251115-135",99,"Cynoscion nebulosus",40.16,47.21,0.915,0.841,NA,NA,"Misc",NA,NA,"Empty",NA,NA,0,NA,NA,NA,NA
"201807251115-135",103,"Cynoscion nebulosus",49.51,60.94,2.344,2.132,0.06,0.06,"Crustacean",0.06,0.075,"Hippolyte spp","Decapoda","Hippolytidae",1,0.024,NA,NA,NA
"201807251115-135",103,"Cynoscion nebulosus",49.51,60.94,2.344,2.132,0.06,0.06,"Crustacean",0.06,0.075,"Hippolyte spp","Decapoda","Hippolytidae",1,0.008,NA,NA,2.97
"201807251115-135",103,"Cynoscion nebulosus",49.51,60.94,2.344,2.132,0.06,0.06,"Crustacean",0.06,0.075,"UNID",NA,NA,1,0.028,NA,NA,NA
"201807251238-123",102,"Cynoscion nebulosus",59.28,71.79,3.172,2.954,0.061,0.061,"Crustacean",0.061,0.05,"UNID",NA,NA,2,0.061,NA,NA,NA
"201807251238-123",101,"Cynoscion nebulosus",49.59,61.03,2.019,1.905,0.005,0.005,"Fish",0.005,0.025,"UNID",NA,NA,1,0.005,NA,NA,NA
"201807251238-123",100,"Cynoscion nebulosus",37.37,45.07,0.72,0.667,0.002,0.002,"Misc",0.002,0.025,"UNID",NA,NA,1,0.002,NA,NA,NA
"201808211131-266",118,"Cynoscion nebulosus",36.39,42.61,0.614,0.547,0.012,0.012,"Crustacean",0.012,0.05,"Caridean spp","Decapoda",NA,2,0.012,NA,NA,NA
"201808211131-266",29,"Cynoscion nebulosus",16.45,20,0.062,0.042,0.001,0.001,"Misc",0.001,0.05,"UNID",NA,NA,1,0.001,NA,NA,NA
"201808211131-266",119,"Cynoscion nebulosus",38.12,45.89,0.659,0.596,0.007,0.007,"Fish",0.007,0.025,"UNID",NA,NA,1,0.007,NA,NA,NA
"201808211152-280",120,"Cynoscion nebulosus",69.61,83.91,5.387,5.078,0.098,0.098,"Crustacean",0.098,0.2,"Caridean spp","Decapoda",NA,9,0.098,NA,NA,NA
"201808211107-279",126,"Cynoscion nebulosus",52.18,64.13,2.315,2.128,0.051,0.051,"Crustacean",0.051,0.15,"Caridean spp","Decapoda",NA,5,0.051,NA,NA,NA
"201808211107-279",125,"Cynoscion nebulosus",48.3,58.36,1.786,1.545,0.052,0.052,"Crustacean",0.052,0.1,"Caridean spp","Decapoda",NA,5,0.052,NA,NA,NA
"201808211107-279",124,"Cynoscion nebulosus",33.68,40.77,0.619,0.549,0.01,0.01,"Crustacean",0.01,0.025,"Caridean spp","Decapoda",NA,2,0.01,NA,NA,NA
"201808211107-279",123,"Cynoscion nebulosus",46.49,56.01,1.52,1.399,0.03,0.03,"Crustacean",0.03,0.1,"Caridean spp","Decapoda",NA,2,0.03,NA,NA,NA
"201808211107-279",121,"Cynoscion nebulosus",34.89,41.79,0.856,0.786,0.011,0.011,"Crustacean",0.011,0.025,"Caridean spp","Decapoda",NA,1,0.011,NA,NA,NA
"201808211107-279",122,"Cynoscion nebulosus",38.68,47.91,1.005,0.91,0.013,0.013,"Crustacean",0.013,0.05,"Penaeid spp","Decapoda","Penaeidae",1,0.007,NA,NA,NA
"201808211107-279",122,"Cynoscion nebulosus",38.68,47.91,1.005,0.91,0.013,0.013,"Crustacean",0.013,0.05,"UNID",NA,NA,1,0.006,NA,NA,NA
"201808211236-254",115,"Cynoscion nebulosus",68.99,84.17,4.763,4.554,0.015,0.015,"Crustacean",0.002,0.025,"Caridean spp","Decapoda",NA,2,0.002,NA,NA,NA
"201808211236-254",115,"Cynoscion nebulosus",68.99,84.17,4.763,4.554,0.015,0.015,"Fish",0.004,0.025,"UNID",NA,NA,2,0.004,NA,NA,NA
"201808211236-254",115,"Cynoscion nebulosus",68.99,84.17,4.763,4.554,0.015,0.015,"Misc",0.009,0.025,"UNID",NA,NA,1,0.009,NA,NA,NA
"201808211759-268",117,"Cynoscion nebulosus",49.07,59.77,1.894,1.699,0.029,0.029,"Fish",0.029,0.05,"UNID",NA,NA,1,0.029,NA,NA,NA
"201808230921-609",116,"Cynoscion nebulosus",30.06,34.87,0.333,0.295,0.002,0.002,"Fish",0.001,0.025,"UNID",NA,NA,1,0.001,NA,NA,NA
"201808230921-609",116,"Cynoscion nebulosus",30.06,34.87,0.333,0.295,0.002,0.002,"Crustacean",0.001,0.025,"UNID",NA,NA,2,0.001,NA,NA,NA
"201808231021-313",132,"Cynoscion nebulosus",24.29,29.91,0.175,0.156,NA,NA,"Misc",NA,NA,"Empty",NA,NA,0,NA,NA,NA,NA
"201808231705-169",129,"Cynoscion nebulosus",26.06,31.44,0.188,0.169,NA,NA,"Misc",NA,NA,"Empty",NA,NA,0,NA,NA,NA,NA
"201808231705-169",128,"Cynoscion nebulosus",56.13,65.91,3.07,2.912,NA,NA,"Misc",NA,NA,"Empty",NA,NA,0,NA,NA,NA,NA
"201808231705-169",131,"Cynoscion nebulosus",59.37,64.98,2.522,2.387,0.021,0.021,"Crustacean",0.021,0.025,"Hippolyte zostericola","Decapoda","Hippolytidae",1,0.017,11.45,NA,2.72
"201808231705-169",130,"Cynoscion nebulosus",46.02,55.58,1.437,1.366,0.014,0.014,"Crustacean",0.014,0.025,"Penaeid spp","Decapoda","Penaeidae",1,0.014,NA,NA,2.4
"201808231705-169",131,"Cynoscion nebulosus",59.37,64.98,2.522,2.387,0.021,0.021,"Crustacean",0.021,0.025,"UNID",NA,NA,1,0.004,NA,NA,NA
"201808240840-173",114,"Cynoscion nebulosus",22.52,27.53,0.165,0.134,0.006,0.006,"Crustacean",0.006,0.05,"Caridean spp","Decapoda",NA,8,0.006,NA,NA,NA
"201808240802-168",145,"Cynoscion nebulosus",23.4,26.56,0.167,0.143,0.002,0.002,"Crustacean",0.002,0.025,"Caridean spp","Decapoda",NA,5,0.002,NA,NA,NA
"201808240802-168",144,"Cynoscion nebulosus",23.76,29.03,0.19,0.172,0.002,0.002,"Crustacean",0.002,0.025,"Caridean spp","Decapoda",NA,1,0.002,NA,NA,NA
"201808240802-168",143,"Cynoscion nebulosus",30.6,33.55,0.345,0.309,0.003,0.003,"Crustacean",0.003,0.025,"Caridean spp","Decapoda",NA,5,0.003,NA,NA,NA
"201808240802-168",141,"Cynoscion nebulosus",23.89,28.86,0.198,0.18,0.001,0.001,"Crustacean",0.001,0.025,"Caridean spp","Decapoda",NA,2,0.001,NA,NA,NA
"201808240802-168",140,"Cynoscion nebulosus",24.11,29.69,0.225,0.204,0.002,0.002,"Crustacean",0.002,0.025,"Caridean spp","Decapoda",NA,2,0.002,NA,NA,NA
"201808240802-168",139,"Cynoscion nebulosus",27.49,32.26,0.309,0.269,0.012,0.012,"Crustacean",0.012,0.025,"Caridean spp","Decapoda",NA,10,0.012,NA,NA,NA
"201808240802-168",137,"Cynoscion nebulosus",24.42,28.98,0.236,0.19,0.009,0.009,"Crustacean",0.008,0.025,"Caridean spp","Decapoda",NA,6,0.008,NA,NA,NA
"201808240802-168",136,"Cynoscion nebulosus",24.6,29.14,0.237,0.202,0.003,0.003,"Crustacean",0.003,0.025,"Caridean spp","Decapoda",NA,1,0.001,NA,NA,1.59
"201808240802-168",136,"Cynoscion nebulosus",24.6,29.14,0.237,0.202,0.003,0.003,"Crustacean",0.003,0.025,"Caridean spp","Decapoda",NA,1,0.001,NA,NA,1.67
"201808240802-168",136,"Cynoscion nebulosus",24.6,29.14,0.237,0.202,0.003,0.003,"Crustacean",0.003,0.025,"Caridean spp","Decapoda",NA,2,0.001,NA,NA,NA
"201808240802-168",134,"Cynoscion nebulosus",29.99,34.6,0.443,0.394,0.011,0.011,"Crustacean",0.011,0.025,"Caridean spp","Decapoda",NA,10,0.011,NA,NA,NA
"201808240802-168",137,"Cynoscion nebulosus",24.42,28.98,0.236,0.19,0.009,0.009,"Arthropod",0.001,0.005,"Isopod spp","Isopoda",NA,1,0.001,NA,NA,NA
"201808240802-168",142,"Cynoscion nebulosus",22.28,27.2,0.14,0.117,0.001,0.001,"Fish",0.001,0.025,"UNID",NA,NA,1,0.001,NA,NA,NA
"201808240802-168",138,"Cynoscion nebulosus",25.81,30.97,0.251,0.225,0.007,0.007,"Crustacean",0.007,0.025,"UNID",NA,NA,4,0.007,NA,NA,NA
"201808240802-168",135,"Cynoscion nebulosus",20.62,23.89,0.111,0.098,0.001,0.001,"Crustacean",0.001,0.025,"UNID",NA,NA,1,0.001,NA,NA,NA
"201808241143-122",133,"Cynoscion nebulosus",46.99,56.91,1.975,1.748,0.056,0.056,"Crustacean",0.056,0.05,"Caridean spp","Decapoda",NA,1,0.006,NA,NA,NA
"201808241143-122",133,"Cynoscion nebulosus",46.99,56.91,1.975,1.748,0.056,0.056,"Crustacean",0.056,0.05,"Penaeid spp","Decapoda","Penaeidae",1,0.05,NA,NA,5.2
"201808241217-112",127,"Cynoscion nebulosus",26.4,31.94,0.255,0.224,NA,NA,"Misc",NA,NA,"Empty",NA,NA,0,NA,NA,NA,NA
"201809151111-279",34,"Cynoscion nebulosus",43.74,54,1.444,1.233,0.04,0.04,"Crustacean",0.04,0.15,"Caridean spp","Decapoda",NA,5,0.026,NA,NA,NA
"201809151111-279",36,"Cynoscion nebulosus",59.96,70.8,2.904,2.7,0.067,0.067,"Crustacean",0.067,0.1,"Caridean spp","Decapoda",NA,7,0.067,NA,NA,NA
"201809151111-279",34,"Cynoscion nebulosus",43.74,54,1.444,1.233,0.04,0.04,"Crustacean",0.04,0.15,"Penaeid spp","Decapoda","Penaeidae",2,0.014,NA,NA,NA
"201809151111-279",35,"Cynoscion nebulosus",39.43,46.1,0.836,0.6,0.014,0.014,"Misc",0.014,0.05,"UNID",NA,NA,1,0.014,NA,NA,NA
"201809151140-267",41,"Cynoscion nebulosus",55.38,65.12,2.697,2.378,0.094,0.094,"Crustacean",0.094,0.3,"Caridean spp","Decapoda",NA,9,0.094,NA,NA,NA
"201809151140-267",42,"Cynoscion nebulosus",67.55,78.74,4.825,4.231,0.075,0.075,"Crustacean",0.057,0.1,"Caridean spp","Decapoda",NA,3,0.057,NA,NA,NA
"201809151140-267",42,"Cynoscion nebulosus",67.55,78.74,4.825,4.231,0.075,0.075,"Fish",0.018,0.05,"UNID",NA,NA,1,0.018,NA,NA,NA
"201809151239-240",55,"Cynoscion nebulosus",40.87,50.65,0.892,0.801,0.006,0.006,"Crustacean",0.006,0.05,"Caridean spp","Decapoda",NA,3,0.006,NA,NA,NA
"201809151239-240",53,"Cynoscion nebulosus",54.68,64.56,2.484,2.255,0.047,0.047,"Fish",0.047,0.35,"UNID",NA,NA,2,0.047,NA,NA,NA
"201809151239-240",54,"Cynoscion nebulosus",29.77,36.33,0.332,0.272,0.001,0.001,"Crustacean",0.001,0.05,"UNID",NA,NA,2,0.001,NA,NA,NA
"201809151226-239",44,"Cynoscion nebulosus",29.27,34.38,0.258,0.229,0.001,0.001,"Crustacean",0.001,0.05,"Caridean spp","Decapoda",NA,1,0.001,NA,NA,NA
"201809151226-239",45,"Cynoscion nebulosus",51.1,61.36,1.928,1.709,0.031,0.031,"Crustacean",0.031,0.1,"Caridean spp","Decapoda",NA,5,0.031,NA,NA,NA
"201809151226-239",46,"Cynoscion nebulosus",46.84,55.8,1.544,1.344,0.038,0.038,"Crustacean",0.038,0.1,"Caridean spp","Decapoda",NA,6,0.038,NA,NA,NA
"201809151226-239",43,"Cynoscion nebulosus",25.67,30.22,0.208,0.156,NA,NA,"Misc",NA,NA,"Empty",NA,NA,0,NA,NA,NA,NA
"201809151543-270",32,"Cynoscion nebulosus",34.67,41.33,0.572,0.515,0.001,0.001,"Fish",0.001,0.05,"UNID",NA,NA,1,0.001,NA,NA,NA
"201809161130-304",31,"Cynoscion nebulosus",48.14,58.59,1.572,1.439,0.026,0.026,"Crustacean",0.026,0.15,"Caridean spp","Decapoda",NA,4,0.026,NA,NA,NA
"201809161012-291",38,"Cynoscion nebulosus",50.26,59.75,1.85,1.693,0.035,0.035,"Crustacean",0.035,0.15,"Caridean spp","Decapoda",NA,5,0.035,NA,NA,NA
"201809161012-291",39,"Cynoscion nebulosus",50.25,58.85,1.66,1.449,0.102,0.102,"Crustacean",0.102,0.25,"Caridean spp","Decapoda",NA,8,0.102,NA,NA,NA
"201809161012-291",40,"Cynoscion nebulosus",52.87,64.08,2.109,1.879,0.107,0.107,"Crustacean",0.107,0.25,"Caridean spp","Decapoda",NA,8,0.058,NA,NA,NA
"201809161012-291",40,"Cynoscion nebulosus",52.87,64.08,2.109,1.879,0.107,0.107,"Crustacean",0.107,0.25,"Hippolyte spp","Decapoda","Hippolytidae",1,0.016,NA,NA,3.43
"201809161012-291",40,"Cynoscion nebulosus",52.87,64.08,2.109,1.879,0.107,0.107,"Crustacean",0.107,0.25,"Hippolyte spp","Decapoda","Hippolytidae",1,0.019,NA,NA,2.86
"201809161012-291",40,"Cynoscion nebulosus",52.87,64.08,2.109,1.879,0.107,0.107,"Crustacean",0.107,0.25,"Hippolyte spp","Decapoda","Hippolytidae",1,0.014,NA,NA,NA
"201809161035-609",37,"Cynoscion nebulosus",26.97,32.4,0.222,0.176,0.001,0.001,"Misc",0.001,0.05,"UNID",NA,NA,1,0.001,NA,NA,NA
"201809161424-622",33,"Cynoscion nebulosus",64.7,75.97,3.561,3.331,0.107,0.107,"Fish",0.107,0.25,"UNID",NA,NA,1,0.107,NA,NA,NA
"201809171017-158",12,"Cynoscion nebulosus",19.57,24.15,0.094,0.071,NA,NA,"Misc",NA,NA,"Empty",NA,NA,0,NA,NA,NA,NA
"201809171017-158",13,"Cynoscion nebulosus",20.95,25.13,0.088,0.059,0.001,0.001,"Fish",0.001,0.05,"UNID",NA,NA,1,0.001,NA,NA,NA
"201809171017-158",14,"Cynoscion nebulosus",31.16,35.94,0.393,0.303,0.022,0.022,"Fish",0.022,0.1,"UNID",NA,NA,3,0.022,NA,NA,NA
"201809171017-158",15,"Cynoscion nebulosus",27.91,34.48,0.275,0.23,0.001,0.001,"Fish",0.001,0.05,"UNID",NA,NA,2,0.001,NA,NA,NA
"201809171118-176",16,"Cynoscion nebulosus",32.34,37.22,0.386,0.301,0.022,0.022,"Fish",0.022,0.1,"Anchoa spp","Clupeiformes","Engraulidae",1,0.022,17.24,16.01,NA
"201809171340-133",10,"Cynoscion nebulosus",27.14,33.93,0.265,0.236,0.003,0.003,"Crustacean",0.003,0.05,"Caridean spp","Decapoda",NA,1,0.003,NA,NA,NA
"201809171340-133",9,"Cynoscion nebulosus",52.49,61.96,1.905,1.711,0.01,0.01,"Fish",0.01,0.1,"UNID",NA,NA,1,0.01,NA,NA,NA
"201809171356-134",17,"Cynoscion nebulosus",31.76,37.16,0.35,0.333,NA,NA,"Misc",NA,NA,"Empty",NA,NA,0,NA,NA,NA,NA
"201809171508-135",11,"Cynoscion nebulosus",44.84,54.92,1.225,1.125,NA,NA,"Misc",NA,NA,"Empty",NA,NA,0,NA,NA,NA,NA
"201809171527-123",19,"Cynoscion nebulosus",44.97,53.5,1.27,1.167,0.003,0.003,"Crustacean",0.003,0.1,"Caridean spp","Decapoda",NA,1,0.003,NA,NA,4.03
"201809171527-123",20,"Cynoscion nebulosus",44.63,54.4,1.36,1.196,0.004,0.004,"Crustacean",0.004,0.05,"Caridean spp","Decapoda",NA,3,0.004,NA,NA,NA
"201809171527-123",18,"Cynoscion nebulosus",36.06,45.28,0.816,0.732,NA,NA,"Misc",NA,NA,"Empty",NA,NA,0,NA,NA,NA,NA
"201809171455-147",25,"Cynoscion nebulosus",49.54,61.66,1.56,1.456,0.001,0.001,"Fish",0.001,0.05,"UNID",NA,NA,1,0.001,NA,NA,NA
"201809171436-159",23,"Cynoscion nebulosus",40.33,48.37,0.784,0.691,0.013,0.013,"Crustacean",0.013,0.2,"Caridean spp","Decapoda",NA,1,0.007,NA,NA,NA
"201809171436-159",22,"Cynoscion nebulosus",25.67,31.04,0.2,0.177,NA,NA,"Misc",NA,NA,"Empty",NA,NA,0,NA,NA,NA,NA
"201809171436-159",24,"Cynoscion nebulosus",42.54,52.42,1.056,0.912,NA,NA,"Misc",NA,NA,"Empty",NA,NA,0,NA,NA,NA,NA
"201809171436-159",23,"Cynoscion nebulosus",40.33,48.37,0.784,0.691,0.013,0.013,"Crustacean",0.013,0.2,"Hippolyte zostericola","Decapoda","Hippolytidae",1,0.006,NA,NA,3.33
"201809171436-159",21,"Cynoscion nebulosus",25.49,30.36,0.17,0.14,0.001,0.001,"Misc",0.001,0.05,"UNID",NA,NA,1,0.001,NA,NA,NA
"201810061029-253",90,"Cynoscion nebulosus",29.77,36.13,0.316,0.289,0.001,0.001,"Misc",0.001,0.05,"UNID",NA,NA,1,0.001,NA,NA,NA
"201810061029-253",91,"Cynoscion nebulosus",31.59,37.92,0.473,0.411,0.002,0.002,"Crustacean",0.002,0.05,"UNID",NA,NA,10,0.002,NA,NA,NA
"201810061011-266",94,"Cynoscion nebulosus",45.53,56.24,1.412,1.324,0.025,0.025,"Crustacean",0.025,0.1,"Caridean spp","Decapoda",NA,1,0.011,NA,NA,NA
"201810061011-266",27,"Cynoscion nebulosus",15.34,18.8,0.037,0.029,NA,NA,"Misc",NA,NA,"Empty",NA,NA,0,NA,NA,NA,NA
"201810061011-266",94,"Cynoscion nebulosus",45.53,56.24,1.412,1.324,0.025,0.025,"Crustacean",0.025,0.1,"Penaeid spp","Decapoda","Penaeidae",1,0.013,NA,NA,NA
"201810061011-266",28,"Cynoscion nebulosus",20.83,24.46,0.096,0.074,0.002,0.002,"Misc",0.002,0.05,"UNID",NA,NA,1,0.002,NA,NA,NA
"201810061011-266",92,"Cynoscion nebulosus",27.58,33.99,0.307,0.272,0.001,0.001,"Misc",0.001,0.025,"UNID",NA,NA,1,0.001,NA,NA,NA
"201810061011-266",93,"Cynoscion nebulosus",35.45,43.7,0.603,0.58,0.001,0.001,"Misc",0.001,0.025,"UNID",NA,NA,1,0.001,NA,NA,NA
"201810061011-266",94,"Cynoscion nebulosus",45.53,56.24,1.412,1.324,0.025,0.025,"Crustacean",0.025,0.1,"UNID",NA,NA,1,0.001,NA,NA,NA
"201810061134-280",64,"Cynoscion nebulosus",51.18,61.83,2.205,2.062,0.043,0.043,"Crustacean",0.043,0.2,"Caridean spp","Decapoda",NA,3,0.032,NA,NA,NA
"201810061134-280",63,"Cynoscion nebulosus",33.4,39.11,0.497,0.439,0.011,0.011,"Crustacean",0.011,0.1,"UNID",NA,NA,3,0.011,NA,NA,NA
"201810061134-280",64,"Cynoscion nebulosus",51.18,61.83,2.205,2.062,0.043,0.043,"Crustacean",0.043,0.2,"UNID",NA,NA,2,0.011,NA,NA,NA
"201810061134-280",65,"Cynoscion nebulosus",75.8,90.81,6.92,6.65,0.063,0.063,"Crustacean",0.063,0.2,"UNID",NA,NA,10,0.063,NA,NA,NA
"201810061134-280",66,"Cynoscion nebulosus",78.61,93.43,7.6,7.298,0.08,0.08,"Crustacean",0.08,0.2,"UNID",NA,NA,13,0.08,NA,NA,NA
"201810061046-279",70,"Cynoscion nebulosus",59.81,69.14,3.829,3.684,0.034,0.034,"Crustacean",0.034,0.1,"Caridean spp","Decapoda",NA,1,0.009,NA,NA,NA
"201810061046-279",71,"Cynoscion nebulosus",40.04,48.38,0.986,0.927,0.009,0.009,"Crustacean",0.009,0.05,"Caridean spp","Decapoda",NA,6,0.009,NA,NA,NA
"201810061046-279",75,"Cynoscion nebulosus",73.49,87.21,5.824,5.561,0.006,0.006,"Crustacean",0.006,0.05,"Caridean spp","Decapoda",NA,1,0.006,NA,NA,NA
"201810061046-279",76,"Cynoscion nebulosus",71.02,84.54,5.401,5.143,0.064,0.064,"Crustacean",0.064,0.2,"Caridean spp","Decapoda",NA,1,0.021,NA,NA,NA
"201810061046-279",73,"Cynoscion nebulosus",27.09,32.89,0.239,0.221,NA,NA,"Misc",NA,NA,"Empty",NA,NA,0,NA,NA,NA,NA
"201810061046-279",74,"Cynoscion nebulosus",35.92,43.12,0.642,0.602,NA,NA,"Misc",NA,NA,"Empty",NA,NA,0,NA,NA,NA,NA
"201810061046-279",70,"Cynoscion nebulosus",59.81,69.14,3.829,3.684,0.034,0.034,"Crustacean",0.034,0.1,"UNID",NA,NA,4,0.03,NA,NA,NA
"201810061046-279",72,"Cynoscion nebulosus",26.87,34.36,0.326,0.299,0.001,0.001,"Crustacean",0.001,0.05,"UNID",NA,NA,1,0.001,NA,NA,NA
"201810061046-279",76,"Cynoscion nebulosus",71.02,84.54,5.401,5.143,0.064,0.064,"Crustacean",0.064,0.2,"UNID",NA,NA,4,0.043,NA,NA,NA
"201810061229-241",68,"Cynoscion nebulosus",45.6,55.47,1.359,1.324,NA,NA,"Misc",NA,NA,"Empty",NA,NA,0,NA,NA,NA,NA
"201810061229-241",67,"Cynoscion nebulosus",17.8,22,0.07,0.06,0.001,0.001,"Misc",0.001,0.05,"UNID",NA,NA,1,0.001,NA,NA,NA
"201810061150-267",87,"Cynoscion nebulosus",31.7,39.65,0.452,0.411,0.001,0.001,"Crustacean",0.001,0.05,"Caridean spp","Decapoda",NA,1,0.001,NA,NA,NA
"201810061215-255",86,"Cynoscion nebulosus",33.58,40.67,0.504,0.411,0.034,0.034,"Fish",0.033,0.1,"Lucania parva","Cyprinodontiformes","Fundulidae",1,0.033,NA,NA,NA
"201810061106-278",95,"Cynoscion nebulosus",30.42,35.94,0.438,0.39,0.001,0.001,"Crustacean",0.001,0.05,"Caridean spp","Decapoda",NA,2,0.001,NA,NA,NA
"201810061106-278",96,"Cynoscion nebulosus",39.13,47.25,0.856,0.817,0.004,0.004,"Crustacean",0.004,0.025,"Caridean spp","Decapoda",NA,1,0.004,NA,NA,NA
"201810061106-278",97,"Cynoscion nebulosus",45.28,56.24,1.571,1.454,0.005,0.005,"Crustacean",0.005,0.05,"Caridean spp","Decapoda",NA,3,0.005,NA,NA,NA
"201810061106-278",98,"Cynoscion nebulosus",58.2,71.35,2.985,2.791,0.037,0.037,"Fish",0.031,0.05,"UNID",NA,NA,1,0.031,NA,NA,NA
"201810061106-278",98,"Cynoscion nebulosus",58.2,71.35,2.985,2.791,0.037,0.037,"Crustacean",0.006,0.025,"UNID",NA,NA,1,0.006,NA,NA,NA
"201810061203-254",89,"Cynoscion nebulosus",29.94,36.23,0.408,0.335,0.018,0.018,"Fish",0.018,0.05,"Lucania parva","Cyprinodontiformes","Fundulidae",1,0.018,NA,NA,NA
"201810061319-240",61,"Cynoscion nebulosus",44.67,52.3,1.229,1.156,0.008,0.008,"Crustacean",0.007,0.15,"Caridean spp","Decapoda",NA,1,0.001,NA,NA,NA
"201810061319-240",61,"Cynoscion nebulosus",44.67,52.3,1.229,1.156,0.008,0.008,"Arthropod",0.001,0.05,"Isopod spp","Isopoda",NA,1,0.001,2.31,NA,NA
"201810061319-240",61,"Cynoscion nebulosus",44.67,52.3,1.229,1.156,0.008,0.008,"Crustacean",0.007,0.15,"Thor spp","Decapoda","Thoridae",1,0.005,9.65,NA,1.87
"201810061319-240",60,"Cynoscion nebulosus",30.98,38.47,0.478,0.429,0.004,0.004,"Crustacean",0.004,0.05,"UNID",NA,NA,2,0.004,NA,NA,NA
"201810061319-240",61,"Cynoscion nebulosus",44.67,52.3,1.229,1.156,0.008,0.008,"Crustacean",0.007,0.15,"UNID",NA,NA,1,0.001,NA,NA,NA
"201810061319-240",62,"Cynoscion nebulosus",70.78,82.38,5.028,4.683,0.091,0.091,"Fish",0.072,0.2,"UNID",NA,NA,1,0.072,NA,NA,NA
"201810061319-240",62,"Cynoscion nebulosus",70.78,82.38,5.028,4.683,0.091,0.091,"Crustacean",0.019,0.05,"UNID",NA,NA,2,0.019,NA,NA,NA
"201810061227-239",69,"Cynoscion nebulosus",41.8,50.43,1.002,0.928,0.002,0.002,"Crustacean",0.002,0.05,"UNID",NA,NA,3,0.002,NA,NA,NA
"201810061408-227",77,"Cynoscion nebulosus",47.49,58.78,1.726,1.524,0.051,0.051,"Fish",0.051,0.3,"Lucania parva","Cyprinodontiformes","Fundulidae",2,0.051,NA,NA,NA
"201810061618-257",88,"Cynoscion nebulosus",49.52,60.25,2.038,1.733,0.135,0.135,"Fish",0.127,0.2,"Lucania parva","Cyprinodontiformes","Fundulidae",2,0.127,NA,NA,NA
"201810061618-257",88,"Cynoscion nebulosus",49.52,60.25,2.038,1.733,0.135,0.135,"Misc",0.008,0.05,"UNID",NA,NA,1,0.008,NA,NA,NA
"201810071025-304",79,"Cynoscion nebulosus",72.53,87.39,6.152,5.924,0.014,0.014,"Arthropod",0.001,0.025,"Amphipod spp","Amphipoda",NA,1,0.001,NA,NA,NA
"201810071025-304",79,"Cynoscion nebulosus",72.53,87.39,6.152,5.924,0.014,0.014,"Crustacean",0.013,0.05,"UNID",NA,NA,5,0.013,NA,NA,NA
"201810070939-313",84,"Cynoscion nebulosus",33.49,41.5,0.478,0.438,0.003,0.003,"Crustacean",0.003,0.05,"UNID",NA,NA,2,0.003,NA,NA,NA
"201810071553-291",85,"Cynoscion nebulosus",42.1,51.93,1.137,1.021,0.009,0.009,"Crustacean",0.001,0.05,"Hippolyte spp","Decapoda","Hippolytidae",1,0.001,NA,NA,NA
"201810071553-291",85,"Cynoscion nebulosus",42.1,51.93,1.137,1.021,0.009,0.009,"Fish",0.008,0.1,"UNID",NA,NA,1,0.008,NA,NA,NA
"201810071633-294",83,"Cynoscion nebulosus",53.59,65.52,2.143,2.027,0.016,0.016,"Fish",0.016,0.1,"UNID",NA,NA,1,0.016,NA,NA,NA
"201810071702-269",59,"Cynoscion nebulosus",41.77,48.96,1.031,0.901,0.014,0.014,"Fish",0.013,0.1,"UNID",NA,NA,1,0.013,NA,NA,NA
"201810071702-269",59,"Cynoscion nebulosus",41.77,48.96,1.031,0.901,0.014,0.014,"Crustacean",0.001,0.05,"UNID",NA,NA,1,0.001,NA,NA,NA
"201810071714-256",78,"Cynoscion nebulosus",63.81,74.88,3.782,3.457,0.132,0.132,"Fish",0.132,0.2,"Lucania parva","Cyprinodontiformes","Fundulidae",4,0.132,NA,NA,NA
"201810081114-169",56,"Cynoscion nebulosus",19.52,22.46,0.083,0.062,NA,NA,"Misc",NA,NA,"Empty",NA,NA,0,NA,NA,NA,NA
"201810081044-176",58,"Cynoscion nebulosus",29.97,34.81,0.347,0.299,NA,NA,"Misc",NA,NA,"Empty",NA,NA,0,NA,NA,NA,NA
"201810081057-173",80,"Cynoscion nebulosus",45.28,56,1.469,1.379,NA,NA,"Misc",NA,NA,"Empty",NA,NA,0,NA,NA,NA,NA
"201810081404-159",82,"Cynoscion nebulosus",46.59,54.82,1.371,1.292,NA,NA,"Misc",NA,NA,"Empty",NA,NA,0,NA,NA,NA,NA
"201810081404-159",81,"Cynoscion nebulosus",40.61,49.46,1.016,0.938,0.001,0.001,"Crustacean",0.001,0.05,"UNID",NA,NA,1,0.001,NA,NA,NA
"201810081450-135",57,"Cynoscion nebulosus",30.34,36.4,0.356,0.309,NA,NA,"Misc",NA,NA,"Empty",NA,NA,0,NA,NA,NA,NA
"201811281105-239",6,"Cynoscion nebulosus",74.57,88.53,5.994,5.641,0.076,0.076,"Crustacean",0.041,0.1,"Caridean spp","Decapoda",NA,7,0.041,NA,NA,NA
"201811281105-239",7,"Cynoscion nebulosus",55.74,66.05,2.616,2.453,0.008,0.008,"Crustacean",0.008,0.05,"Caridean spp","Decapoda",NA,3,0.008,NA,NA,NA
"201811281105-239",8,"Cynoscion nebulosus",40.62,48.46,0.996,0.896,0.002,0.002,"Crustacean",0.002,0.05,"Caridean spp","Decapoda",NA,1,0.002,NA,NA,NA
"201811281105-239",6,"Cynoscion nebulosus",74.57,88.53,5.994,5.641,0.076,0.076,"Fish",0.035,0.1,"UNID",NA,NA,1,0.035,NA,NA,NA
"201811281211-241",3,"Cynoscion nebulosus",61.08,73.02,3.193,2.879,NA,NA,"Misc",NA,NA,"Empty",NA,NA,0,NA,NA,NA,NA
"201811281004-280",5,"Cynoscion nebulosus",30.26,37.13,0.325,0.275,0.002,0.002,"Crustacean",0.002,0.01,"Caridean spp","Decapoda",NA,1,0.002,NA,NA,NA
"201811280928-278",1,"Cynoscion nebulosus",81.01,94.44,7.688,7.196,0.054,0.054,"Crustacean",0.054,0.1,"Palaemon spp","Decapoda","Palaemonidae",1,0.029,NA,NA,4.63
"201811280928-278",1,"Cynoscion nebulosus",81.01,94.44,7.688,7.196,0.054,0.054,"Crustacean",0.054,0.1,"Urocaris longicaudata","Decapoda","Palaemonidae",1,0.025,17.7,NA,4.2
"201811271620-147",2,"Cynoscion nebulosus",40.24,47.61,0.801,0.704,0.001,0.001,"Fish",0.001,0.01,"UNID",NA,NA,1,0.001,NA,NA,NA
"201811271245-123",4,"Cynoscion nebulosus",39.28,47.13,0.634,0.537,0.001,0.001,"Fish",0.001,0.01,"UNID",NA,NA,1,0.001,NA,NA,NA
"201902080959-267",111,"Cynoscion nebulosus",70.31,84.38,6.256,6.156,0.006,0.006,"Crustacean",0.006,0.025,"UNID",NA,NA,2,0.006,NA,NA,NA
"201903181445-135",103,"Cynoscion nebulosus",32.2,39.72,0.5,0.46,0.003,0.003,"Crustacean",0.001,0.02,"Penaeid spp","Decapoda","Penaeidae",1,0.02,NA,NA,NA
"201903181445-135",103,"Cynoscion nebulosus",32.2,39.72,0.5,0.46,0.003,0.003,"Misc",0.002,0.03,"UNID",NA,NA,1,0.03,NA,NA,NA
"201903200910-266",104,"Cynoscion nebulosus",78.63,92.73,7.98,7.82,0.035,0.035,"Arthropod",0.003,0.03,"Amphipod spp","Amphipoda",NA,2,0.003,NA,NA,NA
"201903200910-266",104,"Cynoscion nebulosus",78.63,92.73,7.98,7.82,0.035,0.035,"Crustacean",0.032,0.12,"Caridean spp","Decapoda",NA,2,0.032,NA,NA,NA
"201905150916-280",12,"Cynoscion nebulosus",38.23,46.15,0.85,0.78,0.009,0.009,"Crustacean",0.009,0.01,"UNID Crustacean",NA,NA,2,0.009,NA,NA,NA
"201905150903-266",4,"Cynoscion nebulosus",67.9,82.41,4.91,4.58,0.05,0.05,"Crustacean",0.05,0.05,"Caridean spp","Decapoda",NA,5,0.05,NA,NA,NA
"201905151211-241",3,"Cynoscion nebulosus",36.6,44.45,0.7,0.59,0.002,0.002,"Crustacean",0.002,0.05,"Caridean spp","Decapoda",NA,1,0.002,NA,NA,NA
"201905151211-241",1,"Cynoscion nebulosus",74,86.2,5.32,5.17,NA,NA,"Misc",NA,NA,"Empty",NA,NA,NA,NA,NA,NA,NA
"201905151211-241",2,"Cynoscion nebulosus",41.88,51.45,1.35,1.25,0.1,0.1,"Fish",0.01,0.1,"Lucania parva","Cyprinodontiformes","Fundulidae",1,0.01,NA,NA,NA
"201905160934-240",10,"Cynoscion nebulosus",55.27,66.52,2.56,2.41,0.034,0.034,"Crustacean",0.034,0.2,"Caridean spp","Decapoda",NA,4,0.014,NA,NA,NA
"201905160934-240",10,"Cynoscion nebulosus",55.27,66.52,2.56,2.41,0.034,0.034,"Crustacean",0.034,0.2,"Penaeid spp","Decapoda","Penaeidae",1,0.002,NA,NA,NA
"201905160909-254",11,"Cynoscion nebulosus",15.63,18.76,0.057,0.031,NA,NA,"Fish",NA,NA,"UNID Fish",NA,NA,1,NA,NA,NA,NA
"201905160946-225",9,"Cynoscion nebulosus",42.06,51.79,1.12,1.02,0.021,0.021,"Crustacean",0.021,0.15,"Caridean spp","Decapoda",NA,1,0.001,NA,NA,NA
"201905160946-225",9,"Cynoscion nebulosus",42.06,51.79,1.12,1.02,0.021,0.021,"Crustacean",0.021,0.15,"Hippolyte spp","Decapoda","Hippolytidae",1,0.012,NA,NA,NA
"201905161223-159",6,"Cynoscion nebulosus",36.96,45.27,0.73,0.71,NA,NA,"Misc",NA,NA,"Empty",NA,NA,NA,NA,NA,NA,NA
"201905161223-159",7,"Cynoscion nebulosus",18.84,23.58,0.1,0.1,NA,NA,"Misc",NA,NA,"Empty",NA,NA,NA,NA,NA,NA,NA
"201905161223-159",8,"Cynoscion nebulosus",21.55,24.9,0.12,0.12,NA,NA,"Misc",NA,NA,"Empty",NA,NA,NA,NA,NA,NA,NA
"201905161223-159",5,"Cynoscion nebulosus",63.41,74.23,4.61,4.13,0.2,0.2,"Crustacean",0.085,0.15,"Penaeid spp","Decapoda","Penaeidae",1,0.069,NA,NA,NA
"201905161223-159",5,"Cynoscion nebulosus",63.41,74.23,4.61,4.13,0.2,0.2,"Fish",0.092,0.1,"UNID Fish",NA,NA,1,0.084,NA,NA,NA
"201905161223-159",5,"Cynoscion nebulosus",63.41,74.23,4.61,4.13,0.2,0.2,"Crustacean",0.085,0.15,"UNID Shrimp","Decapoda",NA,1,0.009,NA,NA,NA
"201906250944-278",127,"Cynoscion nebulosus",47.53,56.94,1.53,1.41,0.066,0.066,"Crustacean",0.066,0.25,"Caridean spp","Decapoda",NA,5,0.066,NA,NA,NA
"201906250944-278",125,"Cynoscion nebulosus",33.06,39.42,0.41,0.39,NA,NA,"Misc",NA,NA,"Empty",NA,NA,NA,NA,NA,NA,NA
"201906250944-278",124,"Cynoscion nebulosus",24.78,29.07,0.16,0.15,NA,NA,"Misc",NA,NA,"Empty",NA,NA,NA,NA,NA,NA,NA
"201906250944-278",123,"Cynoscion nebulosus",25.27,28.77,0.18,0.16,NA,NA,"Misc",NA,NA,"Empty",NA,NA,NA,NA,NA,NA,NA
"201906250944-278",126,"Cynoscion nebulosus",34.64,43.16,0.6,0.58,0.001,0.001,"Misc",0.001,NA,"UNID",NA,NA,1,0.001,NA,NA,NA
"201906251002-279",113,"Cynoscion nebulosus",35.74,43.04,0.73,0.68,0.013,0.013,"Crustacean",0.013,0.05,"UNID Shrimp","Decapoda",NA,1,0.013,NA,NA,NA
"201906251013-266",133,"Cynoscion nebulosus",25.29,30.4,0.19,0.19,NA,NA,"Misc",NA,NA,"Empty",NA,NA,NA,NA,NA,NA,NA
"201906251013-266",132,"Cynoscion nebulosus",22.99,26.51,0.13,0.13,NA,NA,"Misc",NA,NA,"Empty",NA,NA,NA,NA,NA,NA,NA
"201906251122-240",114,"Cynoscion nebulosus",26.46,31.2,0.3,0.24,0.018,0.018,"Crustacean",0.018,0.1,"Caridean spp","Decapoda",NA,1,0.018,NA,NA,NA
"201906251122-240",116,"Cynoscion nebulosus",81.61,93.94,6.9,6.37,0.36,0.36,"Fish",0.34,0.15,"Gobiidae spp","Gobiiformes","Gobiidae",1,0.34,NA,NA,NA
"201906251122-240",116,"Cynoscion nebulosus",81.61,93.94,6.9,6.37,0.36,0.36,"Crustacean",0.02,0.05,"UNID Shrimp","Decapoda",NA,1,0.02,NA,NA,NA
"201906251122-240",115,"Cynoscion nebulosus",35.47,42.12,0.69,0.62,0.02,0.02,"Crustacean",0.02,0.1,"UNID Shrimp","Decapoda",NA,2,0.02,NA,NA,NA
"201906251133-225",122,"Cynoscion nebulosus",26.78,31.08,0.24,0.22,NA,NA,"Misc",NA,NA,"Empty",NA,NA,NA,NA,NA,NA,NA
"201906251618-124",112,"Cynoscion nebulosus",59.42,67.16,2.9,2.75,NA,NA,"Misc",NA,NA,"Empty",NA,NA,NA,NA,NA,NA,NA
"201906261021-292",121,"Cynoscion nebulosus",81.11,95.25,1.99,1.82,0.11,0.11,"Crustacean",0.11,0.25,"Caridean spp","Decapoda",NA,9,0.11,NA,NA,NA
"201906270911-168",110,"Cynoscion nebulosus",30.33,36.89,0.4,0.35,0.008,0.008,"Crustacean",0.003,0.02,"Caridean spp","Decapoda",NA,1,0.003,NA,NA,NA
"201906270911-168",111,"Cynoscion nebulosus",31.68,38.82,0.48,0.42,NA,NA,"Misc",NA,NA,"Empty",NA,NA,NA,NA,NA,NA,NA
"201906270911-168",106,"Cynoscion nebulosus",25.21,29.17,0.2,0.19,0.005,0.005,"Misc",0.005,0.05,"UNID",NA,NA,1,0.005,NA,NA,NA
"201906270911-168",105,"Cynoscion nebulosus",24.88,29.09,0.19,0.17,NA,NA,"Misc",NA,NA,"UNID",NA,NA,1,NA,NA,NA,NA
"201906270911-168",110,"Cynoscion nebulosus",30.33,36.89,0.4,0.35,0.008,0.008,"Fish",0.005,0.03,"UNID Fish",NA,NA,1,0.005,NA,NA,NA
"201906270911-168",107,"Cynoscion nebulosus",24.97,29.34,0.19,0.17,0.001,0.001,"Fish",0.001,NA,"UNID Fish",NA,NA,1,0.001,NA,NA,NA
"201906270911-168",109,"Cynoscion nebulosus",29.57,35.94,0.32,0.3,0.003,0.003,"Crustacean",0.003,NA,"UNID Shrimp","Decapoda",NA,1,0.003,NA,NA,NA
"201906270911-168",108,"Cynoscion nebulosus",27.72,34.08,0.29,0.27,0.002,0.002,"Crustacean",0.002,0.05,"UNID Shrimp","Decapoda",NA,1,0.002,NA,NA,NA
"201906271100-146",118,"Cynoscion nebulosus",26.64,31.44,0.27,0.25,0.006,0.006,"Arthropod",0.006,0.05,"Amphipod spp","Amphipoda",NA,35,0.006,NA,NA,NA
"201906271100-146",117,"Cynoscion nebulosus",23.75,28.91,0.19,0.17,0.003,0.003,"Arthropod",0.003,NA,"Amphipod spp","Amphipoda",NA,23,0.003,NA,NA,NA
"201906271100-146",135,"Cynoscion nebulosus",21.27,25.48,0.098,NA,NA,NA,NA,NA,NA,"Empty",NA,NA,NA,NA,NA,NA,NA
"201906271100-146",120,"Cynoscion nebulosus",82.13,95.34,8.68,8.43,0.069,0.069,"Crustacean",0.069,0.3,"Hippolyte zostericola","Decapoda","Hippolytidae",1,0.036,15.57,13.35,3.37
"201906271100-146",134,"Cynoscion nebulosus",31.28,37.11,0.33,0.3,0.005,0.005,"Crustacean",0.005,NA,"UNID Shrimp","Decapoda",NA,1,0.005,NA,NA,NA
"201906271100-146",120,"Cynoscion nebulosus",82.13,95.34,8.68,8.43,0.069,0.069,"Crustacean",0.069,0.3,"UNID Shrimp","Decapoda",NA,1,0.029,NA,NA,NA
"201906271100-146",119,"Cynoscion nebulosus",56,66.65,2.67,2.6,0.007,0.007,"Crustacean",0.007,0.05,"UNID Shrimp","Decapoda",NA,1,0.007,NA,NA,NA
"201906271153-123",129,"Cynoscion nebulosus",31.56,37.81,0.44,0.41,0.013,0.013,"Arthropod",0.001,NA,"Amphipod spp","Amphipoda",NA,1,0.001,NA,NA,NA
"201906271153-123",128,"Cynoscion nebulosus",19.94,22.84,0.089,0.079,NA,NA,"Misc",NA,NA,"Empty",NA,NA,NA,NA,NA,NA,NA
"201906271153-123",131,"Cynoscion nebulosus",50.36,55.96,1.5,1.43,0.01,0.01,"Fish",0.01,0.05,"UNID Fish",NA,NA,1,0.01,NA,NA,NA
"201906271153-123",130,"Cynoscion nebulosus",34.29,40.66,0.54,0.48,0.039,0.039,"Fish",0.039,0.2,"UNID Fish",NA,NA,1,0.039,NA,NA,NA
"201906271153-123",129,"Cynoscion nebulosus",31.56,37.81,0.44,0.41,0.013,0.013,"Fish",0.012,0.05,"UNID Fish",NA,NA,1,0.012,NA,NA,NA
"201907090945-237",20,"Cynoscion nebulosus",34.25,41.16,0.63,0.59,0.005,0.005,"Crustacean",0.005,0.05,"Caridean spp","Decapoda",NA,2,0.005,NA,NA,NA
"201907091140-239",16,"Cynoscion nebulosus",40.65,47.82,1.22,1.06,0.051,0.051,"Crustacean",0.051,0.1,"Penaeid spp","Decapoda","Penaeidae",1,0.051,NA,NA,NA
"201907091027-265",17,"Cynoscion nebulosus",39.88,49.55,1.14,1.05,0.014,0.014,"Crustacean",0.014,0.05,"Caridean spp","Decapoda",NA,4,0.014,NA,NA,NA
"201907091122-254",15,"Cynoscion nebulosus",70.37,81.01,5.49,5.23,0.045,0.045,"Crustacean",0.045,0.3,"Caridean spp","Decapoda",NA,1,0.002,NA,NA,NA
"201907091122-254",15,"Cynoscion nebulosus",70.37,81.01,5.49,5.23,0.045,0.045,"Crustacean",0.045,0.3,"Penaeid spp","Decapoda","Penaeidae",12,0.043,NA,NA,NA
"201907091236-241",13,"Cynoscion nebulosus",53.83,66.4,2.9,2.64,0.08,0.08,"Crustacean",0.001,NA,"Caridean spp","Decapoda",NA,1,0.001,NA,NA,NA
"201907091236-241",13,"Cynoscion nebulosus",53.83,66.4,2.9,2.64,0.08,0.08,"Fish",0.079,0.1,"Lucania parva","Cyprinodontiformes","Fundulidae",1,0.026,11.97,11.03,NA
"201907091236-241",13,"Cynoscion nebulosus",53.83,66.4,2.9,2.64,0.08,0.08,"Fish",0.079,0.1,"Lucania parva","Cyprinodontiformes","Fundulidae",1,0.022,11.73,10.85,NA
"201907091236-241",13,"Cynoscion nebulosus",53.83,66.4,2.9,2.64,0.08,0.08,"Fish",0.079,0.1,"Lucania parva","Cyprinodontiformes","Fundulidae",1,0.009,9.53,8.21,NA
"201907091236-241",13,"Cynoscion nebulosus",53.83,66.4,2.9,2.64,0.08,0.08,"Fish",0.079,0.1,"Lucania parva","Cyprinodontiformes","Fundulidae",1,0.005,6.77,6.09,NA
"201907091236-241",13,"Cynoscion nebulosus",53.83,66.4,2.9,2.64,0.08,0.08,"Fish",0.079,0.1,"Lucania parva","Cyprinodontiformes","Fundulidae",1,0.002,NA,NA,NA
"201907091236-241",13,"Cynoscion nebulosus",53.83,66.4,2.9,2.64,0.08,0.08,"Fish",0.079,0.1,"UNID Fish",NA,NA,1,0.008,0.01,NA,NA
"201907091224-226",18,"Cynoscion nebulosus",36.44,44.52,0.91,0.78,0.036,0.036,"Fish",0.036,0.1,"Lucania parva","Cyprinodontiformes","Fundulidae",2,0.036,NA,NA,NA
"201907111359-135",21,"Cynoscion nebulosus",25.83,33.58,0.28,0.25,0.002,0.002,"Arthropod",0.001,NA,"Arthropod spp",NA,NA,1,0.001,NA,NA,NA
"201907111359-135",21,"Cynoscion nebulosus",25.83,33.58,0.28,0.25,0.002,0.002,"Misc",0.001,NA,"Isopod spp","Isopoda",NA,1,0.001,NA,NA,NA
"201907111415-146",23,"Cynoscion nebulosus",24.75,29.66,0.23,0.2,NA,NA,"Misc",NA,NA,"Empty",NA,NA,NA,NA,NA,NA,NA
"201907111415-146",99,"Cynoscion nebulosus",17.36,19.94,0.06,0.05,0.001,0.001,"Misc",0.001,NA,"Empty",NA,NA,NA,NA,NA,NA,NA
"201907111415-146",100,"Cynoscion nebulosus",29.93,35.94,0.26,NA,NA,NA,"Misc",NA,NA,"Empty",NA,NA,NA,NA,NA,NA,NA
"201907111415-146",22,"Cynoscion nebulosus",27.7,34.43,0.31,0.29,0.002,0.002,"Fish",0.002,0.05,"UNID Fish",NA,NA,1,0.002,NA,NA,NA
"201907111344-123",14,"Cynoscion nebulosus",35.76,43.97,0.86,0.73,0.015,0.015,"Fish",0.008,0.05,"UNID Fish",NA,NA,1,0.008,NA,NA,NA
"201907111344-123",14,"Cynoscion nebulosus",35.76,43.97,0.86,0.73,0.015,0.015,"Crustacean",0.007,0.05,"UNID Shrimp","Decapoda",NA,1,0.007,NA,NA,NA
"201907111437-159",19,"Cynoscion nebulosus",36.59,42.51,0.75,0.64,NA,NA,"Misc",NA,NA,"Empty",NA,NA,NA,NA,NA,NA,NA
"201907111320-137",24,"Cynoscion nebulosus",28.72,35.75,0.36,0.33,NA,NA,"Misc",NA,NA,"Empty",NA,NA,NA,NA,NA,NA,NA
"201908061018-112",29,"Cynoscion nebulosus",48.53,57.01,1.53,1.41,0.019,0.019,"Fish",0.019,0.05,"UNID Fish",NA,NA,3,0.019,NA,NA,NA
"201908060905-146",38,"Cynoscion nebulosus",29.04,34.07,0.36,0.32,0.005,0.005,"Crustacean",0.005,0.01,"Caridean spp","Decapoda",NA,1,0.005,NA,NA,NA
"201908060905-146",40,"Cynoscion nebulosus",31.61,37.6,0.45,0.34,0.016,0.016,"Crustacean",0.014,0.04,"Caridean spp","Decapoda",NA,2,0.004,NA,NA,NA
"201908060905-146",101,"Cynoscion nebulosus",26.18,32.28,0.27,0.25,NA,NA,"Misc",NA,NA,"Empty",NA,NA,NA,NA,NA,NA,NA
"201908060905-146",40,"Cynoscion nebulosus",31.61,37.6,0.45,0.34,0.016,0.016,"Crustacean",0.014,0.04,"Hippolyte zostericola","Decapoda","Hippolytidae",1,0.01,10.42,8.48,2.75
"201908060905-146",40,"Cynoscion nebulosus",31.61,37.6,0.45,0.34,0.016,0.016,"Fish",0.002,0.01,"UNID Fish",NA,NA,1,0.002,NA,NA,NA
"201908060905-146",39,"Cynoscion nebulosus",31.62,37.93,0.41,0.36,0.003,0.003,"Crustacean",0.003,NA,"UNID Shrimp","Decapoda",NA,1,0.003,NA,NA,NA
"201908061005-123",32,"Cynoscion nebulosus",63.37,76.7,3.64,3.43,NA,NA,"Misc",NA,NA,"Empty",NA,NA,NA,NA,NA,NA,NA
"201908060853-159",27,"Cynoscion nebulosus",39.25,48.45,0.95,0.9,0.011,0.011,"Arthropod",0.001,0.01,"Arthropod spp",NA,NA,1,0.001,NA,NA,NA
"201908060853-159",26,"Cynoscion nebulosus",32.72,40.71,0.62,0.53,0.007,0.007,"Crustacean",0.004,0.05,"Caridean spp","Decapoda",NA,2,0.004,NA,NA,NA
"201908060853-159",27,"Cynoscion nebulosus",39.25,48.45,0.95,0.9,0.011,0.011,"Crustacean",0.01,0.1,"Caridean spp","Decapoda",NA,3,0.005,NA,NA,NA
"201908060853-159",28,"Cynoscion nebulosus",42.38,51.49,1.1,0.96,0.025,0.025,"Crustacean",0.025,0.15,"Hippolyte spp","Decapoda","Hippolytidae",2,0.012,NA,NA,NA
"201908060853-159",28,"Cynoscion nebulosus",42.38,51.49,1.1,0.96,0.025,0.025,"Crustacean",0.025,0.15,"Hippolyte zostericola","Decapoda","Hippolytidae",1,0.011,9.92,NA,3.4
"201908060853-159",27,"Cynoscion nebulosus",39.25,48.45,0.95,0.9,0.011,0.011,"Crustacean",0.01,0.1,"Penaeid spp","Decapoda","Penaeidae",1,0.005,NA,NA,NA
"201908060853-159",26,"Cynoscion nebulosus",32.72,40.71,0.62,0.53,0.007,0.007,"Fish",0.003,0.05,"UNID Fish",NA,NA,1,0.003,NA,NA,NA
"201908070955-240",25,"Cynoscion nebulosus",41.49,49.47,1.37,1.22,0.02,0.02,"Arthropod",0.002,0.01,"Arthropod spp",NA,NA,2,0.002,NA,NA,NA
"201908070955-240",25,"Cynoscion nebulosus",41.49,49.47,1.37,1.22,0.02,0.02,"Crustacean",0.008,0.03,"Caridean spp","Decapoda",NA,2,0.008,NA,NA,NA
"201908070955-240",25,"Cynoscion nebulosus",41.49,49.47,1.37,1.22,0.02,0.02,"Fish",0.001,0.01,"UNID Fish",NA,NA,1,0.001,NA,NA,NA
"201908071006-241",34,"Cynoscion nebulosus",32.69,39.39,0.57,0.48,0.005,0.005,"Crustacean",0.001,0.02,"UN ID Caridean","Decapoda",NA,2,0.001,NA,NA,NA
"201908071006-241",34,"Cynoscion nebulosus",32.69,39.39,0.57,0.48,0.005,0.005,"Fish",0.004,0.03,"UNID Fish",NA,NA,2,0.004,NA,NA,NA
"201908071006-241",35,"Cynoscion nebulosus",30.41,36.92,0.43,0.37,0.003,0.003,"Crustacean",0.003,0.05,"UNID Shrimp","Decapoda",NA,2,0.003,NA,NA,NA
"201908071035-224",30,"Cynoscion nebulosus",42.85,50.64,1.44,1.26,0.065,0.065,"Arthropod",0.001,0.02,"Arthropod spp",NA,NA,1,0.001,NA,NA,NA
"201908071035-224",30,"Cynoscion nebulosus",42.85,50.64,1.44,1.26,0.065,0.065,"Crustacean",0.042,0.08,"Caridean spp","Decapoda",NA,2,0.042,NA,NA,NA
"201908071035-224",31,"Cynoscion nebulosus",76.58,88.61,7.04,6.34,0.17,0.17,"Fish",0.17,0.2,"Lucania parva","Cyprinodontiformes","Fundulidae",1,0.17,NA,20.15,NA
"201908080718-267",33,"Cynoscion nebulosus",47.23,56.81,1.86,1.57,0.082,0.082,"Crustacean",0.018,0.05,"Caridean spp","Decapoda",NA,3,0.018,NA,NA,NA
"201908080718-267",33,"Cynoscion nebulosus",47.23,56.81,1.86,1.57,0.082,0.082,"Fish",0.063,0.1,"Lucania parva","Cyprinodontiformes","Fundulidae",1,0.063,NA,14.05,NA
"201908080759-265",36,"Cynoscion nebulosus",39.94,47.58,1.09,0.96,0.032,0.032,"Arthropod",0.002,0.02,"Arthropod spp",NA,NA,1,0.002,NA,NA,NA
"201908080759-265",36,"Cynoscion nebulosus",39.94,47.58,1.09,0.96,0.032,0.032,"Crustacean",0.032,0.08,"Caridean spp","Decapoda",NA,3,0.032,NA,NA,NA
"201908080759-265",37,"Cynoscion nebulosus",37.66,44.61,0.97,0.8,0.025,0.025,"Crustacean",0.024,0.09,"Caridean spp","Decapoda",NA,3,0.006,NA,NA,NA
"201908080759-265",37,"Cynoscion nebulosus",37.66,44.61,0.97,0.8,0.025,0.025,"Crustacean",0.024,0.09,"Hippolyte zostericola","Decapoda","Hippolytidae",2,0.018,NA,NA,NA
"201908080759-265",37,"Cynoscion nebulosus",37.66,44.61,0.97,0.8,0.025,0.025,"Fish",0.001,0.01,"UNID Fish",NA,NA,1,0.001,NA,NA,NA
"201909080941-281",146,"Cynoscion nebulosus",39.4,48.2,0.92,0.84,0.015,0.015,"Crustacean",0.015,0.05,"Caridean spp","Decapoda",NA,1,0.015,NA,NA,NA
"201909080954-282",145,"Cynoscion nebulosus",44.8,52.97,1.39,1.3,0.023,0.023,"Arthropod",0.001,NA,"Amphipod spp","Amphipoda",NA,1,0.001,NA,NA,NA
"201909080954-282",145,"Cynoscion nebulosus",44.8,52.97,1.39,1.3,0.023,0.023,"Crustacean",0.022,0.1,"Caridean spp","Decapoda",NA,1,0.022,NA,NA,NA
"201909091350-135",144,"Cynoscion nebulosus",39.11,47.11,1.13,0.95,0.1,0.1,"Fish",0.1,0.3,"Gobiidae spp","Gobiiformes","Gobiidae",1,0.1,NA,NA,NA
"201909091328-146",147,"Cynoscion nebulosus",48.15,58.69,1.89,1.76,0.025,0.025,"Crustacean",0.025,0.15,"UNID Shrimp","Decapoda",NA,2,0.025,NA,NA,NA
"201909091427-123",150,"Cynoscion nebulosus",43.14,53.81,1.47,1.36,0.008,0.008,"Crustacean",0.008,0.05,"Hippolyte zostericola","Decapoda","Hippolytidae",1,0.008,NA,NA,NA
"201909101001-255",148,"Cynoscion nebulosus",63.73,75.19,4.18,3.85,0.14,0.14,"Arthropod",0.002,0.02,"Isopod spp","Isopoda",NA,1,0.002,NA,NA,NA
"201909101001-255",148,"Cynoscion nebulosus",63.73,75.19,4.18,3.85,0.14,0.14,"Fish",0.096,0.3,"UNID Fish",NA,NA,1,0.096,NA,NA,NA
"201909101001-255",148,"Cynoscion nebulosus",63.73,75.19,4.18,3.85,0.14,0.14,"Crustacean",0.021,0.08,"UNID Shrimp","Decapoda",NA,1,0.021,NA,NA,NA
"201909101144-145",137,"Cynoscion nebulosus",27.32,33.25,0.37,0.33,0.004,0.004,"Fish",0.004,NA,"UNID Fish",NA,NA,1,0.004,NA,NA,NA
"201909101047-240",143,"Cynoscion nebulosus",26.99,32.11,0.27,0.24,0.001,0.001,"Crustacean",NA,NA,"Caridean spp","Decapoda",NA,1,NA,NA,NA,NA
"201909101047-240",142,"Cynoscion nebulosus",23.27,28.32,0.17,0.17,NA,NA,"Misc",NA,NA,"Empty",NA,NA,NA,NA,NA,NA,NA
"201909101047-240",140,"Cynoscion nebulosus",21.38,24.96,0.13,0.13,NA,NA,"Misc",NA,NA,"Empty",NA,NA,NA,NA,NA,NA,NA
"201909101047-240",139,"Cynoscion nebulosus",17.37,20.74,0.064,0.061,NA,NA,"Misc",NA,NA,"Empty",NA,NA,NA,NA,NA,NA,NA
"201909101047-240",138,"Cynoscion nebulosus",11.47,12.09,0.016,0.016,NA,NA,"Misc",NA,NA,"Empty",NA,NA,NA,NA,NA,NA,NA
"201909101047-240",143,"Cynoscion nebulosus",26.99,32.11,0.27,0.24,0.001,0.001,"Fish",NA,NA,"UNID Fish",NA,NA,1,NA,NA,NA,NA
"201909101047-240",141,"Cynoscion nebulosus",23.01,27.74,0.17,0.17,0.001,0.001,"Crustacean",0.001,NA,"UNID Shrimp","Decapoda",NA,1,0.001,NA,NA,NA
"201909101111-226",151,"Cynoscion nebulosus",75.47,90.62,6.82,6.63,0.023,0.023,"Crustacean",0.023,0.1,"Caridean spp","Decapoda",NA,4,0.023,NA,NA,NA
"201909100958-267",149,"Cynoscion nebulosus",19.46,22.76,0.11,0.092,0.001,0.001,"Crustacean",0.001,NA,"UNID Shrimp","Decapoda",NA,1,0.001,NA,NA,NA
"201909101038-239",136,"Cynoscion nebulosus",37.93,44.49,1.03,0.95,0.003,0.003,"Crustacean",0.003,NA,"UNID Shrimp","Decapoda",NA,1,0.003,NA,NA,NA
"201910281426-291",44,"Cynoscion nebulosus",81.97,96.59,7.45,7.32,NA,NA,"Misc",NA,NA,"Empty",NA,NA,NA,NA,NA,NA,NA
"201910291016-281",72,"Cynoscion nebulosus",65.42,76.86,3.71,3.61,NA,NA,"Misc",NA,NA,"Empty",NA,NA,NA,NA,NA,NA,NA
"201910291016-281",71,"Cynoscion nebulosus",63.77,76.25,3.75,3.6,0.003,0.003,"Crustacean",0.003,NA,"UNID Shrimp","Decapoda",NA,1,0.003,NA,NA,NA
"201910290912-278",46,"Cynoscion nebulosus",71.44,82.76,5.18,4.95,0.027,0.027,"Crustacean",0.027,0.1,"Caridean spp","Decapoda",NA,3,0.017,NA,NA,NA
"201910290912-278",51,"Cynoscion nebulosus",55.56,64.79,2.51,2.3,0.019,0.019,"Crustacean",0.019,0.05,"Caridean spp","Decapoda",NA,4,0.007,NA,NA,NA
"201910290912-278",47,"Cynoscion nebulosus",69.61,81.2,4.42,4.33,NA,NA,"Misc",NA,NA,"Empty",NA,NA,NA,NA,NA,NA,NA
"201910290912-278",52,"Cynoscion nebulosus",72.88,86.82,5.4,5.11,0.08,0.08,"Crustacean",0.08,0.3,"Hippolyte spp","Decapoda","Hippolytidae",2,0.028,NA,NA,NA
"201910290912-278",46,"Cynoscion nebulosus",71.44,82.76,5.18,4.95,0.027,0.027,"Crustacean",0.027,0.1,"Hippolyte zostericola","Decapoda","Hippolytidae",1,0.01,NA,NA,NA
"201910290912-278",51,"Cynoscion nebulosus",55.56,64.79,2.51,2.3,0.019,0.019,"Crustacean",0.019,0.05,"Hippolyte zostericola","Decapoda","Hippolytidae",1,0.012,NA,9.3,2.83
"201910290912-278",52,"Cynoscion nebulosus",72.88,86.82,5.4,5.11,0.08,0.08,"Crustacean",0.08,0.3,"Hippolyte zostericola","Decapoda","Hippolytidae",1,0.016,9.67,9.35,3.35
"201910290912-278",52,"Cynoscion nebulosus",72.88,86.82,5.4,5.11,0.08,0.08,"Crustacean",0.08,0.3,"Hippolyte zostericola","Decapoda","Hippolytidae",1,0.014,10.68,9.17,3.1
"201910290912-278",52,"Cynoscion nebulosus",72.88,86.82,5.4,5.11,0.08,0.08,"Crustacean",0.08,0.3,"Hippolyte zostericola","Decapoda","Hippolytidae",1,0.019,11.93,10.07,3.18
"201910291000-280",43,"Cynoscion nebulosus",66.64,79.74,4.87,4.69,0.061,0.061,"Crustacean",0.061,0.1,"Caridean spp","Decapoda",NA,4,0.061,NA,NA,NA
"201910291035-282",45,"Cynoscion nebulosus",80.14,93.11,8.07,7.9,0.004,0.004,"Crustacean",0.004,0.01,"UNID Shrimp","Decapoda",NA,1,0.004,NA,NA,NA
"201910291140-270",62,"Cynoscion nebulosus",73.17,86.23,6.36,5.92,0.13,0.13,"Crustacean",0.023,0.1,"Caridean spp","Decapoda",NA,3,0.023,NA,NA,NA
"201910291140-270",63,"Cynoscion nebulosus",79.04,92.27,6.84,6.69,NA,NA,"Misc",NA,NA,"Empty",NA,NA,NA,NA,NA,NA,NA
"201910291140-270",62,"Cynoscion nebulosus",73.17,86.23,6.36,5.92,0.13,0.13,"Fish",0.073,0.3,"UNID Fish",NA,NA,1,0.073,NA,NA,NA
"201910291620-123",55,"Cynoscion nebulosus",54.66,65.4,2.23,2.1,0.016,0.016,"Crustacean",0.016,0.05,"Caridean spp","Decapoda",NA,20,0.016,NA,NA,NA
"201910291710-135",75,"Cynoscion nebulosus",35.07,42.41,0.6,0.56,0.018,0.018,"Crustacean",0.018,0.1,"Caridean spp","Decapoda",NA,1,0.018,NA,NA,NA
"201910291710-135",76,"Cynoscion nebulosus",34.45,41.71,0.6,0.52,0.028,0.028,"Crustacean",0.028,0.2,"Caridean spp","Decapoda",NA,1,0.07,NA,NA,NA
"201910291710-135",77,"Cynoscion nebulosus",43.55,52.62,1.18,1.1,0.012,0.012,"Crustacean",0.012,0.05,"Caridean spp","Decapoda",NA,1,0.005,NA,NA,NA
"201910291710-135",78,"Cynoscion nebulosus",50.42,60.55,1.43,1.35,0.023,0.023,"Crustacean",0.023,0.13,"Caridean spp","Decapoda",NA,1,0.005,NA,NA,NA
"201910291710-135",77,"Cynoscion nebulosus",43.55,52.62,1.18,1.1,0.012,0.012,"Crustacean",0.012,0.05,"Hippolyte zostericola","Decapoda","Hippolytidae",1,0.007,NA,NA,NA
"201910291710-135",78,"Cynoscion nebulosus",50.42,60.55,1.43,1.35,0.023,0.023,"Crustacean",0.023,0.13,"Hippolyte zostericola","Decapoda","Hippolytidae",2,0.018,NA,NA,NA
"201910291710-135",74,"Cynoscion nebulosus",32.81,39.53,0.48,0.45,0.001,0.001,"Crustacean",0.001,NA,"UNID Shrimp","Decapoda",NA,1,0.001,NA,NA,NA
"201910291710-135",76,"Cynoscion nebulosus",34.45,41.71,0.6,0.52,0.028,0.028,"Crustacean",0.028,0.2,"Urocaris longicaudata","Decapoda","Palaemonidae",1,0.021,NA,NA,NA
"201910300930-133",65,"Cynoscion nebulosus",28.49,33.99,0.3,0.26,0.006,0.006,"Crustacean",0.006,0.05,"Caridean spp","Decapoda",NA,4,0.006,NA,NA,NA
"201910300930-133",66,"Cynoscion nebulosus",34.81,41.99,0.61,0.56,0.014,0.014,"Crustacean",0.014,0.1,"Caridean spp","Decapoda",NA,1,0.002,NA,NA,NA
"201910300930-133",67,"Cynoscion nebulosus",33.9,41.47,0.55,0.51,0.008,0.008,"Crustacean",0.008,0.1,"Caridean spp","Decapoda",NA,1,0.001,NA,NA,NA
"201910300930-133",68,"Cynoscion nebulosus",51.48,64.18,2.16,2,0.074,0.074,"Crustacean",0.074,0.2,"Caridean spp","Decapoda",NA,5,0.052,NA,NA,NA
"201910300930-133",66,"Cynoscion nebulosus",34.81,41.99,0.61,0.56,0.014,0.014,"Crustacean",0.014,0.1,"Penaeid spp","Decapoda","Penaeidae",1,0.012,NA,NA,NA
"201910300930-133",67,"Cynoscion nebulosus",33.9,41.47,0.55,0.51,0.008,0.008,"Crustacean",0.008,0.1,"Penaeid spp","Decapoda","Penaeidae",1,0.007,NA,NA,NA
"201910300930-133",68,"Cynoscion nebulosus",51.48,64.18,2.16,2,0.074,0.074,"Crustacean",0.074,0.2,"Penaeid spp","Decapoda","Penaeidae",1,0.022,NA,NA,NA
"201910300930-133",69,"Cynoscion nebulosus",76.49,90.73,6.72,6.45,0.01,0.01,"Crustacean",0.01,0.05,"Periclimenes iridescens","Decapoda","Palaemonidae",1,0.01,13.81,NA,2.71
"201910300930-133",64,"Cynoscion nebulosus",31.03,37.42,0.39,0.31,0.007,0.007,"Crustacean",0.001,0.02,"UNID Shrimp","Decapoda",NA,3,0.001,NA,NA,NA
"201910301042-159",50,"Cynoscion nebulosus",32.07,38.23,0.46,0.4,0.011,0.011,"Arthropod",0.001,0.01,"Arthropod spp",NA,NA,2,0.001,NA,NA,NA
"201910301042-159",50,"Cynoscion nebulosus",32.07,38.23,0.46,0.4,0.011,0.011,"Fish",0.01,0.04,"Eucinostomus spp","Perciformes","Gerreidae",1,0.005,NA,NA,NA
"201910301042-159",50,"Cynoscion nebulosus",32.07,38.23,0.46,0.4,0.011,0.011,"Fish",0.01,0.04,"UNID Fish",NA,NA,1,0.005,NA,NA,NA
"201910301055-145",57,"Cynoscion nebulosus",26.91,32.29,0.28,0.26,0.003,0.003,"Crustacean",0.003,NA,"Caridean spp","Decapoda",NA,1,0.001,NA,NA,NA
"201910301055-145",58,"Cynoscion nebulosus",37.22,44.92,0.72,0.65,0.022,0.022,"Crustacean",0.022,0.1,"Caridean spp","Decapoda",NA,1,0.013,NA,NA,NA
"201910301055-145",59,"Cynoscion nebulosus",80.45,92.97,7.66,7.4,0.07,0.07,"Crustacean",0.07,0.3,"Hippolyte zostericola","Decapoda","Hippolytidae",1,0.011,10.75,9.55,1.78
"201910301055-145",59,"Cynoscion nebulosus",80.45,92.97,7.66,7.4,0.07,0.07,"Crustacean",0.07,0.3,"Hippolyte zostericola","Decapoda","Hippolytidae",1,0.011,10.19,9.25,2.77
"201910301055-145",59,"Cynoscion nebulosus",80.45,92.97,7.66,7.4,0.07,0.07,"Crustacean",0.07,0.3,"Hippolyte zostericola","Decapoda","Hippolytidae",1,0.018,11.06,10,3.07
"201910301055-145",57,"Cynoscion nebulosus",26.91,32.29,0.28,0.26,0.003,0.003,"Crustacean",0.003,NA,"Mysida spp","Mysida",NA,1,0.002,NA,NA,NA
"201910301055-145",58,"Cynoscion nebulosus",37.22,44.92,0.72,0.65,0.022,0.022,"Crustacean",0.022,0.1,"Penaeid spp","Decapoda","Penaeidae",1,0.009,NA,NA,NA
"201910301055-145",59,"Cynoscion nebulosus",80.45,92.97,7.66,7.4,0.07,0.07,"Crustacean",0.07,0.3,"UNID Shrimp","Decapoda",NA,4,0.025,NA,NA,NA
"201910301055-145",59,"Cynoscion nebulosus",80.45,92.97,7.66,7.4,0.07,0.07,"Crustacean",0.07,0.3,"Urocaris longicaudata","Decapoda","Palaemonidae",1,0.005,NA,NA,NA
"201910301005-146",60,"Cynoscion nebulosus",35.24,42.59,0.69,0.62,0.014,0.014,"Crustacean",0.014,0.05,"UNID Shrimp","Decapoda",NA,2,0.014,NA,NA,NA
"201910301005-146",61,"Cynoscion nebulosus",67.14,81.54,4.53,4.35,0.036,0.036,"Crustacean",0.036,0.2,"UNID Shrimp","Decapoda",NA,1,0.003,NA,NA,NA
"201910301005-146",61,"Cynoscion nebulosus",67.14,81.54,4.53,4.35,0.036,0.036,"Crustacean",0.036,0.2,"Urocaris longicaudata","Decapoda","Palaemonidae",3,0.033,NA,NA,NA
"201910301130-169",54,"Cynoscion nebulosus",14.85,17.53,0.051,0.04,NA,NA,"Misc",NA,NA,"Empty",NA,NA,NA,NA,NA,NA,NA
"201910301220-224",53,"Cynoscion nebulosus",68.88,81.39,4.92,4.78,NA,NA,"Misc",NA,NA,"Empty",NA,NA,NA,NA,NA,NA,NA
"201910301230-225",56,"Cynoscion nebulosus",62.55,76.84,3.93,3.73,0.035,0.035,"Crustacean",0.035,0.1,"Caridean spp","Decapoda",NA,6,0.023,NA,NA,NA
"201910301230-225",56,"Cynoscion nebulosus",62.55,76.84,3.93,3.73,0.035,0.035,"Crustacean",0.035,0.1,"Urocaris longicaudata","Decapoda","Palaemonidae",1,0.012,11.87,10.57,3.16
"201910301255-241",70,"Cynoscion nebulosus",58.16,69.4,3.29,3.03,0.002,0.002,"Crustacean",0.002,NA,"Penaeid spp","Decapoda","Penaeidae",1,0.002,NA,NA,NA
"201910301355-254",73,"Cynoscion nebulosus",48.56,56.97,1.77,1.58,0.059,0.059,"Crustacean",0.059,0.25,"Caridean spp","Decapoda",NA,1,0.007,NA,NA,NA
"201910301355-254",73,"Cynoscion nebulosus",48.56,56.97,1.77,1.58,0.059,0.059,"Crustacean",0.059,0.25,"UNID Shrimp","Decapoda",NA,3,0.052,NA,NA,NA
"201910301311-240",49,"Cynoscion nebulosus",46.31,55.85,1.51,1.39,0.016,0.016,"Arthropod",0.003,0.01,"Arthropod spp",NA,NA,1,0.003,NA,NA,NA
"201910301311-240",49,"Cynoscion nebulosus",46.31,55.85,1.51,1.39,0.016,0.016,"Fish",0.009,0.03,"UNID Fish",NA,NA,1,0.009,NA,NA,NA
"201910301311-240",49,"Cynoscion nebulosus",46.31,55.85,1.51,1.39,0.016,0.016,"Crustacean",0.004,0.01,"UNID Shrimp","Decapoda",NA,1,0.004,NA,NA,NA
"201910301325-239",42,"Cynoscion nebulosus",45.88,55.79,1.42,1.34,NA,NA,"Misc",NA,NA,"Empty",NA,NA,NA,NA,NA,NA,NA
"201910301325-239",41,"Cynoscion nebulosus",35.93,44.05,0.7,0.66,0.003,0.003,"Crustacean",0.003,NA,"Mysida spp","Mysida",NA,1,0.003,NA,NA,NA
"201910301340-253",48,"Cynoscion nebulosus",43.68,51.19,1.35,1.18,0.089,0.089,"Fish",0.089,0.3,"Microgobius gulosus","Gobiiformes","Gobiidae",1,0.089,NA,NA,NA
"201911121601-176",98,"Cynoscion nebulosus",66.88,82.16,4.99,4.87,NA,NA,"Misc",NA,NA,"Empty",NA,NA,NA,NA,NA,NA,NA
"201911131027-145",84,"Cynoscion nebulosus",53.47,63.86,2.24,2.13,0.048,0.048,"Arthropod",0.001,NA,"Arthropod spp",NA,NA,1,0.001,NA,NA,NA
"201911131027-145",84,"Cynoscion nebulosus",53.47,63.86,2.24,2.13,0.048,0.048,"Crustacean",0.047,0.2,"Tozeuma carolinense","Decapoda","Hippolytidae",1,0.047,20.91,18.64,5.54
"201911131109-122",79,"Cynoscion nebulosus",69.07,81.05,5.02,4.87,0.034,0.034,"Crustacean",0.034,0.2,"Periclimenes iridescens","Decapoda","Palaemonidae",1,0.032,16.36,13.18,3.1
"201911131109-122",79,"Cynoscion nebulosus",69.07,81.05,5.02,4.87,0.034,0.034,"Crustacean",0.034,0.2,"UNID Shrimp","Decapoda",NA,1,0.002,NA,NA,NA
"201911131122-123",80,"Cynoscion nebulosus",28.67,34.62,0.39,0.35,0.003,0.003,"Arthropod",0.001,NA,"Arthropod spp",NA,NA,3,0.001,NA,NA,NA
"201911131122-123",80,"Cynoscion nebulosus",28.67,34.62,0.39,0.35,0.003,0.003,"Crustacean",0.001,NA,"Caridean spp","Decapoda",NA,1,0.001,NA,NA,NA
"201911131122-123",102,"Cynoscion nebulosus",18.46,21.89,0.066,0.065,NA,NA,"Misc",NA,NA,"Empty",NA,NA,NA,NA,NA,NA,NA
"201911131122-123",80,"Cynoscion nebulosus",28.67,34.62,0.39,0.35,0.003,0.003,"Fish",0.001,NA,"UNID Fish",NA,NA,1,0.001,NA,NA,NA
"201911131036-133",91,"Cynoscion nebulosus",65.09,76.96,3.8,3.67,0.024,0.024,"Crustacean",0.024,0.1,"Caridean spp","Decapoda",NA,3,0.006,NA,NA,NA
"201911131036-133",91,"Cynoscion nebulosus",65.09,76.96,3.8,3.67,0.024,0.024,"Crustacean",0.024,0.1,"Palaemon spp","Decapoda","Palaemonidae",1,0.004,NA,NA,NA
"201911131036-133",91,"Cynoscion nebulosus",65.09,76.96,3.8,3.67,0.024,0.024,"Crustacean",0.024,0.1,"Urocaris longicaudata","Decapoda","Palaemonidae",1,0.014,9.25,7.08,1.85
"201911131151-040",82,"Cynoscion nebulosus",80.92,92.92,7.75,7.25,0.13,0.13,"Crustacean",0.13,0.4,"Caridean spp","Decapoda",NA,4,0.012,NA,NA,NA
"201911131151-040",82,"Cynoscion nebulosus",80.92,92.92,7.75,7.25,0.13,0.13,"Crustacean",0.13,0.4,"Hippolyte obliquimanus","Decapoda","Hippolytidae",1,0.006,NA,NA,NA
"201911131151-040",81,"Cynoscion nebulosus",75.89,89.16,6.58,6.44,0.018,0.018,"Crustacean",0.018,0.1,"Periclimenes iridescens","Decapoda","Palaemonidae",1,0.007,NA,NA,NA
"201911131151-040",82,"Cynoscion nebulosus",80.92,92.92,7.75,7.25,0.13,0.13,"Crustacean",0.13,0.4,"Periclimenes iridescens","Decapoda","Palaemonidae",1,0.011,NA,NA,NA
"201911131151-040",82,"Cynoscion nebulosus",80.92,92.92,7.75,7.25,0.13,0.13,"Crustacean",0.13,0.4,"Periclimenes iridescens","Decapoda","Palaemonidae",1,0.006,10.61,8.84,2.06
"201911131151-040",82,"Cynoscion nebulosus",80.92,92.92,7.75,7.25,0.13,0.13,"Crustacean",0.13,0.4,"Periclimenes iridescens","Decapoda","Palaemonidae",1,0.007,NA,NA,NA
"201911131151-040",82,"Cynoscion nebulosus",80.92,92.92,7.75,7.25,0.13,0.13,"Crustacean",0.13,0.4,"Periclimenes iridescens","Decapoda","Palaemonidae",1,0.008,11.39,9.92,2.44
"201911131151-040",82,"Cynoscion nebulosus",80.92,92.92,7.75,7.25,0.13,0.13,"Crustacean",0.13,0.4,"Periclimenes iridescens","Decapoda","Palaemonidae",1,0.009,9.69,7.89,3.12
"201911131151-040",82,"Cynoscion nebulosus",80.92,92.92,7.75,7.25,0.13,0.13,"Crustacean",0.13,0.4,"Periclimenes iridescens","Decapoda","Palaemonidae",1,0.017,13.45,10.81,2.14
"201911131151-040",82,"Cynoscion nebulosus",80.92,92.92,7.75,7.25,0.13,0.13,"Crustacean",0.13,0.4,"Periclimenes iridescens","Decapoda","Palaemonidae",1,0.021,14.98,13.05,3.34
"201911131151-040",82,"Cynoscion nebulosus",80.92,92.92,7.75,7.25,0.13,0.13,"Crustacean",0.13,0.4,"Periclimenes iridescens","Decapoda","Palaemonidae",4,0.028,NA,NA,NA
"201911131151-040",81,"Cynoscion nebulosus",75.89,89.16,6.58,6.44,0.018,0.018,"Crustacean",0.018,0.1,"Tozeuma carolinense","Decapoda","Hippolytidae",1,0.002,NA,NA,NA
"201911131151-040",81,"Cynoscion nebulosus",75.89,89.16,6.58,6.44,0.018,0.018,"Crustacean",0.018,0.1,"UNID Shrimp","Decapoda",NA,1,0.009,NA,NA,NA
"201911141025-282",83,"Cynoscion nebulosus",32.11,38.52,0.48,0.45,0.003,0.003,"Crustacean",0.03,NA,"UNID Shrimp","Decapoda",NA,1,0.003,NA,NA,NA
"201911141410-229",90,"Cynoscion nebulosus",17.85,21.83,0.07,0.066,0.001,0.001,"Misc",0.001,NA,"MISC",NA,NA,1,0.001,NA,NA,NA
"201911141451-225",92,"Cynoscion nebulosus",63.01,75.49,4.01,3.92,NA,NA,"Misc",NA,NA,"Empty",NA,NA,NA,NA,NA,NA,NA
"201911141451-225",93,"Cynoscion nebulosus",63.37,75.47,3.79,3.71,NA,NA,"Misc",NA,NA,"Empty",NA,NA,NA,NA,NA,NA,NA
"201911141451-225",94,"Cynoscion nebulosus",64.76,78.33,4.13,4.06,NA,NA,"Misc",NA,NA,"Empty",NA,NA,NA,NA,NA,NA,NA
"201911150912-265",87,"Cynoscion nebulosus",18.39,22.44,0.077,0.068,NA,NA,"Misc",NA,NA,"Empty",NA,NA,NA,NA,NA,NA,NA
"201911150925-278",85,"Cynoscion nebulosus",67.61,79.21,5.03,4.86,0.067,0.067,"Crustacean",0.067,0.25,"Caridean spp","Decapoda",NA,1,0.04,NA,NA,NA
"201911150925-278",86,"Cynoscion nebulosus",66.33,79.96,4.71,4.32,0.089,0.089,"Crustacean",0.024,0.15,"Caridean spp","Decapoda",NA,4,0.024,NA,NA,NA
"201911150925-278",85,"Cynoscion nebulosus",67.61,79.21,5.03,4.86,0.067,0.067,"Crustacean",0.067,0.25,"Periclimenes iridescens","Decapoda","Palaemonidae",1,0.008,NA,NA,NA
"201911150925-278",86,"Cynoscion nebulosus",66.33,79.96,4.71,4.32,0.089,0.089,"Fish",0.049,0.2,"UNID Fish",NA,NA,2,0.049,NA,NA,NA
"201911150942-279",88,"Cynoscion nebulosus",18.16,21.89,0.07,0.064,0.003,0.003,"Fish",0.003,NA,"UNID Fish",NA,NA,1,0.003,NA,NA,NA
"201911151110-240",89,"Cynoscion nebulosus",67.84,80.22,4.67,4.47,0.024,0.024,"Crustacean",0.016,0.2,"Caridean spp","Decapoda",NA,4,0.024,NA,NA,NA
"201911151110-240",89,"Cynoscion nebulosus",67.84,80.22,4.67,4.47,0.024,0.024,"Crustacean",0.016,0.2,"Hippolyte spp","Decapoda","Hippolytidae",1,0.007,8.94,6.58,2.09
"201911151110-240",89,"Cynoscion nebulosus",67.84,80.22,4.67,4.47,0.024,0.024,"Crustacean",0.016,0.2,"Hippolyte zostericola","Decapoda","Hippolytidae",1,0.009,NA,NA,NA
"201911151110-240",89,"Cynoscion nebulosus",67.84,80.22,4.67,4.47,0.024,0.024,"Fish",0.008,0.05,"UNID Fish",NA,NA,1,0.008,NA,NA,NA
"201911151157-253",95,"Cynoscion nebulosus",17.76,21.47,0.08,0.076,NA,NA,"Misc",NA,NA,"Empty",NA,NA,NA,NA,NA,NA,NA
"201911151157-253",96,"Cynoscion nebulosus",57.97,68.02,2.53,2.44,0.01,0.01,"Crustacean",0.01,0.05,"Hippolyte spp","Decapoda","Hippolytidae",1,0.01,NA,NA,NA
"201911151157-253",97,"Cynoscion nebulosus",80.72,92.59,7.6,7.45,0.023,0.023,"Crustacean",0.023,0.1,"Hippolyte spp","Decapoda","Hippolytidae",2,0.005,NA,NA,NA
"201911151157-253",97,"Cynoscion nebulosus",80.72,92.59,7.6,7.45,0.023,0.023,"Crustacean",0.023,0.1,"Hippolyte zostericola","Decapoda","Hippolytidae",2,0.015,NA,NA,NA
"201911151157-253",97,"Cynoscion nebulosus",80.72,92.59,7.6,7.45,0.023,0.023,"Crustacean",0.023,0.1,"UNID Shrimp","Decapoda",NA,1,0.003,NA,NA,NA
"202001201144-159",3,"Cynoscion nebulosus",76.06,87.6,5.73,5.65,0.037,0.037,"Crustacean",0.037,0.1,"Caridean spp","Decapoda",NA,3,0.037,NA,NA,NA
"202001201144-159",4,"Cynoscion nebulosus",59.47,72.26,3.55,3.26,0.043,0.043,"Fish",0.043,0.5,"UNID",NA,NA,1,0.03,13.8,11.8,NA
"202001201144-159",4,"Cynoscion nebulosus",59.47,72.26,3.55,3.25,0.043,0.043,"Fish",0.043,0.5,"UNID",NA,NA,1,0.013,NA,NA,NA
"202007271103-241",1,"Cynoscion nebulosus",68.64,83.92,5.38,5.25,0.048,0.048,"Fish",0.024,0.05,"UNID",NA,NA,1,0.024,NA,NA,NA
"202007271103-241",1,"Cynoscion nebulosus",68.64,83.92,5.38,5.25,0.048,0.048,"Crustacean",0.014,0.05,"UNID",NA,NA,2,0.014,NA,NA,NA
"202007280725-070",34,"Chaetodipterus faber",35.98,42.9,2.27,2.03,0.001,0.001,"Misc",0.001,0.05,"UNID",NA,NA,1,0.001,NA,NA,NA
"202007281023-146",2,"Cynoscion nebulosus",24.53,28.83,0.19,0.17,0.001,0.001,"Crustacean",0.001,0.05,"Penaeid spp","Decapoda","Penaeidae",1,0.001,NA,NA,NA
"202009091239-022",5,"Lutjanus synagris",42.46,51.18,1.96,1.7,0.003,0.003,"Mollusk",0.001,0.033,"Bivalve spp",NA,NA,25,0.001,0.86,NA,NA
"202009091239-022",5,"Lutjanus synagris",42.46,51.18,1.96,1.7,0.003,0.003,"Arthropod",0.002,0.066,"Isopod spp","Isopoda",NA,1,0.001,2.27,NA,NA
"202009091239-022",5,"Lutjanus synagris",42.46,51.18,1.96,1.7,0.003,0.003,"Arthropod",0.002,0.066,"Isopod spp","Isopoda",NA,1,0.001,1.66,NA,NA
"202009090147-123",23,"Lutjanus griseus",52.26,62.88,3.87,3.53,0.067,0.067,"Crustacean",0.067,0.1,"Caridean spp","Decapoda",NA,12,0.067,NA,NA,NA
"202009090147-123",22,"Lutjanus synagris",69.21,82.61,7.89,7.31,0.047,0.047,"Crustacean",0.022,0.06,"Hippolyte obliquimanus","Decapoda","Hippolytidae",1,0.011,9.1,NA,2.47
"202009090147-123",22,"Lutjanus synagris",69.21,82.61,7.89,7.31,0.047,0.047,"Crustacean",0.022,0.06,"Hippolyte zostericola","Decapoda","Hippolytidae",1,0.004,7.2,NA,1.42
"202009090147-123",22,"Lutjanus synagris",69.21,82.61,7.89,7.31,0.047,0.047,"Crustacean",0.022,0.06,"Hippolyte zostericola","Decapoda","Hippolytidae",1,0.007,8.42,NA,2.78
"202009090147-123",22,"Lutjanus synagris",69.21,82.61,7.89,7.31,0.047,0.047,"Arthropod",0.01,0.02,"Isopod spp","Isopoda",NA,1,0.01,NA,NA,NA
"202009090147-123",22,"Lutjanus synagris",69.21,82.61,7.89,7.31,0.047,0.047,"Misc",0.012,0.02,"UNID",NA,NA,1,0.012,NA,NA,NA
"202009090345-146",7,"Lutjanus griseus",54.02,64.1,4.01,3.65,0.033,0.033,"Arthropod",0.001,0.01,"Amphipod spp","Amphipoda",NA,1,0.001,2.95,NA,NA
"202009090345-146",8,"Cynoscion nebulosus",37.93,44.59,0.76,0.68,0.001,0.001,"Arthropod",5e-04,0.025,"Amphipod spp","Amphipoda",NA,1,5e-04,NA,NA,NA
"202009090345-146",7,"Lutjanus griseus",54.02,64.1,4.01,3.65,0.033,0.033,"Crustacean",0.032,0.19,"Caridean spp","Decapoda",NA,6,0.014,NA,NA,NA
"202009090345-146",8,"Cynoscion nebulosus",37.93,44.59,0.76,0.68,0.001,0.001,"Crustacean",5e-04,0.025,"Caridean spp","Decapoda",NA,1,5e-04,NA,NA,NA
"202009090345-146",9,"Cynoscion nebulosus",20.49,24.5,0.11,0.091,0.001,0.001,"Crustacean",0.001,0.05,"Caridean spp","Decapoda",NA,1,0.001,NA,NA,NA
"202009090345-146",6,"Cynoscion nebulosus",34.42,42.85,0.74,0.59,0.001,0.001,"Crustacean",0.001,0.05,"Crustacean spp",NA,NA,1,0.001,NA,NA,NA
"202009090345-146",7,"Lutjanus griseus",54.02,64.1,4.01,3.65,0.033,0.033,"Crustacean",0.032,0.19,"Thor spp","Decapoda","Thoridae",1,0.018,9.49,NA,2.61
"202010300727-070",12,"Lutjanus synagris",23.31,29.36,0.27,0.23,0.001,0.001,"Crustacean",0.001,0.05,"Caridean spp","Decapoda",NA,1,0.001,NA,NA,NA
"202010300727-070",45,"Cynoscion nebulosus",76.37,87.79,5.9,5.5,0.17,0.17,"Crustacean",0.16,0.16,"Caridean spp","Decapoda",NA,2,0.15,NA,NA,NA
"202010300727-070",47,"Lutjanus synagris",29.25,36.74,0.68,0.63,0.003,0.003,"Crustacean",0.003,0.05,"Caridean spp","Decapoda",NA,2,0.003,NA,NA,NA
"202010300727-070",48,"Lutjanus synagris",27.79,33.6,0.52,0.48,0.006,0.006,"Crustacean",0.006,0.05,"Caridean spp","Decapoda",NA,1,0.003,NA,NA,NA
"202010300727-070",49,"Lutjanus synagris",25.49,29.99,0.33,0.3,0.002,0.002,"Crustacean",0.002,0.05,"Caridean spp","Decapoda",NA,1,0.002,NA,NA,NA
"202010300727-070",50,"Lutjanus synagris",25.28,30.62,0.37,0.33,0.001,0.001,"Crustacean",0.001,0.05,"Caridean spp","Decapoda",NA,1,0.001,NA,NA,NA
"202010300727-070",11,"Lutjanus synagris",23.71,30.28,0.32,0.26,0.006,0.006,"Crustacean",0.006,0.1,"Hippolyte zostericola","Decapoda","Hippolytidae",1,0.003,4.58,NA,1.31
"202010300727-070",45,"Cynoscion nebulosus",76.37,87.79,5.9,5.5,0.17,0.17,"Crustacean",0.16,0.16,"Latreutes fucorum","Decapoda","Hippolytidae",1,0.012,7.84,NA,2.11
"202010300727-070",45,"Cynoscion nebulosus",76.37,87.79,5.9,5.5,0.17,0.17,"Mollusk",0.005,0.04,"Mollusk spp",NA,NA,1,0.005,NA,NA,NA
"202010300727-070",11,"Lutjanus synagris",23.71,30.28,0.32,0.26,0.006,0.006,"Crustacean",0.006,0.1,"Periclimenes iridescens","Decapoda","Palaemonidae",1,0.003,6.94,NA,2.14
"202010300727-070",48,"Lutjanus synagris",27.79,33.6,0.52,0.48,0.006,0.006,"Crustacean",0.006,0.05,"Tozeuma carolinense","Decapoda","Hippolytidae",1,0.003,4.78,NA,1.49
"202010300727-070",46,"Cynoscion nebulosus",42.16,48.98,1.02,0.86,0.06,0.06,"Fish",0.06,0.1,"UNID",NA,NA,1,0.06,NA,NA,NA
"202010301137-022",64,"Lutjanus synagris",69.8,84.27,9.28,8.23,0.7,0.7,"Crustacean",0.7,0.3,"Alpheus spp","Decapoda","Alpheidae",1,0.68,25.15,NA,7.22
"202010301137-022",65,"Lutjanus synagris",52.46,63.05,3.5,3.14,0.18,0.18,"Crustacean",0.18,0.2,"Alpheus spp","Decapoda","Alpheidae",1,0.04,10.22,NA,2.94
"202010301137-022",18,"Lutjanus synagris",23.64,28.83,0.26,0.22,0.017,0.017,"Arthropod",0.005,0.03,"Amphipod spp","Amphipoda",NA,2,0.005,NA,NA,NA
"202010301137-022",21,"Lutjanus synagris",35.12,40.35,0.83,0.72,0.005,0.005,"Arthropod",0.004,0.05,"Amphipod spp","Amphipoda",NA,6,0.002,NA,NA,NA
"202010301137-022",53,"Ocyurus chrysurus",51.63,64.88,3.4,3.21,0.042,0.042,"Arthropod",0.08,0.033,"Amphipod spp","Amphipoda",NA,1,0.08,3.36,NA,NA
"202010301137-022",60,"Lutjanus synagris",55.65,67.36,4.15,4.05,0.044,0.044,"Arthropod",0.008,0.06,"Amphipod spp","Amphipoda",NA,4,0.008,NA,NA,NA
"202010301137-022",67,"Lutjanus synagris",52.32,62.54,3.59,3.36,0.01,0.01,"Arthropod",0.002,0.025,"Amphipod spp","Amphipoda",NA,1,0.002,NA,NA,NA
"202010301137-022",68,"Lutjanus synagris",60.17,71.47,5.8,5.47,0.027,0.027,"Arthropod",0.003,0.05,"Amphipod spp","Amphipoda",NA,1,0.001,NA,NA,NA
"202010301137-022",74,"Lutjanus griseus",59.35,71.89,5.65,5.42,0.03,0.03,"Arthropod",0.006,0.025,"Amphipod spp","Amphipoda",NA,1,0.006,NA,NA,NA
"202010301137-022",72,"Lutjanus griseus",70.61,85.57,9.76,9.37,0.042,0.042,"Mollusk",0.002,0.05,"Bivalve spp",NA,NA,3,0.002,NA,NA,NA
"202010301137-022",75,"Lutjanus griseus",56.56,68.02,4.63,4.45,0.012,0.012,"Mollusk",0.001,0.25,"Bivalve spp",NA,NA,1,0.001,NA,NA,NA
"202010301137-022",15,"Lutjanus synagris",46.66,57.39,2.51,2.5,0.04,0.04,"Crustacean",0.04,0.1,"Caridean spp","Decapoda",NA,4,0.04,NA,NA,NA
"202010301137-022",16,"Lutjanus synagris",46.05,57.26,2.3,2.06,0.054,0.054,"Crustacean",0.053,0.09,"Caridean spp","Decapoda",NA,8,0.049,NA,NA,NA
"202010301137-022",17,"Lutjanus synagris",36.06,43.97,1.09,0.097,0.026,0.026,"Crustacean",0.026,0.1,"Caridean spp","Decapoda",NA,2,0.026,NA,NA,NA
"202010301137-022",51,"Hypoplectrus puella",56.99,68.83,5.22,5.09,0.028,0.028,"Crustacean",0.028,0.1,"Caridean spp","Decapoda",NA,2,0.014,NA,NA,NA
"202010301137-022",52,"Hypoplectrus puella",41.26,50.03,1.71,1.62,0.04,0.04,"Crustacean",0.04,0.2,"Caridean spp","Decapoda",NA,3,0.022,NA,NA,NA
"202010301137-022",57,"Lutjanus synagris",68.36,81.62,7.93,7.62,0.042,0.042,"Crustacean",0.042,0.1,"Caridean spp","Decapoda",NA,5,0.03,NA,NA,NA
"202010301137-022",58,"Lutjanus synagris",60.74,72.98,6,5.73,0.062,0.062,"Crustacean",0.062,0.2,"Caridean spp","Decapoda",NA,2,0.032,NA,NA,NA
"202010301137-022",59,"Lutjanus synagris",35.86,41.48,1.21,1.01,0.038,0.038,"Crustacean",0.038,0.2,"Caridean spp","Decapoda",NA,1,0.007,NA,NA,NA
"202010301137-022",60,"Lutjanus synagris",55.65,67.36,4.15,4.05,0.044,0.044,"Crustacean",0.036,0.14,"Caridean spp","Decapoda",NA,4,0.036,NA,NA,NA
"202010301137-022",61,"Lutjanus synagris",63.8,76.32,6.02,5.74,0.18,0.18,"Crustacean",0.17,0.07,"Caridean spp","Decapoda",NA,2,0.17,NA,NA,NA
"202010301137-022",62,"Lutjanus synagris",52.71,62.81,3.61,3.42,0.02,0.02,"Crustacean",0.02,0.1,"Caridean spp","Decapoda",NA,2,0.017,NA,NA,NA
"202010301137-022",64,"Lutjanus synagris",69.8,84.27,9.28,8.23,0.7,0.7,"Crustacean",0.7,0.3,"Caridean spp","Decapoda",NA,1,0.006,NA,NA,NA
"202010301137-022",65,"Lutjanus synagris",52.46,63.05,3.5,3.14,0.18,0.18,"Crustacean",0.18,0.2,"Caridean spp","Decapoda",NA,1,0.014,NA,NA,NA
"202010301137-022",66,"Lutjanus synagris",52.07,62.31,3.52,3.24,0.073,0.073,"Crustacean",0.05,0.05,"Caridean spp","Decapoda",NA,3,0.05,NA,NA,NA
"202010301137-022",67,"Lutjanus synagris",52.32,62.54,3.59,3.36,0.01,0.01,"Crustacean",0.008,0.075,"Caridean spp","Decapoda",NA,2,0.008,NA,NA,NA
"202010301137-022",68,"Lutjanus synagris",60.17,71.47,5.8,5.47,0.027,0.027,"Crustacean",0.012,0.025,"Caridean spp","Decapoda",NA,1,0.012,NA,NA,NA
"202010301137-022",69,"Lutjanus griseus",74.22,86.41,10.09,9.87,0.12,0.12,"Crustacean",0.12,0.2,"Caridean spp","Decapoda",NA,2,0.009,NA,NA,NA
"202010301137-022",70,"Lutjanus griseus",69.86,84.92,9.87,9.39,0.038,0.038,"Crustacean",0.035,0.16,"Caridean spp","Decapoda",NA,2,0.015,NA,NA,NA
"202010301137-022",72,"Lutjanus griseus",70.61,85.57,9.76,9.37,0.042,0.042,"Crustacean",0.024,0.03,"Caridean spp","Decapoda",NA,1,0.012,NA,NA,NA
"202010301137-022",73,"Lutjanus griseus",58.34,69.34,5.7,5.47,0.04,0.04,"Crustacean",0.4,0.1,"Caridean spp","Decapoda",NA,3,0.006,NA,NA,NA
"202010301137-022",74,"Lutjanus griseus",59.35,71.89,5.65,5.42,0.03,0.03,"Crustacean",0.024,0.075,"Caridean spp","Decapoda",NA,1,0.007,NA,NA,NA
"202010301137-022",75,"Lutjanus griseus",56.56,68.02,4.63,4.45,0.012,0.012,"Crustacean",0.008,0.05,"Caridean spp","Decapoda",NA,1,0.006,NA,NA,NA
"202010301137-022",76,"Lutjanus griseus",52.68,61.6,3.91,3.7,0.026,0.026,"Crustacean",0.026,0.1,"Caridean spp","Decapoda",NA,2,0.026,NA,NA,NA
"202010301137-022",78,"Lutjanus griseus",33.16,40.28,1.03,0.94,0.006,0.006,"Crustacean",0.006,0.05,"Caridean spp","Decapoda",NA,1,0.006,NA,NA,NA
"202010301137-022",79,"Lutjanus griseus",59.4,70.19,5.23,4.98,0.011,0.011,"Crustacean",0.007,0.025,"Caridean spp","Decapoda",NA,1,0.007,NA,NA,NA
"202010301137-022",80,"Lutjanus synagris",47.58,58.08,2.85,2.67,0.055,0.055,"Crustacean",0.055,0.1,"Crustacean spp",NA,NA,1,0.013,NA,NA,NA
"202010301137-022",77,"Lutjanus griseus",52.74,63.12,3.82,3.65,0,0,NA,0,0,"Empty",NA,NA,0,0,NA,NA,NA
"202010301137-022",14,"Lutjanus synagris",45.01,53.23,1.8,1.61,0.022,0.022,"Crustacean",0.022,0.1,"Farfantepenaeus spp","Decapoda","Penaeidae",1,0.002,5.89,NA,1.06
"202010301137-022",14,"Lutjanus synagris",45.01,53.23,1.8,1.61,0.022,0.022,"Crustacean",0.022,0.1,"Hippolyte obliquimanus","Decapoda","Hippolytidae",1,0.002,6.15,NA,2.25
"202010301137-022",51,"Hypoplectrus puella",56.99,68.83,5.22,5.09,0.028,0.028,"Crustacean",0.028,0.1,"Hippolyte obliquimanus","Decapoda","Hippolytidae",1,0.005,4.78,NA,1.78
"202010301137-022",72,"Lutjanus griseus",70.61,85.57,9.76,9.37,0.042,0.042,"Crustacean",0.024,0.03,"Hippolyte obliquimanus","Decapoda","Hippolytidae",1,0.012,7.59,NA,1.42
"202010301137-022",74,"Lutjanus griseus",59.35,71.89,5.65,5.42,0.03,0.03,"Crustacean",0.024,0.075,"Hippolyte obliquimanus","Decapoda","Hippolytidae",1,0.011,9.15,NA,2.23
"202010301137-022",18,"Lutjanus synagris",23.64,28.83,0.26,0.22,0.017,0.017,"Crustacean",0.008,0.05,"Hippolyte spp","Decapoda","Hippolytidae",1,0.008,6.3,NA,1.87
"202010301137-022",52,"Hypoplectrus puella",41.26,50.03,1.71,1.62,0.04,0.04,"Crustacean",0.04,0.2,"Hippolyte spp","Decapoda","Hippolytidae",1,0.005,5.06,NA,1.08
"202010301137-022",58,"Lutjanus synagris",60.74,72.98,6,5.73,0.062,0.062,"Crustacean",0.062,0.2,"Hippolyte spp","Decapoda","Hippolytidae",2,0.03,NA,NA,NA
"202010301137-022",65,"Lutjanus synagris",52.46,63.05,3.5,3.14,0.18,0.18,"Crustacean",0.18,0.2,"Hippolyte spp","Decapoda","Hippolytidae",2,0.03,NA,NA,NA
"202010301137-022",80,"Lutjanus synagris",47.58,58.08,2.85,2.67,0.055,0.055,"Crustacean",0.055,0.1,"Hippolyte spp","Decapoda","Hippolytidae",1,0.03,9.68,NA,2.7
"202010301137-022",52,"Hypoplectrus puella",41.26,50.03,1.71,1.62,0.04,0.04,"Crustacean",0.04,0.2,"Hippolyte zostericola","Decapoda","Hippolytidae",1,0.004,2.7,NA,0.084
"202010301137-022",53,"Ocyurus chrysurus",51.63,64.88,3.4,3.21,0.042,0.042,"Crustacean",0.034,0.066,"Hippolyte zostericola","Decapoda","Hippolytidae",1,0.017,11.09,NA,3.09
"202010301137-022",53,"Ocyurus chrysurus",51.63,64.88,3.4,3.21,0.042,0.042,"Crustacean",0.034,0.066,"Hippolyte zostericola","Decapoda","Hippolytidae",1,0.017,10.05,NA,2.55
"202010301137-022",64,"Lutjanus synagris",69.8,84.27,9.28,8.23,0.7,0.7,"Crustacean",0.7,0.3,"Hippolyte zostericola","Decapoda","Hippolytidae",1,0.007,4.05,NA,1
"202010301137-022",16,"Lutjanus synagris",46.05,57.26,2.3,2.06,0.054,0.054,"Arthropod",0.001,0.01,"Isopod spp","Isopoda",NA,3,0.001,NA,NA,NA
"202010301137-022",21,"Lutjanus synagris",35.12,40.35,0.83,0.72,0.005,0.005,"Arthropod",0.004,0.05,"Isopod spp","Isopoda",NA,3,0.002,NA,NA,NA
"202010301137-022",61,"Lutjanus synagris",63.8,76.32,6.02,5.74,0.18,0.18,"Arthropod",0.004,0.03,"Isopod spp","Isopoda",NA,1,0.004,NA,NA,NA
"202010301137-022",68,"Lutjanus synagris",60.17,71.47,5.8,5.47,0.027,0.027,"Arthropod",0.003,0.05,"Isopod spp","Isopoda",NA,1,0.002,NA,NA,NA
"202010301137-022",72,"Lutjanus griseus",70.61,85.57,9.76,9.37,0.042,0.042,"Arthropod",0.016,0.02,"Isopod spp","Isopoda",NA,1,0.016,NA,NA,NA
"202010301137-022",75,"Lutjanus griseus",56.56,68.02,4.63,4.45,0.012,0.012,"Arthropod",0.003,0.25,"Isopod spp","Isopoda",NA,1,0.003,NA,NA,NA
"202010301137-022",79,"Lutjanus griseus",59.4,70.19,5.23,4.98,0.011,0.011,"Arthropod",0.004,0.025,"Isopod spp","Isopoda",NA,5,0.004,NA,NA,NA
"202010301137-022",51,"Hypoplectrus puella",56.99,68.83,5.22,5.09,0.028,0.028,"Crustacean",0.028,0.1,"Latreutes fucorum","Decapoda","Hippolytidae",1,0.009,6.82,NA,2
"202010301137-022",57,"Lutjanus synagris",68.36,81.62,7.93,7.62,0.042,0.042,"Crustacean",0.042,0.1,"Latreutes fucorum","Decapoda","Hippolytidae",1,0.012,9.81,NA,2.68
"202010301137-022",62,"Lutjanus synagris",52.71,62.81,3.61,3.42,0.02,0.02,"Crustacean",0.02,0.1,"Latreutes fucorum","Decapoda","Hippolytidae",1,0.003,3.44,NA,0.98
"202010301137-022",64,"Lutjanus synagris",69.8,84.27,9.28,8.23,0.7,0.7,"Crustacean",0.7,0.3,"Latreutes fucorum","Decapoda","Hippolytidae",1,0.007,3.55,NA,0.98
"202010301137-022",69,"Lutjanus griseus",74.22,86.41,10.09,9.87,0.12,0.12,"Crustacean",0.12,0.2,"Latreutes fucorum","Decapoda","Hippolytidae",1,0.03,10.91,NA,2.86
"202010301137-022",70,"Lutjanus griseus",69.86,84.92,9.87,9.39,0.038,0.038,"Crustacean",0.035,0.16,"Latreutes fucorum","Decapoda","Hippolytidae",1,0.02,10.33,NA,2.39
"202010301137-022",74,"Lutjanus griseus",59.35,71.89,5.65,5.42,0.03,0.03,"Crustacean",0.024,0.075,"Latreutes fucorum","Decapoda","Hippolytidae",1,0.006,NA,NA,2.11
"202010301137-022",75,"Lutjanus griseus",56.56,68.02,4.63,4.45,0.012,0.012,"Crustacean",0.008,0.05,"Mud crab spp","Decapoda","Panopeidae",1,0.002,NA,NA,NA
"202010301137-022",69,"Lutjanus griseus",74.22,86.41,10.09,9.87,0.12,0.12,"Crustacean",0.12,0.2,"Panopeus spp","Decapoda","Panopeidae",1,0.08,NA,NA,6.14
"202010301137-022",21,"Lutjanus synagris",35.12,40.35,0.83,0.72,0.005,0.005,"Crustacean",0.001,0.05,"Penaeid spp","Decapoda","Penaeidae",1,0.001,NA,NA,NA
"202010301137-022",54,"Calamus arctifrons",67.35,83.26,9.37,9,0.123,0.123,"Crustacean",0.041,0.06,"Penaeid spp","Decapoda","Penaeidae",1,0.041,NA,NA,NA
"202010301137-022",71,"Lutjanus griseus",75.22,89.28,11.79,11.3,0.032,0.032,"Crustacean",0.032,0.1,"Porcellanidae spp","Decapoda","Porcellanidae",1,0.032,NA,NA,NA
"202010301137-022",54,"Calamus arctifrons",67.35,83.26,9.37,9,0.123,0.123,"Mollusk",0.041,0.06,"Snail spp",NA,NA,1,0.041,NA,NA,NA
"202010301137-022",13,"Lutjanus synagris",64.96,79.36,6.19,5.81,0.028,0.028,"Crustacean",0.028,0.1,"Thor manningi","Decapoda","Thoridae",1,0.008,9.05,NA,1.93
"202010301137-022",20,"Lutjanus synagris",23.56,28.93,0.33,0.24,0.02,0.02,"Crustacean",0.02,0.1,"Thor manningi","Decapoda","Thoridae",1,0.02,10.23,NA,2.04
"202010301137-022",52,"Hypoplectrus puella",41.26,50.03,1.71,1.62,0.04,0.04,"Crustacean",0.04,0.2,"Thor manningi","Decapoda","Thoridae",1,0.009,7.56,NA,2.04
"202010301137-022",59,"Lutjanus synagris",35.86,41.48,1.21,1.01,0.038,0.038,"Crustacean",0.038,0.2,"Thor manningi","Decapoda","Thoridae",1,0.024,6.7,NA,1.79
"202010301137-022",59,"Lutjanus synagris",35.86,41.48,1.21,1.01,0.038,0.038,"Crustacean",0.038,0.2,"Thor manningi","Decapoda","Thoridae",1,0.007,4.97,NA,1.06
"202010301137-022",73,"Lutjanus griseus",58.34,69.34,5.7,5.47,0.04,0.04,"Crustacean",0.4,0.1,"Thor manningi","Decapoda","Thoridae",1,0.034,9.43,NA,2.47
"202010301137-022",80,"Lutjanus synagris",47.58,58.08,2.85,2.67,0.055,0.055,"Crustacean",0.055,0.1,"Thor manningi","Decapoda","Thoridae",1,0.012,6.93,NA,1.38
"202010301137-022",13,"Lutjanus synagris",64.96,79.36,6.19,5.81,0.028,0.028,"Crustacean",0.028,0.1,"Thor spp","Decapoda","Thoridae",1,0.011,9.88,NA,2.2
"202010301137-022",65,"Lutjanus synagris",52.46,63.05,3.5,3.14,0.18,0.18,"Crustacean",0.18,0.2,"Tozeuma carolinense","Decapoda","Hippolytidae",1,0.07,16.86,NA,3.75
"202010301137-022",14,"Lutjanus synagris",45.01,53.23,1.8,1.61,0.022,0.022,"Crustacean",0.022,0.1,"UNID",NA,NA,1,0.018,NA,NA,NA
"202010301137-022",18,"Lutjanus synagris",23.64,28.83,0.26,0.22,0.017,0.017,"Misc",0.004,0.02,"UNID",NA,NA,1,0.004,NA,NA,NA
"202010301137-022",19,"Lutjanus synagris",23.25,28.1,0.28,0.21,0.006,0.006,"Crustacean",0.004,0.03,"UNID",NA,NA,3,0.004,NA,NA,NA
"202010301137-022",19,"Lutjanus synagris",23.25,28.1,0.28,0.21,0.006,0.006,"Arthropod",0.001,0.01,"UNID",NA,NA,1,0.001,NA,NA,NA
"202010301137-022",19,"Lutjanus synagris",23.25,28.1,0.28,0.21,0.006,0.006,"Misc",0.001,0.01,"UNID",NA,NA,1,0.001,NA,NA,NA
"202010301137-022",54,"Calamus arctifrons",67.35,83.26,9.37,9,0.123,0.123,"Misc",0.041,0.06,"UNID",NA,NA,1,0.041,NA,NA,NA
"202010301137-022",55,"Chaetodipterus faber",56.27,68.1,11.84,11.3,0.02,0.02,"Misc",0.02,0.1,"UNID",NA,NA,1,0.02,NA,NA,NA
"202010301137-022",56,"Selene vomer",49.87,61.17,3.75,3.46,0.002,0.002,"Misc",0.002,0.025,"UNID",NA,NA,1,0.002,NA,NA,NA
"202010301137-022",63,"Lutjanus synagris",61.35,74.7,5.89,5.58,0.01,0.01,"Fish",0.005,0.1,"UNID",NA,NA,2,0.005,NA,NA,NA
"202010301137-022",63,"Lutjanus synagris",61.35,74.7,5.89,5.58,0.01,0.01,"Mollusk",0.005,0.1,"UNID",NA,NA,8,0.005,NA,NA,NA
"202010301137-022",66,"Lutjanus synagris",52.07,62.31,3.52,3.24,0.073,0.073,"Misc",0.01,0.025,"UNID",NA,NA,1,0.01,NA,NA,NA
"202010301137-022",66,"Lutjanus synagris",52.07,62.31,3.52,3.24,0.073,0.073,"Mollusk",0.007,0.025,"UNID",NA,NA,1,0.007,NA,NA,NA
"202010301137-022",68,"Lutjanus synagris",60.17,71.47,5.8,5.47,0.027,0.027,"Misc",0.008,0.025,"UNID",NA,NA,1,0.008,NA,NA,NA
"202010301137-022",70,"Lutjanus griseus",69.86,84.92,9.87,9.39,0.038,0.038,"Misc",0.003,0.04,"UNID",NA,NA,1,0.003,NA,NA,NA
"202010301137-022",16,"Lutjanus synagris",46.05,57.26,2.3,2.06,0.054,0.054,"Crustacean",0.053,0.09,"Urocaris longicaudata","Decapoda","Palaemonidae",1,0.004,12.05,NA,2.85
"202010300206-146",10,"Haemulon sciurus",86.52,108.26,14.35,13.3,0,0,NA,0,0,"Empty",NA,NA,0,0,NA,NA,NA
"202010300206-146",24,"Cynoscion nebulosus",51.95,62.49,2.01,1.75,0,0,NA,0,0,"Empty",NA,NA,0,0,NA,NA,NA
"202011151039-022",27,"Lutjanus synagris",30.49,36.43,0.76,0.65,0.033,0.033,"Crustacean",0.032,0.09,"Caridean spp","Decapoda",NA,2,0.032,NA,NA,NA
"202011151039-022",28,"Lutjanus synagris",39.25,45.86,1.43,1.28,0.025,0.025,"Crustacean",0.023,0.032,"Caridean spp","Decapoda",NA,3,0.012,NA,NA,NA
"202011151039-022",29,"Lutjanus synagris",52.24,63.49,3.57,3.29,0.028,0.028,"Crustacean",0.027,0.05,"Caridean spp","Decapoda",NA,1,0.014,NA,NA,NA
"202011151039-022",30,"Lutjanus synagris",57.31,68.01,4.52,4.14,0.1,0.1,"Crustacean",0.1,0.2,"Caridean spp","Decapoda",NA,1,0.067,NA,NA,NA
"202011151039-022",31,"Lutjanus synagris",52.03,63.37,3.53,3.3,0.03,0.03,"Crustacean",0.015,0.05,"Caridean spp","Decapoda",NA,5,0.015,NA,NA,NA
"202011151039-022",32,"Lutjanus synagris",55.59,67.3,4.25,3.87,0.11,0.11,"Crustacean",0.008,0.05,"Caridean spp","Decapoda",NA,1,0.008,NA,NA,NA
"202011151039-022",33,"Lutjanus synagris",58.78,68.25,5.05,4.75,0.032,0.032,"Crustacean",0.032,0.1,"Caridean spp","Decapoda",NA,4,0.032,NA,NA,NA
"202011151039-022",30,"Lutjanus synagris",57.31,68.01,4.52,4.14,0.1,0.1,"Crustacean",0.1,0.2,"Hippolyte spp","Decapoda","Hippolytidae",1,0.023,NA,NA,NA
"202011151039-022",27,"Lutjanus synagris",30.49,36.43,0.76,0.65,0.033,0.033,"Arthropod",0.001,0.01,"Isopod spp","Isopoda",NA,1,0.001,NA,NA,NA
"202011151039-022",28,"Lutjanus synagris",39.25,45.86,1.43,1.28,0.025,0.025,"Arthropod",0.002,0.018,"Isopod spp","Isopoda",NA,1,0.002,NA,NA,NA
"202011151039-022",31,"Lutjanus synagris",52.03,63.37,3.53,3.3,0.03,0.03,"Arthropod",0.015,0.05,"Isopod spp","Isopoda",NA,5,0.015,NA,NA,NA
"202011151039-022",28,"Lutjanus synagris",39.25,45.86,1.43,1.28,0.025,0.025,"Crustacean",0.023,0.032,"Leander tenuicornis","Decapoda","Palaemonidae",1,0.011,NA,NA,2.6
"202011151039-022",30,"Lutjanus synagris",57.31,68.01,4.52,4.14,0.1,0.1,"Crustacean",0.1,0.2,"Mud crab spp","Decapoda","Panopeidae",1,0.001,NA,NA,2.94
"202011151039-022",29,"Lutjanus synagris",52.24,63.49,3.57,3.29,0.028,0.028,"Crustacean",0.027,0.05,"Penaeid spp","Decapoda","Penaeidae",1,0.013,NA,NA,NA
"202011151039-022",29,"Lutjanus synagris",52.24,63.49,3.57,3.29,0.028,0.028,"Misc",0.001,0.05,"UNID",NA,NA,1,0.001,NA,NA,NA
"202011151039-022",32,"Lutjanus synagris",55.59,67.3,4.25,3.87,0.11,0.11,"Fish",0.093,0.15,"UNID",NA,NA,1,0.093,NA,NA,NA
"202011151039-022",30,"Lutjanus synagris",57.31,68.01,4.52,4.14,0.1,0.1,"Crustacean",0.1,0.2,"Urocaris longicaudata","Decapoda","Palaemonidae",1,0.009,8.44,NA,2.37
"202011150222-168",25,"Lutjanus synagris",35.22,42.62,1.18,1.01,0.037,0.037,"Crustacean",0.037,0.01,"Caridean spp","Decapoda",NA,6,0.02,NA,NA,NA
"202011150222-168",26,"Lutjanus synagris",54.19,64.72,4,3.78,0.044,0.044,"Crustacean",0.044,0.1,"Caridean spp","Decapoda",NA,21,0.04,NA,NA,NA
"202011150222-168",25,"Lutjanus synagris",35.22,42.62,1.18,1.01,0.037,0.037,"Crustacean",0.037,0.01,"Hippolyte zostericola","Decapoda","Hippolytidae",1,0.017,11.59,NA,4.87
"202011150222-168",26,"Lutjanus synagris",54.19,64.72,4,3.78,0.044,0.044,"Crustacean",0.044,0.1,"Urocaris longicaudata","Decapoda","Palaemonidae",1,0.004,9.59,NA,3.52
"202011150156-146",38,"Lutjanus griseus",59.72,69.92,5.05,4.6,0.053,0.053,"Arthropod",0.005,0.025,"Amphipod spp","Amphipoda",NA,1,0.005,3.55,NA,NA
"202011150156-146",35,"Lutjanus synagris",56.9,70.89,5.28,4.88,0.1,0.1,"Crustacean",0.1,0.2,"Caridean spp","Decapoda",NA,22,0.1,NA,NA,NA
"202011150156-146",36,"Lutjanus synagris",37.71,46.48,1.37,1.25,0.011,0.011,"Crustacean",0.011,0.05,"Caridean spp","Decapoda",NA,5,0.011,NA,NA,NA
"202011150156-146",37,"Lutjanus griseus",78.39,93.14,11.67,11.03,0.085,0.085,"Crustacean",0.085,0.2,"Caridean spp","Decapoda",NA,5,0.054,NA,NA,NA
"202011150156-146",38,"Lutjanus griseus",59.72,69.92,5.05,4.6,0.053,0.053,"Crustacean",0.048,0.075,"Caridean spp","Decapoda",NA,2,0.023,NA,NA,NA
"202011150156-146",39,"Lutjanus griseus",80.44,93.14,11.74,11.22,0.012,0.012,"Crustacean",0.01,0.075,"Caridean spp","Decapoda",NA,1,0.004,NA,NA,NA
"202011150156-146",40,"Lutjanus griseus",76.95,89.02,10.9,10.34,0.036,0.036,"Crustacean",0.036,0.2,"Caridean spp","Decapoda",NA,1,0.007,NA,NA,NA
"202011150156-146",41,"Lutjanus griseus",54.4,64.2,4.05,3.77,0.023,0.023,"Crustacean",0.023,0.1,"Caridean spp","Decapoda",NA,6,0.013,NA,NA,NA
"202011150156-146",42,"Lutjanus griseus",57.74,69.4,5.14,4.8,0.051,0.051,"Crustacean",0.051,0.05,"Caridean spp","Decapoda",NA,1,0.051,NA,NA,NA
"202011150156-146",43,"Cynoscion nebulosus",34.63,41.83,0.53,0.48,0.007,0.007,"Crustacean",0.005,0.025,"Caridean spp","Decapoda",NA,3,0.007,NA,NA,NA
"202011150156-146",44,"Lutjanus synagris",35.24,42.36,1.1,1.04,0,0,NA,0,0,"Empty",NA,NA,0,0,NA,NA,NA
"202011150156-146",40,"Lutjanus griseus",76.95,89.02,10.9,10.34,0.036,0.036,"Crustacean",0.036,0.2,"Latreutes fucorum","Decapoda","Hippolytidae",1,0.013,8.49,NA,3.18
"202011150156-146",39,"Lutjanus griseus",80.44,93.14,11.74,11.22,0.012,0.012,"Crustacean",0.01,0.075,"Periclimenes iridescens","Decapoda","Palaemonidae",1,0.006,7.64,NA,2.29
"202011150156-146",41,"Lutjanus griseus",54.4,64.2,4.05,3.77,0.023,0.023,"Crustacean",0.023,0.1,"Periclimenes iridescens","Decapoda","Palaemonidae",1,0.01,7.15,NA,2.18
"202011150156-146",38,"Lutjanus griseus",59.72,69.92,5.05,4.6,0.053,0.053,"Crustacean",0.048,0.075,"Thor manningi","Decapoda","Thoridae",1,0.025,9.35,NA,2.38
"202011150156-146",40,"Lutjanus griseus",76.95,89.02,10.9,10.34,0.036,0.036,"Crustacean",0.036,0.2,"Thor manningi","Decapoda","Thoridae",1,0.011,6.13,NA,1.83
"202011150156-146",40,"Lutjanus griseus",76.95,89.02,10.9,10.34,0.036,0.036,"Crustacean",0.036,0.2,"Thor manningi","Decapoda","Thoridae",1,0.005,4.75,NA,0.93
"202011150156-146",39,"Lutjanus griseus",80.44,93.14,11.74,11.22,0.012,0.012,"Misc",0.002,0.025,"UNID",NA,NA,1,0.002,NA,NA,NA
"202011150156-146",37,"Lutjanus griseus",78.39,93.14,11.67,11.03,0.085,0.085,"Crustacean",0.085,0.2,"Urocaris longicaudata","Decapoda","Palaemonidae",1,0.031,13.81,NA,4.58
"202105140959-022",61,"Haemulon sciurus",21.1,26.27,0.166,0.147,0.006,0.006,"Arthropoda",0.002,0.01,"Amphipod spp","Amphipoda",NA,4,0.001,NA,NA,NA
"202105140959-022",49,"Calamus arctifrons",44.75,53.63,2.594,2.48,0.011,0.011,"Miscellaneous",0.011,0.05,"Annelida spp",NA,NA,1,0.001,NA,NA,NA
"202105140959-022",61,"Haemulon sciurus",21.1,26.27,0.166,0.147,0.006,0.006,"Arthropoda",0.002,0.01,"Arthropod spp",NA,NA,5,0.001,NA,NA,NA
"202105140959-022",61,"Haemulon sciurus",21.1,26.27,0.166,0.147,0.006,0.006,"Crustacean",0.004,0.04,"Copepod spp",NA,NA,120,0.004,NA,NA,NA
"202105140959-022",49,"Calamus arctifrons",44.75,53.63,2.594,2.48,0.011,0.011,"Miscellaneous",0.011,0.05,"UNID",NA,NA,1,0.009,NA,NA,NA
"202105140959-022",50,"Calamus arctifrons",43.1,51.51,2.055,1.996,0.003,0.003,"Miscellaneous",0.003,0.05,"UNID",NA,NA,1,0.003,NA,NA,NA
"202105140959-022",51,"Calamus arctifrons",32.89,39.99,0.977,0.925,0.007,0.007,"Miscellaneous",0.007,0.05,"UNID",NA,NA,4,0.007,NA,NA,NA
"202105140138-146",48,"Calamus arctifrons",23.62,28.35,0.371,0.333,0.005,0.005,"Crustacean",0.001,0.01,"Crustacean spp",NA,NA,1,0.001,NA,NA,NA
"202105140138-146",48,"Calamus arctifrons",23.62,28.35,0.371,0.333,0.005,0.005,"Miscellaneous",0.004,0.04,"UNID",NA,NA,1,0.004,NA,NA,NA
"202106140854-241",26,"Cynoscion nebulosus",73.43,88.43,6.768,6.04,0.247,0.247,"Crustacean",0.247,0.3,"Alpheus spp","Decapoda","Alpheidae",1,0.184,NA,NA,NA
"202106140854-241",26,"Cynoscion nebulosus",73.43,88.43,6.768,6.04,0.247,0.247,"Crustacean",0.247,0.3,"Caridean spp","Decapoda",NA,4,0.069,NA,NA,NA
"202106140854-241",27,"Cynoscion nebulosus",22.17,27.3,0.154,0.14,0,0,NA,0,0,NA,NA,NA,0,0,NA,NA,NA
"202107171201-022",35,"Lutjanus synagris",23.01,27.93,0.292,0.253,0.006,0.006,"Arthropoda",0.005,0.08,"Amphipod spp","Amphipoda",NA,6,0.005,NA,NA,NA
"202107171201-022",35,"Lutjanus synagris",23.01,27.93,0.292,0.253,0.006,0.006,"Crustacean",0.001,0.01,"Caridean spp","Decapoda",NA,1,0.001,NA,NA,NA
"202107171201-022",35,"Lutjanus synagris",23.01,27.93,0.292,0.253,0.006,0.006,"Miscellaneous",0.001,0.01,"UNID",NA,NA,1,0.001,NA,NA,NA
"202107170157-146",36,"Cynoscion nebulosus",38.26,46.4,0.909,0.857,0.002,0.002,"Arthropoda",0.001,0.08,"Amphipod spp","Amphipoda",NA,1,0.001,NA,NA,NA
"202107170157-146",36,"Cynoscion nebulosus",38.26,46.4,0.909,0.857,0.002,0.002,"Arthropoda",0.001,0.08,"Amphipod spp","Amphipoda",NA,1,0.001,NA,NA,NA
"202107170157-146",47,"Haemulon sciurus",22.89,28.18,0.238,0.222,0.003,0.003,"Arthropoda",0.003,0.05,"Amphipod spp","Amphipoda",NA,3,0.003,NA,NA,NA
"202107170157-146",36,"Cynoscion nebulosus",38.26,46.4,0.909,0.857,0.002,0.002,"Miscellaneous",0.001,0.02,"Eggs",NA,NA,1,0.001,NA,NA,NA
"202107190921-241",31,"Cynoscion nebulosus",31.97,40.34,0.625,0.554,0.022,0.022,"Crustacean",0.022,0.1,"Caridean spp","Decapoda",NA,3,0.022,NA,NA,NA
"202107190921-241",32,"Cynoscion nebulosus",39.59,48.11,0.896,0.828,0.006,0.006,"Crustacean",0.006,0.1,"Caridean spp","Decapoda",NA,3,0.006,NA,NA,NA
"202107190921-241",43,"Sphyraena barracuda",79.44,90.84,3.91,3.646,0.136,0.136,"Fish",0.136,0.3,"Lucania parva","Cyprinodontiformes","Fundulidae",1,0.102,20.16,16.28,NA
"202107190921-241",43,"Sphyraena barracuda",79.44,90.84,3.91,3.646,0.136,0.136,"Fish",0.136,0.3,"UNID Fish",NA,NA,1,0.036,NA,NA,NA
"202108081234-022",4,"Lutjanus synagris",44.52,54.08,2.44,2.165,0.29,0.29,"Arthropoda",0.29,0.1,"Amphipod spp","Amphipoda",NA,20,0.29,NA,NA,NA
"202108081234-022",5,"Lutjanus synagris",59.26,75.79,6.55,6.43,0.04,0.04,"Arthropoda",0.009,0.04,"Amphipod spp","Amphipoda",NA,10,0.009,NA,NA,NA
"202108081234-022",7,"Lutjanus synagris",54.75,69,4.627,4.437,0.038,0.038,"Arthropoda",0.013,0.05,"Amphipod spp","Amphipoda",NA,22,0.009,NA,NA,NA
"202108081234-022",8,"Lutjanus synagris",62.18,75.22,5.984,5.764,0.039,0.039,"Arthropoda",0.038,0.08,"Amphipod spp","Amphipoda",NA,105,0.038,NA,NA,NA
"202108081234-022",2,"Lutjanus synagris",64.66,76.92,6.69,6.16,0.21,0.21,"Crustacean",0.21,0.2,"Caridean spp","Decapoda",NA,1,0.047,NA,NA,NA
"202108081234-022",5,"Lutjanus synagris",59.26,75.79,6.55,6.43,0.04,0.04,"Crustacean",0.027,0.04,"Caridean spp","Decapoda",NA,1,0.027,NA,NA,NA
"202108081234-022",6,"Lutjanus synagris",55.24,69.35,5.21,4.94,0.056,0.056,"Crustacean",0.049,0.15,"Caridean spp","Decapoda",NA,1,0.049,NA,NA,NA
"202108081234-022",7,"Lutjanus synagris",54.75,69,4.627,4.437,0.038,0.038,"Crustacean",0.025,0.05,"Caridean spp","Decapoda",NA,1,0.025,NA,NA,NA
"202108081234-022",3,"Lutjanus synagris",59.56,73.87,5.51,5.23,0.04,0.04,"Crustacean",0.009,0.5,"Crustacean spp",NA,NA,1,0.009,NA,NA,NA
"202108081234-022",8,"Lutjanus synagris",62.18,75.22,5.984,5.764,0.039,0.039,"Crustacean",0.001,0.02,"Crustacean spp",NA,NA,1,0.001,NA,NA,NA
"202108081234-022",3,"Lutjanus synagris",59.56,73.87,5.51,5.23,0.04,0.04,"Fish",0.021,0.5,"Hippocampus zosterae","Syngnathiformes","Syngnathidae",1,0.021,16.54,NA,NA
"202108081234-022",6,"Lutjanus synagris",55.24,69.35,5.21,4.94,0.056,0.056,"Arthropoda",0.001,0.05,"Isopod spp","Isopoda",NA,1,0.001,NA,NA,NA
"202108081234-022",7,"Lutjanus synagris",54.75,69,4.627,4.437,0.038,0.038,"Arthropoda",0.013,0.05,"Isopod spp","Isopoda",NA,1,0.004,NA,NA,NA
"202108081234-022",1,"Lutjanus griseus",97.07,117.29,24.38,23.45,0.075,0.075,"Miscellaneous",0.075,0.1,NA,NA,NA,NA,0.075,NA,NA,NA
"202108081234-022",3,"Lutjanus synagris",59.56,73.87,5.51,5.23,0.04,0.04,"Miscellaneous",0.008,0.5,NA,NA,NA,1,0.008,NA,NA,NA
"202108081234-022",5,"Lutjanus synagris",59.26,75.79,6.55,6.43,0.04,0.04,"Miscellaneous",0.004,0.02,NA,NA,NA,1,0.004,NA,NA,NA
"202108081234-022",2,"Lutjanus synagris",64.66,76.92,6.69,6.16,0.21,0.21,"Crustacean",0.21,0.2,"Penaeid spp","Decapoda","Penaeidae",1,0.16,NA,NA,NA
"202108081234-022",9,"Calamus arctifrons",56.35,74.01,7.023,6.728,0.037,0.037,"Fish",0.037,0.1,"UNID Fish",NA,NA,1,0.037,NA,NA,NA
"202108080247-146",38,"Cynoscion nebulosus",28.88,35.8,0.41,0.355,0.003,0.003,"Arthropoda",0.001,0.01,"Amphipod spp","Amphipoda",NA,5,0.001,NA,NA,NA
"202108080247-146",39,"Cynoscion nebulosus",29.52,36.67,0.364,0.322,0.002,0.002,"Arthropoda",0.001,0.05,"Amphipod spp","Amphipoda",NA,3,0.001,NA,NA,NA
"202108080247-146",40,"Cynoscion nebulosus",24.72,30.6,0.247,0.21,0.004,0.004,"Arthropoda",0.001,0.02,"Amphipod spp","Amphipoda",NA,5,0.001,NA,NA,NA
"202108080247-146",41,"Cynoscion nebulosus",26.43,33.09,0.272,0.24,0.002,0.002,"Arthropoda",0.001,0.005,"Amphipod spp","Amphipoda",NA,2,0.001,NA,NA,NA
"202108080247-146",38,"Cynoscion nebulosus",28.88,35.8,0.41,0.355,0.003,0.003,"Crustacean",0.005,0.08,"Caridean spp","Decapoda",NA,5,0.005,NA,NA,NA
"202108080247-146",39,"Cynoscion nebulosus",29.52,36.67,0.364,0.322,0.002,0.002,"Crustacean",0.001,0.05,"Crustacean spp",NA,NA,3,0.001,NA,NA,NA
"202108080247-146",38,"Cynoscion nebulosus",28.88,35.8,0.41,0.355,0.003,0.003,"Miscellaneous",0.001,0.01,"Eggs",NA,NA,5,0.001,NA,NA,NA
"202108080247-146",40,"Cynoscion nebulosus",24.72,30.6,0.247,0.21,0.004,0.004,"Crustacean",0.003,0.08,"Hippolyte spp","Decapoda","Hippolytidae",1,0.003,NA,NA,NA
"202108080247-146",45,"Sphyraena barracuda",63.59,71.21,1.746,1.677,0,0,NA,0,0,NA,NA,NA,0,0,NA,NA,NA
"202108080247-146",41,"Cynoscion nebulosus",26.43,33.09,0.272,0.24,0.002,0.002,"Miscellaneous",0.001,0.005,"UNID",NA,NA,1,0.001,NA,NA,NA
"202108080217-123",30,"Lutjanus synagris",38.46,47.41,1.349,1.222,0.51,0.51,"Crustacean",0.043,0.15,"Caridean spp","Decapoda",NA,1,0.007,NA,NA,NA
"202108080217-123",30,"Lutjanus synagris",38.46,47.41,1.349,1.222,0.51,0.51,"Crustacean",0.043,0.15,"Hippolyte spp","Decapoda","Hippolytidae",1,0.012,10.17,NA,NA
"202108080217-123",30,"Lutjanus synagris",38.46,47.41,1.349,1.222,0.51,0.51,"Crustacean",0.043,0.15,"Hippolyte spp","Decapoda","Hippolytidae",1,0.012,NA,NA,NA
"202108080217-123",30,"Lutjanus synagris",38.46,47.41,1.349,1.222,0.51,0.51,"Crustacean",0.043,0.15,"Hippolyte zostericola","Decapoda","Hippolytidae",1,0.003,NA,NA,NA
"202108080217-123",30,"Lutjanus synagris",38.46,47.41,1.349,1.222,0.51,0.51,"Arthropoda",0.008,0.05,"Isopod spp","Isopoda",NA,1,0.008,NA,NA,NA
"202108080217-123",46,"Sphyraena barracuda",35.88,41.07,0.319,0.268,0.019,0.019,"Fish",0.019,0.2,"Lucania parva","Cyprinodontiformes","Fundulidae",1,0.019,NA,NA,NA
"202108100859-241",28,"Cynoscion nebulosus",36.71,46.23,0.879,0.802,0.006,0.006,"Crustacean",0.006,0.1,"Caridean spp","Decapoda",NA,2,0.006,NA,NA,NA
"202108100859-241",44,"Sphyraena barracuda",72.24,83.37,2.706,2.665,0.011,0.011,"Fish",0.011,0.1,"UNID Fish",NA,NA,1,0.011,NA,NA,NA
"202109111530-070",24,"Lutjanus synagris",37.49,45.72,1.331,1.263,0.001,0.001,"Crustacean",0.001,0.1,"Caridean spp","Decapoda",NA,3,0.001,NA,NA,NA
"202109111530-070",23,"Lutjanus synagris",60.05,72.84,5.83,5.18,0.15,0.15,"Crustacean",0.028,0.1,"Penaeid spp","Decapoda","Penaeidae",1,0.028,NA,NA,NA
"202109111530-070",23,"Lutjanus synagris",60.05,72.84,5.83,5.18,0.15,0.15,"Fish",0.12,0.3,"UNID Fish",NA,NA,1,0.12,NA,NA,NA
"202109141006-123",21,"Haemulon sciurus",64.94,78.75,7.28,6.87,0.006,0.006,"Arthropoda",0.006,0.05,"Amphipod spp","Amphipoda",NA,7,0.005,NA,NA,NA
"202109141006-123",21,"Haemulon sciurus",64.94,78.75,7.28,6.87,0.006,0.006,"Arthropoda",0.006,0.05,"Copepod spp",NA,NA,16,0.001,NA,NA,NA
"202109141006-123",42,"Cynoscion nebulosus",10.22,12.55,0.008,0.008,0.001,0.001,"Crustacean",0.001,0.05,"Crustacean spp",NA,NA,11,0.001,NA,NA,NA
"202109141006-123",42,"Cynoscion nebulosus",10.22,12.55,0.008,0.008,0.001,0.001,"Miscellaneous",0.001,0.05,"UNID",NA,NA,2,0.001,NA,NA,NA
"202109141148-146",33,"Lutjanus synagris",50.66,62.28,3.464,3.275,0.01,0.01,"Arthropoda",0.02,0.02,"Amphipod spp","Amphipoda",NA,1,0.002,NA,NA,NA
"202109141148-146",37,"Cynoscion nebulosus",19.55,23.88,0.132,0.105,0.004,0.004,"Arthropoda",0.001,0.02,"Amphipod spp","Amphipoda",NA,1,0.001,NA,NA,NA
"202109141148-146",22,"Lutjanus synagris",57.83,70.03,5.133,4.822,0.014,0.014,"Crustacean",0.07,0.5,"Caridean spp","Decapoda",NA,1,0.07,NA,NA,NA
"202109141148-146",34,"Cynoscion nebulosus",40.98,50.09,1.158,1.015,0.022,0.022,"Crustacean",0.022,0.1,"Caridean spp","Decapoda",NA,1,0.06,NA,NA,NA
"202109141148-146",25,"Lutjanus synagris",50.46,60.64,3.228,3.138,0.022,0.022,"Fish",0.018,0.15,"Hippocampus zosterae","Syngnathiformes","Syngnathidae",1,0.006,NA,NA,NA
"202109141148-146",29,"Cynoscion nebulosus",43.57,52.8,1.45,1.268,0.065,0.065,"Crustacean",0.065,0.2,"Hippolyte spp","Decapoda","Hippolytidae",1,0.017,NA,NA,NA
"202109141148-146",29,"Cynoscion nebulosus",43.57,52.8,1.45,1.268,0.065,0.065,"Crustacean",0.065,0.2,"Hippolyte zostericola","Decapoda","Hippolytidae",1,0.031,12.32,NA,2.53
"202109141148-146",29,"Cynoscion nebulosus",43.57,52.8,1.45,1.268,0.065,0.065,"Crustacean",0.065,0.2,"Hippolyte zostericola","Decapoda","Hippolytidae",1,0.009,10.28,NA,1.94
"202109141148-146",29,"Cynoscion nebulosus",43.57,52.8,1.45,1.268,0.065,0.065,"Crustacean",0.065,0.2,"Hippolyte zostericola","Decapoda","Hippolytidae",1,0.009,NA,NA,NA
"202109141148-146",34,"Cynoscion nebulosus",40.98,50.09,1.158,1.015,0.022,0.022,"Crustacean",0.022,0.1,"Hippolyte zostericola","Decapoda","Hippolytidae",1,0.11,NA,NA,NA
"202109141148-146",25,"Lutjanus synagris",50.46,60.64,3.228,3.138,0.022,0.022,"Crustacean",0.002,0.05,"Isopod spp","Isopoda",NA,1,0.001,NA,NA,NA
"202109141148-146",25,"Lutjanus synagris",50.46,60.64,3.228,3.138,0.022,0.022,"Crustacean",0.002,0.05,"Isopod spp","Isopoda",NA,1,0.001,NA,NA,NA
"202109141148-146",33,"Lutjanus synagris",50.66,62.28,3.464,3.275,0.01,0.01,"Miscellaneous",0.08,0.08,"UNID",NA,NA,1,0.004,NA,NA,NA
"202109141148-146",33,"Lutjanus synagris",50.66,62.28,3.464,3.275,0.01,0.01,"Miscellaneous",0.08,0.08,"UNID",NA,NA,1,0.004,NA,NA,NA
"202109141148-146",37,"Cynoscion nebulosus",19.55,23.88,0.132,0.105,0.004,0.004,"Miscellaneous",0.003,0.08,"UNID",NA,NA,1,0.003,NA,NA,NA
"202109141148-146",22,"Lutjanus synagris",57.83,70.03,5.133,4.822,0.014,0.014,"Fish",0.07,0.5,"UNID Fish",NA,NA,1,0.07,NA,NA,NA
"202109141148-146",25,"Lutjanus synagris",50.46,60.64,3.228,3.138,0.022,0.022,"Fish",0.018,0.15,"UNID Fish",NA,NA,1,0.012,NA,NA,NA
"202110250851-168",12,"Cynoscion nebulosus",25.35,29.98,0.21,0.18,0,0,NA,0,0,NA,NA,NA,0,0,NA,NA,NA
"202110251235-123",10,"Lutjanus synagris",29.58,37.05,0.64,0.55,0.008,0.008,"Arthropoda",0.002,0.05,"Amphipod spp","Amphipoda",NA,23,0.002,NA,NA,NA
"202110251235-123",63,"Lutjanus synagris",32.69,37.99,0.767,0.702,0.006,0.006,"Arthropoda",0.005,0.05,"Amphipod spp","Amphipoda",NA,26,0.005,NA,NA,NA
"202110251235-123",10,"Lutjanus synagris",29.58,37.05,0.64,0.55,0.008,0.008,"Crustacean",0.006,0.05,"Caridean spp","Decapoda",NA,2,0.006,NA,NA,NA
"202110251102-146",13,"Lutjanus synagris",67.97,84.54,8.159,7.833,0.006,0.006,"Arthropoda",0.002,0.01,"Amphipod spp","Amphipoda",NA,2,0.001,NA,NA,NA
"202110251102-146",17,"Lutjanus synagris",73.7,89.64,10.139,9.964,0.067,0.067,"Arthropoda",0.003,0.05,"Amphipod spp","Amphipoda",NA,12,0.003,NA,NA,NA
"202110251102-146",18,"Lutjanus synagris",36.93,43.17,1.02,0.88,0.003,0.003,"Arthropoda",0.002,0.025,"Amphipod spp","Amphipoda",NA,5,0.002,NA,NA,NA
"202110251102-146",65,"Lutjanus synagris",30.24,36.4,0.577,0.523,0.008,0.008,"Arthropoda",0.001,0.05,"Amphipod spp","Amphipoda",NA,5,0.001,NA,NA,NA
"202110251102-146",66,"Lutjanus synagris",32.42,39.14,0.73,0.684,0.004,0.004,"Arthropoda",0.001,0.05,"Amphipod spp","Amphipoda",NA,5,0.001,NA,NA,NA
"202110251102-146",67,"Haemulon sciurus",15.89,19.42,0.061,0.051,0.001,0.001,"Arthropoda",0.001,0.05,"Amphipod spp","Amphipoda",NA,1,0.001,NA,NA,NA
"202110251102-146",16,"Lutjanus synagris",71.9,85.1,9.04,8.68,0.013,0.013,"Crustacean",0.013,0.1,"Caridean spp","Decapoda",NA,1,0.013,10.62,NA,2.29
"202110251102-146",17,"Lutjanus synagris",73.7,89.64,10.139,9.964,0.067,0.067,"Crustacean",0.041,0.15,"Caridean spp","Decapoda",NA,4,0.005,NA,NA,NA
"202110251102-146",18,"Lutjanus synagris",36.93,43.17,1.02,0.88,0.003,0.003,"Crustacean",0.001,0.025,"Caridean spp","Decapoda",NA,1,0.001,NA,NA,NA
"202110251102-146",65,"Lutjanus synagris",30.24,36.4,0.577,0.523,0.008,0.008,"Crustacean",0.001,0.05,"Caridean spp","Decapoda",NA,5,0.001,NA,NA,NA
"202110251102-146",66,"Lutjanus synagris",32.42,39.14,0.73,0.684,0.004,0.004,"Crustacean",0.003,0.05,"Caridean spp","Decapoda",NA,3,0.003,NA,NA,NA
"202110251102-146",67,"Haemulon sciurus",15.89,19.42,0.061,0.051,0.001,0.001,"Crustacean",0.001,0.05,"Copepod spp",NA,NA,21,0.001,NA,NA,NA
"202110251102-146",17,"Lutjanus synagris",73.7,89.64,10.139,9.964,0.067,0.067,"Crustacean",0.041,0.15,"Hippolyte spp","Decapoda","Hippolytidae",1,0.009,12.51,NA,2.18
"202110251102-146",17,"Lutjanus synagris",73.7,89.64,10.139,9.964,0.067,0.067,"Crustacean",0.041,0.15,"Hippolyte spp","Decapoda","Hippolytidae",1,0.006,5.3,NA,0.84
"202110251102-146",13,"Lutjanus synagris",67.97,84.54,8.159,7.833,0.006,0.006,"Crustacean",0.004,0.09,"Hippolyte zostericola","Decapoda","Hippolytidae",1,0.004,8.53,NA,1.92
"202110251102-146",17,"Lutjanus synagris",73.7,89.64,10.139,9.964,0.067,0.067,"Crustacean",0.041,0.15,"Hippolyte zostericola","Decapoda","Hippolytidae",1,0.011,11.46,NA,2.17
"202110251102-146",13,"Lutjanus synagris",67.97,84.54,8.159,7.833,0.006,0.006,"Arthropoda",0.002,0.01,"Isopod spp","Isopoda",NA,1,0.001,NA,NA,NA
"202110251102-146",19,"Lutjanus synagris",37.55,47.08,1.282,1.148,0.026,0.026,"Arthropoda",0.001,0.01,"Isopod spp","Isopoda",NA,1,0.001,NA,NA,NA
"202110251102-146",19,"Lutjanus synagris",37.55,47.08,1.282,1.148,0.026,0.026,"Crustacean",0.025,0.19,"Mysida spp","Mysida",NA,17,0.025,NA,NA,NA
"202110251102-146",20,"Sphyraena barracuda",52.21,58.97,0.67,0.65,0,0,NA,0,0,NA,NA,NA,0,0,NA,NA,NA
"202110251102-146",17,"Lutjanus synagris",73.7,89.64,10.139,9.964,0.067,0.067,"Crustacean",0.041,0.15,"Periclimenes iridescens","Decapoda","Palaemonidae",1,0.01,11.66,NA,2.06
"202110250342-070",14,"Lutjanus synagris",55.4,68.28,4.54,4.46,0.006,0.006,"Crustacean",0.006,0.05,"Caridean spp","Decapoda",NA,1,0.006,NA,NA,NA
"202110250342-070",15,"Lutjanus synagris",56.58,68.74,4.8,4.51,0.053,0.053,"Crustacean",0.053,0.1,"Caridean spp","Decapoda",NA,19,0.053,NA,NA,NA
"202110280857-241",11,"Chaetodipterus faber",58.27,68.07,13.26,12.3,0.121,0.121,"Miscellaneous",0.121,0.1,NA,NA,NA,NA,0.121,NA,NA,NA
"202111141020-146",60,"Lutjanus synagris",78.48,95.46,12.627,12.167,0.004,0.004,"Arthropoda",0.004,0.05,"Amphipod spp","Amphipoda",NA,5,0.004,NA,NA,NA
"202111141020-146",62,"Cynoscion nebulosus",10.79,13.43,0.01,0.007,0.001,0.001,"Crustacean",0.001,0.01,"Copepod spp",NA,NA,12,0.001,NA,NA,NA
"202111141156-022",55,"Lutjanus synagris",48.25,59.8,2.948,2.774,0.051,0.051,"Crustacean",0.047,0.05,"Alpheus spp","Decapoda","Alpheidae",1,0.001,NA,NA,NA
"202111141156-022",55,"Lutjanus synagris",48.25,59.8,2.948,2.774,0.051,0.051,"Arthropoda",0.001,0.01,"Amphipod spp","Amphipoda",NA,1,0.047,NA,NA,NA
"202111141156-022",53,"Lutjanus synagris",76.7,94.69,11.848,11.458,0.033,0.033,"Crustacean",0.033,0.1,"Caridean spp","Decapoda",NA,1,0.033,NA,NA,NA
"202111141156-022",54,"Lutjanus synagris",68.96,84.41,9.219,8.861,0.151,0.151,"Crustacean",0.151,0.1,"Eurypanopeus depressus","Decapoda","Panopeidae",1,0.071,NA,NA,NA
"202111141156-022",56,"Lutjanus synagris",52.08,63.33,3.443,3.257,0.08,0.08,"Crustacean",0.026,0.06,"Latreutes fucorum","Decapoda","Hippolytidae",1,0.024,13.12,NA,3.32
"202111141156-022",56,"Lutjanus synagris",52.08,63.33,3.443,3.257,0.08,0.08,"Crustacean",0.026,0.06,"Mud Crab spp","Decapoda","Panopeidae",1,0.002,NA,NA,2.59
"202111141156-022",59,"Calamus arctifrons",69.2,87.78,10.333,10.241,0.01,0.01,"Crustacean",0.003,0.02,"Mud Crab spp","Decapoda","Panopeidae",1,0.003,NA,NA,NA
"202111141156-022",54,"Lutjanus synagris",68.96,84.41,9.219,8.861,0.151,0.151,"Crustacean",0.151,0.1,"Panopeus simpsoni","Decapoda","Panopeidae",1,0.08,NA,NA,NA
"202111141156-022",52,"Lutjanus synagris",66.01,81.76,8.384,7.677,0.686,0.686,"Crustacean",0.686,0.8,"Penaeid spp","Decapoda","Penaeidae",1,0.686,NA,NA,NA
"202111141156-022",55,"Lutjanus synagris",48.25,59.8,2.948,2.774,0.051,0.051,"Miscellaneous",0.003,0.04,"UNID",NA,NA,1,0.003,NA,NA,NA
"202111141156-022",56,"Lutjanus synagris",52.08,63.33,3.443,3.257,0.08,0.08,"Miscellaneous",0.023,0.04,"UNID",NA,NA,1,0.023,NA,NA,NA
"202111141156-022",57,"Haemulon sciurus",77.44,94.08,12.559,12.332,0.01,0.01,"Miscellaneous",0.01,0.05,"UNID",NA,NA,1,0.01,NA,NA,NA
"202111141156-022",58,"Haemulon parra",70.73,86.25,9.795,9.501,0.135,0.135,"Miscellaneous",0.135,0.05,"UNID",NA,NA,1,0.135,NA,NA,NA
"202111141156-022",59,"Calamus arctifrons",69.2,87.78,10.333,10.241,0.01,0.01,"Miscellaneous",0.007,0.03,"UNID",NA,NA,1,0.007,NA,NA,NA
"202111150851-241",64,"Haemulon sciurus",19.8,25.45,0.147,0.134,0.001,0.001,"Arthropoda",0.001,0.01,"Amphipod spp","Amphipoda",NA,1,0.001,NA,NA,NA
"202111150851-241",64,"Haemulon sciurus",19.8,25.45,0.147,0.134,0.001,0.001,"Arthropoda",5e-04,0.01,"Arthropod spp",NA,NA,2,0.001,NA,NA,NA
"202111150851-241",64,"Haemulon sciurus",19.8,25.45,0.147,0.134,0.001,0.001,"Miscellaneous",5e-04,0.005,"UNID",NA,NA,1,0.001,NA,NA,NA
"202205141418-146",68,"Cynoscion nebulosus",9.28,10.02,0.006,0.005,0.001,0.001,"Crustacean",0.001,0.01,"Copepod spp",NA,NA,2,0.001,NA,NA,NA
"202206231031-266",52,"Cynoscion nebulosus",66.54,80.98,4.559,4.325,0.115,0.115,"Crustacean",0.073,0.5,"Caridean spp","Decapoda",NA,6,0.063,NA,NA,NA
"202206231031-266",52,"Cynoscion nebulosus",66.54,80.98,4.559,4.325,0.115,0.115,"Crustacean",0.073,0.5,"Hippolyte spp","Decapoda","Hippolytidae",1,0.012,NA,NA,NA
"202206231031-266",52,"Cynoscion nebulosus",66.54,80.98,4.559,4.325,0.115,0.115,"Crustacean",0.073,0.5,"Hippolyte spp","Decapoda","Hippolytidae",1,0.008,NA,NA,NA
"202206231227-241",34,"Cynoscion nebulosus",25.79,31.32,0.244,0.233,0.005,0.005,"Crustacean",0.007,0.1,"Amphipod spp","Amphipoda",NA,26,0.005,NA,NA,NA
"202206231227-241",34,"Cynoscion nebulosus",25.79,31.32,0.244,0.233,0.005,0.005,"Crustacean",0.007,0.1,"Copepod spp",NA,NA,8,0.001,NA,NA,NA
"202206231227-241",34,"Cynoscion nebulosus",25.79,31.32,0.244,0.233,0.005,0.005,"Crustacean",0.007,0.1,"Hippolyte spp","Decapoda","Hippolytidae",1,0.001,NA,NA,NA
"202206251503-123",51,"Cynoscion nebulosus",77.63,93.61,6.328,5.737,0.253,0.253,"Crustacean",0.226,0.99,"Crustacean spp",NA,NA,6,0.226,NA,NA,NA
"202206251503-123",51,"Cynoscion nebulosus",77.63,93.61,6.328,5.737,0.253,0.253,"Misc",0.027,0.01,"UNID Misc",NA,NA,1,0.027,NA,NA,NA
"202206251538-146",66,"Cynoscion nebulosus",42.11,52.63,1.039,1.008,0.004,0.004,"Crustacean",0.001,0.01,"Amphipod spp","Amphipoda",NA,3,0.001,NA,NA,NA
"202206251538-146",67,"Cynoscion nebulosus",22.77,28.53,0.162,0.152,0.001,0.001,"Crustacean",0.001,0.1,"Amphipod spp","Amphipoda",NA,1,0.001,NA,NA,NA
"202206251538-146",65,"Calamus arctifrons",47.17,57.83,2.965,2.87,0.021,0.021,"Echinoderm",0.002,0.01,"Ophiuroidea spp",NA,NA,2,0.002,NA,NA,NA
"202206251538-146",65,"Calamus arctifrons",47.17,57.83,2.965,2.87,0.021,0.021,"Misc",0.027,0.19,"UNID Misc",NA,NA,2,0.027,NA,NA,NA
"202206251538-146",66,"Cynoscion nebulosus",42.11,52.63,1.039,1.008,0.004,0.004,"Misc",0.003,0.09,"UNID Misc",NA,NA,1,0.003,NA,NA,NA
"202206251416-022",70,"Haemulon parra",38.17,45.29,1.194,1.157,0.005,0.005,"Crustacean",0.002,0.02,"Amphipod spp","Amphipoda",NA,8,0.001,NA,NA,NA
"202206251416-022",70,"Haemulon parra",38.17,45.29,1.194,1.157,0.005,0.005,"Crustacean",0.002,0.02,"Copepod spp",NA,NA,28,0.001,NA,NA,NA
"202206251416-022",70,"Haemulon parra",38.17,45.29,1.194,1.157,0.005,0.005,"Arthropoda",0.002,0.08,"UNID Arthropoda",NA,NA,1,0.002,NA,NA,NA
"202206251416-022",69,"Lachnolaimus maximus",58.59,70.18,5.365,5.063,0.014,0.014,"Misc",0.014,0.1,"UNID Misc",NA,NA,1,0.014,NA,NA,NA
"202207100934-241",46,"Cynoscion nebulosus",61.84,72.05,3.515,3.213,0.138,0.138,"Crustacean",0.125,0.1,"Caridean spp","Decapoda",NA,1,0.002,NA,NA,NA
"202207100934-241",46,"Cynoscion nebulosus",61.84,72.05,3.515,3.213,0.138,0.138,"Crustacean",0.125,0.1,"Caridean spp","Decapoda",NA,1,0.005,NA,NA,NA
"202207100934-241",46,"Cynoscion nebulosus",61.84,72.05,3.515,3.213,0.138,0.138,"Crustacean",0.125,0.1,"Caridean spp","Decapoda",NA,1,0.003,NA,NA,NA
"202207100934-241",47,"Cynoscion nebulosus",52.49,63.54,2.422,2.162,0.14,0.14,"Crustacean",0.097,0.8,"Caridean spp","Decapoda",NA,1,0.002,NA,NA,NA
"202207100934-241",47,"Cynoscion nebulosus",52.49,63.54,2.422,2.162,0.14,0.14,"Crustacean",0.097,0.8,"Caridean spp","Decapoda",NA,1,0.008,NA,NA,NA
"202207100934-241",47,"Cynoscion nebulosus",52.49,63.54,2.422,2.162,0.14,0.14,"Crustacean",0.097,0.8,"Caridean spp","Decapoda",NA,1,0.002,NA,NA,NA
"202207100934-241",46,"Cynoscion nebulosus",61.84,72.05,3.515,3.213,0.138,0.138,"Crustacean",0.125,0.1,"Hippolyte spp","Decapoda","Hippolytidae",1,0.017,NA,NA,2.57
"202207100934-241",46,"Cynoscion nebulosus",61.84,72.05,3.515,3.213,0.138,0.138,"Crustacean",0.125,0.1,"Hippolyte spp","Decapoda","Hippolytidae",1,0.026,NA,NA,NA
"202207100934-241",46,"Cynoscion nebulosus",61.84,72.05,3.515,3.213,0.138,0.138,"Crustacean",0.125,0.1,"Hippolyte spp","Decapoda","Hippolytidae",1,0.007,NA,NA,NA
"202207100934-241",46,"Cynoscion nebulosus",61.84,72.05,3.515,3.213,0.138,0.138,"Crustacean",0.125,0.1,"Hippolyte spp","Decapoda","Hippolytidae",1,0.024,NA,NA,NA
"202207100934-241",46,"Cynoscion nebulosus",61.84,72.05,3.515,3.213,0.138,0.138,"Crustacean",0.125,0.1,"Hippolyte spp","Decapoda","Hippolytidae",1,0.021,NA,NA,NA
"202207100934-241",46,"Cynoscion nebulosus",61.84,72.05,3.515,3.213,0.138,0.138,"Crustacean",0.125,0.1,"Hippolyte spp","Decapoda","Hippolytidae",1,0.007,NA,NA,NA
"202207100934-241",46,"Cynoscion nebulosus",61.84,72.05,3.515,3.213,0.138,0.138,"Crustacean",0.125,0.1,"Hippolyte spp","Decapoda","Hippolytidae",1,0.013,NA,NA,NA
"202207100934-241",47,"Cynoscion nebulosus",52.49,63.54,2.422,2.162,0.14,0.14,"Crustacean",0.097,0.8,"Hippolyte spp","Decapoda","Hippolytidae",1,0.01,NA,NA,NA
"202207100934-241",47,"Cynoscion nebulosus",52.49,63.54,2.422,2.162,0.14,0.14,"Crustacean",0.097,0.8,"Hippolyte spp","Decapoda","Hippolytidae",1,0.006,NA,NA,NA
"202207100934-241",47,"Cynoscion nebulosus",52.49,63.54,2.422,2.162,0.14,0.14,"Crustacean",0.097,0.8,"Hippolyte spp","Decapoda","Hippolytidae",1,0.017,NA,NA,NA
"202207100934-241",47,"Cynoscion nebulosus",52.49,63.54,2.422,2.162,0.14,0.14,"Crustacean",0.097,0.8,"Hippolyte spp","Decapoda","Hippolytidae",1,0.01,NA,NA,NA
"202207100934-241",47,"Cynoscion nebulosus",52.49,63.54,2.422,2.162,0.14,0.14,"Crustacean",0.097,0.8,"Hippolyte spp","Decapoda","Hippolytidae",1,0.007,NA,NA,NA
"202207100934-241",47,"Cynoscion nebulosus",52.49,63.54,2.422,2.162,0.14,0.14,"Crustacean",0.097,0.8,"Hippolyte spp","Decapoda","Hippolytidae",1,0.007,NA,NA,NA
"202207100934-241",47,"Cynoscion nebulosus",52.49,63.54,2.422,2.162,0.14,0.14,"Crustacean",0.097,0.8,"Thor dobkini","Decapoda","Thoridae",1,0.028,11.78,NA,2.37
"202207101237-270",53,"Sphyraena barracuda",62.93,72.21,1.632,1.435,0.162,0.162,"Fish",0.162,0.7,"Lucania parva","Cyprinodontiformes","Fundulidae",1,0.162,23.91,20.51,NA
"202207101843-146",60,"Lutjanus synagris",64.07,77.06,6.061,5.807,0.124,0.124,"Crustacean",0.011,0.2,"Caridean spp","Decapoda",NA,1,0.007,NA,NA,NA
"202207101843-146",64,"Archosargus probatocephalus",40.67,48.28,1.929,1.784,0.008,0.008,"Crustacean",0.004,0.04,"Crustacean spp",NA,NA,1,0.001,NA,NA,NA
"202207101843-146",58,"Cynoscion nebulosus",65,79.17,4.608,4.343,0.017,0.017,"Crustacean",0.017,0.1,"Hippolyte zostericola","Decapoda","Hippolytidae",1,0.017,13.04,NA,3.07
"202207101843-146",60,"Lutjanus synagris",64.07,77.06,6.061,5.807,0.124,0.124,"Crustacean",0.011,0.2,"Isopod spp","Isopoda",NA,1,0.004,NA,NA,NA
"202207101843-146",61,"Sphyraena barracuda",56.44,63.75,1.251,1.112,0.042,0.042,"Fish",0.042,0.2,"Lucania parva","Cyprinodontiformes","Fundulidae",1,0.009,NA,NA,NA
"202207101843-146",64,"Archosargus probatocephalus",40.67,48.28,1.929,1.784,0.008,0.008,"Crustacean",0.004,0.04,"Mysida spp","Mysida",NA,2,0.003,NA,NA,NA
"202207101843-146",63,"Archosargus probatocephalus",68.02,82.72,11.174,NA,NA,NA,NA,NA,NA,NA,NA,NA,NA,NA,NA,NA,NA
"202207101843-146",60,"Lutjanus synagris",64.07,77.06,6.061,5.807,0.124,0.124,"Fish",0.113,0.8,"Syngnathidae spp","Syngnathiformes","Syngnathidae",1,0.113,NA,NA,NA
"202207101843-146",59,"Cynoscion nebulosus",58,70.27,2.905,2.774,0.001,0.001,"Fish",0.001,0.1,"UNID Fish",NA,NA,1,0.001,NA,NA,NA
"202207101843-146",61,"Sphyraena barracuda",56.44,63.75,1.251,1.112,0.042,0.042,"Fish",0.042,0.2,"UNID Fish",NA,NA,1,0.017,NA,NA,NA
"202207101843-146",61,"Sphyraena barracuda",56.44,63.75,1.251,1.112,0.042,0.042,"Fish",0.042,0.2,"UNID Fish",NA,NA,1,0.016,NA,NA,NA
"202207101843-146",62,"Cynoscion nebulosus",26.97,32.26,0.261,0.244,0.001,0.001,"Fish",0.001,0.1,"UNID Fish",NA,NA,1,0.001,NA,NA,NA
"202207101843-146",64,"Archosargus probatocephalus",40.67,48.28,1.929,1.784,0.008,0.008,"Misc",0.004,0.06,"UNID Misc",NA,NA,1,0.004,NA,NA,NA
"202207110732-024",45,"Cynoscion nebulosus",54.46,65,2.165,2.082,0.002,0.002,"Crustacean",0.002,0.1,"UNID Crustacean",NA,NA,1,0.002,NA,NA,NA
"202208130913-070",57,"Lutjanus synagris",33.22,40.62,0.852,0.798,0.018,0.018,"Crustacean",0.014,0.12,"Amphipod spp","Amphipoda",NA,21,0.012,NA,NA,NA
"202208130913-070",9,"Selene vomer",46.63,56.01,2.733,2.603,0.03,0.03,"Crustacean",0.003,0.01,"Caridean spp","Decapoda",NA,3,0.003,NA,NA,NA
"202208130913-070",57,"Lutjanus synagris",33.22,40.62,0.852,0.798,0.018,0.018,"Crustacean",0.014,0.12,"Crustacean spp",NA,NA,1,0.001,NA,NA,NA
"202208130913-070",57,"Lutjanus synagris",33.22,40.62,0.852,0.798,0.018,0.018,"Crustacean",0.014,0.12,"Isopod spp","Isopoda",NA,1,0.001,NA,NA,NA
"202208130913-070",56,"Lutjanus synagris",39.92,49.64,1.524,1.455,0.001,0.001,"Misc",0.001,0.1,"UNID Misc",NA,NA,1,0.001,NA,NA,NA
"202208130913-070",57,"Lutjanus synagris",33.22,40.62,0.852,0.798,0.018,0.018,"Misc",0.003,0.08,"UNID Misc",NA,NA,1,0.003,NA,NA,NA
"202208131052-168",40,"Cynoscion nebulosus",24.74,31.52,0.23,0.197,0.007,0.007,"Crustacean",0.004,0.1,"Amphipod spp","Amphipoda",NA,18,0.003,NA,NA,NA
"202208131052-168",41,"Cynoscion nebulosus",28.25,33.86,0.292,0.258,0.011,0.011,"Crustacean",0.002,0.04,"Amphipod spp","Amphipoda",NA,18,0.002,NA,NA,NA
"202208131052-168",42,"Cynoscion nebulosus",22.93,27.71,0.128,0.114,0.001,0.001,"Crustacean",0.001,0.1,"Amphipod spp","Amphipoda",NA,7,0.001,NA,NA,NA
"202208131052-168",43,"Selene vomer",61.01,75.02,5.101,4.915,0.001,0.001,"Crustacean",0.001,0.1,"Amphipod spp","Amphipoda",NA,1,0.001,NA,NA,NA
"202208131052-168",44,"Selene vomer",43.31,53.32,1.845,1.738,0.002,0.002,"Crustacean",0.002,0.1,"Amphipod spp","Amphipoda",NA,2,0.001,NA,NA,NA
"202208131052-168",38,"Cynoscion nebulosus",35.41,43.81,0.624,0.565,0.031,0.031,"Crustacean",0.031,0.3,"Caridean spp","Decapoda",NA,1,0.031,NA,NA,NA
"202208131052-168",40,"Cynoscion nebulosus",24.74,31.52,0.23,0.197,0.007,0.007,"Crustacean",0.004,0.1,"Caridean spp","Decapoda",NA,1,0.001,NA,NA,NA
"202208131052-168",44,"Selene vomer",43.31,53.32,1.845,1.738,0.002,0.002,"Crustacean",0.002,0.1,"Caridean spp","Decapoda",NA,1,0.001,NA,NA,NA
"202208131052-168",35,"Lutjanus synagris",45.02,55.19,2.05,1.95,0.032,0.032,"Crustacean",0.044,0.1,"Hippolyte spp","Decapoda","Hippolytidae",1,0.018,NA,NA,NA
"202208131052-168",35,"Lutjanus synagris",45.02,55.19,2.05,1.95,0.032,0.032,"Crustacean",0.044,0.1,"Hippolyte spp","Decapoda","Hippolytidae",1,0.026,14.21,NA,2.82
"202208131052-168",37,"Lutjanus synagris",31.07,35.99,0.635,0.558,0.036,0.036,"Crustacean",0.036,0.2,"Hippolyte spp","Decapoda","Hippolytidae",1,0.009,NA,NA,NA
"202208131052-168",39,"Cynoscion nebulosus",35.14,42.26,0.627,0.545,0.044,0.044,"Crustacean",0.041,0.019,"Hippolyte spp","Decapoda","Hippolytidae",1,0.026,NA,NA,2.43
"202208131052-168",39,"Cynoscion nebulosus",35.14,42.26,0.627,0.545,0.044,0.044,"Crustacean",0.041,0.019,"Hippolyte spp","Decapoda","Hippolytidae",1,0.015,NA,NA,2.07
"202208131052-168",37,"Lutjanus synagris",31.07,35.99,0.635,0.558,0.036,0.036,"Crustacean",0.036,0.2,"Hippolyte zostericola","Decapoda","Hippolytidae",1,0.025,14.86,NA,3.41
"202208131052-168",37,"Lutjanus synagris",31.07,35.99,0.635,0.558,0.036,0.036,"Crustacean",0.036,0.2,"Isopod spp","Isopoda",NA,1,0.002,NA,NA,NA
"202208131052-168",36,"Cynoscion nebulosus",47.26,57.07,1.45,1.402,0.026,0.026,"Crustacean",0.026,0.1,"UNID Crustacean",NA,NA,1,0.026,NA,NA,NA
"202208131052-168",41,"Cynoscion nebulosus",28.25,33.86,0.292,0.258,0.011,0.011,"Fish",0.007,0.06,"UNID Fish",NA,NA,1,0.007,NA,NA,NA
"202208131052-168",39,"Cynoscion nebulosus",35.14,42.26,0.627,0.545,0.044,0.044,"Misc",0.003,0.01,"UNID Misc",NA,NA,1,0.003,NA,NA,NA
"202208131329-123",54,"Cynoscion nebulosus",51.87,64.93,1.723,1.678,0.015,0.015,"Crustacean",0.015,0.1,"Crustacean spp",NA,NA,3,0.015,NA,NA,NA
"202208131329-123",55,"Cynoscion nebulosus",37.24,46.05,0.747,0.705,0,0,NA,0,0,NA,NA,NA,0,0,NA,NA,NA
"202208131234-022",20,"Lutjanus synagris",44.2,54.22,2.015,1.852,0.025,0.025,"Crustacean",0.025,0.5,"Amphipod spp","Amphipoda",NA,40,0.01,NA,NA,NA
"202208131234-022",20,"Lutjanus synagris",44.2,54.22,2.015,1.852,0.025,0.025,"Crustacean",0.025,0.5,"Amphipod spp","Amphipoda",NA,10,0.012,NA,NA,NA
"202208131514-146",22,"Lutjanus synagris",38.24,46.45,1.285,1.199,0.018,0.018,"Crustacean",0.013,0.1,"Amphipod spp","Amphipoda",NA,1,0.001,NA,NA,NA
"202208131514-146",25,"Cynoscion nebulosus",69.49,83.65,5.055,4.671,0.012,0.012,"Crustacean",0.01,0.09,"Amphipod spp","Amphipoda",NA,1,0.001,NA,NA,NA
"202208131514-146",23,"Lutjanus synagris",33.62,41.54,0.924,0.819,0.03,0.03,"Crustacean",0.001,0.01,"Caridean spp","Decapoda",NA,2,0.001,NA,NA,NA
"202208131514-146",25,"Cynoscion nebulosus",69.49,83.65,5.055,4.671,0.012,0.012,"Crustacean",0.01,0.09,"Caridean spp","Decapoda",NA,2,0.009,NA,NA,NA
"202208131514-146",26,"Cynoscion nebulosus",33.45,40.41,0.578,0.495,0.047,0.047,"Crustacean",0.047,0.5,"Crustacean spp",NA,NA,1,0.001,NA,NA,NA
"202208131514-146",22,"Lutjanus synagris",38.24,46.45,1.285,1.199,0.018,0.018,"Crustacean",0.013,0.1,"Hippolyte spp","Decapoda","Hippolytidae",1,0.012,NA,NA,NA
"202208131514-146",24,"Lutjanus synagris",30.43,36.75,0.595,0.532,0.022,0.022,"Crustacean",0.015,0.5,"Hippolyte spp","Decapoda","Hippolytidae",1,0.015,NA,NA,NA
"202208131514-146",26,"Cynoscion nebulosus",33.45,40.41,0.578,0.495,0.047,0.047,"Crustacean",0.047,0.5,"Hippolyte spp","Decapoda","Hippolytidae",1,0.018,13.46,NA,2.19
"202208131514-146",26,"Cynoscion nebulosus",33.45,40.41,0.578,0.495,0.047,0.047,"Crustacean",0.047,0.5,"Hippolyte spp","Decapoda","Hippolytidae",1,0.004,NA,NA,NA
"202208131514-146",26,"Cynoscion nebulosus",33.45,40.41,0.578,0.495,0.047,0.047,"Crustacean",0.047,0.5,"Hippolyte zostericola","Decapoda","Hippolytidae",1,0.019,13.24,NA,2.75
"202208131514-146",23,"Lutjanus synagris",33.62,41.54,0.924,0.819,0.03,0.03,"Fish",0.029,0.5,"Lucania parva","Cyprinodontiformes","Fundulidae",1,0.029,12.23,10.71,NA
"202208131514-146",27,"Cynoscion nebulosus",21.78,26.92,0.143,0.119,0.013,0.013,"Crustacean",0.013,0.1,"Thor spp","Decapoda","Thoridae",1,0.013,NA,NA,2.73
"202208131514-146",21,"Archosargus probatocephalus",76.25,92.45,15.715,15.082,NA,NA,"Arthropoda",0.008,0.02,"UNID Arthropoda",NA,NA,2,0.008,NA,NA,NA
"202208131514-146",21,"Archosargus probatocephalus",76.25,92.45,15.715,15.082,NA,NA,"Misc",0.038,0.03,"UNID Misc",NA,NA,5,0.005,NA,NA,NA
"202208131514-146",21,"Archosargus probatocephalus",76.25,92.45,15.715,15.082,NA,NA,"Misc",0.038,0.03,"UNID Misc",NA,NA,NA,0.033,NA,NA,NA
"202208131514-146",25,"Cynoscion nebulosus",69.49,83.65,5.055,4.671,0.012,0.012,"Misc",0.002,0.01,"UNID Misc",NA,NA,1,0.002,NA,NA,NA
"202208131514-146",21,"Archosargus probatocephalus",76.25,92.45,15.715,15.082,NA,NA,"Mollusk",0.023,0.05,"UNID Mollusk",NA,NA,NA,0.012,NA,NA,NA
"202208131514-146",21,"Archosargus probatocephalus",76.25,92.45,15.715,15.082,NA,NA,"Mollusk",0.023,0.05,"UNID Mollusk",NA,NA,NA,0.01,NA,NA,NA
"202208131514-146",21,"Archosargus probatocephalus",76.25,92.45,15.715,15.082,NA,NA,"Mollusk",0.023,0.05,"UNID Mollusk",NA,NA,4,0.001,NA,NA,NA
"202208140900-241",31,"Sphyraena barracuda",72.88,83.69,2.499,2.424,0.001,0.001,"Crustacean",0.001,0.1,"Amphipod spp","Amphipoda",NA,1,0.001,NA,NA,NA
"202208140900-241",32,"Sphyraena barracuda",74.27,84.23,2.612,2.525,0.053,0.053,"Fish",0.053,0.02,"UNID Fish",NA,NA,1,0.053,NA,NA,NA
"202209180845-070",3,"Lutjanus synagris",63.36,77.72,5.993,5.609,0.145,0.145,"Misc",0.001,0.01,"Annelida spp",NA,NA,1,0.001,NA,NA,NA
"202209180845-070",3,"Lutjanus synagris",63.36,77.72,5.993,5.609,0.145,0.145,"Arthropoda",0.045,0.15,"Caridean spp","Decapoda",NA,1,0.015,NA,NA,NA
"202209180845-070",3,"Lutjanus synagris",63.36,77.72,5.993,5.609,0.145,0.145,"Arthropoda",0.045,0.15,"Caridean spp","Decapoda",NA,1,0.012,NA,NA,NA
"202209180845-070",3,"Lutjanus synagris",63.36,77.72,5.993,5.609,0.145,0.145,"Arthropoda",0.045,0.15,"Caridean spp","Decapoda",NA,1,0.018,NA,NA,NA
"202209180845-070",3,"Lutjanus synagris",63.36,77.72,5.993,5.609,0.145,0.145,"Crustacean",0.1,0.84,"Crustacean spp",NA,NA,1,0.1,NA,NA,NA
"202209181221-146",16,"Lutjanus synagris",45.83,55.71,2.312,2.184,0.011,0.011,"Crustacean",0.009,0.03,"Amphipod spp","Amphipoda",NA,1,0.002,NA,NA,NA
"202209181221-146",17,"Lutjanus synagris",56.34,68.38,4.015,3.798,0.063,0.063,"Crustacean",0.029,0.08,"Amphipod spp","Amphipoda",NA,1,0.001,NA,NA,NA
"202209181221-146",16,"Lutjanus synagris",45.83,55.71,2.312,2.184,0.011,0.011,"Crustacean",0.009,0.03,"Caridean spp","Decapoda",NA,2,0.001,NA,NA,NA
"202209181221-146",17,"Lutjanus synagris",56.34,68.38,4.015,3.798,0.063,0.063,"Fish",0.034,0.02,"Hippocampus zosterae","Syngnathiformes","Syngnathidae",1,0.034,24.61,NA,NA
"202209181221-146",17,"Lutjanus synagris",56.34,68.38,4.015,3.798,0.063,0.063,"Crustacean",0.029,0.08,"Hippolyte zostericola","Decapoda","Hippolytidae",1,0.011,13.05,NA,3.03
"202209181221-146",17,"Lutjanus synagris",56.34,68.38,4.015,3.798,0.063,0.063,"Crustacean",0.029,0.08,"Hippolyte zostericola","Decapoda","Hippolytidae",1,0.017,10.66,NA,2.11
"202209181221-146",18,"Lutjanus synagris",56.46,69.52,4.213,4.013,0.03,0.03,"Crustacean",0.03,0.05,"Hippolyte zostericola","Decapoda","Hippolytidae",1,0.016,14.02,NA,4.41
"202209181221-146",16,"Lutjanus synagris",45.83,55.71,2.312,2.184,0.011,0.011,"Crustacean",0.009,0.03,"Thor dobkini","Decapoda","Thoridae",1,0.006,7.28,NA,1.99
"202209181221-146",18,"Lutjanus synagris",56.46,69.52,4.213,4.013,0.03,0.03,"Crustacean",0.03,0.05,"Thor dobkini","Decapoda","Thoridae",1,0.01,10.76,NA,4.25
"202209181221-146",16,"Lutjanus synagris",45.83,55.71,2.312,2.184,0.011,0.011,"Misc",0.002,0.02,"UNID Misc",NA,NA,1,0.002,NA,NA,NA
"202209181221-146",18,"Lutjanus synagris",56.46,69.52,4.213,4.013,0.03,0.03,"Misc",NA,NA,"UNID misc",NA,NA,NA,0.004,NA,NA,NA
"202209181221-146",19,"Archosargus probatocephalus",64.63,80.36,8.657,8.021,0.116,0.116,"Misc",0.116,0.5,"UNID Misc",NA,NA,1,0.116,NA,NA,NA
"202209181101-123",30,"Cynoscion nebulosus",23.51,29.13,0.17,0.15,0.009,0.009,"Crustacean",0.009,0.1,"Amphipod spp","Amphipoda",NA,1,0.001,NA,NA,NA
"202209181101-123",30,"Cynoscion nebulosus",23.51,29.13,0.17,0.15,0.009,0.009,"Crustacean",0.009,0.1,"Copepod spp",NA,NA,35,0.002,NA,NA,NA
"202209181101-123",30,"Cynoscion nebulosus",23.51,29.13,0.17,0.15,0.009,0.009,"Crustacean",0.009,0.1,"Penaeid spp","Decapoda","Penaeidae",1,0.006,NA,NA,NA
"202209181413-168",33,"Lutjanus synagris",54.88,66.77,3.944,3.716,0.031,0.031,"Fish",0.01,0.3,"Hippocampus zosterae","Syngnathiformes","Syngnathidae",1,0.016,NA,NA,NA
"202209181413-168",33,"Lutjanus synagris",54.88,66.77,3.944,3.716,0.031,0.031,"Crustacean",0.016,0.2,"Latreutes fucorum","Decapoda","Hippolytidae",1,0.01,11.52,NA,2.71
"202209181413-168",28,"Cynoscion nebulosus",18.12,21.33,0.077,0.065,0.009,0.009,"Crustacean",0.001,0.01,"UNID Crustacean",NA,NA,1,0.001,NA,NA,NA
"202209181413-168",28,"Cynoscion nebulosus",18.12,21.33,0.077,0.065,0.009,0.009,"Fish",0.008,0.1,"UNID Fish",NA,NA,2,0.008,NA,NA,NA
"202210160923-266",29,"Cynoscion nebulosus",22.91,27.4,0.15,0.129,0.005,0.005,"Crustacean",0.001,0.02,"Caridean spp","Decapoda",NA,1,0.001,NA,NA,NA
"202210160923-266",29,"Cynoscion nebulosus",22.91,27.4,0.15,0.129,0.005,0.005,"Fish",0.004,0.08,"UNID Fish",NA,NA,1,0.001,NA,NA,NA
"202210160923-266",29,"Cynoscion nebulosus",22.91,27.4,0.15,0.129,0.005,0.005,"Fish",0.004,0.08,"UNID Fish",NA,NA,1,0.001,NA,NA,NA
"202210160923-266",29,"Cynoscion nebulosus",22.91,27.4,0.15,0.129,0.005,0.005,"Fish",0.004,0.08,"UNID Fish",NA,NA,1,0.001,NA,NA,NA
"202210160923-266",29,"Cynoscion nebulosus",22.91,27.4,0.15,0.129,0.005,0.005,"Fish",0.004,0.08,"UNID Fish",NA,NA,1,0.001,NA,NA,NA
"202210161746-070",8,"Selene vomer",43.02,55.68,2.496,2.176,0.186,0.186,"Crustacean",0.184,0.99,"Amphipod spp","Amphipoda",NA,2,0.003,NA,NA,NA
"202210161746-070",8,"Selene vomer",43.02,55.68,2.496,2.176,0.186,0.186,"Crustacean",0.184,0.99,"Caridean spp","Decapoda",NA,80,0.181,NA,NA,NA
"202210161746-070",8,"Selene vomer",43.02,55.68,2.496,2.176,0.186,0.186,"Fish",0.002,0.01,"UNID Fish",NA,NA,1,0.002,NA,5.31,NA
"202210161621-168",5,"Haemulon parra",62.6,75.56,6.477,6.18,0.014,0.014,"Arthropoda",0.014,0.3,"Arthropod spp",NA,NA,1,0.014,NA,NA,NA
"202210161621-168",4,"Haemulon sciurus",76.74,94.03,11.424,11.2,0,0,NA,0,0,NA,NA,NA,0,0,NA,NA,NA
"202210161621-168",6,"Haemulon sciurus",80.16,95.98,12.439,12.072,0,0,NA,0,0,NA,NA,NA,0,0,NA,NA,NA
"202211061705-123",2,"Sphyraena barracuda",47.37,54.18,0.671,0.61,0.005,0.005,"Fish",0.005,0.1,"UNID Fish",NA,NA,1,0.005,NA,NA,NA
"202211070911-070",7,"Scorpaena brasiliensis",40.48,51.22,1.986,1.823,0.016,0.016,"Arthropoda",0.001,0.01,"Arthropod spp",NA,NA,1,0.001,NA,NA,NA
"202211070911-070",7,"Scorpaena brasiliensis",40.48,51.22,1.986,1.823,0.016,0.016,"Crustacean",0.021,0.09,"Penaeid spp","Decapoda","Penaeidae",1,0.021,NA,NA,NA
"202211071110-146",1,"Lutjanus synagris",73.71,92.16,10.26,9.874,0.001,0.001,"Arthropoda",0.001,0.05,"Amphipod spp","Amphipoda",NA,1,0.001,2.24,NA,NA
"202211071611-022",13,"Lutjanus synagris",36.16,44.72,1.095,1.013,0.006,0.006,"Crustacean",0.004,0.03,"Amphipod spp","Amphipoda",NA,2,0.002,NA,NA,NA
"202211071611-022",49,"Hypoplectrus puella",58.93,72.87,5.412,5.276,0.09,0.09,"Crustacean",0.061,0.29,"Amphipod spp","Amphipoda",NA,3,0.003,NA,NA,NA
"202211071611-022",49,"Hypoplectrus puella",58.93,72.87,5.412,5.276,0.09,0.09,"Crustacean",0.061,0.29,"Amphipod spp","Amphipoda",NA,1,0.004,NA,NA,NA
"202211071611-022",50,"Hypoplectrus puella",40.05,50.22,1.412,1.342,0.026,0.026,"Crustacean",0.026,0.2,"Amphipod spp","Amphipoda",NA,1,0.001,NA,NA,NA
"202211071611-022",48,"Hypoplectrus puella",52.82,63.91,3.572,3.41,0.049,0.049,"Crustacean",0.029,0.19,"Caridean spp","Decapoda",NA,1,0.003,NA,NA,NA
"202211071611-022",48,"Hypoplectrus puella",52.82,63.91,3.572,3.41,0.049,0.049,"Crustacean",0.029,0.19,"Caridean spp","Decapoda",NA,1,0.003,NA,NA,NA
"202211071611-022",49,"Hypoplectrus puella",58.93,72.87,5.412,5.276,0.09,0.09,"Crustacean",0.061,0.29,"Caridean spp","Decapoda",NA,7,0.029,NA,NA,NA
"202211071611-022",50,"Hypoplectrus puella",40.05,50.22,1.412,1.342,0.026,0.026,"Crustacean",0.026,0.2,"Caridean spp","Decapoda",NA,1,0.007,NA,NA,NA
"202211071611-022",50,"Hypoplectrus puella",40.05,50.22,1.412,1.342,0.026,0.026,"Crustacean",0.026,0.2,"Caridean spp","Decapoda",NA,2,0.003,NA,NA,NA
"202211071611-022",13,"Lutjanus synagris",36.16,44.72,1.095,1.013,0.006,0.006,"Crustacean",0.004,0.03,"Copepod spp",NA,NA,1,0.001,NA,NA,NA
"202211071611-022",14,"Lutjanus synagris",34.69,44.01,1.055,0.95,0.002,0.002,"Crustacean",0.001,0.01,"Copepod spp",NA,NA,1,0.001,NA,NA,NA
"202211071611-022",15,"Lutjanus synagris",20.84,26.16,0.225,0.18,0.026,0.026,"Crustacean",0.026,0.5,"Copepod spp",NA,NA,1245,0.026,NA,NA,NA
"202211071611-022",13,"Lutjanus synagris",36.16,44.72,1.095,1.013,0.006,0.006,"Crustacean",0.004,0.03,"Crustacean spp",NA,NA,1,0.001,NA,NA,NA
"202211071611-022",48,"Hypoplectrus puella",52.82,63.91,3.572,3.41,0.049,0.049,"Crustacean",0.029,0.19,"Hippolyte spp","Decapoda","Hippolytidae",1,0.003,NA,NA,NA
"202211071611-022",49,"Hypoplectrus puella",58.93,72.87,5.412,5.276,0.09,0.09,"Crustacean",0.061,0.29,"Isopod spp","Isopoda",NA,1,0.001,NA,NA,NA
"202211071611-022",48,"Hypoplectrus puella",52.82,63.91,3.572,3.41,0.049,0.049,"Crustacean",0.029,0.19,"Leander tenuicornis","Decapoda","Palaemonidae",1,0.005,8.92,NA,1.9
"202211071611-022",48,"Hypoplectrus puella",52.82,63.91,3.572,3.41,0.049,0.049,"Crustacean",0.029,0.19,"Latreutes fucorum","Decapoda","Hippolytidae",1,0.007,11.1,NA,NA
"202211071611-022",49,"Hypoplectrus puella",58.93,72.87,5.412,5.276,0.09,0.09,"Crustacean",0.061,0.29,"Latreutes fucorum","Decapoda","Hippolytidae",1,0.008,12.12,NA,NA
"202211071611-022",49,"Hypoplectrus puella",58.93,72.87,5.412,5.276,0.09,0.09,"Crustacean",0.061,0.29,"Latreutes fucorum","Decapoda","Hippolytidae",1,0.007,NA,NA,2.61
"202211071611-022",50,"Hypoplectrus puella",40.05,50.22,1.412,1.342,0.026,0.026,"Crustacean",0.026,0.2,"Latreutes fucorum","Decapoda","Hippolytidae",1,0.013,12.16,NA,3.1
"202211071611-022",10,"Lutjanus synagris",66.28,82.25,6.672,6.612,0,0,NA,0,0,NA,NA,NA,0,0,NA,NA,NA
"202211071611-022",48,"Hypoplectrus puella",52.82,63.91,3.572,3.41,0.049,0.049,"Crustacean",0.029,0.19,"Periclimenes iridescens","Decapoda","Palaemonidae",1,0.003,8.7,NA,1.48
"202211071611-022",48,"Hypoplectrus puella",52.82,63.91,3.572,3.41,0.049,0.049,"Crustacean",0.029,0.19,"Periclimenes iridescens","Decapoda","Palaemonidae",1,0.002,7.24,NA,1.37
"202211071611-022",49,"Hypoplectrus puella",58.93,72.87,5.412,5.276,0.09,0.09,"Crustacean",0.061,0.29,"Periclimenes iridescens","Decapoda","Palaemonidae",1,0.003,8.06,NA,1.82
"202211071611-022",49,"Hypoplectrus puella",58.93,72.87,5.412,5.276,0.09,0.09,"Crustacean",0.061,0.29,"Periclimenes iridescens","Decapoda","Palaemonidae",1,0.003,NA,NA,NA
"202211071611-022",49,"Hypoplectrus puella",58.93,72.87,5.412,5.276,0.09,0.09,"Crustacean",0.061,0.29,"Periclimenes iridescens","Decapoda","Palaemonidae",1,0.003,8,NA,1.79
"202211071611-022",11,"Lutjanus synagris",69.11,85.6,7.14,7.002,0.033,0.033,"Fish",0.033,0.1,"UNID Fish",NA,NA,1,0.033,NA,NA,NA
"202211071611-022",12,"Lutjanus synagris",55.53,68.3,4.109,3.905,0.003,0.003,"Misc",0.003,0.1,"UNID Misc",NA,NA,3,0.003,NA,NA,NA
"202211071611-022",13,"Lutjanus synagris",36.16,44.72,1.095,1.013,0.006,0.006,"Misc",0.003,0.01,"UNID Misc",NA,NA,1,0.003,NA,NA,NA
"202211071611-022",14,"Lutjanus synagris",34.69,44.01,1.055,0.95,0.002,0.002,"Misc",0.001,0.04,"UNID Misc",NA,NA,1,0.001,NA,NA,NA
"202211071611-022",48,"Hypoplectrus puella",52.82,63.91,3.572,3.41,0.049,0.049,"Misc",0.001,0.01,"UNID Misc",NA,NA,1,0.001,NA,NA,NA
"202211071611-022",49,"Hypoplectrus puella",58.93,72.87,5.412,5.276,0.09,0.09,"Misc",0.015,0.1,"UNID Misc",NA,NA,1,0.015,NA,NA,NA
"202211071611-022",48,"Hypoplectrus puella",52.82,63.91,3.572,3.41,0.049,0.049,"Crustacean",0.029,0.19,"Urocaris longicaudata","Decapoda","Palaemonidae",1,0.003,9.01,NA,1.87
"202305281523-239",112,"Cynoscion nebulosus",50.17,60.06,1.81,1.672,0.019,0.019,"Crustacean",0.019,0.05,"Caridean spp","Decapoda",NA,4,0.019,NA,NA,NA
"202305281535-240",109,"Cynoscion nebulosus",52.69,63.85,2.469,2.128,0.158,0.158,"Fish",0.045,0.15,"UN ID",NA,NA,1,0.045,NA,NA,NA
"202305281535-240",109,"Cynoscion nebulosus",52.69,63.85,2.469,2.128,0.158,0.158,"Mollusk",0.002,0.05,"UNID Mollusk",NA,NA,1,0.002,NA,NA,NA
"202305281535-240",109,"Cynoscion nebulosus",52.69,63.85,2.469,2.128,0.158,0.158,"Crustacean",0.11,0.15,"UNID Shrimp","Decapoda",NA,4,0.11,NA,NA,NA
"202305290854-168",111,"Lachnolaimus maximus",36.22,42.8,1.098,1.012,0,0,NA,NA,NA,NA,NA,NA,NA,NA,NA,NA,NA
"202305291143-024",110,"Cynoscion nebulosus",59.4,71.33,2.981,2.823,0.007,0.007,"Fish",0.007,0.05,"Gerreidae spp","Perciformes","Gerreidae",1,0.007,NA,NA,NA
"202305300922-146",107,"Haemulon sciurus",29.56,36.35,0.548,0.508,0,0,NA,NA,NA,NA,NA,NA,NA,NA,NA,NA,NA
"202305300922-146",117,"Haemulon sciurus",60.11,73.94,5.191,4.694,0.08,0.08,"Misc",0.08,0.1,"UN ID Misc",NA,NA,1,0.08,NA,NA,NA
"202306190936-143",105,"Cynoscion nebulosus",22.1,25.96,0.144,0.127,0,0,NA,NA,NA,NA,NA,NA,NA,NA,NA,NA,NA
"202306191119-022",135,"Calamus arctifrons",49.52,61.95,3.186,3.15,0,0,NA,NA,NA,NA,NA,NA,NA,NA,NA,NA,NA
"202306191200-105",106,"Cynoscion nebulosus",29.86,35.4,0.365,0.33,0.001,0.001,"Fish",0.001,0.05,"UN ID",NA,NA,1,0.001,NA,NA,NA
"202306191353-123",108,"Haemulon sciurus",22.82,26.43,0.179,0.161,0.001,0.001,"Arthropoda",0.001,0.05,"Amphipod spp","Amphipoda",NA,5,0.001,NA,NA,NA
"202306191353-123",94,"Haemulon sciurus",54.17,65.25,3.474,3.47,0,0,NA,NA,NA,NA,NA,NA,NA,NA,NA,NA,NA
"202306200702-070",116,"Lachnolaimus maximus",63.3,75.87,6.525,6.25,0,0,NA,NA,NA,NA,NA,NA,NA,NA,NA,NA,NA
"202306200742-146",23,"Haemulon sciurus",50.75,62.71,2.946,2.81,0.008,0.008,"Arthropoda",0.008,0.05,"Amphipod spp","Amphipoda",NA,10,0.008,NA,NA,NA
"202306200742-146",57,"Haemulon sciurus",58.66,71.62,5.038,4.856,0.019,0.019,"Arthropoda",0.001,0.01,"Amphipod spp","Amphipoda",NA,1,0.001,NA,NA,NA
"202306200742-146",57,"Haemulon sciurus",58.66,71.62,5.038,4.856,0.019,0.019,"Crustacean",0.009,0.04,"Caridean spp","Decapoda",NA,6,0.009,NA,NA,NA
"202306200742-146",57,"Haemulon sciurus",58.66,71.62,5.038,4.856,0.019,0.019,"Mollusk",0.001,0.01,"Mollusk spp",NA,NA,1,0.001,NA,NA,NA
"202306200742-146",103,"Cynoscion nebulosus",42.15,49.97,1.027,0.982,0,0,NA,NA,NA,NA,NA,NA,NA,NA,NA,NA,NA
"202306200742-146",57,"Haemulon sciurus",58.66,71.62,5.038,4.856,0.019,0.019,"Fish",0.008,0.04,"UN ID",NA,NA,1,0.008,NA,NA,NA
"202306200742-146",102,"Cynoscion nebulosus",38.29,46.85,0.793,0.731,0.002,0.002,"Crustacean",0.002,0.05,"UNID Shrimp","Decapoda",NA,1,0.002,NA,NA,NA
"202307150853-265",74,"Cynoscion nebulosus",39.81,49.08,0.846,0.76,0.014,0.014,"Crustacean",0.014,0.15,"Caridean spp","Decapoda",NA,1,0.003,NA,NA,NA
"202307150853-265",74,"Cynoscion nebulosus",39.81,49.08,0.846,0.76,0.014,0.014,"Crustacean",0.014,0.15,"Hippolyte spp","Decapoda","Hippolytidae",1,0.011,NA,NA,NA
"202307150905-278",69,"Cynoscion nebulosus",26.7,32.1,0.26,0.23,0.003,0.003,"Crustacean",0.003,0.05,"Caridean spp","Decapoda",NA,2,0.003,NA,NA,NA
"202307150929-267",25,"Cynoscion nebulosus",43.2,54.29,1.279,1.138,0.071,0.071,"Crustacean",0.071,0.14,"Caridean spp","Decapoda",NA,3,0.029,NA,NA,NA
"202307150929-267",25,"Cynoscion nebulosus",43.2,54.29,1.279,1.138,0.071,0.071,"Crustacean",0.071,0.14,"Thor spp","Decapoda","Thoridae",1,0.035,11.96,NA,4.6
"202307150929-267",25,"Cynoscion nebulosus",43.2,54.29,1.279,1.138,0.071,0.071,"Crustacean",0.071,0.14,"Thor spp","Decapoda","Thoridae",1,0.007,NA,NA,NA
"202307151833-241",114,"Calamus arctifrons",74.93,92.48,11.446,11.109,0.025,0.025,"Misc",0.019,0.05,"UN ID Misc",NA,NA,1,0.019,NA,NA,NA
"202307151833-241",115,"Calamus arctifrons",74.4,89.35,10.208,9.876,0.075,0.075,"Misc",0.059,0.025,"UN ID Misc",NA,NA,1,0.059,NA,NA,NA
"202307151833-241",114,"Calamus arctifrons",74.93,92.48,11.446,11.109,0.025,0.025,"Mollusk",0.006,0.05,"UNID Mollusk",NA,NA,10,0.006,NA,NA,NA
"202307151833-241",115,"Calamus arctifrons",74.4,89.35,10.208,9.876,0.075,0.075,"Mollusk",0.016,0.025,"UNID Mollusk",NA,NA,1,0.016,NA,NA,5.39
"202307160946-168",136,"Archosargus probatocephalus",68.17,84.66,9.625,9.491,0.021,0.021,"Misc",0.02,0.02,"Mush",NA,NA,2,0.006,NA,NA,NA
"202307160946-168",136,"Archosargus probatocephalus",68.17,84.66,9.625,9.491,0.021,0.021,"Misc",0.02,0.02,"Seagrass",NA,NA,33,0.014,NA,NA,NA
"202307160946-168",136,"Archosargus probatocephalus",68.17,84.66,9.625,9.491,0.021,0.021,"Mollusk",0.001,0.01,"Shells",NA,NA,5,0.001,NA,NA,NA
"202307161239-123",86,"Sphyraena barracuda",51.86,57.48,0.883,0.806,0.032,0.032,"Fish",0.032,0.1,"Lucania parva","Cyprinodontiformes","Fundulidae",1,0.032,NA,NA,NA
"202307161239-123",87,"Cynoscion nebulosus",46.24,55.69,1.319,1.091,0.035,0.035,"Fish",0.035,0.2,"Lucania parva","Cyprinodontiformes","Fundulidae",1,0.035,NA,NA,NA
"202307161441-136",83,"Cynoscion nebulosus",46.43,56.2,1.534,1.362,0.053,0.053,"Fish",0.053,0.2,"UN ID",NA,NA,1,0.053,NA,NA,NA
"202307161906-146",77,"Haemulon sciurus",59.12,69.55,4.71,4.53,0.008,0.008,"Arthropoda",0.008,0.1,"Amphipod spp","Amphipoda",NA,32,0.008,NA,NA,NA
"202307161906-146",78,"Haemulon sciurus",65.97,78.03,6.652,6.401,0.005,0.005,"Arthropoda",0.005,0.05,"Amphipod spp","Amphipoda",NA,14,0.005,NA,NA,NA
"202307161906-146",76,"Cynoscion nebulosus",32.86,40.51,0.571,0.485,0.037,0.037,"Fish",0.037,0.15,"UN ID",NA,NA,1,0.037,NA,NA,NA
"202307161927-133",70,"Cynoscion nebulosus",73.59,88.14,5.78,5.418,0,0,NA,NA,NA,NA,NA,NA,NA,NA,NA,NA,NA
"202308120959-609",92,"Cynoscion nebulosus",42.36,52.06,1.183,1.067,0.021,0.021,"Crustacean",0.021,0.1,"Caridean spp","Decapoda",NA,3,0.021,NA,NA,NA
"202308120959-609",93,"Cynoscion nebulosus",50.23,60.76,2.339,1.912,0.299,0.299,"Crustacean",0.219,0.7,"Caridean spp","Decapoda",NA,9,0.1,NA,NA,NA
"202308120959-609",93,"Cynoscion nebulosus",50.23,60.76,2.339,1.912,0.299,0.299,"Fish",0.08,0.25,"Microgobius gulosus","Gobiiformes","Gobiidae",1,0.08,NA,NA,NA
"202308120959-609",93,"Cynoscion nebulosus",50.23,60.76,2.339,1.912,0.299,0.299,"Crustacean",0.219,0.7,"Thor spp","Decapoda","Thoridae",1,0.003,NA,NA,NA
"202308120959-609",93,"Cynoscion nebulosus",50.23,60.76,2.339,1.912,0.299,0.299,"Crustacean",0.219,0.7,"Thor spp","Decapoda","Thoridae",1,0.021,11.47,NA,2.65
"202308120959-609",93,"Cynoscion nebulosus",50.23,60.76,2.339,1.912,0.299,0.299,"Crustacean",0.219,0.7,"Thor spp","Decapoda","Thoridae",1,0.015,11.22,NA,2.31
"202308121038-302",95,"Cynoscion nebulosus",23.98,28.84,0.181,0.165,0,0,NA,NA,NA,NA,NA,NA,NA,NA,NA,NA,NA
"202308131018-266",22,"Cynoscion nebulosus",35.78,44.95,0.678,0.619,0.109,0.109,"Crustacean",0.009,0.2,"Hippolyte zostericola","Decapoda","Hippolytidae",1,0.009,NA,NA,NA
"202308131018-266",6,"Sphyraena barracuda",67.81,77.62,2.217,2.081,0.071,0.071,"Fish",0.071,0.3,"Lucania parva","Cyprinodontiformes","Fundulidae",1,0.041,NA,NA,NA
"202308131018-266",6,"Sphyraena barracuda",67.81,77.62,2.217,2.081,0.071,0.071,"Fish",0.071,0.3,"Lucania parva","Cyprinodontiformes","Fundulidae",1,0.033,NA,NA,NA
"202308131018-266",22,"Cynoscion nebulosus",35.78,44.95,0.678,0.619,0.109,0.109,"Fish",0.1,0.3,"Lucania parva","Cyprinodontiformes","Fundulidae",1,0.1,9.88,7.92,NA
"202308131045-278",130,"Cynoscion nebulosus",22.9,27.41,0.182,0.132,0.022,0.022,"Misc",0.001,0.001,"Seagrass",NA,NA,1,0.001,NA,NA,NA
"202308131045-278",129,"Cynoscion nebulosus",22.48,27.07,0.17,0.138,0.01,0.01,"Fish",0.01,0.025,"UNID Fish",NA,NA,1,0.01,NA,NA,NA
"202308131045-278",130,"Cynoscion nebulosus",22.9,27.41,0.182,0.132,0.022,0.022,"Fish",0.021,0.099,"UNID Fish",NA,NA,1,0.021,NA,NA,NA
"202308131045-278",131,"Cynoscion nebulosus",24.26,27.72,0.174,0.151,0.005,0.005,"Fish",0.005,0.025,"UNID Fish",NA,NA,1,0.005,NA,NA,NA
"202308131045-278",132,"Cynoscion nebulosus",23.81,29.07,0.194,0.164,0.006,0.006,"Fish",0.006,0.025,"UNID Fish",NA,NA,1,0.006,NA,NA,NA
"202308131045-278",133,"Cynoscion nebulosus",24.62,29.53,0.224,0.184,0.007,0.007,"Fish",0.007,0.025,"UNID Fish",NA,NA,1,0.007,NA,NA,NA
"202308131059-265",96,"Cynoscion nebulosus",18.09,21.07,0.079,0.065,0.001,0.001,"Crustacean",0.001,0.05,"Caridean spp","Decapoda",NA,1,0.001,NA,NA,NA
"202308131059-265",97,"Cynoscion nebulosus",19.37,23.41,0.122,0.1,0.003,0.003,"Fish",0.003,0.05,"UN ID",NA,NA,1,0.003,NA,NA,NA
"202308131113-280",68,"Cynoscion nebulosus",20.72,24.26,0.113,0.096,0,0,NA,NA,NA,NA,NA,NA,NA,NA,NA,NA,NA
"202308131131-241",31,"Sphyraena barracuda",67.33,76.8,1.882,1.742,0.024,0.024,"Fish",0.024,0.1,"UN ID",NA,NA,1,0.024,NA,NA,NA
"202308131131-241",32,"Sphyraena barracuda",66.38,77,1.832,1.716,0.026,0.026,"Fish",0.026,0.1,"UN ID",NA,NA,1,0.026,NA,NA,NA
"202308131131-241",134,"Cynoscion nebulosus",22.16,27.61,0.176,0.144,0.002,0.002,"Fish",0.002,0.025,"UN ID Mush",NA,NA,1,0.001,NA,NA,NA
"202308131131-241",134,"Cynoscion nebulosus",22.16,27.61,0.176,0.144,0.002,0.002,"Fish",0.002,0.025,"UNID Fish",NA,NA,2,0.001,NA,NA,NA
"202308131207-240",72,"Cynoscion nebulosus",20.46,24.11,0.12,0.105,0,0,NA,NA,NA,NA,NA,NA,NA,NA,NA,NA,NA
"202308131343-224",75,"Cynoscion nebulosus",25.55,31.43,0.244,0.207,0,0,NA,NA,NA,NA,NA,NA,NA,NA,NA,NA,NA
"202308131522-270",29,"Sphyraena barracuda",63.69,72.8,1.723,1.534,0.091,0.091,"Fish",0.091,0.15,"Microgobius gulosus","Gobiiformes","Gobiidae",1,0.091,25.85,21.07,NA
"202308131522-270",30,"Sphyraena barracuda",62.74,70.78,1.449,1.3,0.015,0.015,"Fish",0.015,0.1,"UN ID",NA,NA,1,0.015,NA,NA,NA
"202308131730-237",101,"Cynoscion nebulosus",28.13,33.06,0.315,0.248,0.029,0.029,"Fish",0.029,0.2,"UNID Fish",NA,NA,1,0.029,NA,NA,NA
"202308140821-167",81,"Cynoscion nebulosus",21.16,24.58,0.147,0.11,0.009,0.009,"Crustacean",0.009,0.1,"Hippolyte spp","Decapoda","Hippolytidae",1,0.009,NA,NA,NA
"202308140821-167",80,"Cynoscion nebulosus",17.49,21.05,0.066,0.066,0,0,NA,NA,NA,NA,NA,NA,NA,NA,NA,NA,NA
"202308140848-176",85,"Cynoscion nebulosus",68.7,81.62,4.748,4.406,0.123,0.123,"Fish",0.123,0.25,"Lucania parva","Cyprinodontiformes","Fundulidae",1,0.077,NA,NA,NA
"202308140848-176",84,"Cynoscion nebulosus",40.14,49.65,1.005,0.937,0.002,0.002,"Misc",0.002,0.05,"UN ID",NA,NA,1,0.002,NA,NA,NA
"202308140848-176",85,"Cynoscion nebulosus",68.7,81.62,4.748,4.406,0.123,0.123,"Fish",0.123,0.25,"UN ID",NA,NA,1,0.042,NA,NA,NA
"202308140937-168",64,"Cynoscion nebulosus",36.91,46.41,0.772,0.72,0,0,NA,NA,NA,NA,NA,NA,NA,NA,NA,NA,NA
"202308140937-168",65,"Lutjanus synagris",38.74,48.28,1.673,1.545,0.016,0.016,"Fish",0.016,0.1,"UN ID",NA,NA,1,0.016,NA,NA,NA
"202308140937-168",66,"Lutjanus synagris",47.39,57.09,2.37,2.209,0.022,0.022,"Fish",0.016,0.05,"UNID Fish",NA,NA,1,0.016,NA,NA,NA
"202308140937-168",62,"Cynoscion nebulosus",20.1,24.77,0.116,0.102,0.002,0.002,"Crustacean",0.002,0.05,"UNID Shrimp","Decapoda",NA,2,0.002,NA,NA,NA
"202308140937-168",63,"Cynoscion nebulosus",34.66,40.5,0.525,0.478,0.001,0.001,"Crustacean",0.001,0.05,"UNID Shrimp","Decapoda",NA,1,0.001,NA,NA,NA
"202308140937-168",66,"Lutjanus synagris",47.39,57.09,2.37,2.209,0.022,0.022,"Crustacean",0.006,0.05,"UNID Shrimp","Decapoda",NA,1,0.006,NA,NA,NA
"202308141022-143",71,"Cynoscion nebulosus",25.51,31.11,0.226,0.206,0,0,NA,NA,NA,NA,NA,NA,NA,NA,NA,NA,NA
"202308141601-022",24,"Lutjanus synagris",43.68,53.03,1.895,1.724,0.019,0.019,"Arthropoda",0.019,0.05,"Amphipod spp","Amphipoda",NA,15,0.019,NA,NA,NA
"202308141624-105",104,"Cynoscion nebulosus",74.4,88.36,6.274,5.906,0.133,0.133,"Fish",0.133,0.5,"UN ID",NA,NA,1,0.133,NA,NA,NA
"202308141701-123",26,"Cynoscion nebulosus",58.54,71.04,3.133,2.925,0.091,0.091,"Fish",0.091,0.2,"Lucania parva","Cyprinodontiformes","Fundulidae",1,0.091,19.87,16.43,NA
"202308141800-146",91,"Sphyraena barracuda",57.09,66.03,1.425,1.327,0.026,0.026,"Fish",0.026,0.15,"Lucania parva","Cyprinodontiformes","Fundulidae",1,0.012,NA,NA,NA
"202308141800-146",79,"Cynoscion nebulosus",16.65,19.02,0.056,0.041,0,0,NA,NA,NA,NA,NA,NA,NA,NA,NA,NA,NA
"202308141800-146",90,"Cynoscion nebulosus",36.59,44.26,0.708,0.658,0,0,NA,NA,NA,NA,NA,NA,NA,NA,NA,NA,NA
"202308141800-146",89,"Cynoscion nebulosus",27.95,32.89,0.301,0.273,0.004,0.004,"Fish",0.004,0.05,"UN ID",NA,NA,1,0.004,NA,NA,NA
"202308141800-146",91,"Sphyraena barracuda",57.09,66.03,1.425,1.327,0.026,0.026,"Fish",0.026,0.15,"UN ID",NA,NA,1,0.008,NA,NA,NA
"202309090900-291",98,"Cynoscion nebulosus",23.55,27.42,0.194,0.165,0.004,0.004,"Crustacean",0.004,0.05,"Caridean spp","Decapoda",NA,2,0.004,NA,NA,NA
"202309090900-291",99,"Cynoscion nebulosus",43.01,53.7,1.339,1.186,0.018,0.018,"Crustacean",0.018,0.1,"Caridean spp","Decapoda",NA,3,0.018,NA,NA,NA
"202309090900-291",100,"Cynoscion nebulosus",68.91,88.27,5.166,4.971,0.012,0.012,"Crustacean",0.012,0.05,"UNID Shrimp","Decapoda",NA,1,0.012,NA,NA,NA
"202309090910-290",36,"Cynoscion nebulosus",59.61,72.26,3.557,3.195,0.25,0.25,"Crustacean",0.25,1,"Caridean spp","Decapoda",NA,12,0.134,NA,NA,NA
"202309090910-290",36,"Cynoscion nebulosus",59.61,72.26,3.557,3.195,0.25,0.25,"Crustacean",0.25,1,"Thor spp","Decapoda","Thoridae",1,0.024,11.78,NA,2.29
"202309090910-290",36,"Cynoscion nebulosus",59.61,72.26,3.557,3.195,0.25,0.25,"Crustacean",0.25,1,"Thor spp","Decapoda","Thoridae",1,0.023,NA,NA,2.46
"202309090910-290",36,"Cynoscion nebulosus",59.61,72.26,3.557,3.195,0.25,0.25,"Crustacean",0.25,1,"Thor spp","Decapoda","Thoridae",1,0.007,8.97,NA,NA
"202309090910-290",36,"Cynoscion nebulosus",59.61,72.26,3.557,3.195,0.25,0.25,"Crustacean",0.25,1,"Thor spp","Decapoda","Thoridae",1,0.016,9.98,NA,2.3
"202309090910-290",36,"Cynoscion nebulosus",59.61,72.26,3.557,3.195,0.25,0.25,"Crustacean",0.25,1,"Thor spp","Decapoda","Thoridae",1,0.024,11.75,NA,2.47
"202309090910-290",36,"Cynoscion nebulosus",59.61,72.26,3.557,3.195,0.25,0.25,"Crustacean",0.25,1,"Thor spp","Decapoda","Thoridae",1,0.022,11.21,NA,2.55
"202309090920-609",34,"Cynoscion nebulosus",30.9,37.83,0.457,0.404,0.006,0.006,"Crustacean",0.004,0.025,"Caridean spp","Decapoda",NA,2,0.004,NA,NA,NA
"202309090920-609",35,"Cynoscion nebulosus",69.55,82.24,4.537,4.347,0.214,0.214,"Crustacean",0.214,0.1,"Caridean spp","Decapoda",NA,6,0.044,NA,NA,NA
"202309090920-609",35,"Cynoscion nebulosus",69.55,82.24,4.537,4.347,0.214,0.214,"Crustacean",0.214,0.1,"Thor spp","Decapoda","Thoridae",1,0.017,NA,NA,NA
"202309090920-609",34,"Cynoscion nebulosus",30.9,37.83,0.457,0.404,0.006,0.006,"Fish",0.002,0.025,"UN ID",NA,NA,3,0.002,NA,NA,NA
"202309091047-313",33,"Cynoscion nebulosus",45.48,54.56,1.62,1.49,0.07,0.07,"Crustacean",0.07,0.15,"Caridean spp","Decapoda",NA,13,0.07,NA,NA,NA
"202309091101-323",12,"Cynoscion nebulosus",75.79,88.39,8.137,7.472,0.149,0.149,"Crustacean",0.01,0.03,"Penaeid spp","Decapoda","Penaeidae",4,0.009,NA,NA,NA
"202309091101-323",11,"Cynoscion nebulosus",57.71,67.08,3.015,2.889,0.057,0.057,"Arthropoda",0.001,0.01,"UN ID",NA,NA,1,0.001,NA,NA,NA
"202309091101-323",12,"Cynoscion nebulosus",75.79,88.39,8.137,7.472,0.149,0.149,"Fish",0.14,0.1,"UN ID",NA,NA,1,0.14,NA,NA,NA
"202309091101-323",12,"Cynoscion nebulosus",75.79,88.39,8.137,7.472,0.149,0.149,"Crustacean",0.01,0.03,"UN ID",NA,NA,1,0.001,NA,NA,NA
"202309091101-323",10,"Cynoscion nebulosus",44.88,54.14,1.45,1.37,0.05,0.05,"Crustacean",0.05,0.01,"UN ID Caridean","Decapoda",NA,7,0.05,NA,NA,NA
"202309091101-323",11,"Cynoscion nebulosus",57.71,67.08,3.015,2.889,0.057,0.057,"Crustacean",0.056,0.05,"UN ID Caridean","Decapoda",NA,13,0.056,NA,NA,NA
"202309091139-401",44,"Cynoscion nebulosus",69.68,83.37,5.478,5.115,0.059,0.059,"Crustacean",0.059,0.1,"Caridean spp","Decapoda",NA,12,0.059,NA,NA,NA
"202309091214-621",125,"Cynoscion nebulosus",52.6,63.73,2.261,2.127,0.02,0.02,"Crustacean",0.02,0.1,"Caridean spp","Decapoda",NA,3,0.013,NA,NA,NA
"202309091214-621",125,"Cynoscion nebulosus",52.6,63.73,2.261,2.127,0.02,0.02,"Crustacean",0.02,0.1,"Hippolyte zostericola","Decapoda","Hippolytidae",1,0.007,NA,NA,NA
"202309091222-622",40,"Cynoscion nebulosus",71.91,86.8,5.321,4.964,0.094,0.094,"Crustacean",0.048,0.03,"Caridean spp","Decapoda",NA,9,0.048,NA,NA,NA
"202309091222-622",40,"Cynoscion nebulosus",71.91,86.8,5.321,4.964,0.094,0.094,"Fish",0.046,0.05,"UN ID",NA,NA,1,0.046,NA,NA,NA
"202309091252-402",4,"Lutjanus griseus",71.66,85.38,9.394,8.959,0,0,NA,NA,NA,NA,NA,NA,0,NA,NA,NA,NA
"202309091503-270",7,"Sphyraena barracuda",54.97,62.06,1.088,0.961,0.046,0.046,"Fish",0.046,0.2,"Gobiidae spp","Gobiiformes","Gobiidae",1,0.024,NA,NA,NA
"202309091503-270",8,"Sphyraena barracuda",80.77,92.53,3.503,3.42,0.024,0.024,"Fish",0.024,0.1,"Lucania parva","Cyprinodontiformes","Fundulidae",1,0.024,NA,NA,NA
"202309091503-270",7,"Sphyraena barracuda",54.97,62.06,1.088,0.961,0.046,0.046,"Fish",0.046,0.2,"UN ID",NA,NA,1,0.016,NA,NA,NA
"202309091503-270",7,"Sphyraena barracuda",54.97,62.06,1.088,0.961,0.046,0.046,"Fish",0.046,0.2,"UN ID",NA,NA,1,0.006,NA,NA,NA
"202309091516-284",50,"Cynoscion nebulosus",51.38,61.52,2.045,1.952,0.011,0.011,"Crustacean",0.011,0.05,"Caridean spp","Decapoda",NA,2,0.011,NA,NA,NA
"202309091606-268",45,"Cynoscion nebulosus",68.41,81.29,4.986,4.781,0,0,NA,NA,NA,NA,NA,NA,NA,NA,NA,NA,NA
"202309091748-241",3,"Lutjanus synagris",64.15,79.17,6.687,6.338,0.013,0.013,"Crustacean",0.013,0.04,"Caridean spp","Decapoda",NA,1,0.002,NA,NA,NA
"202309091748-241",3,"Lutjanus synagris",64.15,79.17,6.687,6.338,0.013,0.013,"Crustacean",0.013,0.04,"Hippolyte zostericola","Decapoda","Hippolytidae",1,0.011,11.76,NA,3.9
"202309091748-241",126,"Cynoscion nebulosus",20.36,22.24,0.117,0.099,0,0,NA,NA,NA,NA,NA,NA,NA,NA,NA,NA,NA
"202309091748-241",127,"Cynoscion nebulosus",21.7,25.76,0.126,0.109,0,0,NA,NA,NA,NA,NA,NA,NA,NA,NA,NA,NA
"202309091748-241",128,"Cynoscion nebulosus",27.74,33.59,0.261,0.232,0,0,NA,NA,NA,NA,NA,NA,NA,NA,NA,NA,NA
"202309091811-255",41,"Cynoscion nebulosus",20,24.38,0.106,0.102,0,0,NA,NA,NA,NA,NA,NA,NA,NA,NA,NA,NA
"202309091819-240",42,"Cynoscion nebulosus",23.64,29.05,0.165,0.147,0,0,NA,NA,NA,NA,NA,NA,NA,NA,NA,NA,NA
"202309100837-070",88,"Lutjanus synagris",21.16,25.12,0.208,0.199,0.002,0.002,"Crustacean",0.002,0.05,"Caridean spp","Decapoda",NA,4,0.002,NA,NA,NA
"202309101044-168",52,"Lutjanus synagris",57.64,70.37,4.217,4.128,0.009,0.009,"Crustacean",0.009,0.05,"Caridean spp","Decapoda",NA,1,0.009,NA,NA,NA
"202309101044-168",54,"Lutjanus synagris",60.44,73.37,4.641,4.409,0.05,0.05,"Crustacean",0.05,0.2,"Caridean spp","Decapoda",NA,3,0.05,NA,NA,NA
"202309101044-168",56,"Lutjanus synagris",61.55,74.13,4.845,4.508,0.006,0.006,"Crustacean",0.006,0.05,"Caridean spp","Decapoda",NA,2,0.006,NA,NA,NA
"202309101044-168",53,"Lutjanus synagris",68.53,82.29,6.331,5.968,0.014,0.014,"Crustacean",0.002,0.05,"Thor spp","Decapoda","Thoridae",1,0.002,NA,NA,NA
"202309101044-168",53,"Lutjanus synagris",68.53,82.29,6.331,5.968,0.014,0.014,"Fish",0.011,0.05,"UN ID",NA,NA,1,0.011,NA,NA,NA
"202309101044-168",55,"Lutjanus synagris",66.2,81.56,6.74,6.308,0.189,0.189,"Fish",0.189,0.25,"UN ID",NA,NA,1,0.189,NA,NA,NA
"202309101119-176",37,"Cynoscion nebulosus",50.42,60.68,1.798,1.71,0.013,0.013,"Fish",0.013,0.1,"Lucania parva","Cyprinodontiformes","Fundulidae",1,0.008,NA,NA,NA
"202309101119-176",37,"Cynoscion nebulosus",50.42,60.68,1.798,1.71,0.013,0.013,"Fish",0.013,0.1,"UN ID",NA,NA,1,0.005,NA,NA,NA
"202309101232-265",113,"Cynoscion nebulosus",54.29,66.11,2.314,2.207,0.021,0.021,"Fish",0.021,0.1,"UN ID",NA,NA,1,0.021,NA,NA,NA
"202309101431-146",5,"Sphyraena barracuda",73.12,82.26,2.761,2.449,0.123,0.123,"Fish",0.123,0.27,"Lucania parva","Cyprinodontiformes","Fundulidae",1,0.104,21.95,18.6,NA
"202309101431-146",5,"Sphyraena barracuda",73.12,82.26,2.761,2.449,0.123,0.123,"Fish",0.123,0.27,"Lucania parva","Cyprinodontiformes","Fundulidae",1,0.016,NA,NA,NA
"202309101431-146",5,"Sphyraena barracuda",73.12,82.26,2.761,2.449,0.123,0.123,"Fish",0.123,0.27,"UN ID",NA,NA,1,0.003,NA,NA,NA
"202309101617-022",67,"Cynoscion nebulosus",33.81,42.26,0.642,0.542,0.036,0.036,"Crustacean",0.036,0.3,"Caridean spp","Decapoda",NA,2,0.036,NA,NA,NA
"202310070854-304",43,"Cynoscion nebulosus",54.73,67.35,2.554,2.424,0.079,0.079,"Crustacean",0.07,0.3,"Caridean spp","Decapoda",NA,7,0.051,NA,NA,NA
"202310070854-304",43,"Cynoscion nebulosus",54.73,67.35,2.554,2.424,0.079,0.079,"Crustacean",0.07,0.3,"Hippolyte spp","Decapoda","Hippolytidae",2,0.016,NA,NA,NA
"202310070854-304",43,"Cynoscion nebulosus",54.73,67.35,2.554,2.424,0.079,0.079,"Crustacean",0.07,0.3,"Thor spp","Decapoda","Thoridae",1,0.003,NA,NA,NA
"202310071047-618",2,"Lutjanus griseus",69.96,85.35,9.061,8.608,0.03,0.03,"Crustacean",0.022,0.02,"Mysida spp","Mysida",NA,1,0.001,NA,NA,NA
"202310071047-618",2,"Lutjanus griseus",69.96,85.35,9.061,8.608,0.03,0.03,"Crustacean",0.022,0.02,"Thor manningi","Decapoda","Thoridae",1,0.021,NA,NA,2.91
"202310071047-618",2,"Lutjanus griseus",69.96,85.35,9.061,8.608,0.03,0.03,"Fish",0.008,0.01,"UN ID",NA,NA,1,0.008,NA,NA,NA
"202310071211-407",123,"Cynoscion nebulosus",39.86,47.42,0.772,0.743,0.001,0.001,"Fish",0.001,0.025,"UNID Fish",NA,NA,1,0.001,NA,NA,NA
"202310071707-281",13,"Cynoscion nebulosus",71.78,83.27,5.329,5.163,0.011,0.011,"Crustacean",0.011,0.01,"Caridean spp","Decapoda",NA,1,0.011,NA,NA,NA
"202310071707-281",14,"Cynoscion nebulosus",53.7,63.74,1.974,1.927,0.008,0.008,"Crustacean",0.008,0.05,"Hippolyte zostericola","Decapoda","Hippolytidae",1,0.008,NA,NA,NA
"202310071707-281",58,"Cynoscion nebulosus",47.45,57.52,1.787,1.679,0.016,0.016,"Crustacean",0.016,0.1,"Hippolyte zostericola","Decapoda","Hippolytidae",1,0.016,12.2,NA,3.26
"202310071707-281",17,"Cynoscion nebulosus",53.96,65.33,2.304,2.269,0,0,NA,NA,NA,NA,NA,NA,NA,NA,NA,NA,NA
"202310071707-281",18,"Cynoscion nebulosus",53.58,63.96,2.208,2.166,0,0,NA,NA,NA,NA,NA,NA,NA,NA,NA,NA,NA
"202310071707-281",16,"Cynoscion nebulosus",58.61,69.47,2.826,2.701,0.035,0.035,"Crustacean",0.035,0.1,"Penaeid spp","Decapoda","Penaeidae",2,0.023,NA,NA,NA
"202310071707-281",15,"Cynoscion nebulosus",61.71,73.8,3.401,3.207,0.04,0.04,"Crustacean",0.04,0.1,"Thor manningi","Decapoda","Thoridae",1,0.04,13.71,NA,4.12
"202310071707-281",59,"Cynoscion nebulosus",74.9,88.61,6.594,6.498,0.003,0.003,"Crustacean",0.003,0.05,"UN ID",NA,NA,1,0.003,NA,NA,NA
"202310071707-281",16,"Cynoscion nebulosus",58.61,69.47,2.826,2.701,0.035,0.035,"Crustacean",0.035,0.1,"UNID Crustacean",NA,NA,1,0.016,NA,NA,NA
"202310071730-280",46,"Cynoscion nebulosus",54.16,64.55,2.306,2.086,0,0,NA,NA,NA,NA,NA,NA,NA,NA,NA,NA,NA
"202310071730-280",47,"Cynoscion nebulosus",65.57,77.82,4.36,4.298,0,0,NA,NA,NA,NA,NA,NA,NA,NA,NA,NA,NA
"202310080803-265",38,"Cynoscion nebulosus",63.36,74.26,3.718,3.429,0.019,0.019,"Arthropoda",0.001,0.02,"Amphipod spp","Amphipoda",NA,1,0.001,NA,NA,NA
"202310080803-265",39,"Cynoscion nebulosus",59.7,70.35,3.406,3.066,0.154,0.154,"Crustacean",0.154,0.3,"Amphipod spp","Amphipoda",NA,4,0.003,NA,NA,NA
"202310080803-265",38,"Cynoscion nebulosus",63.36,74.26,3.718,3.429,0.019,0.019,"Crustacean",0.014,0.1,"Caridean spp","Decapoda",NA,3,0.014,NA,NA,NA
"202310080803-265",39,"Cynoscion nebulosus",59.7,70.35,3.406,3.066,0.154,0.154,"Crustacean",0.154,0.3,"Caridean spp","Decapoda",NA,10,0.04,NA,NA,NA
"202310080803-265",39,"Cynoscion nebulosus",59.7,70.35,3.406,3.066,0.154,0.154,"Crustacean",0.154,0.3,"Caridean spp","Decapoda",NA,1,0.028,NA,NA,2.59
"202310080803-265",39,"Cynoscion nebulosus",59.7,70.35,3.406,3.066,0.154,0.154,"Crustacean",0.154,0.3,"Caridean spp","Decapoda",NA,1,0.004,NA,NA,1.72
"202310080803-265",39,"Cynoscion nebulosus",59.7,70.35,3.406,3.066,0.154,0.154,"Crustacean",0.154,0.3,"Hippolyte zostericola","Decapoda","Hippolytidae",2,0.015,NA,NA,NA
"202310080803-265",39,"Cynoscion nebulosus",59.7,70.35,3.406,3.066,0.154,0.154,"Crustacean",0.154,0.3,"Hippolyte zostericola","Decapoda","Hippolytidae",1,0.013,NA,NA,2.43
"202310080803-265",39,"Cynoscion nebulosus",59.7,70.35,3.406,3.066,0.154,0.154,"Crustacean",0.154,0.3,"Hippolyte zostericola","Decapoda","Hippolytidae",1,0.01,NA,NA,2.82
"202310080803-265",39,"Cynoscion nebulosus",59.7,70.35,3.406,3.066,0.154,0.154,"Crustacean",0.154,0.3,"Hippolyte zostericola","Decapoda","Hippolytidae",1,0.014,13.36,NA,2.35
"202310080803-265",39,"Cynoscion nebulosus",59.7,70.35,3.406,3.066,0.154,0.154,"Crustacean",0.154,0.3,"Thor spp","Decapoda","Thoridae",1,0.027,12.64,NA,2.61
"202310080803-265",38,"Cynoscion nebulosus",63.36,74.26,3.718,3.429,0.019,0.019,"Fish",0.004,0.03,"UN ID",NA,NA,1,0.004,NA,NA,NA
"202310080830-266",28,"Cynoscion nebulosus",64.26,77.73,4.916,4.317,0.281,0.281,"Arthropoda",0.001,0.001,"Amphipod spp","Amphipoda",NA,1,0.001,NA,NA,NA
"202310080830-266",27,"Cynoscion nebulosus",57.96,69.62,3.61,2.927,0.363,0.363,"Crustacean",0.294,1.2,"Caridean spp","Decapoda",NA,13,0.047,NA,NA,NA
"202310080830-266",28,"Cynoscion nebulosus",64.26,77.73,4.916,4.317,0.281,0.281,"Crustacean",0.28,1.399,"Caridean spp","Decapoda",NA,9,0.089,NA,NA,NA
"202310080830-266",28,"Cynoscion nebulosus",64.26,77.73,4.916,4.317,0.281,0.281,"Crustacean",0.28,1.399,"Hippolyte spp","Decapoda","Hippolytidae",3,0.04,NA,NA,NA
"202310080830-266",27,"Cynoscion nebulosus",57.96,69.62,3.61,2.927,0.363,0.363,"Crustacean",0.294,1.2,"Hippolyte zostericola","Decapoda","Hippolytidae",1,0.013,11.79,NA,2.17
"202310080830-266",27,"Cynoscion nebulosus",57.96,69.62,3.61,2.927,0.363,0.363,"Crustacean",0.294,1.2,"Hippolyte zostericola","Decapoda","Hippolytidae",1,0.016,NA,NA,2.38
"202310080830-266",28,"Cynoscion nebulosus",64.26,77.73,4.916,4.317,0.281,0.281,"Crustacean",0.28,1.399,"Hippolyte zostericola","Decapoda","Hippolytidae",1,0.008,10.99,NA,NA
"202310080830-266",28,"Cynoscion nebulosus",64.26,77.73,4.916,4.317,0.281,0.281,"Crustacean",0.28,1.399,"Hippolyte zostericola","Decapoda","Hippolytidae",1,0.012,11.86,NA,NA
"202310080830-266",28,"Cynoscion nebulosus",64.26,77.73,4.916,4.317,0.281,0.281,"Crustacean",0.28,1.399,"Hippolyte zostericola","Decapoda","Hippolytidae",2,0.019,NA,NA,NA
"202310080830-266",27,"Cynoscion nebulosus",57.96,69.62,3.61,2.927,0.363,0.363,"Crustacean",0.294,1.2,"Thor manningi","Decapoda","Thoridae",1,0.027,11.36,NA,2.23
"202310080830-266",27,"Cynoscion nebulosus",57.96,69.62,3.61,2.927,0.363,0.363,"Crustacean",0.294,1.2,"Thor manningi","Decapoda","Thoridae",1,0.031,11.61,NA,2.21
"202310080830-266",27,"Cynoscion nebulosus",57.96,69.62,3.61,2.927,0.363,0.363,"Crustacean",0.294,1.2,"Thor manningi","Decapoda","Thoridae",1,0.042,13.11,NA,2.46
"202310080830-266",27,"Cynoscion nebulosus",57.96,69.62,3.61,2.927,0.363,0.363,"Crustacean",0.294,1.2,"Thor manningi","Decapoda","Thoridae",1,0.034,12.06,NA,2.5
"202310080830-266",27,"Cynoscion nebulosus",57.96,69.62,3.61,2.927,0.363,0.363,"Crustacean",0.294,1.2,"Thor manningi","Decapoda","Thoridae",1,0.022,11,NA,2.25
"202310080830-266",27,"Cynoscion nebulosus",57.96,69.62,3.61,2.927,0.363,0.363,"Crustacean",0.294,1.2,"Thor spp","Decapoda","Thoridae",1,0.004,6.78,NA,1.33
"202310080830-266",27,"Cynoscion nebulosus",57.96,69.62,3.61,2.927,0.363,0.363,"Crustacean",0.294,1.2,"Thor spp","Decapoda","Thoridae",1,0.009,8.67,NA,1.42
"202310080830-266",27,"Cynoscion nebulosus",57.96,69.62,3.61,2.927,0.363,0.363,"Crustacean",0.294,1.2,"Thor spp","Decapoda","Thoridae",1,0.005,7.15,NA,1.43
"202310080830-266",27,"Cynoscion nebulosus",57.96,69.62,3.61,2.927,0.363,0.363,"Crustacean",0.294,1.2,"Thor spp","Decapoda","Thoridae",1,0.002,4.66,NA,1.08
"202310080830-266",27,"Cynoscion nebulosus",57.96,69.62,3.61,2.927,0.363,0.363,"Crustacean",0.294,1.2,"Thor spp","Decapoda","Thoridae",1,0.005,NA,NA,1.21
"202310080830-266",27,"Cynoscion nebulosus",57.96,69.62,3.61,2.927,0.363,0.363,"Crustacean",0.294,1.2,"Thor spp","Decapoda","Thoridae",1,0.012,9.31,NA,2.18
"202310080830-266",27,"Cynoscion nebulosus",57.96,69.62,3.61,2.927,0.363,0.363,"Crustacean",0.294,1.2,"Thor spp","Decapoda","Thoridae",1,0.017,10.5,NA,1.81
"202310080830-266",27,"Cynoscion nebulosus",57.96,69.62,3.61,2.927,0.363,0.363,"Crustacean",0.294,1.2,"Thor spp","Decapoda","Thoridae",1,0.008,9.42,NA,1.79
"202310080830-266",28,"Cynoscion nebulosus",64.26,77.73,4.916,4.317,0.281,0.281,"Crustacean",0.28,1.399,"Thor spp","Decapoda","Thoridae",1,0.015,NA,NA,NA
"202310080830-266",28,"Cynoscion nebulosus",64.26,77.73,4.916,4.317,0.281,0.281,"Crustacean",0.28,1.399,"Thor spp","Decapoda","Thoridae",1,0.024,11.06,NA,3.1
"202310080830-266",28,"Cynoscion nebulosus",64.26,77.73,4.916,4.317,0.281,0.281,"Crustacean",0.28,1.399,"Thor spp","Decapoda","Thoridae",1,0.025,11.02,NA,2.97
"202310080830-266",28,"Cynoscion nebulosus",64.26,77.73,4.916,4.317,0.281,0.281,"Crustacean",0.28,1.399,"Thor spp","Decapoda","Thoridae",1,0.019,11.06,NA,3.03
"202310080830-266",28,"Cynoscion nebulosus",64.26,77.73,4.916,4.317,0.281,0.281,"Crustacean",0.28,1.399,"Thor spp","Decapoda","Thoridae",1,0.023,11.66,NA,2.99
"202310080830-266",28,"Cynoscion nebulosus",64.26,77.73,4.916,4.317,0.281,0.281,"Crustacean",0.28,1.399,"Thor spp","Decapoda","Thoridae",1,0.006,7.15,NA,1.87
"202310080830-266",73,"Cynoscion nebulosus",22.83,26.59,0.149,0.133,0.002,0.002,"Crustacean",0.002,0.05,"UNID Shrimp","Decapoda",NA,1,0.002,NA,NA,NA
"202310080855-254",48,"Cynoscion nebulosus",58.71,68.74,2.977,2.691,0.112,0.112,"Crustacean",0.112,0.35,"Hippolyte spp","Decapoda","Hippolytidae",10,0.062,NA,NA,NA
"202310080855-254",48,"Cynoscion nebulosus",58.71,68.74,2.977,2.691,0.112,0.112,"Crustacean",0.112,0.35,"Hippolyte zostericola","Decapoda","Hippolytidae",1,0.012,9.48,NA,2.97
"202310080855-254",48,"Cynoscion nebulosus",58.71,68.74,2.977,2.691,0.112,0.112,"Crustacean",0.112,0.35,"Hippolyte zostericola","Decapoda","Hippolytidae",1,0.009,10.35,NA,2.78
"202310080855-254",48,"Cynoscion nebulosus",58.71,68.74,2.977,2.691,0.112,0.112,"Crustacean",0.112,0.35,"Hippolyte zostericola","Decapoda","Hippolytidae",1,0.013,10.94,NA,3.81
"202310080855-254",48,"Cynoscion nebulosus",58.71,68.74,2.977,2.691,0.112,0.112,"Crustacean",0.112,0.35,"Hippolyte zostericola","Decapoda","Hippolytidae",1,0.008,10.61,NA,3.01
"202310080855-254",48,"Cynoscion nebulosus",58.71,68.74,2.977,2.691,0.112,0.112,"Crustacean",0.112,0.35,"Hippolyte zostericola","Decapoda","Hippolytidae",1,0.008,9.13,NA,2.6
"202310080932-241",61,"Cynoscion nebulosus",26.82,31.41,0.213,0.193,0.001,0.001,"Misc",0.001,0.05,"UN ID Mush",NA,NA,1,0.001,NA,NA,NA
"202310080110-268",120,"Cynoscion nebulosus",50.94,61.91,2.583,2.238,0.74,0.74,"Arthropoda",0.002,0.01,"Amphipod spp","Amphipoda",NA,7,0.002,NA,NA,NA
"202310080110-268",121,"Cynoscion nebulosus",56.53,68.39,3.276,2.872,0.126,0.126,"Crustacean",0.126,0.5,"Amphipod spp","Amphipoda",NA,9,0.006,NA,NA,NA
"202310080110-268",122,"Cynoscion nebulosus",65.34,79.84,5.031,4.755,0.19,0.19,"Crustacean",0.19,0.36,"Amphipod spp","Amphipoda",NA,2,0.001,NA,NA,NA
"202310080110-268",119,"Cynoscion nebulosus",52.06,62.59,2.497,2.308,0.092,0.092,"Crustacean",0.092,0.25,"Caridean spp","Decapoda",NA,3,0.02,NA,NA,NA
"202310080110-268",120,"Cynoscion nebulosus",50.94,61.91,2.583,2.238,0.74,0.74,"Crustacean",0.072,0.34,"Caridean spp","Decapoda",NA,8,0.04,NA,NA,NA
"202310080110-268",121,"Cynoscion nebulosus",56.53,68.39,3.276,2.872,0.126,0.126,"Crustacean",0.126,0.5,"Caridean spp","Decapoda",NA,11,0.086,NA,NA,NA
"202310080110-268",122,"Cynoscion nebulosus",65.34,79.84,5.031,4.755,0.19,0.19,"Crustacean",0.19,0.36,"Caridean spp","Decapoda",NA,12,0.098,NA,NA,NA
"202310080110-268",120,"Cynoscion nebulosus",50.94,61.91,2.583,2.238,0.74,0.74,"Crustacean",0.072,0.34,"Hippolyte pleuroconthus","Decapoda","Hippolytidae",1,0.002,NA,NA,NA
"202310080110-268",121,"Cynoscion nebulosus",56.53,68.39,3.276,2.872,0.126,0.126,"Crustacean",0.126,0.5,"Hippolyte spp","Decapoda","Hippolytidae",1,0.007,NA,NA,NA
"202310080110-268",119,"Cynoscion nebulosus",52.06,62.59,2.497,2.308,0.092,0.092,"Crustacean",0.092,0.25,"Hippolyte zostericola","Decapoda","Hippolytidae",1,0.028,15.83,NA,3.27
"202310080110-268",119,"Cynoscion nebulosus",52.06,62.59,2.497,2.308,0.092,0.092,"Crustacean",0.092,0.25,"Hippolyte zostericola","Decapoda","Hippolytidae",1,0.018,13.6,NA,2.53
"202310080110-268",119,"Cynoscion nebulosus",52.06,62.59,2.497,2.308,0.092,0.092,"Crustacean",0.092,0.25,"Hippolyte zostericola","Decapoda","Hippolytidae",1,0.007,11.22,NA,2.57
"202310080110-268",120,"Cynoscion nebulosus",50.94,61.91,2.583,2.238,0.74,0.74,"Crustacean",0.072,0.34,"Hippolyte zostericola","Decapoda","Hippolytidae",1,0.009,9.69,NA,2.87
"202310080110-268",120,"Cynoscion nebulosus",50.94,61.91,2.583,2.238,0.74,0.74,"Crustacean",0.072,0.34,"Hippolyte zostericola","Decapoda","Hippolytidae",1,0.008,9.46,NA,2.46
"202310080110-268",120,"Cynoscion nebulosus",50.94,61.91,2.583,2.238,0.74,0.74,"Crustacean",0.072,0.34,"Hippolyte zostericola","Decapoda","Hippolytidae",1,0.006,8.65,NA,2.51
"202310080110-268",120,"Cynoscion nebulosus",50.94,61.91,2.583,2.238,0.74,0.74,"Crustacean",0.072,0.34,"Hippolyte zostericola","Decapoda","Hippolytidae",1,0.007,8.78,NA,2.67
"202310080110-268",121,"Cynoscion nebulosus",56.53,68.39,3.276,2.872,0.126,0.126,"Crustacean",0.126,0.5,"Hippolyte zostericola","Decapoda","Hippolytidae",1,0.01,9.29,NA,2.88
"202310080110-268",121,"Cynoscion nebulosus",56.53,68.39,3.276,2.872,0.126,0.126,"Crustacean",0.126,0.5,"Hippolyte zostericola","Decapoda","Hippolytidae",1,0.017,12.02,NA,3.26
"202310080110-268",122,"Cynoscion nebulosus",65.34,79.84,5.031,4.755,0.19,0.19,"Crustacean",0.19,0.36,"Hippolyte zostericola","Decapoda","Hippolytidae",1,0.013,9.71,NA,2.79
"202310080110-268",122,"Cynoscion nebulosus",65.34,79.84,5.031,4.755,0.19,0.19,"Crustacean",0.19,0.36,"Hippolyte zostericola","Decapoda","Hippolytidae",1,0.01,8.98,NA,2.32
"202310081022-269",21,"Cynoscion nebulosus",51.19,60.1,2.369,2.07,0.097,0.097,"Arthropoda",0.01,0.07,"Amphipod spp","Amphipoda",NA,8,0.009,NA,NA,NA
"202310081022-269",21,"Cynoscion nebulosus",51.19,60.1,2.369,2.07,0.097,0.097,"Arthropoda",0.01,0.07,"Arthropod spp",NA,NA,5,0.001,NA,NA,NA
"202310081022-269",19,"Cynoscion nebulosus",57.11,66.19,2.916,2.601,0.064,0.064,"Crustacean",0.064,0.06,"Caridean spp","Decapoda",NA,10,0.05,NA,NA,NA
"202310081022-269",20,"Cynoscion nebulosus",53.19,63.61,2.523,2.277,0.037,0.037,"Crustacean",0.037,0.06,"Caridean spp","Decapoda",NA,1,0.001,NA,NA,NA
"202310081022-269",21,"Cynoscion nebulosus",51.19,60.1,2.369,2.07,0.097,0.097,"Crustacean",0.087,0.35,"Caridean spp","Decapoda",NA,5,0.038,NA,NA,NA
"202310081022-269",19,"Cynoscion nebulosus",57.11,66.19,2.916,2.601,0.064,0.064,"Crustacean",0.064,0.06,"Hippolyte zostericola","Decapoda","Hippolytidae",2,0.014,NA,NA,NA
"202310081022-269",20,"Cynoscion nebulosus",53.19,63.61,2.523,2.277,0.037,0.037,"Crustacean",0.037,0.06,"Hippolyte zostericola","Decapoda","Hippolytidae",1,0.011,10.75,NA,2.25
"202310081022-269",20,"Cynoscion nebulosus",53.19,63.61,2.523,2.277,0.037,0.037,"Crustacean",0.037,0.06,"Hippolyte zostericola","Decapoda","Hippolytidae",1,0.008,12.4,NA,NA
"202310081022-269",20,"Cynoscion nebulosus",53.19,63.61,2.523,2.277,0.037,0.037,"Crustacean",0.037,0.06,"Hippolyte zostericola","Decapoda","Hippolytidae",1,0.006,11.8,NA,NA
"202310081022-269",20,"Cynoscion nebulosus",53.19,63.61,2.523,2.277,0.037,0.037,"Crustacean",0.037,0.06,"Hippolyte zostericola","Decapoda","Hippolytidae",1,0.006,NA,NA,NA
"202310081022-269",20,"Cynoscion nebulosus",53.19,63.61,2.523,2.277,0.037,0.037,"Crustacean",0.037,0.06,"Hippolyte zostericola","Decapoda","Hippolytidae",1,0.005,NA,NA,NA
"202310081022-269",21,"Cynoscion nebulosus",51.19,60.1,2.369,2.07,0.097,0.097,"Crustacean",0.087,0.35,"Hippolyte zostericola","Decapoda","Hippolytidae",1,0.011,12.28,NA,2.6
"202310081022-269",21,"Cynoscion nebulosus",51.19,60.1,2.369,2.07,0.097,0.097,"Crustacean",0.087,0.35,"Hippolyte zostericola","Decapoda","Hippolytidae",1,0.005,NA,NA,NA
"202310081022-269",21,"Cynoscion nebulosus",51.19,60.1,2.369,2.07,0.097,0.097,"Crustacean",0.087,0.35,"Hippolyte zostericola","Decapoda","Hippolytidae",1,0.008,10.62,NA,2.53
"202310081022-269",21,"Cynoscion nebulosus",51.19,60.1,2.369,2.07,0.097,0.097,"Crustacean",0.087,0.35,"Hippolyte zostericola","Decapoda","Hippolytidae",1,0.008,NA,NA,NA
"202310081022-269",21,"Cynoscion nebulosus",51.19,60.1,2.369,2.07,0.097,0.097,"Crustacean",0.087,0.35,"Hippolyte zostericola","Decapoda","Hippolytidae",1,0.007,NA,NA,NA
"202310081022-269",21,"Cynoscion nebulosus",51.19,60.1,2.369,2.07,0.097,0.097,"Crustacean",0.087,0.35,"Hippolyte zostericola","Decapoda","Hippolytidae",1,0.002,NA,NA,NA
"202310081022-269",21,"Cynoscion nebulosus",51.19,60.1,2.369,2.07,0.097,0.097,"Crustacean",0.087,0.35,"Thor spp","Decapoda","Thoridae",1,0.008,9.11,NA,2.08
"202310081100-283",124,"Cynoscion nebulosus",63.83,74.09,3.983,3.759,0.065,0.065,"Crustacean",0.065,0.1,"Caridean spp","Decapoda",NA,5,0.065,NA,NA,NA
"202310090729-070",1,"Lutjanus synagris",80.71,99.89,14.393,13.046,0.492,0.492,"Crustacean",0.358,0.5,"Caridean spp","Decapoda",NA,4,0.05,NA,NA,NA
"202310090729-070",1,"Lutjanus synagris",80.71,99.89,14.393,13.046,0.492,0.492,"Fish",0.148,0.2,"Engraulidae spp","Clupeiformes","Engraulidae",1,0.089,27.73,23,NA
"202310090729-070",1,"Lutjanus synagris",80.71,99.89,14.393,13.046,0.492,0.492,"Fish",0.148,0.2,"Engraulidae spp","Clupeiformes","Engraulidae",1,0.059,25.38,21.59,NA
"202310090729-070",1,"Lutjanus synagris",80.71,99.89,14.393,13.046,0.492,0.492,"Crustacean",0.358,0.5,"Penaeid spp","Decapoda","Penaeidae",1,0.182,NA,NA,6.98
"202310090729-070",1,"Lutjanus synagris",80.71,99.89,14.393,13.046,0.492,0.492,"Crustacean",0.358,0.5,"Penaeid spp","Decapoda","Penaeidae",2,0.126,NA,NA,NA
"202310090840-168",51,"Lutjanus synagris",42.08,50.72,1.525,1.415,0.005,0.005,"Crustacean",0.005,0.05,"Caridean spp","Decapoda",NA,1,0.005,NA,NA,NA
"202310090840-168",118,"Calamus arctifrons",68.82,84.52,9.261,8.993,0.043,0.043,"Misc",0.043,0.1,"UN ID Mush",NA,NA,1,0.043,NA,NA,NA
"202311270733-279",60,"Cynoscion nebulosus",42.09,50.3,1.073,1.023,0.012,0.012,"Crustacean",0.012,0.1,"Caridean spp","Decapoda",NA,1,0.008,NA,NA,NA
"202311270733-279",60,"Cynoscion nebulosus",42.09,50.3,1.073,1.023,0.012,0.012,"Crustacean",0.012,0.1,"Penaeid spp","Decapoda","Penaeidae",2,0.004,NA,NA,NA
"202311270846-240",49,"Cynoscion nebulosus",34.11,40.85,0.7,0.566,0.038,0.038,"Crustacean",0.038,0.015,"Caridean spp","Decapoda",NA,5,0.03,NA,NA,NA
"202311270846-240",49,"Cynoscion nebulosus",34.11,40.85,0.7,0.566,0.038,0.038,"Crustacean",0.038,0.015,"Thor spp","Decapoda","Thoridae",1,0.008,NA,NA,NA
"202311271053-270",82,"Sphyraena barracuda",72.95,84.59,2.957,2.669,0.128,0.128,"Fish",0.128,0.2,"UN ID",NA,NA,1,0.128,NA,NA,NA
"202311271453-618",9,"Sphyraena barracuda",57.77,66.78,1.284,1.223,0.02,0.02,"Fish",0.02,0.1,"UN ID",NA,NA,1,0.02,NA,NA,NA
NA,26,"Cynoscion nebulosus",41.74,52.18,1.17,1.06,0.025,0.025,"Crustacean",0.025,0.1,"Caridean spp","Decapoda",NA,3,0.025,NA,NA,NA
NA,59,"Cynoscion nebulosus",19.93,24.16,0.12,0.1,0.001,0.001,"Misc",0.001,0,"UNID",NA,NA,1,0.001,NA,NA,NA
"202405041357-147",30,"Cynoscion nebulosus",32.42,26.63,0.285,0.248,0.001,0.05,"Crustacean",0.001,0.05,"UNID Crustacean",NA,NA,1,0.001,NA,NA,NA
"202406091753-291",24,"Cynoscion nebulosus",26.18,21.71,0.145,0.124,0.003,0.05,"Crustacean",0.003,0.05,"Caridean spp","Decapoda",NA,1,0.003,NA,NA,NA
"202406091753-291",25,"Cynoscion nebulosus",34.28,27.74,0.366,0.331,0.008,0.05,"Fish",0.008,0.05,"Caridean spp","Decapoda",NA,3,0.008,NA,NA,NA
"202406091353-323",26,"Cynoscion nebulosus",46.06,38.09,0.771,0.712,0,0,"EMPTY",0,0,"EMPTY",NA,NA,0,0,NA,NA,NA
"202406091714-301",47,"Cynoscion nebulosus",48.41,39.22,0.943,0.875,0.015,0.1,"Crustacean",0.015,0.1,"Caridean spp","Decapoda",NA,2,0.015,NA,NA,NA
"202407111042-282",14,"Cynoscion nebulosus",81.79,68.51,4.74,4.45,0.05,0.15,"Crustacean",0.05,0.15,"Caridean spp","Decapoda",NA,2,0.031,NA,NA,NA
"202407111042-282",14,"Cynoscion nebulosus",81.79,68.51,4.74,4.45,0.05,0.15,"Crustacean",0.05,0.15,"Decapoda spp","Decapoda",NA,1,0.019,NA,NA,NA
"202407111125-609",45,"Cynoscion nebulosus",71.77,58.96,3.027,2.994,0,0,"EMPTY",0,0,"EMPTY",NA,NA,0,0,NA,NA,NA
"202407111834-314",48,"Cynoscion nebulosus",40.59,33.73,0.533,0.477,0.007,0.05,"Fish",0.007,0.05,"UNID Fish",NA,NA,1,0.007,NA,NA,NA
"202407121344-108",17,"Cynoscion nebulosus",46.96,38.9,0.961,0.851,0.012,0.05,"Crustacean",0.012,0.05,"Caridean spp","Decapoda",NA,1,0.012,NA,NA,NA
"202407121344-108",18,"Cynoscion nebulosus",25.56,21.7,0.142,0.123,0.005,0.05,"Crustacean",0.005,0.05,"Caridean spp","Decapoda",NA,1,0.005,NA,NA,NA
"202407120859-168",23,"Cynoscion nebulosus",21.81,18.4,0.085,0.07,0.003,0.05,"Crustacean",0.003,0.05,"Caridean spp","Decapoda",NA,1,0.003,NA,NA,NA
"202407131035-237",15,"Cynoscion nebulosus",44.54,37.2,0.858,0.745,0.014,0.05,"Crustacean",0.014,0.05,"Caridean spp","Decapoda",NA,1,0.014,NA,NA,NA
"202407131035-237",16,"Cynoscion nebulosus",61.1,50.53,2.051,1.806,0.073,0.25,"Fish",0.056,0.15,"UNID Fish",NA,NA,1,0.056,NA,NA,NA
"202407131035-237",16,"Cynoscion nebulosus",61.1,50.53,2.051,1.806,0.073,0.25,"Crustacean",0.017,0.1,"Caridean spp","Decapoda",NA,1,0.017,NA,NA,NA
"202407131204-226",19,"Cynoscion nebulosus",28.51,23.85,0.21,0.167,0.009,0.1,"Crustacean",0.009,0.1,"Decapoda spp","Decapoda",NA,1,0.009,NA,NA,NA
"202407131417-269",46,"Cynoscion nebulosus",69.5,57.88,3.538,3.445,0.055,0.15,"Crustacean",0.055,0.15,"Caridean spp","Decapoda",NA,5,0.055,NA,NA,NA
"202408100858-312",1,"Cynoscion nebulosus",43.66,36.11,0.74,0.694,0.034,0.1,"Crustacean",0.034,0.1,"Caridean spp","Decapoda",NA,3,0.034,NA,NA,NA
"202408111032-225",5,"Cynoscion nebulosus",27.72,23.38,0.157,0.124,0.011,0.05,"Crustacean",0.011,0.05,"Penaeid spp","Decapoda",NA,1,0.011,NA,NA,NA
"202408120923-119",8,"Cynoscion nebulosus",35.2,28.87,0.365,0.314,0.023,0.1,"Fish",0.008,0.05,"UNID Fish",NA,NA,1,0.008,NA,NA,NA
"202408120923-119",8,"Cynoscion nebulosus",35.2,28.87,0.365,0.314,0.023,0.1,"Crustacean",0.015,0.05,"Caridean spp","Decapoda",NA,2,0.014,NA,NA,NA
"202408120923-119",8,"Cynoscion nebulosus",35.2,28.87,0.365,0.314,0.023,0.1,"Crustacean",0.015,0.05,"Amphipod spp","Amphipoda",NA,1,0.001,NA,NA,NA
"202408120923-119",9,"Cynoscion nebulosus",65.51,54.09,2.477,2.322,0.066,0.2,"Crustacean",0.066,0.2,"Caridean spp","Decapoda",NA,5,0.04,NA,NA,NA
"202408120923-119",9,"Cynoscion nebulosus",65.51,54.09,2.477,2.322,0.066,0.2,"Crustacean",0.066,0.2,"Hippolyte zostericola","Decapoda","Hippolytidae",2,0.026,NA,NA,NA
"202408121127-123",36,"Cynoscion nebulosus",50.53,41.08,1.077,0.981,0,0,"EMPTY",0,0,"EMPTY",NA,NA,0,0,NA,NA,NA
"202409081133-609",20,"Cynoscion nebulosus",32.97,26.92,0.32,0.274,0.01,0.05,"Fish",0.01,0.05,"UNID Fish",NA,NA,6,0.01,NA,NA,NA
"202409081133-609",21,"Cynoscion nebulosus",40.24,33.35,0.558,0.525,0.006,0.05,"Fish",0.006,0.05,"UNID Fish",NA,NA,1,0.006,NA,NA,NA
"202409081133-609",22,"Cynoscion nebulosus",42.35,35.66,0.644,0.606,0.007,0.05,"Fish",0.003,0.025,"UNID Fish",NA,NA,1,0.003,NA,NA,NA
"202409081133-609",22,"Cynoscion nebulosus",42.35,35.66,0.644,0.606,0.007,0.05,"Crustacean",0.004,0.025,"Caridean spp","Decapoda",NA,1,0.004,NA,NA,NA
"202409081133-609",2,"Cynoscion nebulosus",70.86,58.64,3.056,2.911,0.015,0.05,"Crustacean",0.015,0.05,"Caridean spp","Decapoda",NA,1,0.015,NA,NA,NA
"202409081042-268",4,"Cynoscion nebulosus",87.7,75.05,6.225,6.018,0,0,"EMPTY",0,0,"EMPTY",NA,NA,0,0,NA,NA,NA
"202409081430-257",6,"Cynoscion nebulosus",57.23,48.02,1.619,1.551,0.016,0.05,"Crustacean",0.016,0.05,"Caridean spp","Decapoda",NA,2,0.016,NA,NA,NA
"202409081430-257",7,"Cynoscion nebulosus",84.12,68.26,5.21,4.982,0.024,0.1,"Crustacean",0.024,0.1,"Caridean spp","Decapoda",NA,1,0.024,NA,NA,NA
"202409081021-270",12,"Cynoscion nebulosus",91.07,74.87,6.745,6.327,0.164,0.25,"Crustacean",0.164,0.25,"Caridean spp","Decapoda",NA,18,0.164,NA,NA,NA
"202409081646-168",39,"Cynoscion nebulosus",34.54,28.04,0.251,0.222,0.003,0.05,"Fish",0.003,0.05,"UNID Fish",NA,NA,1,0.003,NA,NA,NA
"202409081801-070",40,"Cynoscion nebulosus",33.95,28.33,0.305,0.281,0,0,"EMPTY",0,0,"EMPTY",NA,NA,0,0,NA,NA,NA
"202409081801-070",41,"Cynoscion nebulosus",35.52,29.29,0.365,0.319,0.002,0.05,"Crustacean",0.002,0.05,"UNID Crustacean",NA,NA,1,0.002,NA,NA,NA
"202409081801-070",42,"Cynoscion nebulosus",37.72,30.29,0.537,0.46,0.023,0.15,"Fish",0.023,0.15,"UNID Fish",NA,NA,1,0.023,NA,NA,NA
"202409081801-070",43,"Cynoscion nebulosus",41.13,34.74,0.595,0.538,0.004,0.05,"Crustacean",0.003,0.04,"Caridean spp","Decapoda",NA,1,0.002,NA,NA,NA
"202409081801-070",43,"Cynoscion nebulosus",41.13,34.74,0.595,0.538,0.004,0.05,"Crustacean",0.003,0.04,"Amphipod spp","Amphipoda",NA,2,0.001,NA,NA,NA
"202409081801-070",43,"Cynoscion nebulosus",41.13,34.74,0.595,0.538,0.004,0.05,"Misc",0.001,0.01,"UNID Mush",NA,NA,1,0.001,NA,NA,NA
"202409081801-070",44,"Cynoscion nebulosus",44.89,37.17,1.053,0.917,0.041,0.2,"Fish",0.021,0.1,"UNID Fish",NA,NA,1,0.021,NA,NA,NA
"202409081801-070",44,"Cynoscion nebulosus",44.89,37.17,1.053,0.917,0.041,0.2,"Crustacean",0.02,0.1,"UNID Crustacean",NA,NA,1,0.02,NA,NA,NA
"202409081801-070",49,"Cynoscion nebulosus",71.38,59.4,3.128,2.922,0.031,0.2,"Fish",0.031,0.2,"UNID Fish",NA,NA,1,0.031,NA,NA,NA
"202409081801-070",50,"Cynoscion nebulosus",73.67,60.33,3.121,3.031,0,0,"EMPTY",0,0,"EMPTY",NA,NA,0,0,NA,NA,NA
"202409090729-143",3,"Cynoscion nebulosus",64.91,53.68,2.421,2.254,0.047,0.1,"Crustacean",0.047,0.1,"Caridean spp","Decapoda",NA,10,0.046,NA,NA,NA
"202409090729-143",3,"Cynoscion nebulosus",64.91,53.68,2.421,2.254,0.047,0.1,"Crustacean",0.047,0.1,"Amphipod spp","Amphipoda",NA,1,0.001,NA,NA,NA
"202409091150-124",10,"Cynoscion nebulosus",66.38,54.8,2.951,2.667,0.032,0.1,"Crustacean",0.032,0.1,"Caridean spp","Decapoda",NA,4,0.032,NA,NA,NA
"202409091150-124",11,"Cynoscion nebulosus",61.21,50.03,1.923,1.799,0.037,0.1,"Crustacean",0.037,0.1,"Caridean spp","Decapoda",NA,3,0.037,NA,NA,NA
"202409091043-024",13,"Cynoscion nebulosus",42.05,35.84,0.572,0.519,0.002,0.05,"Crustacean",0.002,0.05,"Caridean spp","Decapoda",NA,1,0.002,NA,NA,NA
"202409091257-159",61,"Cynoscion nebulosus",46.17,37.54,0.797,0.745,0,0,"EMPTY",0,0,"EMPTY",NA,NA,0,0,NA,NA,NA
"202410051625-280",35,"Cynoscion nebulosus",56.59,48.15,1.676,1.565,0,0,"EMPTY",0,0,"EMPTY",NA,NA,0,0,NA,NA,NA
"202410061345-159",31,"Cynoscion nebulosus",22.42,18.65,0.089,0.074,0.001,0.05,"Crustacean",0.001,0.05,"UNID Crustacean",NA,NA,8,0.001,NA,NA,NA
"202410061345-159",32,"Cynoscion nebulosus",25.05,21.52,0.114,0.106,0,0,"EMPTY",0,0,"EMPTY",NA,NA,0,0,NA,NA,NA
"202410061345-159",33,"Cynoscion nebulosus",50.47,40.66,0.99,0.927,0.001,0.05,"Misc",0.001,0.05,"UNID Mush",NA,NA,1,0.001,NA,NA,NA
"202410061345-159",34,"Cynoscion nebulosus",51.47,42.37,1.077,1.006,0.002,0.05,"Crustacean",0.002,0.05,"UNID Crustacean",NA,NA,2,0.002,NA,NA,NA
"202410061000-173",68,"Cynoscion nebulosus",55.02,45.55,1.721,1.452,0.088,0.7,"Crustacean",0.088,0.7,"Thor manningi","Decapoda","Thoridae",5,0.044,NA,NA,NA
"202410061000-173",68,"Cynoscion nebulosus",55.02,45.55,1.721,1.452,0.088,0.7,"Crustacean",0.088,0.7,"Caridean spp","Decapoda",NA,5,0.044,NA,NA,NA
"202410061422-122",71,"Cynoscion nebulosus",45.43,38.53,0.873,0.806,0.006,0.1,"Crustacean",0.006,0.1,"Caridean spp","Decapoda",NA,2,0.006,NA,NA,NA
"202410071110-253",28,"Cynoscion nebulosus",36.4,29.45,0.387,0.356,0.004,0.05,"Crustacean",0.004,0.05,"UNID Crustacean",NA,NA,1,0.004,NA,NA,NA
"202410070834-239",29,"Cynoscion nebulosus",65.41,52.86,2.58,2.328,0.082,0.3,"Fish",0.043,0.15,"Lucania parva","Cyprinodontiformes","Fundulidae",2,0.043,NA,NA,NA
"202410070834-239",29,"Cynoscion nebulosus",65.41,52.86,2.58,2.328,0.082,0.3,"Crustacean",0.039,0.15,"Caridean spp","Decapoda",NA,4,0.039,NA,NA,NA
"202410070908-240",37,"Cynoscion nebulosus",25.74,20.91,0.12,0.103,0.002,0.05,"Crustacean",0.002,0.05,"Penaeid spp","Decapoda",NA,1,0.002,NA,NA,NA
"202410070908-240",38,"Cynoscion nebulosus",30.45,24.39,0.248,0.198,0.022,0.1,"Crustacean",0.022,0.1,"Caridean spp","Decapoda",NA,4,0.018,NA,NA,NA
"202410070908-240",38,"Cynoscion nebulosus",30.45,24.39,0.248,0.198,0.022,0.1,"Crustacean",0.022,0.1,"Thor spp","Decapoda","Thoridae",1,0.004,NA,NA,NA
"202410071323-266",62,"Cynoscion nebulosus",24.53,19.67,0.117,0.1,0.001,0.05,"Crustacean",0.001,0.05,"Amphipod spp","Amphipoda",NA,8,0.001,NA,NA,NA
"202410071323-266",63,"Cynoscion nebulosus",27.07,22.59,0.151,0.133,0.001,0.05,"Crustacean",0.001,0.05,"Amphipod spp","Amphipoda",NA,3,5e-04,NA,NA,NA
"202410071323-266",63,"Cynoscion nebulosus",27.07,22.59,0.151,0.133,0.001,0.05,"Crustacean",0.001,0.05,"Caridean spp","Decapoda",NA,1,5e-04,NA,NA,NA
"202410071323-266",64,"Cynoscion nebulosus",38.47,30.92,0.463,0.42,0.009,0.1,"Crustacean",0.009,0.1,"Penaeid spp","Decapoda",NA,1,0.004,NA,NA,NA
"202410071323-266",64,"Cynoscion nebulosus",38.47,30.92,0.463,0.42,0.009,0.1,"Crustacean",0.009,0.1,"Caridean spp","Decapoda",NA,2,0.005,NA,NA,NA
"202410071323-266",65,"Cynoscion nebulosus",44.01,35.36,0.7,0.653,0.004,0.05,"Crustacean",0.004,0.05,"Penaeid spp","Decapoda",NA,1,0.004,NA,NA,NA
"202410071323-266",66,"Cynoscion nebulosus",58.35,48.35,1.938,1.834,0.021,0.15,"Crustacean",0.021,0.15,"Penaeid spp","Decapoda",NA,2,0.015,NA,NA,NA
"202410071323-266",66,"Cynoscion nebulosus",58.35,48.35,1.938,1.834,0.021,0.15,"Crustacean",0.021,0.15,"Caridean spp","Decapoda",NA,1,0.006,NA,NA,NA
"202410071323-266",67,"Cynoscion nebulosus",55.48,45.43,1.519,1.411,0.044,0.35,"Crustacean",0.044,0.35,"Penaeid spp","Decapoda",NA,3,0.024,NA,NA,NA
"202410071323-266",67,"Cynoscion nebulosus",55.48,45.43,1.519,1.411,0.044,0.35,"Crustacean",0.044,0.35,"Caridean spp","Decapoda",NA,4,0.02,NA,NA,NA
"202410071342-265",69,"Cynoscion nebulosus",32.49,26.57,0.331,0.289,0.005,0.05,"Crustacean",0.005,0.05,"Caridean spp","Decapoda",NA,4,0.005,NA,NA,NA
"202410071237-301",72,"Cynoscion nebulosus",50.56,41.43,1.139,1.051,0.01,0.05,"Crustacean",0.01,0.05,"UNID Crustacean",NA,NA,1,0.01,NA,NA,NA
"202411021316-323",53,"Cynoscion nebulosus",35.22,29.47,0.373,0.338,0.001,0.05,"Crustacean",0.001,0.05,"Caridean spp","Decapoda",NA,2,0.001,NA,NA,NA
"202411021813-254",70,"Cynoscion nebulosus",31.8,26.31,0.22,0.2,0,0,"EMPTY",0,0,"EMPTY",NA,NA,0,0,NA,NA,NA
"202411031209-147",51,"Cynoscion nebulosus",71.27,59.81,3.241,3.086,0.032,0.25,"Crustacean",0.032,0.25,"Caridean spp","Decapoda",NA,5,0.032,NA,NA,NA
"202411031209-147",52,"Cynoscion nebulosus",86.47,73.09,5.318,5.118,0.051,0.35,"Crustacean",0.051,0.35,"Caridean spp","Decapoda",NA,3,0.051,NA,NA,NA
"202411031221-146",54,"Cynoscion nebulosus",20.65,17.43,0.066,0.053,0,0,"EMPTY",0,0,"EMPTY",NA,NA,0,0,NA,NA,NA
"202411031221-146",55,"Cynoscion nebulosus",28.56,23.67,0.143,0.126,0.002,0.05,"Crustacean",0.002,0.05,"UNID Crustacean",NA,NA,1,0.002,NA,NA,NA
"202411031221-146",56,"Cynoscion nebulosus",38.71,30.15,0.43,0.399,0.004,0.05,"Crustacean",0.004,0.05,"UNID Crustacean",NA,NA,1,0.004,NA,NA,NA
"202411031221-146",57,"Cynoscion nebulosus",51.61,42.83,0.845,0.816,0,0,"EMPTY",0,0,"EMPTY",NA,NA,0,0,NA,NA,NA
"202411031129-123",58,"Cynoscion nebulosus",24.89,20.8,0.117,0.096,0.002,0.05,"Crustacean",0.002,0.05,"UNID Crustacean",NA,NA,1,0.002,NA,NA,NA
"202411031129-123",59,"Cynoscion nebulosus",26.58,22.05,0.13,0.098,0.007,0.05,"Crustacean",0.007,0.05,"Caridean spp","Decapoda",NA,2,0.007,NA,NA,NA
"202411031129-123",60,"Cynoscion nebulosus",52.66,42.96,1.088,1.039,0.013,0.1,"Crustacean",0.013,0.1,"Caridean spp","Decapoda",NA,4,0.013,NA,NA,NA
"202411030832-168",73,"Cynoscion nebulosus",18.55,16.28,0.049,0.034,0.002,0.05,"Misc",0.002,0.05,"UNID Mush",NA,NA,1,0.002,NA,NA,NA
"202412190820-172",27,"Cynoscion nebulosus",32.81,27.33,0.274,0.239,0.003,0.05,"Fish",0.003,0.05,"UNID Fish",NA,NA,1,0.003,NA,NA,NA
"202505240901-168",11,"Cynoscion nebulosus",40.17,45.1,0.929,0.807,0.013,0.1,"Crustacean",0.013,0.1,"Thor spp","Decapoda","Thoridae",1,0.013,NA,NA,2.7
"202505240901-168",12,"Cynoscion nebulosus",43.99,52.2,1.179,1.055,0.017,0.03,"Crustacean",0.017,0.03,"Caridean spp","Decapoda",NA,1,1e-04,NA,NA,NA
"202505240901-168",12,"Cynoscion nebulosus",43.99,52.2,1.179,1.055,0.017,0.03,"Crustacean",0.017,0.03,"Thor spp","Decapoda","Thoridae",1,0.002,5.18,NA,1.19
"202505240901-168",12,"Cynoscion nebulosus",43.99,52.2,1.179,1.055,0.017,0.03,"Crustacean",0.017,0.03,"Thor spp","Decapoda","Thoridae",1,0.003,5.82,NA,1.63
"202506161349-291",1,"Cynoscion nebulosus",38.39,46.62,0.889,0.761,0.004,0.05,"Fish",1e-04,0.01,"UNID Fish",NA,NA,1,1e-04,NA,NA,NA
"202506161349-291",1,"Cynoscion nebulosus",38.39,46.62,0.889,0.761,0.004,0.05,"Crustacean",1e-04,0.01,"Penaeid spp","Decapoda",NA,1,1e-04,NA,NA,NA
"202506180821-070",5,"Cynoscion nebulosus",28.06,34.08,0.372,0.315,0.004,0.05,"Crustacean",0.004,0.01,"Caridean spp","Decapoda",NA,1,0.001,4.37,NA,NA
"202506180821-070",5,"Cynoscion nebulosus",28.06,34.08,0.372,0.315,0.004,0.05,"Crustacean",0.004,0.01,"Caridean spp","Decapoda",NA,1,0.001,2.81,NA,NA
"202506180821-070",5,"Cynoscion nebulosus",28.06,34.08,0.372,0.315,0.004,0.05,"Crustacean",0.004,0.01,"Caridean spp","Decapoda",NA,1,0.001,3.44,NA,NA
"202506180821-070",5,"Cynoscion nebulosus",28.06,34.08,0.372,0.315,0.004,0.05,"Crustacean",0.004,0.01,"Caridean spp","Decapoda",NA,1,0.001,NA,NA,NA
"202506180953-169",13,"Cynoscion nebulosus",26.06,30.82,0.295,0.261,NA,NA,NA,NA,NA,"EMPTY",NA,NA,0,NA,NA,NA,NA
"202506180953-169",14,"Cynoscion nebulosus",32.06,38.25,0.592,0.489,0.036,0.25,"Crustacean",0.036,0.25,"Caridean spp","Decapoda",NA,1,0.005,NA,NA,NA
"202506180953-169",14,"Cynoscion nebulosus",32.06,38.25,0.592,0.489,0.036,0.25,"Crustacean",0.036,0.25,"Caridean spp","Decapoda",NA,1,0.009,7.45,NA,2.1
"202506180953-169",14,"Cynoscion nebulosus",32.06,38.25,0.592,0.489,0.036,0.25,"Crustacean",0.036,0.25,"Caridean spp","Decapoda",NA,1,0.006,NA,NA,NA
"202506180953-169",14,"Cynoscion nebulosus",32.06,38.25,0.592,0.489,0.036,0.25,"Crustacean",0.036,0.25,"Caridean spp","Decapoda",NA,1,0.003,NA,NA,NA
"202506180953-169",14,"Cynoscion nebulosus",32.06,38.25,0.592,0.489,0.036,0.25,"Crustacean",0.036,0.25,"Caridean spp","Decapoda",NA,1,0.002,NA,NA,NA
"202506180953-169",15,"Cynoscion nebulosus",41.31,51.18,1.425,1.231,0.056,0.35,"Crustacean",0.056,0.35,"Caridean spp","Decapoda",NA,1,0.012,NA,NA,NA
"202506180953-169",15,"Cynoscion nebulosus",41.31,51.18,1.425,1.231,0.056,0.35,"Crustacean",0.056,0.35,"Hippolyte spp","Decapoda","Hippolytidae",1,0.006,NA,NA,NA
"202506180953-169",15,"Cynoscion nebulosus",41.31,51.18,1.425,1.231,0.056,0.35,"Crustacean",0.056,0.35,"Hippolyte spp","Decapoda","Hippolytidae",1,0.005,NA,NA,NA
"202506180953-169",15,"Cynoscion nebulosus",41.31,51.18,1.425,1.231,0.056,0.35,"Crustacean",0.056,0.35,"Caridean spp","Decapoda",NA,1,0.004,NA,NA,NA
"202506180953-169",15,"Cynoscion nebulosus",41.31,51.18,1.425,1.231,0.056,0.35,"Crustacean",0.056,0.35,"Thor spp","Decapoda","Thoridae",1,0.016,11.24,NA,2.09
"202506180953-169",16,"Cynoscion nebulosus",49.99,61.57,2.216,1.938,0.133,0.4,"Crustacean",0.133,0.4,"Thor manningi","Decapoda","Thoridae",1,0.02,9.38,NA,2.2
"202506180953-169",16,"Cynoscion nebulosus",49.99,61.57,2.216,1.938,0.133,0.4,"Crustacean",0.133,0.4,"Thor manningi","Decapoda","Thoridae",1,0.015,9.64,NA,2.65
"202506180953-169",16,"Cynoscion nebulosus",49.99,61.57,2.216,1.938,0.133,0.4,"Crustacean",0.133,0.4,"Thor manningi","Decapoda","Thoridae",1,0.012,10.92,NA,2.39
"202506180953-169",16,"Cynoscion nebulosus",49.99,61.57,2.216,1.938,0.133,0.4,"Crustacean",0.133,0.4,"Thor manningi","Decapoda","Thoridae",1,0.011,9.52,NA,1.95
"202506180953-169",16,"Cynoscion nebulosus",49.99,61.57,2.216,1.938,0.133,0.4,"Crustacean",0.133,0.4,"Thor manningi","Decapoda","Thoridae",1,0.021,11.35,NA,2.69
"202506180953-169",16,"Cynoscion nebulosus",49.99,61.57,2.216,1.938,0.133,0.4,"Crustacean",0.133,0.4,"Caridean spp","Decapoda",NA,1,0.006,NA,NA,NA
"202506180953-169",16,"Cynoscion nebulosus",49.99,61.57,2.216,1.938,0.133,0.4,"Crustacean",0.133,0.4,"Caridean spp","Decapoda",NA,1,1e-04,NA,NA,NA
"202506180953-169",16,"Cynoscion nebulosus",49.99,61.57,2.216,1.938,0.133,0.4,"Crustacean",0.133,0.4,"Caridean spp","Decapoda",NA,1,1e-04,NA,NA,NA
"202506180953-169",16,"Cynoscion nebulosus",49.99,61.57,2.216,1.938,0.133,0.4,"Crustacean",0.133,0.4,"Caridean spp","Decapoda",NA,1,0.002,NA,NA,NA
"202506180953-169",17,"Cynoscion nebulosus",68.04,81.03,5.406,4.827,0.256,0.5,"Crustacean",0.256,0.5,"Caridean spp","Decapoda",NA,1,0.002,NA,NA,NA
"202506180953-169",17,"Cynoscion nebulosus",68.04,81.03,5.406,4.827,0.256,0.5,"Crustacean",0.256,0.5,"Caridean spp","Decapoda",NA,1,0.002,NA,NA,NA
"202506180953-169",17,"Cynoscion nebulosus",68.04,81.03,5.406,4.827,0.256,0.5,"Crustacean",0.256,0.5,"Thor spp","Decapoda","Thoridae",1,0.014,8.07,NA,2.1
"202506180953-169",17,"Cynoscion nebulosus",68.04,81.03,5.406,4.827,0.256,0.5,"Crustacean",0.256,0.5,"Thor spp","Decapoda","Thoridae",1,0.027,10.84,NA,3.03
"202506180953-169",17,"Cynoscion nebulosus",68.04,81.03,5.406,4.827,0.256,0.5,"Crustacean",0.256,0.5,"Thor spp","Decapoda","Thoridae",1,0.036,10.93,NA,3.01
"202506180953-169",17,"Cynoscion nebulosus",68.04,81.03,5.406,4.827,0.256,0.5,"Crustacean",0.256,0.5,"Palaemon spp","Decapoda","Palaemonidae",1,0.008,8.38,NA,1.5
"202506180953-169",17,"Cynoscion nebulosus",68.04,81.03,5.406,4.827,0.256,0.5,"Crustacean",0.256,0.5,"Palaemon spp","Decapoda","Palaemonidae",1,0.005,7.97,NA,1.25
"202506180953-169",17,"Cynoscion nebulosus",68.04,81.03,5.406,4.827,0.256,0.5,"Crustacean",0.256,0.5,"Thor manningi","Decapoda","Thoridae",1,0.018,11.12,NA,2.55
"202506180953-169",17,"Cynoscion nebulosus",68.04,81.03,5.406,4.827,0.256,0.5,"Crustacean",0.256,0.5,"Thor manningi","Decapoda","Thoridae",1,0.008,9.95,NA,2.53
"202506180953-169",17,"Cynoscion nebulosus",68.04,81.03,5.406,4.827,0.256,0.5,"Crustacean",0.256,0.5,"Thor manningi","Decapoda","Thoridae",1,0.012,11.27,NA,2.61
"202506180953-169",17,"Cynoscion nebulosus",68.04,81.03,5.406,4.827,0.256,0.5,"Crustacean",0.256,0.5,"Thor manningi","Decapoda","Thoridae",1,0.006,9.91,NA,2.26
"202506180953-169",17,"Cynoscion nebulosus",68.04,81.03,5.406,4.827,0.256,0.5,"Crustacean",0.256,0.5,"Thor manningi","Decapoda","Thoridae",1,0.018,10.74,NA,2.23
"202506180953-169",17,"Cynoscion nebulosus",68.04,81.03,5.406,4.827,0.256,0.5,"Crustacean",0.256,0.5,"Thor manningi","Decapoda","Thoridae",1,0.007,11.02,NA,1.9
"202506181008-168",7,"Cynoscion nebulosus",25.24,29.01,0.205,0.17,0.002,0.05,"Crustacean",0.002,0.05,"Caridean spp","Decapoda",NA,1,0.002,NA,NA,NA
"202506181132-146",2,"Cynoscion nebulosus",36.09,43.84,0.759,0.647,0.023,0.15,"Fish",0.023,0.15,"Lucania parva","Cyprinodontiformes","Fundulidae",1,0.014,10.3,8.65,NA
"202506181132-146",2,"Cynoscion nebulosus",36.09,43.84,0.759,0.647,0.023,0.15,"Fish",0.023,0.15,"UNID Fish",NA,NA,1,0.003,NA,NA,NA
"202506181132-146",3,"Cynoscion nebulosus",45.52,55.44,1.311,1.16,0.02,0.1,"Fish",0.02,0.1,"UNID Fish",NA,NA,NA,0.02,NA,NA,NA
"202506181132-146",4,"Cynoscion nebulosus",44.7,54.83,1.297,1.201,0.003,0.01,"Crustacean",0.003,0.01,"UNID Crustacean","Decapoda",NA,NA,0.003,NA,NA,NA
"202506181200-133",10,"Cynoscion nebulosus",45.69,56.23,1.566,1.326,0.066,0.3,"Fish",0.066,0.3,"UNID Fish",NA,NA,1,0.024,10.34,NA,NA
"202506181200-133",10,"Cynoscion nebulosus",45.69,56.23,1.566,1.326,0.066,0.3,"Fish",0.066,0.3,"UNID Fish",NA,NA,1,0.017,9.38,NA,NA
"202506181200-133",10,"Cynoscion nebulosus",45.69,56.23,1.566,1.326,0.066,0.3,"Fish",0.066,0.3,"UNID Fish",NA,NA,1,0.003,NA,NA,NA
"202506181200-133",10,"Cynoscion nebulosus",45.69,56.23,1.566,1.326,0.066,0.3,"Fish",0.066,0.3,"UNID Fish",NA,NA,1,0.01,NA,NA,NA
"202506181250-123",9,"Cynoscion nebulosus",53.57,63.92,2.137,2.08,0.005,0.1,"Fish",0.005,0.1,"UNID Fish",NA,NA,1,0.005,NA,NA,NA
"202506181517-118",6,"Cynoscion nebulosus",43.61,53.86,1.18,1.061,NA,NA,NA,NA,NA,"EMPTY",NA,NA,0,NA,NA,NA,NA
"202506191316-266",8,"Cynoscion nebulosus",26.19,32.11,0.232,0.202,NA,NA,NA,NA,NA,"EMPTY",NA,NA,0,NA,NA,NA,NA
"202507071320-283",23,"Cynoscion nebulosus",50.74,63.08,2.285,1.983,0.051,0.2,"Crustacean",0.051,0.2,"Caridean spp","Decapoda",NA,1,0.004,NA,NA,NA
"202507071320-283",23,"Cynoscion nebulosus",50.74,63.08,2.285,1.983,0.051,0.2,"Crustacean",0.051,0.2,"Caridean spp","Decapoda",NA,1,0.003,NA,NA,NA
"202507071320-283",23,"Cynoscion nebulosus",50.74,63.08,2.285,1.983,0.051,0.2,"Crustacean",0.051,0.2,"Caridean spp","Decapoda",NA,1,0.008,NA,NA,NA
"202507071320-283",23,"Cynoscion nebulosus",50.74,63.08,2.285,1.983,0.051,0.2,"Crustacean",0.051,0.2,"Caridean spp","Decapoda",NA,1,0.011,NA,NA,NA
"202507071320-283",23,"Cynoscion nebulosus",50.74,63.08,2.285,1.983,0.051,0.2,"Crustacean",0.051,0.2,"Caridean spp","Decapoda",NA,1,0.001,NA,NA,NA
"202507071320-283",23,"Cynoscion nebulosus",50.74,63.08,2.285,1.983,0.051,0.2,"Crustacean",0.051,0.2,"Caridean spp","Decapoda",NA,1,0.002,NA,NA,NA
"202507071320-283",23,"Cynoscion nebulosus",50.74,63.08,2.285,1.983,0.051,0.2,"Crustacean",0.051,0.2,"Caridean spp","Decapoda",NA,1,0.002,NA,NA,NA
"202507071320-283",24,"Cynoscion nebulosus",49.31,60.7,2.189,1.955,0.058,0.1,"Crustacean",0.033,0.05,"Hippolyte zostericola","Decapoda","Hippolytidae",1,0.022,12.55,NA,2.52
"202507071320-283",24,"Cynoscion nebulosus",49.31,60.7,2.189,1.955,0.058,0.1,"Crustacean",0.033,0.05,"Caridean spp","Decapoda",NA,1,0.004,NA,NA,NA
"202507071320-283",24,"Cynoscion nebulosus",49.31,60.7,2.189,1.955,0.058,0.1,"Crustacean",0.033,0.05,"Caridean spp","Decapoda",NA,1,0.001,NA,NA,NA
"202507071320-283",24,"Cynoscion nebulosus",49.31,60.7,2.189,1.955,0.058,0.1,"Crustacean",0.033,0.05,"Caridean spp","Decapoda",NA,1,0.001,NA,NA,NA
"202507071320-283",24,"Cynoscion nebulosus",49.31,60.7,2.189,1.955,0.058,0.1,"Misc",0.011,0.05,"UNID Mush",NA,NA,1,0.009,NA,NA,NA
"202507081106-618",39,"Sphyraena barracuda",59.39,65.41,1.245,1.129,0.018,0.05,"Fish",0.018,0.05,"UNID Fish",NA,NA,1,0.018,5.99,NA,NA
"202507090939-266",30,"Cynoscion nebulosus",26.9,33.02,0.295,0.247,0.006,0.1,"Crustacean",0.006,0.1,"UNID Shrimp","Decapoda",NA,1,0.006,NA,NA,NA
"202507090939-266",31,"Cynoscion nebulosus",25.02,31.24,0.224,0.193,0.001,0.05,"Crustacean",0.001,0.05,"Caridean spp","Decapoda",NA,1,1e-04,NA,NA,NA
"202507090939-266",31,"Cynoscion nebulosus",25.02,31.24,0.224,0.193,0.001,0.05,"Crustacean",0.001,0.05,"Caridean spp","Decapoda",NA,1,1e-04,NA,NA,NA
"202507090939-266",32,"Cynoscion nebulosus",23.68,29.37,0.226,0.19,0.006,0.05,"Fish",0.006,0.05,"UNID Fish",NA,NA,1,0.006,NA,NA,NA
"202507091034-267",26,"Cynoscion nebulosus",27.72,34.74,0.341,0.28,0.015,0.1,"Fish",0.015,0.1,"UNID Fish",NA,NA,1,0.015,8.85,NA,NA
"202507091034-267",27,"Cynoscion nebulosus",21.8,25.98,0.148,0.116,0.009,0.05,"Fish",0.005,0.025,"UNID Fish",NA,NA,1,0.005,NA,NA,NA
"202507091034-267",27,"Cynoscion nebulosus",21.8,25.98,0.148,0.116,0.009,0.05,"Crustacean",0.001,0.025,"UNID Shrimp","Decapoda",NA,1,0.001,NA,NA,NA
"202507091118-241",41,"Sphyraena barracuda",58.65,66.52,1.394,1.252,0.049,0.1,"Fish",0.049,0.1,"UNID Fish",NA,NA,1,0.049,11.68,NA,NA
"202507091632-172",25,"Cynoscion nebulosus",29.92,37.95,0.429,0.357,0.015,0.1,"Crustacean",0.015,0.1,"Tozeuma carolinense","Decapoda","Hippolytidae",1,0.012,11.75,NA,2.38
"202507091632-172",25,"Cynoscion nebulosus",29.92,37.95,0.429,0.357,0.015,0.1,"Crustacean",0.015,0.1,"Caridean spp","Decapoda",NA,1,0.001,NA,NA,NA
"202507100948-117",20,"Cynoscion nebulosus",48.89,59.67,2.268,1.782,0.241,0.5,"Crustacean",0.241,0.5,"Tozeuma carolinense","Decapoda","Hippolytidae",1,0.065,19.52,NA,3.6
"202507100948-117",20,"Cynoscion nebulosus",48.89,59.67,2.268,1.782,0.241,0.5,"Crustacean",0.241,0.5,"Caridean spp","Decapoda",NA,1,0.008,NA,NA,NA
"202507100948-117",20,"Cynoscion nebulosus",48.89,59.67,2.268,1.782,0.241,0.5,"Crustacean",0.241,0.5,"Caridean spp","Decapoda",NA,1,0.064,NA,NA,NA
"202507100948-117",20,"Cynoscion nebulosus",48.89,59.67,2.268,1.782,0.241,0.5,"Crustacean",0.241,0.5,"Caridean spp","Decapoda",NA,1,0.054,NA,NA,NA
"202507100948-117",20,"Cynoscion nebulosus",48.89,59.67,2.268,1.782,0.241,0.5,"Crustacean",0.241,0.5,"Caridean spp","Decapoda",NA,1,0.011,NA,NA,NA
"202507100948-117",21,"Cynoscion nebulosus",33.33,41.28,0.516,0.452,0.006,0.05,"Crustacean",0.006,0.05,"Caridean spp","Decapoda",NA,1,0.006,NA,NA,NA
"202507100948-117",22,"Cynoscion nebulosus",26.11,32.51,0.28,0.23,0.013,0.05,"Crustacean",0.013,0.05,"Thor spp","Decapoda","Thoridae",1,0.004,NA,NA,NA
"202507100948-117",22,"Cynoscion nebulosus",26.11,32.51,0.28,0.23,0.013,0.05,"Crustacean",0.013,0.05,"Caridean spp","Decapoda",NA,1,0.005,NA,NA,NA
"202507100948-117",22,"Cynoscion nebulosus",26.11,32.51,0.28,0.23,0.013,0.05,"Crustacean",0.013,0.05,"Caridean spp","Decapoda",NA,1,0.002,NA,NA,NA
"202507101108-168",28,"Cynoscion nebulosus",26.96,31.98,0.301,0.252,0.014,0.1,"Crustacean",0.014,0.1,"UNID Shrimp","Decapoda",NA,1,0.014,NA,NA,NA
"202507101108-168",29,"Cynoscion nebulosus",53.6,66.08,2.877,2.563,0.08,0.3,"Crustacean",0.08,0.3,"Thor spp","Decapoda","Thoridae",1,0.021,12.54,NA,1.85
"202507101108-168",29,"Cynoscion nebulosus",53.6,66.08,2.877,2.563,0.08,0.3,"Crustacean",0.08,0.3,"Thor spp","Decapoda","Thoridae",1,0.012,11.54,NA,NA
"202507101108-168",29,"Cynoscion nebulosus",53.6,66.08,2.877,2.563,0.08,0.3,"Crustacean",0.08,0.3,"Thor spp","Decapoda","Thoridae",1,0.014,8.9,NA,2.21
"202507101108-168",29,"Cynoscion nebulosus",53.6,66.08,2.877,2.563,0.08,0.3,"Crustacean",0.08,0.3,"Thor spp","Decapoda","Thoridae",1,0.004,NA,NA,1.81
"202507101108-168",29,"Cynoscion nebulosus",53.6,66.08,2.877,2.563,0.08,0.3,"Crustacean",0.08,0.3,"Caridean spp","Decapoda",NA,1,0.001,NA,NA,NA
"202507101108-168",29,"Cynoscion nebulosus",53.6,66.08,2.877,2.563,0.08,0.3,"Crustacean",0.08,0.3,"Caridean spp","Decapoda",NA,1,0.006,NA,NA,NA
"202507101306-136",18,"Cynoscion nebulosus",50.95,62.48,2.264,1.982,0.021,0.1,"Crustacean",0.021,0.1,"Thor spp","Decapoda","Thoridae",1,0.004,NA,NA,NA
"202507101306-136",18,"Cynoscion nebulosus",50.95,62.48,2.264,1.982,0.021,0.1,"Crustacean",0.021,0.1,"Caridean spp","Decapoda",NA,1,0.004,NA,NA,NA
"202507101306-136",18,"Cynoscion nebulosus",50.95,62.48,2.264,1.982,0.021,0.1,"Crustacean",0.021,0.1,"Caridean spp","Decapoda",NA,1,0.002,NA,NA,NA
"202507101306-136",19,"Cynoscion nebulosus",57.62,72.02,3.505,3.131,0.09,0.3,"Crustacean",0.09,0.3,"Thor spp","Decapoda","Thoridae",1,0.003,NA,NA,NA
"202507101306-136",19,"Cynoscion nebulosus",57.62,72.02,3.505,3.131,0.09,0.3,"Crustacean",0.09,0.3,"Thor spp","Decapoda","Thoridae",1,0.004,NA,NA,NA
"202507101306-136",19,"Cynoscion nebulosus",57.62,72.02,3.505,3.131,0.09,0.3,"Crustacean",0.09,0.3,"Caridean spp","Decapoda",NA,1,0.017,NA,NA,NA
"202507101306-136",19,"Cynoscion nebulosus",57.62,72.02,3.505,3.131,0.09,0.3,"Crustacean",0.09,0.3,"Caridean spp","Decapoda",NA,1,0.004,NA,NA,NA
"202507101306-136",19,"Cynoscion nebulosus",57.62,72.02,3.505,3.131,0.09,0.3,"Crustacean",0.09,0.3,"Caridean spp","Decapoda",NA,1,0.002,NA,NA,NA
"202507101306-136",19,"Cynoscion nebulosus",57.62,72.02,3.505,3.131,0.09,0.3,"Crustacean",0.09,0.3,"Caridean spp","Decapoda",NA,1,0.012,NA,NA,NA
"202507101306-136",19,"Cynoscion nebulosus",57.62,72.02,3.505,3.131,0.09,0.3,"Crustacean",0.09,0.3,"Caridean spp","Decapoda",NA,1,0.004,NA,NA,NA
"202507101306-136",19,"Cynoscion nebulosus",57.62,72.02,3.505,3.131,0.09,0.3,"Crustacean",0.09,0.3,"Caridean spp","Decapoda",NA,1,0.002,NA,NA,NA
"202507101306-136",19,"Cynoscion nebulosus",57.62,72.02,3.505,3.131,0.09,0.3,"Crustacean",0.09,0.3,"Caridean spp","Decapoda",NA,1,0.005,NA,NA,NA
"202507101354-123",35,"Cynoscion nebulosus",39.32,48.05,0.943,0.823,0.015,0.1,"Fish",0.011,0.05,"UNID Fish",NA,NA,1,0.011,6.86,NA,NA
"202507101354-123",35,"Cynoscion nebulosus",39.32,48.05,0.943,0.823,0.015,0.1,"Misc",0.004,0.05,"UNID Mush",NA,NA,1,0.004,NA,NA,NA
"202507101354-123",36,"Cynoscion nebulosus",36.4,44.39,0.738,0.642,0.023,0.1,"Fish",0.023,0.1,"UNID Fish",NA,NA,1,0.023,9.22,NA,NA
"202507101354-123",37,"Cynoscion nebulosus",63.9,77.55,4.277,3.783,0.103,0.3,"Crustacean",0.103,0.3,"Caridean spp","Decapoda",NA,1,0.028,NA,NA,NA
"202507101354-123",37,"Cynoscion nebulosus",63.9,77.55,4.277,3.783,0.103,0.3,"Crustacean",0.103,0.3,"Caridean spp","Decapoda",NA,1,0.005,NA,NA,NA
"202507101354-123",37,"Cynoscion nebulosus",63.9,77.55,4.277,3.783,0.103,0.3,"Crustacean",0.103,0.3,"Caridean spp","Decapoda",NA,1,0.015,NA,NA,NA
"202507101354-123",37,"Cynoscion nebulosus",63.9,77.55,4.277,3.783,0.103,0.3,"Crustacean",0.103,0.3,"Caridean spp","Decapoda",NA,1,0.003,NA,NA,NA
"202507101354-123",37,"Cynoscion nebulosus",63.9,77.55,4.277,3.783,0.103,0.3,"Crustacean",0.103,0.3,"Caridean spp","Decapoda",NA,1,0.007,NA,NA,NA
"202507101354-123",37,"Cynoscion nebulosus",63.9,77.55,4.277,3.783,0.103,0.3,"Crustacean",0.103,0.3,"Caridean spp","Decapoda",NA,1,0.002,NA,NA,NA
"202507101354-123",37,"Cynoscion nebulosus",63.9,77.55,4.277,3.783,0.103,0.3,"Crustacean",0.103,0.3,"Caridean spp","Decapoda",NA,1,0.008,NA,NA,NA
"202507101354-123",37,"Cynoscion nebulosus",63.9,77.55,4.277,3.783,0.103,0.3,"Crustacean",0.103,0.3,"Caridean spp","Decapoda",NA,1,0.009,NA,NA,NA
"202507101354-123",40,"Sphyraena barracuda",34.59,38.8,0.198,0.18,0.001,0.01,"Fish",0.001,0.01,"UNID Fish",NA,NA,1,0.001,NA,NA,NA
"202507101425-122",38,"Cynoscion nebulosus",56.36,69.97,2.971,2.743,NA,NA,NA,NA,NA,"EMPTY",NA,NA,0,NA,NA,NA,NA
"202507101526-024",33,"Cynoscion nebulosus",28.75,33.97,0.344,0.304,0.004,0.05,"Fish",0.001,0.01,"UNID Fish",NA,NA,1,0.001,NA,NA,NA
"202507101526-024",33,"Cynoscion nebulosus",28.75,33.97,0.344,0.304,0.004,0.05,"Crustacean",0.001,0.01,"Amphipod spp","Amphipoda",NA,1,0.001,NA,NA,NA
"202507101526-024",34,"Cynoscion nebulosus",66.78,82.25,5.323,4.955,NA,NA,NA,NA,NA,"EMPTY",NA,NA,0,NA,NA,NA,NA
"202508011501-278",46,"Cynoscion nebulosus",76.48,93.23,7.496,6.905,0.064,0.3,"Crustacean",0.064,0.3,"Caridean spp","Decapoda",NA,1,0.006,NA,NA,NA
"202508011501-278",46,"Cynoscion nebulosus",76.48,93.23,7.496,6.905,0.064,0.3,"Crustacean",0.064,0.3,"Caridean spp","Decapoda",NA,1,0.001,NA,NA,NA
"202508011501-278",46,"Cynoscion nebulosus",76.48,93.23,7.496,6.905,0.064,0.3,"Crustacean",0.064,0.3,"Caridean spp","Decapoda",NA,1,0.008,NA,NA,NA
"202508011501-278",46,"Cynoscion nebulosus",76.48,93.23,7.496,6.905,0.064,0.3,"Crustacean",0.064,0.3,"Caridean spp","Decapoda",NA,1,0.005,NA,NA,NA
"202508011501-278",46,"Cynoscion nebulosus",76.48,93.23,7.496,6.905,0.064,0.3,"Crustacean",0.064,0.3,"Caridean spp","Decapoda",NA,1,0.007,NA,NA,NA
"202508011501-278",46,"Cynoscion nebulosus",76.48,93.23,7.496,6.905,0.064,0.3,"Crustacean",0.064,0.3,"Caridean spp","Decapoda",NA,1,0.003,NA,NA,NA
"202508011501-278",46,"Cynoscion nebulosus",76.48,93.23,7.496,6.905,0.064,0.3,"Crustacean",0.064,0.3,"Caridean spp","Decapoda",NA,1,0.006,NA,NA,NA
"202508031141-168",43,"Cynoscion nebulosus",32.45,40.56,0.498,0.456,NA,NA,NA,NA,NA,"EMPTY",NA,NA,0,NA,NA,NA,NA
"202508031141-168",44,"Cynoscion nebulosus",16.32,19.56,0.059,0.043,0.005,0.05,"Fish",0.001,0.05,"UNID Fish",NA,NA,1,0.001,NA,NA,NA
"202508031141-168",44,"Cynoscion nebulosus",16.32,19.56,0.059,0.043,0.005,0.05,"Crustacean",0.001,0.05,"UNID Crustacean",NA,NA,1,5e-04,NA,NA,NA
"202508031141-168",44,"Cynoscion nebulosus",16.32,19.56,0.059,0.043,0.005,0.05,"Crustacean",0.001,0.05,"UNID Crustacean",NA,NA,1,5e-04,NA,NA,NA
"202508031141-168",45,"Cynoscion nebulosus",27.7,34.67,0.278,0.226,0.03,0.1,"Fish",0.03,0.1,"UNID Fish",NA,NA,1,0.03,8.49,NA,NA
"202508031141-168",47,"Lutjanus synagris",47.99,58.5,2.448,2.281,0.006,0.05,"Crustacean",0.006,0.05,"Thor spp","Decapoda","Thoridae",1,0.006,NA,NA,1.52
"202508031141-168",48,"Lutjanus synagris",55.42,67.53,3.724,3.453,0.086,0.3,"Crustacean",0.086,0.3,"Tozeuma carolinense","Decapoda","Hippolytidae",1,0.025,NA,NA,3.19
"202508031141-168",48,"Lutjanus synagris",55.42,67.53,3.724,3.453,0.086,0.3,"Crustacean",0.086,0.3,"Caridean spp","Decapoda",NA,1,0.016,NA,NA,NA
"202508031141-168",48,"Lutjanus synagris",55.42,67.53,3.724,3.453,0.086,0.3,"Crustacean",0.086,0.3,"Thor spp","Decapoda","Thoridae",1,0.021,NA,NA,2.61
"202508031141-168",48,"Lutjanus synagris",55.42,67.53,3.724,3.453,0.086,0.3,"Crustacean",0.086,0.3,"Caridean spp","Decapoda",NA,1,0.012,NA,NA,NA
"202508031141-168",49,"Lutjanus synagris",35.6,44.89,1.196,1.098,0.035,0.1,"Crustacean",0.035,0.1,"Caridean spp","Decapoda",NA,1,0.035,NA,NA,NA
"202508031141-168",50,"Lutjanus synagris",41.06,50.09,1.567,1.475,0.009,0.05,"Crustacean",0.009,0.05,"Caridean spp","Decapoda",NA,1,0.009,NA,NA,NA
"202508031141-168",51,"Lutjanus synagris",58.27,70.11,5.288,5.019,NA,NA,NA,NA,NA,"EMPTY",NA,NA,0,NA,NA,NA,NA
"202508031441-146",42,"Sphyraena barracuda",57.14,64.97,1.163,1.083,0.01,0.05,"Fish",0.01,0.05,"UNID Fish",NA,NA,1,0.01,NA,NA,NA
"202509081439-609",58,"Cynoscion nebulosus",36.87,44.57,0.698,0.657,0.006,0.1,"Crustacean",0.006,0.1,"Penaeid spp","Decapoda",NA,1,0.006,NA,NA,NA
"202509081439-609",59,"Cynoscion nebulosus",77.36,91.3,6.484,6.336,0.001,0.05,"Misc",0.001,0.05,"UNID Mush",NA,NA,1,0.001,NA,NA,NA
"202509081501-291",62,"Cynoscion nebulosus",24.71,30.58,0.228,0.198,0.01,0.05,"Fish",0.01,0.05,"UNID Fish",NA,NA,1,0.01,NA,NA,NA
"202509090755-225",66,"Cynoscion nebulosus",36.22,44.77,0.876,0.722,0.045,0.4,"Crustacean",0.045,0.4,"Thor spp","Decapoda","Thoridae",1,0.02,NA,NA,NA
"202509090755-225",66,"Cynoscion nebulosus",36.22,44.77,0.876,0.722,0.045,0.4,"Crustacean",0.045,0.4,"Thor spp","Decapoda","Thoridae",1,0.016,NA,NA,NA
"202509090755-225",66,"Cynoscion nebulosus",36.22,44.77,0.876,0.722,0.045,0.4,"Crustacean",0.045,0.4,"Caridean spp","Decapoda",NA,1,0.004,NA,NA,NA
"202509090853-255",71,"Cynoscion nebulosus",33.19,39.34,0.495,0.448,0.006,0.05,"Crustacean",0.006,0.05,"Caridean spp","Decapoda",NA,2,0.006,NA,NA,NA
"202509090853-255",72,"Cynoscion nebulosus",36.33,43.83,0.668,0.613,0.013,0.05,"Crustacean",0.013,0.05,"Caridean spp","Decapoda",NA,1,0.013,NA,NA,NA
"202509090853-255",73,"Cynoscion nebulosus",38.61,48.71,1.157,1.086,0.012,0.05,"Crustacean",0.012,0.05,"Caridean spp","Decapoda",NA,2,0.012,NA,NA,NA
"202509090902-241",61,"Cynoscion nebulosus",20.87,27.49,0.137,0.133,0.001,0.05,"Fish",0.001,0.05,"UNID Fish",NA,NA,1,0.001,NA,NA,NA
"202509091339-267",52,"Cynoscion nebulosus",56,68.35,3.218,2.962,0.02,0.3,"Crustacean",0.02,0.3,"UNID Crustacean",NA,NA,1,0.007,NA,NA,NA
"202509091339-267",52,"Cynoscion nebulosus",56,68.35,3.218,2.962,0.02,0.3,"Crustacean",0.02,0.3,"UNID Crustacean",NA,NA,1,0.009,NA,NA,NA
"202509091339-267",53,"Cynoscion nebulosus",27.37,34.9,0.276,0.241,4e-04,0.05,"Crustacean",4e-04,0.05,"Caridean spp","Decapoda",NA,1,1e-04,NA,NA,NA
"202509091339-267",53,"Cynoscion nebulosus",27.37,34.9,0.276,0.241,4e-04,0.05,"Crustacean",4e-04,0.05,"Caridean spp","Decapoda",NA,1,1e-04,NA,NA,NA
"202509091339-267",53,"Cynoscion nebulosus",27.37,34.9,0.276,0.241,4e-04,0.05,"Crustacean",4e-04,0.05,"Caridean spp","Decapoda",NA,1,1e-04,NA,NA,NA
"202509091339-267",53,"Cynoscion nebulosus",27.37,34.9,0.276,0.241,4e-04,0.05,"Crustacean",4e-04,0.05,"Caridean spp","Decapoda",NA,1,1e-04,NA,NA,NA
"202509091339-267",54,"Cynoscion nebulosus",37.12,47.08,0.829,0.747,0.01,0.2,"Crustacean",0.01,0.2,"Caridean spp","Decapoda",NA,1,0.01,7.97,NA,NA
"202509091349-280",64,"Cynoscion nebulosus",20.69,24.46,0.11,0.096,NA,NA,NA,NA,NA,"EMPTY",NA,NA,0,NA,NA,NA,NA
"202509091410-278",65,"Cynoscion nebulosus",55.7,65.97,2.688,2.381,0.128,0.6,"Fish",0.128,0.6,"Opsanus beta","Batrachoidiformes","Batrachoididae",1,0.128,NA,NA,NA
"202509091431-266",60,"Cynoscion nebulosus",63.21,75.06,3.96,3.83,NA,NA,NA,NA,NA,"EMPTY",NA,NA,0,NA,NA,NA,NA
"202509091538-071",55,"Cynoscion nebulosus",25.13,30.78,0.21,0.205,NA,NA,NA,NA,NA,"EMPTY",NA,NA,0,NA,NA,NA,NA
"202509091538-071",56,"Cynoscion nebulosus",35.05,42.08,0.626,0.586,0.006,0.05,"Crustacean",0.006,0.05,"Penaeid spp","Decapoda",NA,1,0.006,NA,NA,NA
"202509091538-071",57,"Cynoscion nebulosus",51.22,61.98,1.904,1.823,0.024,0.3,"Crustacean",0.024,0.3,"Penaeid spp","Decapoda",NA,1,0.024,NA,NA,NA
"202509100748-070",68,"Lutjanus synagris",35.65,44.17,0.932,0.854,0.008,0.05,"Crustacean",0.008,0.05,"Caridean spp","Decapoda",NA,3,0.005,NA,NA,NA
"202509100748-070",68,"Lutjanus synagris",35.65,44.17,0.932,0.854,0.008,0.05,"Crustacean",0.008,0.05,"Hippolyte spp","Decapoda","Hippolytidae",1,0.003,NA,NA,NA
"202509101204-146",67,"Cynoscion nebulosus",16.48,20.64,0.076,0.057,0.002,0.05,"Fish",0.002,0.05,"UNID Fish",NA,NA,1,0.002,NA,NA,NA
"202511151053-266",69,"Cynoscion nebulosus",24.76,30.23,0.208,0.183,0.001,0.05,"Crustacean",0.001,0.05,"UNID Crustacean",NA,NA,1,0.001,NA,NA,NA
"202511151440-070",70,"Cynoscion nebulosus",22.83,28.31,0.166,0.123,0.016,0.1,"Fish",0.016,0.1,"UNID Fish",NA,NA,1,0.016,13,11.05,NA
"202511161351-123",63,"Sphyraena barracuda",77.25,88.94,3.335,2.977,0.118,0.3,"Fish",0.118,0.3,"Lucania parva","Cyprinodontiformes","Fundulidae",1,0.072,18.2,16.39,NA
"202511161351-123",63,"Sphyraena barracuda",77.25,88.94,3.335,2.977,0.118,0.3,"Fish",0.118,0.3,"Lucania parva","Cyprinodontiformes","Fundulidae",1,0.022,12.57,11.29,NA
"202511161351-123",63,"Sphyraena barracuda",77.25,88.94,3.335,2.977,0.118,0.3,"Fish",0.118,0.3,"UNID Fish",NA,NA,1,0.01,NA,NA,NA
