"keyfield","com_nm","sci_nm","count","bulk_wt"
"200906061500-618","Least Puffer","Sphoeroides parvus",1,0.6
"200906061500-618","Mojarra Spp","Eucinostomus spp",40,12.63
"200906061500-618","Sargassum Pipefish","Syngnathus pelagicus",1,1.89
"200906061605-401","Mojarra Spp","Eucinostomus spp",5,25.12
"200906061605-401","Sargassum Pipefish","Syngnathus pelagicus",2,2.37
"200906070900-040","Dwarf Seahorse","Hippocampus zosterae",1,0.06
"200906070900-040","Herring Spp","Clupeidae spp",1,0.23
"200906070900-040","Marbled Blenny","Paraclinus marmoratus",1,0.16
"200906070900-040","Mojarra Spp","Eucinostomus spp",57,20.58
"200906070900-040","Pinfish","Lagodon rhomboides",73,221.49
"200906070900-040","Rainwater Killifish","Lucania parva",6,0.98
"200906070900-040","Sargassum Pipefish","Syngnathus pelagicus",2,0.77
"200906070900-040","Sheepshead Porgy","Calamus penna",2,2.76
"200906070900-040","White Grunt","Haemulon plumierii",1,7.01
"200906071010-021","Grass Porgy","Calamus arctifrons",1,1.01
"200906071010-021","Mojarra Spp","Eucinostomus spp",6,30.46
"200906071010-021","Pinfish","Lagodon rhomboides",35,359.08
"200906071010-021","Planehead Filefish","Stephanolepis hispidus",1,6.4
"200906071010-021","Porgy Spp","Sparidae spp",5,85.14
"200906071010-021","Sargassum Pipefish","Syngnathus pelagicus",1,1.33
"200906071010-021","Sheepshead Porgy","Calamus penna",3,8.31
"200906071010-021","Silver Perch","Bairdiella chrysoura",1,17.03
"200906071010-021","White Grunt","Haemulon plumierii",3,8.45
"200906071203-070","Grunt Spp","Haemulon spp",1,0.54
"200906071203-070","Gulf Pipefish","Syngnathus scovelli",5,1.32
"200906071203-070","Inshore Lizardfish","Synodus foetens",1,3.38
"200906071203-070","Mojarra Spp","Eucinostomus spp",92,18.03
"200906071203-070","Pinfish","Lagodon rhomboides",572,984.8
"200906071203-070","Porgy Spp","Sparidae spp",1,0.8
"200906071203-070","Rainwater Killifish","Lucania parva",7,0.51
"200906071203-070","Sargassum Pipefish","Syngnathus pelagicus",3,1.01
"200906071203-070","Sheepshead Porgy","Calamus penna",33,79.09
"200906071203-070","Striped Burrfish","Chilomycterus schoepfi",2,18.61
"200906071451-147","Goldspotted Killifish","Floridichthys carpio",2,0.27
"200906071451-147","Mojarra Spp","Eucinostomus spp",55,481.33
"200906071451-147","Spotted Seatrout","Cynoscion nebulosus",1,2.32
"200906081002-176","Goldspotted Killifish","Floridichthys carpio",1,1.42
"200906081002-176","Gulf Pipefish","Syngnathus scovelli",1,0.12
"200906081002-176","Mojarra Spp","Eucinostomus spp",28,5.71
"200906081002-176","Pinfish","Lagodon rhomboides",138,372.47
"200906081002-176","Rainwater Killifish","Lucania parva",77,15.32
"200906081002-176","Sheepshead Porgy","Calamus penna",4,3.38
"200906081002-176","Silver Perch","Bairdiella chrysoura",5,8.92
"200906081002-176","Spotted Seatrout","Cynoscion nebulosus",1,0.88
"200906081305-280","Gulf Pipefish","Syngnathus scovelli",1,0.61
"200906081305-280","Mojarra Spp","Eucinostomus spp",1,0.11
"200906081305-280","Pinfish","Lagodon rhomboides",9,31.9
"200906081305-280","Rainwater Killifish","Lucania parva",28,8.84
"200906081305-280","Sheepshead Minnow","Cyprinodon variegatus",7,4.41
"200906081350-281","Fringed Pipefish","Anarchopterus criniger",1,0.07
"200906081350-281","Mojarra Spp","Eucinostomus spp",9,14.21
"200906081350-281","Sargassum Pipefish","Syngnathus pelagicus",1,3.04
"200906081350-281","Sheepshead Minnow","Cyprinodon variegatus",2,0.3
"200906091100-241","Gulf Toadfish","Opsanus beta",2,4.69
"200906091100-241","Mojarra Spp","Eucinostomus spp",7,0.66
"200906091100-241","Pinfish","Lagodon rhomboides",17,67.83
"200906091100-241","Rainwater Killifish","Lucania parva",35,5.09
"200906101345-314","Gulf Toadfish","Opsanus beta",1,11.88
"200906101345-314","Horned Blenny","Paraclinus grandicornis",2,1.16
"200907110908-173","Mojarra Spp","Eucinostomus spp",6,0.2
"200907110908-173","Pinfish","Lagodon rhomboides",47,260.87
"200907110908-173","Rainwater Killifish","Lucania parva",14,1.15
"200907110908-173","Sheepshead Minnow","Cyprinodon variegatus",3,0.88
"200907110915-147","Great Barracuda","Sphyraena barracuda",1,1.71
"200907110915-147","Gulf Pipefish","Syngnathus scovelli",4,0.56
"200907110915-147","Mojarra Spp","Eucinostomus spp",303,21.58
"200907110915-147","Pinfish","Lagodon rhomboides",12,36.96
"200907110915-147","Rainwater Killifish","Lucania parva",139,10.07
"200907110915-147","Sargassum Pipefish","Syngnathus pelagicus",4,2.26
"200907110915-147","Silver Perch","Bairdiella chrysoura",1,11.25
"200907111105-112","Bluestriped Grunt","Haemulon sciurus",2,0.43
"200907111105-112","Freckled Blenny","Hypsoblennius ionthas",1,0.33
"200907111105-112","Gulf Pipefish","Syngnathus scovelli",4,0.84
"200907111105-112","Marbled Blenny","Paraclinus marmoratus",4,4.53
"200907111105-112","Mojarra Spp","Eucinostomus spp",60,4.64
"200907111105-112","Pinfish","Lagodon rhomboides",72,281.71
"200907111105-112","Planehead Filefish","Stephanolepis hispidus",3,2.3
"200907111105-112","Rainwater Killifish","Lucania parva",67,6.17
"200907111105-112","Sargassum Pipefish","Syngnathus pelagicus",2,0.95
"200907111105-112","Silver Perch","Bairdiella chrysoura",1,2.41
"200907111105-112","White Grunt","Haemulon plumierii",6,19.44
"200907111145-023","Bluestriped Grunt","Haemulon sciurus",2,0.39
"200907111145-023","Mahogany Snapper","Lutjanus mahogoni",1,0.33
"200907111145-023","Mojarra Spp","Eucinostomus spp",9,0.19
"200907111145-023","Pinfish","Lagodon rhomboides",2,6.39
"200907111145-023","Planehead Filefish","Stephanolepis hispidus",2,0.6
"200907111145-023","Sargassum Pipefish","Syngnathus pelagicus",1,0.64
"200907111145-023","Silver Perch","Bairdiella chrysoura",5,3.6
"200907111213-021","Spotted Seatrout","Cynoscion nebulosus",1,0.77
"200907111350-107","Spotted Seatrout","Cynoscion nebulosus",4,2.46
"200907111428-119","Spotted Seatrout","Cynoscion nebulosus",1,0.54
"200907111550-067","Spotted Seatrout","Cynoscion nebulosus",6,6.02
"200907111616-068","Spotted Seatrout","Cynoscion nebulosus",2,1.54
"200907111645-070","Dwarf Seahorse","Hippocampus zosterae",1,0.07
"200907111645-070","Gulf Pipefish","Syngnathus scovelli",10,1.22
"200907111645-070","Inshore Lizardfish","Synodus foetens",2,3.52
"200907111645-070","Mahogany Snapper","Lutjanus mahogoni",2,1.15
"200907111645-070","Mojarra Spp","Eucinostomus spp",391,72.53
"200907111645-070","Pinfish","Lagodon rhomboides",503,1602.05
"200907111645-070","Planehead Filefish","Stephanolepis hispidus",1,0.1
"200907111645-070","Pygmy Filefish","Stephanolepis setifer",1,0.21
"200907111645-070","Rainwater Killifish","Lucania parva",60,7.9
"200907111645-070","Sargassum Pipefish","Syngnathus pelagicus",14,5.88
"200907111645-070","Sheepshead","Archosargus probatocephalus",1,0.1
"200907111645-070","Sheepshead Porgy","Calamus penna",16,50.9
"200907111645-070","Silver Porgy","Diplodus caudimacula",1,0.71
"200907111645-070","Spotted Seatrout","Cynoscion nebulosus",6,1.35
"200907111645-070","White Grunt","Haemulon plumierii",1,2.18
"200907120938-071","Spotted Seatrout","Cynoscion nebulosus",1,0.59
"200907121007-073","Spotted Seatrout","Cynoscion nebulosus",4,4.09
"200907121145-279","Clown Goby","Microgobius gulosus",3,0.12
"200907121145-279","Dwarf Seahorse","Hippocampus zosterae",1,0
"200907121145-279","Gulf Pipefish","Syngnathus scovelli",1,0.5
"200907121145-279","Mojarra Spp","Eucinostomus spp",20,0.65
"200907121145-279","Pinfish","Lagodon rhomboides",5,16.76
"200907121145-279","Rainwater Killifish","Lucania parva",216,24.42
"200907121145-279","Sheepshead Minnow","Cyprinodon variegatus",22,5
"200907121515-302","Mojarra Spp","Eucinostomus spp",34,15.51
"200907121515-302","Rainwater Killifish","Lucania parva",3,0.37
"200907131341-258","Checkered Puffer","Sphoeroides testudineus",1,5.22
"200907131341-258","Gulf Toadfish","Opsanus beta",1,2.49
"200907131341-258","Mojarra Spp","Eucinostomus spp",18,10.54
"200907131341-258","Rainwater Killifish","Lucania parva",2,0.11
"200907131341-258","Sheepshead Minnow","Cyprinodon variegatus",1,0.08
"200907131530-270","Gulf Toadfish","Opsanus beta",1,6.7
"200907131530-270","Mojarra Spp","Eucinostomus spp",69,46.95
"200907131530-270","Pinfish","Lagodon rhomboides",2,20.22
"200907131530-270","Rainwater Killifish","Lucania parva",43,5
"200907131530-270","Sargassum Pipefish","Syngnathus pelagicus",1,1.21
"200907131530-270","Sheepshead Minnow","Cyprinodon variegatus",1,0.51
"200907140909-283","Mojarra Spp","Eucinostomus spp",89,26.89
"200907140909-283","Pinfish","Lagodon rhomboides",3,19.02
"200907140909-283","Rainwater Killifish","Lucania parva",22,2.41
"200907140909-283","Sargassum Pipefish","Syngnathus pelagicus",1,0.35
"200907141100-314","Dwarf Seahorse","Hippocampus zosterae",1,0.07
"200907141100-314","Gulf Toadfish","Opsanus beta",1,7.63
"200907141100-314","Mojarra Spp","Eucinostomus spp",26,11.53
"200907141139-323","Spotted Seatrout","Cynoscion nebulosus",1,0.91
"200907141308-621","Atlantic Needlefish","Strongylura marina",1,0.07
"200907141308-621","Dwarf Seahorse","Hippocampus zosterae",2,0.14
"200907141308-621","Mojarra Spp","Eucinostomus spp",144,105.13
"200907141308-621","Sheepshead Minnow","Cyprinodon variegatus",15,3.43
"200907141422-402","Dwarf Seahorse","Hippocampus zosterae",1,0.02
"200907141422-402","Great Barracuda","Sphyraena barracuda",1,1.49
"200907141422-402","Mojarra Spp","Eucinostomus spp",52,49
"200907141422-402","Sheepshead Minnow","Cyprinodon variegatus",7,0.99
"200908080845-133","Goldspotted Killifish","Floridichthys carpio",3,0.86
"200908080845-133","Gulf Pipefish","Syngnathus scovelli",5,1.83
"200908080845-133","Mahogany Snapper","Lutjanus mahogoni",1,1.79
"200908080845-133","Mojarra Spp","Eucinostomus spp",43,16.8
"200908080845-133","Pinfish","Lagodon rhomboides",59,290.46
"200908080845-133","Rainwater Killifish","Lucania parva",561,73.06
"200908080845-133","Sargassum Pipefish","Syngnathus pelagicus",4,3.53
"200908080845-133","White Grunt","Haemulon plumierii",3,2.98
"200908081015-112","Mahogany Snapper","Lutjanus mahogoni",1,1.7
"200908081015-112","Marbled Blenny","Paraclinus marmoratus",3,3.71
"200908081015-112","Mojarra Spp","Eucinostomus spp",50,13.1
"200908081015-112","Pinfish","Lagodon rhomboides",28,176.82
"200908081015-112","Planehead Filefish","Stephanolepis hispidus",1,2.2
"200908081015-112","Rainwater Killifish","Lucania parva",40,4.96
"200908081015-112","Sargassum Pipefish","Syngnathus pelagicus",6,7.04
"200908081015-112","Silver Perch","Bairdiella chrysoura",2,8.99
"200908081111-022","Barred Hamlet","Hypoplectrus puella",2,8.33
"200908081111-022","Bluestriped Grunt","Haemulon sciurus",1,6.15
"200908081111-022","Grass Porgy","Calamus arctifrons",1,4.01
"200908081111-022","Lane Snapper","Lutjanus synagris",4,14.4
"200908081111-022","Marbled Blenny","Paraclinus marmoratus",1,0.78
"200908081111-022","Mojarra Spp","Eucinostomus spp",74,59.22
"200908081111-022","Pinfish","Lagodon rhomboides",31,278.07
"200908081111-022","Planehead Filefish","Stephanolepis hispidus",12,29.62
"200908081111-022","Sargassum Pipefish","Syngnathus pelagicus",2,2.44
"200908081111-022","Silver Perch","Bairdiella chrysoura",16,71.06
"200908081111-022","Striped Burrfish","Chilomycterus schoepfi",1,30.56
"200908081111-022","White Grunt","Haemulon plumierii",13,37.07
"200908081134-021","Spotted Seatrout","Cynoscion nebulosus",1,0
"200908081253-106","Spotted Seatrout","Cynoscion nebulosus",1,0.55
"200908081425-068","Spotted Seatrout","Cynoscion nebulosus",1,1.67
"200908081443-070","Bay Anchovy","Anchoa mitchilli",2,0.11
"200908081443-070","Code Goby","Gobiosoma robustum",1,0
"200908081443-070","Dwarf Seahorse","Hippocampus zosterae",1,0.1
"200908081443-070","Freckled Blenny","Hypsoblennius ionthas",1,0.55
"200908081443-070","Great Barracuda","Sphyraena barracuda",1,0.18
"200908081443-070","Gulf Pipefish","Syngnathus scovelli",16,3.55
"200908081443-070","Gulf Toadfish","Opsanus beta",1,14.65
"200908081443-070","Inshore Lizardfish","Synodus foetens",3,16.9
"200908081443-070","Lane Snapper","Lutjanus synagris",3,5.29
"200908081443-070","Mojarra Spp","Eucinostomus spp",296,111.17
"200908081443-070","Pigfish","Orthopristis chrysoptera",26,120.53
"200908081443-070","Pinfish","Lagodon rhomboides",317,1221.15
"200908081443-070","Planehead Filefish","Stephanolepis hispidus",1,0.68
"200908081443-070","Rainwater Killifish","Lucania parva",6,1.3
"200908081443-070","Windowpane Flounder","Scophthalmus aquosus",1,2.97
"200908090923-168","Bluestriped Grunt","Haemulon sciurus",3,2.84
"200908090923-168","Goldspotted Killifish","Floridichthys carpio",1,0.15
"200908090923-168","Gulf Pipefish","Syngnathus scovelli",1,0.2
"200908090923-168","Mahogany Snapper","Lutjanus mahogoni",3,2.44
"200908090923-168","Mojarra Spp","Eucinostomus spp",116,40.02
"200908090923-168","Pinfish","Lagodon rhomboides",44,304.41
"200908090923-168","Planehead Filefish","Stephanolepis hispidus",4,4.68
"200908090923-168","Rainwater Killifish","Lucania parva",327,31.4
"200908090923-168","Sargassum Pipefish","Syngnathus pelagicus",3,3.59
"200908090923-168","Silver Perch","Bairdiella chrysoura",1,2.77
"200908091043-278","Spotted Seatrout","Cynoscion nebulosus",1,2.3
"200908091118-266","Mojarra Spp","Eucinostomus spp",13,5.67
"200908091118-266","Pinfish","Lagodon rhomboides",8,67.67
"200908091118-266","Rainwater Killifish","Lucania parva",35,7.59
"200908091118-266","Sheepshead Minnow","Cyprinodon variegatus",2,0.66
"200908091118-266","Silver Perch","Bairdiella chrysoura",1,0.32
"200908091358-301","Clown Goby","Microgobius gulosus",1,0
"200908091358-301","Goldspotted Killifish","Floridichthys carpio",2,1.05
"200908091358-301","Herring Spp","Clupeidae spp",1,0.04
"200908091358-301","Mojarra Spp","Eucinostomus spp",117,144.88
"200908091358-301","Pinfish","Lagodon rhomboides",11,164.19
"200908091358-301","Rainwater Killifish","Lucania parva",1,0.13
"200908091358-301","Sargassum Pipefish","Syngnathus pelagicus",1,1.52
"200908091358-301","Sheepshead Minnow","Cyprinodon variegatus",1,0.24
"200908100903-241","Gulf Pipefish","Syngnathus scovelli",1,1.23
"200908100903-241","Mojarra Spp","Eucinostomus spp",2,0.43
"200908100903-241","Pinfish","Lagodon rhomboides",2,15.86
"200908100903-241","Rainwater Killifish","Lucania parva",31,3.91
"200908100903-241","Sheepshead Minnow","Cyprinodon variegatus",3,0.52
"200908110952-303","Fringed Pipefish","Anarchopterus criniger",1,0.07
"200908110952-303","Mojarra Spp","Eucinostomus spp",6,3.15
"200908111041-618","Clown Goby","Microgobius gulosus",1,0.18
"200908111041-618","Dwarf Seahorse","Hippocampus zosterae",6,0.35
"200908111041-618","Goldspotted Killifish","Floridichthys carpio",9,2.95
"200908111041-618","Mojarra Spp","Eucinostomus spp",273,352.43
"200908111217-402","Goldspotted Killifish","Floridichthys carpio",10,1.93
"200908111217-402","Mojarra Spp","Eucinostomus spp",210,414.35
"200908111217-402","Sargassum Pipefish","Syngnathus pelagicus",2,1.94
"200909120926-134","Goldspotted Killifish","Floridichthys carpio",5,1.2
"200909120926-134","Gulf Pipefish","Syngnathus scovelli",2,2.13
"200909120926-134","Mojarra Spp","Eucinostomus spp",19,13.17
"200909120926-134","Pinfish","Lagodon rhomboides",15,90.83
"200909120926-134","Rainwater Killifish","Lucania parva",193,22.3
"200909121012-122","Great Barracuda","Sphyraena barracuda",2,2.49
"200909121012-122","Gulf Pipefish","Syngnathus scovelli",1,0.08
"200909121012-122","Mojarra Spp","Eucinostomus spp",112,43.84
"200909121012-122","Pinfish","Lagodon rhomboides",6,28.99
"200909121012-122","Rainwater Killifish","Lucania parva",62,7.02
"200909121012-122","Sargassum Pipefish","Syngnathus pelagicus",1,0.77
"200909121104-023","Barred Hamlet","Hypoplectrus puella",1,4.81
"200909121104-023","Bluestriped Grunt","Haemulon sciurus",6,6.22
"200909121104-023","Dwarf Seahorse","Hippocampus zosterae",1,0.09
"200909121104-023","Gulf Pipefish","Syngnathus scovelli",1,0.47
"200909121104-023","Lane Snapper","Lutjanus synagris",7,35.48
"200909121104-023","Mojarra Spp","Eucinostomus spp",132,94.2
"200909121104-023","Pigfish","Orthopristis chrysoptera",1,14.43
"200909121104-023","Pinfish","Lagodon rhomboides",111,630.91
"200909121104-023","Planehead Filefish","Stephanolepis hispidus",22,81.05
"200909121104-023","Rainwater Killifish","Lucania parva",11,2.86
"200909121104-023","Sargassum Pipefish","Syngnathus pelagicus",8,9.33
"200909121104-023","Scrawled Cowfish","Acanthostracion quadricornis",2,18.14
"200909121104-023","Silver Perch","Bairdiella chrysoura",7,78.55
"200909121104-023","Web Burrfish","Chilomycterus antillarum",2,44.23
"200909121104-023","White Grunt","Haemulon plumierii",3,6.17
"200909121428-168","Gulf Pipefish","Syngnathus scovelli",2,0.64
"200909121428-168","Mojarra Spp","Eucinostomus spp",76,63.65
"200909121428-168","Pinfish","Lagodon rhomboides",7,58.2
"200909121428-168","Rainwater Killifish","Lucania parva",65,8.88
"200909121514-070","Bluestriped Grunt","Haemulon sciurus",3,6.77
"200909121514-070","Lane Snapper","Lutjanus synagris",7,25.55
"200909121514-070","Mojarra Spp","Eucinostomus spp",129,190.93
"200909121514-070","Pigfish","Orthopristis chrysoptera",15,115.52
"200909121514-070","Pinfish","Lagodon rhomboides",241,2005.44
"200909121514-070","Planehead Filefish","Stephanolepis hispidus",4,7.52
"200909121514-070","Sargassum Pipefish","Syngnathus pelagicus",2,1.57
"200909121514-070","Silver Perch","Bairdiella chrysoura",9,51.82
"200909121514-070","White Grunt","Haemulon plumierii",3,6.68
"200909131128-266","Code Goby","Gobiosoma robustum",1,0.01
"200909131128-266","Dwarf Seahorse","Hippocampus zosterae",1,0.04
"200909131128-266","Goldspotted Killifish","Floridichthys carpio",6,1.1
"200909131128-266","Mojarra Spp","Eucinostomus spp",9,11.33
"200909131128-266","Pinfish","Lagodon rhomboides",5,40.21
"200909131128-266","Rainwater Killifish","Lucania parva",274,29.22
"200909131231-270","Goldspotted Killifish","Floridichthys carpio",1,0.21
"200909131231-270","Great Barracuda","Sphyraena barracuda",2,3.14
"200909131231-270","Gulf Pipefish","Syngnathus scovelli",1,0.6
"200909131231-270","Mojarra Spp","Eucinostomus spp",62,97.71
"200909131231-270","Pinfish","Lagodon rhomboides",12,153.19
"200909131231-270","Rainwater Killifish","Lucania parva",35,3.67
"200909141038-241","Mojarra Spp","Eucinostomus spp",45,58.1
"200909141038-241","Pinfish","Lagodon rhomboides",6,61.7
"200909141038-241","Rainwater Killifish","Lucania parva",76,7.63
"200909150842-314","Atlantic Spadefish","Chaetodipterus faber",1,29.22
"200909150842-314","Gulf Pipefish","Syngnathus scovelli",2,0.48
"200909150842-314","Mojarra Spp","Eucinostomus spp",87,119.36
"200909150842-314","Pinfish","Lagodon rhomboides",21,270.08
"200909150842-314","Rainwater Killifish","Lucania parva",25,5.41
"200909150920-302","Spotted Seatrout","Cynoscion nebulosus",1,4.46
"200909151020-609","Goldspotted Killifish","Floridichthys carpio",1,0.1
"200909151020-609","Gulf Pipefish","Syngnathus scovelli",1,0.21
"200909151020-609","Mojarra Spp","Eucinostomus spp",174,314.73
"200909151020-609","Pinfish","Lagodon rhomboides",38,465.06
"200909151020-609","Rainwater Killifish","Lucania parva",11,1.14
"200909151201-618","Goldspotted Killifish","Floridichthys carpio",4,1.55
"200909151201-618","Mojarra Spp","Eucinostomus spp",269,604.42
"200909151201-618","Pinfish","Lagodon rhomboides",1,15.85
"200909151201-618","Sheepshead Minnow","Cyprinodon variegatus",3,0.87
"200910101109-621","Dwarf Seahorse","Hippocampus zosterae",1,0.1
"200910101109-621","Goldspotted Killifish","Floridichthys carpio",19,4.55
"200910101109-621","Mojarra Spp","Eucinostomus spp",220,627.94
"200910101109-621","Pinfish","Lagodon rhomboides",2,46.03
"200910101109-621","Rainwater Killifish","Lucania parva",1,0.31
"200910101215-402","Goldspotted Killifish","Floridichthys carpio",1,0.43
"200910101215-402","Mojarra Spp","Eucinostomus spp",105,175.65
"200910101215-402","Pinfish","Lagodon rhomboides",2,65.33
"200910101440-314","Mojarra Spp","Eucinostomus spp",9,44.1
"200910101440-314","Pinfish","Lagodon rhomboides",1,38.91
"200910110841-123","Mahogany Snapper","Lutjanus mahogoni",1,2.6
"200910110841-123","Mojarra Spp","Eucinostomus spp",55,40.26
"200910110841-123","Pinfish","Lagodon rhomboides",2,9.96
"200910110841-123","Planehead Filefish","Stephanolepis hispidus",5,25.82
"200910110841-123","Rainwater Killifish","Lucania parva",2,0.51
"200910110928-022","Banded Blenny","Paraclinus fasciatus",1,0.69
"200910110928-022","Gray Snapper","Lutjanus griseus",2,12.31
"200910110928-022","Gulf Pipefish","Syngnathus scovelli",1,1.26
"200910110928-022","Lane Snapper","Lutjanus synagris",5,52.37
"200910110928-022","Mojarra Spp","Eucinostomus spp",211,232.96
"200910110928-022","Pigfish","Orthopristis chrysoptera",2,23.76
"200910110928-022","Pinfish","Lagodon rhomboides",125,793.76
"200910110928-022","Planehead Filefish","Stephanolepis hispidus",26,105.77
"200910110928-022","Rainwater Killifish","Lucania parva",4,1.26
"200910110928-022","Redtail Parrotfish","Sparisoma chrysopterum",1,1.84
"200910110928-022","Sargassum Pipefish","Syngnathus pelagicus",4,5.91
"200910110928-022","Silver Perch","Bairdiella chrysoura",7,88.68
"200910110928-022","White Grunt","Haemulon plumierii",22,65.56
"200910111122-146","Mojarra Spp","Eucinostomus spp",11,9.99
"200910111122-146","Pinfish","Lagodon rhomboides",6,35.51
"200910111122-146","Rainwater Killifish","Lucania parva",92,16.06
"200910111325-068","Bay Anchovy","Anchoa mitchilli",2,0.25
"200910111325-068","Gray Snapper","Lutjanus griseus",1,4.5
"200910111325-068","Lane Snapper","Lutjanus synagris",2,14.28
"200910111325-068","Mojarra Spp","Eucinostomus spp",100,163.64
"200910111325-068","Pinfish","Lagodon rhomboides",110,1047.22
"200910111325-068","Planehead Filefish","Stephanolepis hispidus",2,3.86
"200910111325-068","Sargassum Pipefish","Syngnathus pelagicus",2,1.47
"200910111325-068","White Grunt","Haemulon plumierii",3,14.25
"200910111522-169","Goldspotted Killifish","Floridichthys carpio",2,1.12
"200910111522-169","Gulf Pipefish","Syngnathus scovelli",1,0.26
"200910111522-169","Mojarra Spp","Eucinostomus spp",7,3.37
"200910111522-169","Pinfish","Lagodon rhomboides",6,45.94
"200910111522-169","Rainwater Killifish","Lucania parva",99,13.25
"200910121001-301","Bay Anchovy","Anchoa mitchilli",12,2.51
"200910121001-301","Clown Goby","Microgobius gulosus",1,0.14
"200910121001-301","Dwarf Seahorse","Hippocampus zosterae",1,0.05
"200910121001-301","Gulf Pipefish","Syngnathus scovelli",2,0.34
"200910121001-301","Herring Spp","Clupeidae spp",1,0.1
"200910121001-301","Mojarra Spp","Eucinostomus spp",109,231.37
"200910121001-301","Pinfish","Lagodon rhomboides",29,495.69
"200910121018-312","Spotted Seatrout","Cynoscion nebulosus",1,0.33
"200910121604-284","Spotted Seatrout","Cynoscion nebulosus",1,0.58
"200910130835-257","Clown Goby","Microgobius gulosus",1,0.11
"200910130835-257","Goldspotted Killifish","Floridichthys carpio",1,0.68
"200910130835-257","Mojarra Spp","Eucinostomus spp",38,43.06
"200910130835-257","Pinfish","Lagodon rhomboides",38,441.26
"200910130835-257","Rainwater Killifish","Lucania parva",133,15.77
"200910131006-241","Goldspotted Killifish","Floridichthys carpio",6,2.52
"200910131006-241","Mojarra Spp","Eucinostomus spp",2,1.44
"200910131006-241","Pinfish","Lagodon rhomboides",2,23.88
"200910131006-241","Rainwater Killifish","Lucania parva",15,2.15
"200910131056-253","Goldspotted Killifish","Floridichthys carpio",2,1
"200910131056-253","Gulf Toadfish","Opsanus beta",3,33.53
"200910131056-253","Pinfish","Lagodon rhomboides",17,140.57
"200910131056-253","Rainwater Killifish","Lucania parva",49,8.98
"200911071050-301","Mojarra Spp","Eucinostomus spp",30,91.07
"200911071305-618","Goldspotted Killifish","Floridichthys carpio",5,2.01
"200911071305-618","Mojarra Spp","Eucinostomus spp",55,183.67
"200911071305-618","Pinfish","Lagodon rhomboides",6,146.71
"200911071424-402","Mojarra Spp","Eucinostomus spp",5,3.6
"200911080948-270","Gulf Pipefish","Syngnathus scovelli",1,0.17
"200911080948-270","Mojarra Spp","Eucinostomus spp",22,50.89
"200911080948-270","Pinfish","Lagodon rhomboides",25,437.33
"200911080948-270","Rainwater Killifish","Lucania parva",3,0.6
"200911141032-241","Gulf Pipefish","Syngnathus scovelli",1,0.99
"200911141032-241","Gulf Toadfish","Opsanus beta",1,7.04
"200911141032-241","Mojarra Spp","Eucinostomus spp",5,4.08
"200911141032-241","Pinfish","Lagodon rhomboides",14,146.65
"200911141032-241","Rainwater Killifish","Lucania parva",46,6.52
"200911141410-172","Gulf Pipefish","Syngnathus scovelli",1,0.29
"200911141410-172","Mojarra Spp","Eucinostomus spp",8,6.89
"200911141410-172","Pinfish","Lagodon rhomboides",3,39.43
"200911141410-172","Rainwater Killifish","Lucania parva",22,2.84
"200911141410-172","Sargassum Pipefish","Syngnathus pelagicus",1,0.15
"200911151032-112","Gulf Pipefish","Syngnathus scovelli",1,0.25
"200911151032-112","Mojarra Spp","Eucinostomus spp",41,17.23
"200911151032-112","Pinfish","Lagodon rhomboides",3,25.49
"200911151032-112","Planehead Filefish","Stephanolepis hispidus",2,5.07
"200911151032-112","Rainwater Killifish","Lucania parva",2,0.39
"200911151032-112","Sargassum Pipefish","Syngnathus pelagicus",2,0.67
"200911151128-023","Dwarf Seahorse","Hippocampus zosterae",1,0.06
"200911151128-023","Fringed Pipefish","Anarchopterus criniger",1,0.15
"200911151128-023","Goldspotted Killifish","Floridichthys carpio",30,24.05
"200911151128-023","Gray Snapper","Lutjanus griseus",1,3.45
"200911151128-023","Gulf Pipefish","Syngnathus scovelli",3,0.95
"200911151128-023","Lane Snapper","Lutjanus synagris",9,6.26
"200911151128-023","Mojarra Spp","Eucinostomus spp",228,200.04
"200911151128-023","Pigfish","Orthopristis chrysoptera",1,17.98
"200911151128-023","Pinfish","Lagodon rhomboides",126,906.11
"200911151128-023","Planehead Filefish","Stephanolepis hispidus",2,2.83
"200911151128-023","Rainwater Killifish","Lucania parva",523,116.88
"200911151128-023","Sargassum Pipefish","Syngnathus pelagicus",1,0.68
"200911151128-023","Striped Blenny","Chasmodes bosquianus",3,7.08
"200911151128-023","White Grunt","Haemulon plumierii",1,2.14
"200911151441-068","Bay Anchovy","Anchoa mitchilli",4,0.95
"200911151441-068","Dwarf Seahorse","Hippocampus zosterae",1,0.03
"200911151441-068","Gray Snapper","Lutjanus griseus",1,4.97
"200911151441-068","Lane Snapper","Lutjanus synagris",3,8.47
"200911151441-068","Mahogany Snapper","Lutjanus mahogoni",1,0.22
"200911151441-068","Mojarra Spp","Eucinostomus spp",97,147.32
"200911151441-068","Pigfish","Orthopristis chrysoptera",2,15.62
"200911151441-068","Pinfish","Lagodon rhomboides",148,1339.44
"200911151441-068","Planehead Filefish","Stephanolepis hispidus",4,24.59
"200911151441-068","White Grunt","Haemulon plumierii",3,14.83
"200911151605-159","Mojarra Spp","Eucinostomus spp",3,1.01
"200911151605-159","Pinfish","Lagodon rhomboides",1,5.24
"200911151605-159","Rainwater Killifish","Lucania parva",2,0.37
"200911160815-292","Spotted Seatrout","Cynoscion nebulosus",1,0.5
"200911160836-291","Spotted Seatrout","Cynoscion nebulosus",1,4.23
"200911161017-266","Mojarra Spp","Eucinostomus spp",3,2.8
"200911161017-266","Pinfish","Lagodon rhomboides",4,38.85
"200911161017-266","Rainwater Killifish","Lucania parva",16,2.41
"201005290915-122","Inshore Lizardfish","Synodus foetens",1,2.85
"201005290915-122","Mojarra Spp","Eucinostomus spp",3,0.04
"201005290915-122","Pinfish","Lagodon rhomboides",63,28.65
"201005290915-122","Rainwater Killifish","Lucania parva",22,4.12
"201005290915-122","Scrawled Filefish","Aluterus scriptus",1,0.97
"201005290915-122","Silver Perch","Bairdiella chrysoura",2,0.42
"201005290915-122","Spotted Seatrout","Cynoscion nebulosus",1,0
"201005291005-024","Spotted Seatrout","Cynoscion nebulosus",1,0
"201005291030-022","Bluestriped Grunt","Haemulon sciurus",1,0.08
"201005291030-022","Dwarf Seahorse","Hippocampus zosterae",3,0.27
"201005291030-022","Feather Blenny","Hypsoblennius hentz",1,2.78
"201005291030-022","Fringed Filefish","Monacanthus ciliatus",1,9.95
"201005291030-022","Gray Snapper","Lutjanus griseus",2,16.11
"201005291030-022","Grunt Spp","Haemulon spp",3,0.09
"201005291030-022","Gulf Pipefish","Syngnathus scovelli",1,0.07
"201005291030-022","Mojarra Spp","Eucinostomus spp",385,25.16
"201005291030-022","Pigfish","Orthopristis chrysoptera",30,58.86
"201005291030-022","Pinfish","Lagodon rhomboides",572,669.35
"201005291030-022","Silver Perch","Bairdiella chrysoura",54,13.03
"201005291030-022","Spotted Seatrout","Cynoscion nebulosus",3,0
"201005291030-022","Striped Burrfish","Chilomycterus schoepfi",1,5.17
"201005291115-054","Spotted Seatrout","Cynoscion nebulosus",1,0
"201005291330-134","Great Barracuda","Sphyraena barracuda",1,2.41
"201005291330-134","Gulf Pipefish","Syngnathus scovelli",1,0.05
"201005291330-134","Pinfish","Lagodon rhomboides",17,11.53
"201005291420-144","Spotted Seatrout","Cynoscion nebulosus",1,0
"201005291515-068","Bay Anchovy","Anchoa mitchilli",6,0.41
"201005291515-068","Bluestriped Grunt","Haemulon sciurus",1,7.42
"201005291515-068","Dwarf Seahorse","Hippocampus zosterae",4,0.29
"201005291515-068","Gray Snapper","Lutjanus griseus",1,8.59
"201005291515-068","Grunt Spp","Haemulon spp",1,0.59
"201005291515-068","Gulf Pipefish","Syngnathus scovelli",9,2.93
"201005291515-068","Least Puffer","Sphoeroides parvus",1,1.85
"201005291515-068","Mojarra Spp","Eucinostomus spp",86,4.28
"201005291515-068","Pigfish","Orthopristis chrysoptera",38,70.21
"201005291515-068","Pinfish","Lagodon rhomboides",1136,1575.88
"201005291515-068","Sargassum Pipefish","Syngnathus pelagicus",5,0.73
"201005291515-068","Sheepshead","Archosargus probatocephalus",1,0.2
"201005291515-068","Silver Perch","Bairdiella chrysoura",20,12.6
"201005291515-068","Spotted Seatrout","Cynoscion nebulosus",4,0
"201005291515-068","Striped Burrfish","Chilomycterus schoepfi",1,12.31
"201005300957-168","Dwarf Seahorse","Hippocampus zosterae",2,0.22
"201005300957-168","Gulf Pipefish","Syngnathus scovelli",4,0.73
"201005300957-168","Honeycomb Cowfish","Acanthostracion polygonius",1,7.9
"201005300957-168","Mojarra Spp","Eucinostomus spp",7,0.3
"201005300957-168","Pinfish","Lagodon rhomboides",136,122.42
"201005300957-168","Rainwater Killifish","Lucania parva",84,12.77
"201005300957-168","Sargassum Pipefish","Syngnathus pelagicus",2,0.16
"201005300957-168","Striped Burrfish","Chilomycterus schoepfi",1,2.38
"201005300957-168","White Grunt","Haemulon plumierii",1,4.95
"201005301137-266","Gulf Toadfish","Opsanus beta",1,3.61
"201005301137-266","Rainwater Killifish","Lucania parva",5,0.92
"201005301433-241","Gulf Toadfish","Opsanus beta",1,0.2
"201005301433-241","Pinfish","Lagodon rhomboides",1,1.47
"201005301433-241","Rainwater Killifish","Lucania parva",4,0.55
"201005311100-270","Pinfish","Lagodon rhomboides",2,7.73
"201005311100-270","Rainwater Killifish","Lucania parva",1,0.3
"201005311335-301","Goldspotted Killifish","Floridichthys carpio",2,1.47
"201005311335-301","Gulf Toadfish","Opsanus beta",1,3.01
"201005311335-301","Pinfish","Lagodon rhomboides",1,6.05
"201005311335-301","Rainwater Killifish","Lucania parva",1,0.11
"201005311335-301","Sargassum Pipefish","Syngnathus pelagicus",1,0.16
"201005311450-314","Dwarf Seahorse","Hippocampus zosterae",1,0.05
"201005311450-314","Gulf Toadfish","Opsanus beta",1,0.19
"201005311450-314","Highfin Blenny","Lupinoblennius nicholsi",1,0.16
"201006011305-618","Bay Anchovy","Anchoa mitchilli",23,1.99
"201006011305-618","Goldspotted Killifish","Floridichthys carpio",2,1.45
"201006011305-618","Rainwater Killifish","Lucania parva",3,0.26
"201006011320-621","Spotted Seatrout","Cynoscion nebulosus",1,0
"201006011420-402","Gulf Toadfish","Opsanus beta",1,1.58
"201006011420-402","Rainwater Killifish","Lucania parva",1,0.07
"201007031003-134","Gulf Pipefish","Syngnathus scovelli",3,0.92
"201007031003-134","Least Puffer","Sphoeroides parvus",1,0.25
"201007031003-134","Mojarra Spp","Eucinostomus spp",6,2.04
"201007031003-134","Pinfish","Lagodon rhomboides",68,112.27
"201007031003-134","Rainwater Killifish","Lucania parva",19,1.68
"201007031027-111","Gulf Pipefish","Syngnathus scovelli",6,0.76
"201007031027-111","Mojarra Spp","Eucinostomus spp",79,4.67
"201007031027-111","Pinfish","Lagodon rhomboides",123,131.34
"201007031027-111","Planehead Filefish","Stephanolepis hispidus",2,1.2
"201007031027-111","Rainwater Killifish","Lucania parva",14,1.02
"201007031027-111","Sargassum Pipefish","Syngnathus pelagicus",3,0.89
"201007031027-111","Silver Perch","Bairdiella chrysoura",5,8.92
"201007031120-021","Bluestriped Grunt","Haemulon sciurus",3,1.06
"201007031120-021","Dwarf Seahorse","Hippocampus zosterae",1,0.06
"201007031120-021","Fringed Filefish","Monacanthus ciliatus",1,9.43
"201007031120-021","Grunt Spp","Haemulon spp",6,1.35
"201007031120-021","Gulf Pipefish","Syngnathus scovelli",5,1.52
"201007031120-021","Lane Snapper","Lutjanus synagris",8,9.34
"201007031120-021","Mojarra Spp","Eucinostomus spp",94,26.5
"201007031120-021","Pigfish","Orthopristis chrysoptera",14,41.43
"201007031120-021","Pinfish","Lagodon rhomboides",603,1058.59
"201007031120-021","Pygmy Filefish","Stephanolepis setifer",1,0.51
"201007031120-021","Sargassum Pipefish","Syngnathus pelagicus",3,1.42
"201007031120-021","Silver Perch","Bairdiella chrysoura",22,42.97
"201007031120-021","Slender Filefish","Monacanthus tuckeri",19,12.48
"201007031120-021","Web Burrfish","Chilomycterus antillarum",1,0.78
"201007031205-107","Spotted Seatrout","Cynoscion nebulosus",1,1.16
"201007031520-169","Mojarra Spp","Eucinostomus spp",3,0.15
"201007031520-169","Pinfish","Lagodon rhomboides",14,22.22
"201007031520-169","Rainwater Killifish","Lucania parva",1,0.06
"201007031520-169","Silver Perch","Bairdiella chrysoura",2,5.3
"201007031542-168","Spotted Seatrout","Cynoscion nebulosus",1,4.5
"201007040850-070","Chain Pipefish","Syngnathus louisianae",1,0.31
"201007040850-070","Great Barracuda","Sphyraena barracuda",1,2.69
"201007040850-070","Gulf Pipefish","Syngnathus scovelli",23,4.51
"201007040850-070","Mojarra Spp","Eucinostomus spp",179,37.07
"201007040850-070","Pigfish","Orthopristis chrysoptera",1,1.34
"201007040850-070","Pinfish","Lagodon rhomboides",175,341.91
"201007040850-070","Rainwater Killifish","Lucania parva",2,0.28
"201007040850-070","Sargassum Pipefish","Syngnathus pelagicus",1,0.44
"201007040850-070","Silver Perch","Bairdiella chrysoura",2,5.38
"201007040850-070","Web Burrfish","Chilomycterus antillarum",1,23
"201007040925-144","Spotted Seatrout","Cynoscion nebulosus",1,0.93
"201007041108-266","Gulf Pipefish","Syngnathus scovelli",2,1.24
"201007041108-266","Pigfish","Orthopristis chrysoptera",1,5.89
"201007041108-266","Pinfish","Lagodon rhomboides",10,21.33
"201007041108-266","Rainwater Killifish","Lucania parva",8,1.4
"201007041108-266","Silver Perch","Bairdiella chrysoura",2,9.91
"201007041400-241","Mojarra Spp","Eucinostomus spp",2,0.44
"201007041400-241","Pinfish","Lagodon rhomboides",4,8.38
"201007041400-241","Rainwater Killifish","Lucania parva",2,0.34
"201007041400-241","Sargassum Pipefish","Syngnathus pelagicus",1,0.85
"201007051055-270","Dwarf Seahorse","Hippocampus zosterae",1,0.07
"201007051055-270","Mojarra Spp","Eucinostomus spp",2,0.24
"201007051200-301","Mojarra Spp","Eucinostomus spp",10,4.29
"201007051200-301","Pinfish","Lagodon rhomboides",4,33.23
"201007051200-301","Rainwater Killifish","Lucania parva",2,0.5
"201007060840-314","Mojarra Spp","Eucinostomus spp",5,0.67
"201007061140-402","Mojarra Spp","Eucinostomus spp",22,17.08
"201007061140-402","Pinfish","Lagodon rhomboides",1,7.01
"201007061140-402","Rainwater Killifish","Lucania parva",1,0.44
"201007061223-618","Mojarra Spp","Eucinostomus spp",35,42.53
"201007310930-136","Mojarra Spp","Eucinostomus spp",9,1.3
"201007311055-101","Fringed Filefish","Monacanthus ciliatus",7,7.59
"201007311055-101","Fringed Pipefish","Anarchopterus criniger",3,0.18
"201007311055-101","Lane Snapper","Lutjanus synagris",5,7.01
"201007311055-101","Mojarra Spp","Eucinostomus spp",20,15.67
"201007311055-101","Pigfish","Orthopristis chrysoptera",5,4.09
"201007311055-101","Pinfish","Lagodon rhomboides",240,493.24
"201007311055-101","Sargassum Pipefish","Syngnathus pelagicus",2,0.69
"201007311055-101","Sheepshead","Archosargus probatocephalus",1,0.53
"201007311055-101","Silver Perch","Bairdiella chrysoura",19,63.44
"201007311055-101","White Grunt","Haemulon plumierii",11,6.75
"201007311328-159","Gulf Pipefish","Syngnathus scovelli",2,0.52
"201007311328-159","Mojarra Spp","Eucinostomus spp",13,0.74
"201007311328-159","Pinfish","Lagodon rhomboides",40,64.09
"201007311328-159","Rainwater Killifish","Lucania parva",8,0.97
"201007311328-159","Spotted Seatrout","Cynoscion nebulosus",1,0.46
"201007311404-168","Goldspotted Killifish","Floridichthys carpio",4,0.5
"201007311404-168","Gulf Pipefish","Syngnathus scovelli",4,1.5
"201007311404-168","Lane Snapper","Lutjanus synagris",1,1.34
"201007311404-168","Mojarra Spp","Eucinostomus spp",35,6.29
"201007311404-168","Pinfish","Lagodon rhomboides",124,347.29
"201007311404-168","Rainwater Killifish","Lucania parva",282,34.69
"201007311513-068","Fringed Filefish","Monacanthus ciliatus",6,13.12
"201007311513-068","Gulf Pipefish","Syngnathus scovelli",4,1.41
"201007311513-068","Lane Snapper","Lutjanus synagris",3,5.25
"201007311513-068","Mojarra Spp","Eucinostomus spp",44,22.05
"201007311513-068","Pigfish","Orthopristis chrysoptera",1,1.04
"201007311513-068","Pinfish","Lagodon rhomboides",137,551.81
"201007311513-068","Sargassum Pipefish","Syngnathus pelagicus",2,1.97
"201007311513-068","Silver Perch","Bairdiella chrysoura",17,55.68
"201007311513-068","White Grunt","Haemulon plumierii",2,1.11
"201007311534-071","Spotted Seatrout","Cynoscion nebulosus",2,22.68
"201008011015-279","Goldspotted Killifish","Floridichthys carpio",1,0.46
"201008011015-279","Mojarra Spp","Eucinostomus spp",4,1.07
"201008011015-279","Pinfish","Lagodon rhomboides",3,8.38
"201008011015-279","Rainwater Killifish","Lucania parva",33,4.65
"201008011227-241","Gulf Pipefish","Syngnathus scovelli",1,0.16
"201008011227-241","Mojarra Spp","Eucinostomus spp",12,1.13
"201008011227-241","Pinfish","Lagodon rhomboides",2,10.21
"201008011227-241","Rainwater Killifish","Lucania parva",13,1.29
"201008020905-270","Mojarra Spp","Eucinostomus spp",22,4.47
"201008020905-270","Pinfish","Lagodon rhomboides",13,56.55
"201008020905-270","Rainwater Killifish","Lucania parva",5,2.18
"201008021043-301","Crested Blenny","Hypleurochilus germinatus",1,1.15
"201008021043-301","Goldspotted Killifish","Floridichthys carpio",1,1.52
"201008021043-301","Great Barracuda","Sphyraena barracuda",1,3.16
"201008021043-301","Mojarra Spp","Eucinostomus spp",3,2.42
"201008021043-301","Pinfish","Lagodon rhomboides",7,38.57
"201008021210-314","Mojarra Spp","Eucinostomus spp",1,5.14
"201008021315-618","Mojarra Spp","Eucinostomus spp",112,262.59
"201008021315-618","Pinfish","Lagodon rhomboides",2,24.89
"201008031048-402","Mojarra Spp","Eucinostomus spp",61,66.16
"201008031048-402","Pinfish","Lagodon rhomboides",4,22.09
"201009041240-402","Mojarra Spp","Eucinostomus spp",163,289.33
"201009041240-402","Pinfish","Lagodon rhomboides",3,36.32
"201009041418-619","Goldspotted Killifish","Floridichthys carpio",2,0.36
"201009041418-619","Mojarra Spp","Eucinostomus spp",78,243.99
"201009041418-619","Pinfish","Lagodon rhomboides",1,7.57
"201009041548-314","Mojarra Spp","Eucinostomus spp",4,18.22
"201009050838-112","Gulf Pipefish","Syngnathus scovelli",4,1.41
"201009050838-112","Mojarra Spp","Eucinostomus spp",25,1.71
"201009050838-112","Pinfish","Lagodon rhomboides",13,30.67
"201009050838-112","Planehead Filefish","Stephanolepis hispidus",1,0.15
"201009050838-112","Rainwater Killifish","Lucania parva",7,0.78
"201009050838-112","Sargassum Pipefish","Syngnathus pelagicus",1,0.53
"201009050838-112","Silver Perch","Bairdiella chrysoura",1,0.15
"201009050920-023","Dwarf Herring","Jenkinsia lamprotaenia",4,0.14
"201009050920-023","Fringed Filefish","Monacanthus ciliatus",25,39.88
"201009050920-023","Gulf Pipefish","Syngnathus scovelli",1,0.15
"201009050920-023","Honeycomb Cowfish","Acanthostracion polygonius",3,13.73
"201009050920-023","Lane Snapper","Lutjanus synagris",8,16.54
"201009050920-023","Mojarra Spp","Eucinostomus spp",210,54.74
"201009050920-023","Pigfish","Orthopristis chrysoptera",1,2.94
"201009050920-023","Pinfish","Lagodon rhomboides",349,974.52
"201009050920-023","Rainwater Killifish","Lucania parva",1,0.04
"201009050920-023","Sargassum Pipefish","Syngnathus pelagicus",5,7.68
"201009050920-023","Silver Perch","Bairdiella chrysoura",12,112.51
"201009050920-023","Spotted Seatrout","Cynoscion nebulosus",4,2.37
"201009050920-023","Striped Burrfish","Chilomycterus schoepfi",1,12.69
"201009050920-023","White Grunt","Haemulon plumierii",30,30.37
"201009051010-021","Spotted Seatrout","Cynoscion nebulosus",1,0.45
"201009051130-134","Pinfish","Lagodon rhomboides",11,38.04
"201009051130-134","Planehead Filefish","Stephanolepis hispidus",1,0.18
"201009051245-157","Spotted Seatrout","Cynoscion nebulosus",1,1.57
"201009051304-156","Bluestriped Grunt","Haemulon sciurus",1,2.04
"201009051304-156","Fringed Filefish","Monacanthus ciliatus",3,4.71
"201009051304-156","Fringed Pipefish","Anarchopterus criniger",1,0.09
"201009051304-156","Gulf Pipefish","Syngnathus scovelli",3,0.66
"201009051304-156","Lane Snapper","Lutjanus synagris",9,13.25
"201009051304-156","Mojarra Spp","Eucinostomus spp",162,75.86
"201009051304-156","Pigfish","Orthopristis chrysoptera",2,20.06
"201009051304-156","Pinfish","Lagodon rhomboides",255,881.72
"201009051304-156","Rainwater Killifish","Lucania parva",66,10.54
"201009051304-156","Sargassum Pipefish","Syngnathus pelagicus",6,7.56
"201009051304-156","Silver Perch","Bairdiella chrysoura",12,99.04
"201009051304-156","Spotted Seatrout","Cynoscion nebulosus",1,1.63
"201009051304-156","White Grunt","Haemulon plumierii",2,0.89
"201009051434-168","Fringed Pipefish","Anarchopterus criniger",1,0.29
"201009051434-168","Gulf Pipefish","Syngnathus scovelli",4,1.56
"201009051434-168","Mojarra Spp","Eucinostomus spp",112,12.61
"201009051434-168","Pinfish","Lagodon rhomboides",32,182.38
"201009051434-168","Rainwater Killifish","Lucania parva",393,43.4
"201009051434-168","Silver Perch","Bairdiella chrysoura",5,53.28
"201009051530-176","Spotted Seatrout","Cynoscion nebulosus",1,0.93
"201009061123-241","Mojarra Spp","Eucinostomus spp",1,0.13
"201009061123-241","Pinfish","Lagodon rhomboides",2,7.45
"201009061123-241","Rainwater Killifish","Lucania parva",4,0.42
"201009061300-266","Dusky Pipefish","Syngnathus floridae",1,0.97
"201009061300-266","Mojarra Spp","Eucinostomus spp",10,3.6
"201009061300-266","Pinfish","Lagodon rhomboides",2,10.77
"201009061300-266","Rainwater Killifish","Lucania parva",2,0.21
"201009070936-270","Great Barracuda","Sphyraena barracuda",1,3.15
"201009070936-270","Mojarra Spp","Eucinostomus spp",16,3.82
"201009070936-270","Pinfish","Lagodon rhomboides",2,18.57
"201009070936-270","Rainwater Killifish","Lucania parva",5,0.79
"201009071150-301","Mojarra Spp","Eucinostomus spp",13,15.46
"201009071150-301","Pinfish","Lagodon rhomboides",5,41.22
"201009071150-301","Rainwater Killifish","Lucania parva",1,0.09
"201009071150-301","Sargassum Pipefish","Syngnathus pelagicus",1,1.21
"201010020907-402","Mojarra Spp","Eucinostomus spp",19,47.35
"201010021005-618","Mojarra Spp","Eucinostomus spp",51,239.74
"201010021005-618","Pinfish","Lagodon rhomboides",1,12.98
"201010021217-314","Mojarra Spp","Eucinostomus spp",38,275.55
"201010021217-314","Pinfish","Lagodon rhomboides",1,15.4
"201010030857-124","Marbled Blenny","Paraclinus marmoratus",1,1.43
"201010030857-124","Mojarra Spp","Eucinostomus spp",11,1.06
"201010030857-124","Pinfish","Lagodon rhomboides",11,24.6
"201010030857-124","Planehead Filefish","Stephanolepis hispidus",1,1.89
"201010030857-124","Rainwater Killifish","Lucania parva",8,1.87
"201010031005-022","Dwarf Seahorse","Hippocampus zosterae",1,0.02
"201010031005-022","Fringed Filefish","Monacanthus ciliatus",13,19.89
"201010031005-022","Honeycomb Cowfish","Acanthostracion polygonius",1,9.62
"201010031005-022","Mojarra Spp","Eucinostomus spp",68,6.9
"201010031005-022","Pinfish","Lagodon rhomboides",84,172.93
"201010031005-022","Silver Perch","Bairdiella chrysoura",3,31.65
"201010031005-022","Spotted Seatrout","Cynoscion nebulosus",1,0.49
"201010031005-022","White Grunt","Haemulon plumierii",13,4.63
"201010031113-130","Spotted Seatrout","Cynoscion nebulosus",2,0.7
"201010031153-145","Bay Anchovy","Anchoa mitchilli",1,0.11
"201010031153-145","Gulf Pipefish","Syngnathus scovelli",1,0.37
"201010031153-145","Mojarra Spp","Eucinostomus spp",75,5.8
"201010031153-145","Pinfish","Lagodon rhomboides",6,19.01
"201010031153-145","Rainwater Killifish","Lucania parva",26,3.64
"201010031247-169","Bay Anchovy","Anchoa mitchilli",1,0.08
"201010031247-169","Gulf Pipefish","Syngnathus scovelli",2,0.77
"201010031247-169","Mojarra Spp","Eucinostomus spp",11,0.83
"201010031247-169","Pinfish","Lagodon rhomboides",25,88.67
"201010031247-169","Rainwater Killifish","Lucania parva",24,2.14
"201010031325-156","Spotted Seatrout","Cynoscion nebulosus",1,0.48
"201010031410-067","Spotted Seatrout","Cynoscion nebulosus",2,2.98
"201010031435-070","Bay Anchovy","Anchoa mitchilli",22,0.8
"201010031435-070","Fringed Filefish","Monacanthus ciliatus",11,18.61
"201010031435-070","Gray Snapper","Lutjanus griseus",1,0.62
"201010031435-070","Gulf Pipefish","Syngnathus scovelli",1,0.36
"201010031435-070","Lane Snapper","Lutjanus synagris",3,2.62
"201010031435-070","Mojarra Spp","Eucinostomus spp",284,96.4
"201010031435-070","Pigfish","Orthopristis chrysoptera",1,9.89
"201010031435-070","Pinfish","Lagodon rhomboides",111,496.9
"201010031435-070","Sargassum Pipefish","Syngnathus pelagicus",1,0.55
"201010031435-070","Silver Perch","Bairdiella chrysoura",10,98.25
"201010031435-070","White Grunt","Haemulon plumierii",2,2.11
"201010041050-241","Mojarra Spp","Eucinostomus spp",3,1.36
"201010041050-241","Pinfish","Lagodon rhomboides",6,29.81
"201010041050-241","Rainwater Killifish","Lucania parva",16,2.08
"201010041204-266","Mojarra Spp","Eucinostomus spp",2,0.72
"201010041204-266","Pinfish","Lagodon rhomboides",1,11.84
"201010041204-266","Rainwater Killifish","Lucania parva",5,0.46
"201010051043-270","Mojarra Spp","Eucinostomus spp",6,1.45
"201010051043-270","Pinfish","Lagodon rhomboides",4,25.36
"201010051043-270","Rainwater Killifish","Lucania parva",1,0.13
"201010051227-301","Florida Blenny","Chasmodes saburrae",1,1.41
"201010051227-301","Goldspotted Killifish","Floridichthys carpio",1,0.12
"201010051227-301","Gulf Toadfish","Opsanus beta",2,1.05
"201010051227-301","Mojarra Spp","Eucinostomus spp",22,5.46
"201010051227-301","Pinfish","Lagodon rhomboides",10,101.05
"201010051227-301","Rainwater Killifish","Lucania parva",17,3.78
"201011081113-402","Goldspotted Killifish","Floridichthys carpio",1,0.12
"201011081113-402","Mojarra Spp","Eucinostomus spp",10,51.61
"201011081113-402","Pinfish","Lagodon rhomboides",3,44.32
"201011081255-618","Bay Anchovy","Anchoa mitchilli",5,3.13
"201011081255-618","Mojarra Spp","Eucinostomus spp",18,64.64
"201011081255-618","Pinfish","Lagodon rhomboides",1,19.34
"201011081500-314","Bay Anchovy","Anchoa mitchilli",1,0.15
"201011081500-314","Mojarra Spp","Eucinostomus spp",3,7.65
"201011091127-241","Mojarra Spp","Eucinostomus spp",19,10.3
"201011091127-241","Pinfish","Lagodon rhomboides",19,100.78
"201011091127-241","Rainwater Killifish","Lucania parva",5,1.12
"201011091320-266","Mojarra Spp","Eucinostomus spp",36,7.31
"201011091320-266","Pinfish","Lagodon rhomboides",7,34.78
"201011091320-266","Rainwater Killifish","Lucania parva",50,6.43
"201011100857-174","Spotted Seatrout","Cynoscion nebulosus",1,5.34
"201011100935-167","Mojarra Spp","Eucinostomus spp",69,10.6
"201011100935-167","Pinfish","Lagodon rhomboides",31,185.1
"201011100935-167","Rainwater Killifish","Lucania parva",407,72.58
"201011100935-167","Spotted Seatrout","Cynoscion nebulosus",1,4.44
"201011101033-146","Gulf Pipefish","Syngnathus scovelli",1,0.11
"201011101033-146","Mojarra Spp","Eucinostomus spp",31,3.37
"201011101033-146","Pinfish","Lagodon rhomboides",4,13.78
"201011101033-146","Rainwater Killifish","Lucania parva",21,2.96
"201011101050-135","Gulf Pipefish","Syngnathus scovelli",2,0.14
"201011101050-135","Mojarra Spp","Eucinostomus spp",55,4.59
"201011101050-135","Pinfish","Lagodon rhomboides",4,14.22
"201011101050-135","Rainwater Killifish","Lucania parva",12,2.49
"201011101050-135","Spotted Seatrout","Cynoscion nebulosus",1,0.29
"201011101250-070","Bay Anchovy","Anchoa mitchilli",1,0.01
"201011101250-070","Bluestriped Grunt","Haemulon sciurus",2,20.51
"201011101250-070","Dusky Pipefish","Syngnathus floridae",1,0.17
"201011101250-070","Fringed Filefish","Monacanthus ciliatus",3,13.41
"201011101250-070","Honeycomb Cowfish","Acanthostracion polygonius",1,8.86
"201011101250-070","Lane Snapper","Lutjanus synagris",1,4.29
"201011101250-070","Mojarra Spp","Eucinostomus spp",23,48.29
"201011101250-070","Pigfish","Orthopristis chrysoptera",1,9.66
"201011101250-070","Pinfish","Lagodon rhomboides",19,203.06
"201011101250-070","White Grunt","Haemulon plumierii",6,33.36
"201011101500-022","Bay Anchovy","Anchoa mitchilli",1,0.05
"201011101500-022","Fringed Filefish","Monacanthus ciliatus",2,6.35
"201011101500-022","Honeycomb Cowfish","Acanthostracion polygonius",1,12.57
"201011101500-022","Lane Snapper","Lutjanus synagris",1,2.04
"201011101500-022","Mojarra Spp","Eucinostomus spp",49,59.65
"201011101500-022","Pinfish","Lagodon rhomboides",57,321.21
"201011101500-022","Silver Perch","Bairdiella chrysoura",2,25.03
"201011101500-022","Spotted Trunkfish","Lactophrys bicaudalis",1,0.21
"201011101500-022","White Grunt","Haemulon plumierii",5,2.19
"201011110910-270","Mojarra Spp","Eucinostomus spp",5,1.54
"201011111100-301","Code Goby","Gobiosoma robustum",1,0.12
"201011111100-301","Mojarra Spp","Eucinostomus spp",4,3.64
"201011111100-301","Rainwater Killifish","Lucania parva",1,0.35
"201105140915-143","Goldspotted Killifish","Floridichthys carpio",1,0.31
"201105140915-143","Gulf Pipefish","Syngnathus scovelli",4,1.56
"201105140915-143","Mojarra Spp","Eucinostomus spp",6,24.25
"201105140915-143","Pigfish","Orthopristis chrysoptera",5,4.79
"201105140915-143","Pinfish","Lagodon rhomboides",33,349.63
"201105140915-143","Silver Perch","Bairdiella chrysoura",1,0.05
"201105140935-144","Spotted Seatrout","Cynoscion nebulosus",1,1.54
"201105141050-118","Spotted Seatrout","Cynoscion nebulosus",1,0.82
"201105141050-158","Dwarf Seahorse","Hippocampus zosterae",2,0.29
"201105141050-158","Fringed Pipefish","Anarchopterus criniger",1,0.28
"201105141050-158","Gulf Pipefish","Syngnathus scovelli",2,0.15
"201105141050-158","Mojarra Spp","Eucinostomus spp",27,6.76
"201105141050-158","Pinfish","Lagodon rhomboides",93,306.6
"201105141050-158","Rainwater Killifish","Lucania parva",7,0.65
"201105141050-158","Sargassum Pipefish","Syngnathus pelagicus",2,0.75
"201105141050-158","Sheepshead Porgy","Calamus penna",3,1.91
"201105141050-158","Silver Perch","Bairdiella chrysoura",15,8.71
"201105141050-158","Spotted Seatrout","Cynoscion nebulosus",1,0.82
"201105141050-158","White Grunt","Haemulon plumierii",4,26.86
"201105141222-106","Spotted Seatrout","Cynoscion nebulosus",1,0.67
"201105141345-130","Spotted Seatrout","Cynoscion nebulosus",1,4.54
"201105141410-070","Bay Anchovy","Anchoa mitchilli",1,0.48
"201105141410-070","Gray Snapper","Lutjanus griseus",6,59.09
"201105141410-070","Gulf Pipefish","Syngnathus scovelli",4,1.14
"201105141410-070","Gulf Toadfish","Opsanus beta",2,2.45
"201105141410-070","Honeycomb Cowfish","Acanthostracion polygonius",1,0.2
"201105141410-070","Inshore Lizardfish","Synodus foetens",1,0.43
"201105141410-070","Mojarra Spp","Eucinostomus spp",49,22.24
"201105141410-070","Pigfish","Orthopristis chrysoptera",28,21.5
"201105141410-070","Pinfish","Lagodon rhomboides",67,302.83
"201105141410-070","Planehead Filefish","Stephanolepis hispidus",1,0.26
"201105141410-070","Sargassum Pipefish","Syngnathus pelagicus",6,4.39
"201105141410-070","Scrawled Filefish","Aluterus scriptus",1,2.84
"201105141410-070","Sheepshead Porgy","Calamus penna",19,12.97
"201105141410-070","Silver Perch","Bairdiella chrysoura",49,38.26
"201105141410-070","Spotted Seatrout","Cynoscion nebulosus",4,1.82
"201105141452-167","Goldspotted Killifish","Floridichthys carpio",158,55.42
"201105141452-167","Gulf Toadfish","Opsanus beta",1,8.7
"201105141452-167","Mojarra Spp","Eucinostomus spp",14,19.92
"201105141452-167","Pinfish","Lagodon rhomboides",29,139.86
"201105141452-167","Rainwater Killifish","Lucania parva",1012,115.8
"201105141452-167","Sheepshead Minnow","Cyprinodon variegatus",529,124.34
"201105150855-266","Pinfish","Lagodon rhomboides",1,6.8
"201105151012-171","Spotted Seatrout","Cynoscion nebulosus",1,1.73
"201105151422-073","Spotted Seatrout","Cynoscion nebulosus",3,2.04
"201105161315-241","Gulf Toadfish","Opsanus beta",1,7.16
"201105161315-241","Pinfish","Lagodon rhomboides",22,162
"201105161315-241","Rainwater Killifish","Lucania parva",18,2.11
"201105161555-301","Mojarra Spp","Eucinostomus spp",4,10.07
"201105170934-270","Great Barracuda","Sphyraena barracuda",1,0.52
"201105170934-270","Pinfish","Lagodon rhomboides",1,6.47
"201105180842-402","Mojarra Spp","Eucinostomus spp",6,44.17
"201105180842-402","Pinfish","Lagodon rhomboides",4,60.38
"201105180945-618","Mojarra Spp","Eucinostomus spp",10,46.01
"201106120841-122","Gulf Pipefish","Syngnathus scovelli",2,1.01
"201106120841-122","Mojarra Spp","Eucinostomus spp",4,1.45
"201106120841-122","Pinfish","Lagodon rhomboides",1,1.36
"201106120841-122","Rainwater Killifish","Lucania parva",1,0.09
"201106120841-122","Sargassum Pipefish","Syngnathus pelagicus",1,0.14
"201106120904-159","Mojarra Spp","Eucinostomus spp",1,0.04
"201106120904-159","Pinfish","Lagodon rhomboides",6,11.55
"201106120904-159","Rainwater Killifish","Lucania parva",4,0.32
"201106121028-101","Spotted Seatrout","Cynoscion nebulosus",1,2.57
"201106121050-020","Bluestriped Grunt","Haemulon sciurus",40,9.2
"201106121050-020","Freckled Blenny","Hypsoblennius ionthas",1,0.19
"201106121050-020","Fringed Pipefish","Anarchopterus criniger",1,19.33
"201106121050-020","Great Barracuda","Sphyraena barracuda",1,1.98
"201106121050-020","Gulf Pipefish","Syngnathus scovelli",5,141.88
"201106121050-020","Marbled Blenny","Paraclinus marmoratus",2,0.97
"201106121050-020","Mojarra Spp","Eucinostomus spp",368,53.91
"201106121050-020","Pigfish","Orthopristis chrysoptera",1,2.72
"201106121050-020","Pinfish","Lagodon rhomboides",217,921.77
"201106121050-020","Sargassum Pipefish","Syngnathus pelagicus",2,94.45
"201106121050-020","Sheepshead","Archosargus probatocephalus",4,3.54
"201106121050-020","Silver Perch","Bairdiella chrysoura",46,67.99
"201106121050-020","Spotted Seatrout","Cynoscion nebulosus",1,0.92
"201106121050-020","White Grunt","Haemulon plumierii",1,10.52
"201106121155-065","Spotted Seatrout","Cynoscion nebulosus",1,0.3
"201106121220-068","Spotted Seatrout","Cynoscion nebulosus",3,2.38
"201106121315-070","Code Goby","Gobiosoma robustum",1,0.14
"201106121315-070","Dwarf Seahorse","Hippocampus zosterae",1,0.05
"201106121315-070","Gulf Pipefish","Syngnathus scovelli",13,4.21
"201106121315-070","Least Puffer","Sphoeroides parvus",1,0.18
"201106121315-070","Mojarra Spp","Eucinostomus spp",272,46.96
"201106121315-070","Pigfish","Orthopristis chrysoptera",2,7.09
"201106121315-070","Pinfish","Lagodon rhomboides",86,241.94
"201106121315-070","Pygmy Filefish","Stephanolepis setifer",1,1.13
"201106121315-070","Sargassum Pipefish","Syngnathus pelagicus",9,5.44
"201106121315-070","Silver Perch","Bairdiella chrysoura",36,64.82
"201106121315-070","Spotted Seatrout","Cynoscion nebulosus",2,0.6
"201106121348-071","Spotted Seatrout","Cynoscion nebulosus",2,1.4
"201106121516-169","Fringed Pipefish","Anarchopterus criniger",1,0.04
"201106121516-169","Gulf Pipefish","Syngnathus scovelli",3,0.48
"201106121516-169","Pinfish","Lagodon rhomboides",7,49.08
"201106121516-169","Rainwater Killifish","Lucania parva",2,0.18
"201106131526-241","Mojarra Spp","Eucinostomus spp",2,0.31
"201106131526-241","Pinfish","Lagodon rhomboides",4,10.95
"201106131526-241","Rainwater Killifish","Lucania parva",4,0.17
"201106140935-270","Dwarf Seahorse","Hippocampus zosterae",1,0.03
"201106140935-270","Gulf Pipefish","Syngnathus scovelli",1,0.08
"201106140935-270","Rainwater Killifish","Lucania parva",2,0.57
"201106141208-301","Mojarra Spp","Eucinostomus spp",6,26.74
"201106141208-301","Pinfish","Lagodon rhomboides",1,4.33
"201106141208-301","Rainwater Killifish","Lucania parva",1,0.11
"201106150928-402","Bay Anchovy","Anchoa mitchilli",1,0.39
"201106150928-402","Goldspotted Killifish","Floridichthys carpio",1,0.04
"201106150928-402","Mojarra Spp","Eucinostomus spp",15,76.97
"201106151020-618","Goldspotted Killifish","Floridichthys carpio",1,0.68
"201106151020-618","Mojarra Spp","Eucinostomus spp",62,254.99
"201106151020-618","Pinfish","Lagodon rhomboides",3,39.9
"201107161150-402","Mojarra Spp","Eucinostomus spp",72,211.36
"201107161150-402","Pinfish","Lagodon rhomboides",2,16.14
"201107161304-621","Goldspotted Killifish","Floridichthys carpio",4,1.52
"201107161304-621","Mojarra Spp","Eucinostomus spp",114,422.64
"201107161446-314","Mojarra Spp","Eucinostomus spp",49,40.42
"201107161446-314","Sheepshead Minnow","Cyprinodon variegatus",1,0.03
"201107161446-314","Spotted Dragonet","Diplogrammus pauciradiatus",2,0.25
"201107161546-301","Mojarra Spp","Eucinostomus spp",58,97.05
"201107161546-301","Pinfish","Lagodon rhomboides",3,35.1
"201107161546-301","Sheepshead Minnow","Cyprinodon variegatus",5,1.05
"201107170905-123","Mojarra Spp","Eucinostomus spp",23,9.88
"201107170905-123","Pinfish","Lagodon rhomboides",27,87.46
"201107170905-123","Planehead Filefish","Stephanolepis hispidus",2,2.93
"201107170905-123","Rainwater Killifish","Lucania parva",6,0.82
"201107170905-123","Sargassum Pipefish","Syngnathus pelagicus",1,0.79
"201107170905-123","Silver Perch","Bairdiella chrysoura",4,13.82
"201107170941-023","Fringed Filefish","Monacanthus ciliatus",9,22.26
"201107170941-023","Grass Porgy","Calamus arctifrons",3,6.58
"201107170941-023","Grunt Spp","Haemulon spp",1,0.6
"201107170941-023","Gulf Pipefish","Syngnathus scovelli",1,0.27
"201107170941-023","Honeycomb Cowfish","Acanthostracion polygonius",4,63.4
"201107170941-023","Lane Snapper","Lutjanus synagris",5,8.68
"201107170941-023","Mojarra Spp","Eucinostomus spp",140,137.73
"201107170941-023","Pigfish","Orthopristis chrysoptera",3,20.25
"201107170941-023","Pinfish","Lagodon rhomboides",148,1039.04
"201107170941-023","Rainwater Killifish","Lucania parva",1,0.09
"201107170941-023","Scrawled Cowfish","Acanthostracion quadricornis",2,6.05
"201107170941-023","Silver Perch","Bairdiella chrysoura",97,350.98
"201107170941-023","Striped Burrfish","Chilomycterus schoepfi",1,4.93
"201107170941-023","White Grunt","Haemulon plumierii",29,96.75
"201107171250-146","Mojarra Spp","Eucinostomus spp",18,4.45
"201107171250-146","Pinfish","Lagodon rhomboides",75,349.67
"201107171250-146","Rainwater Killifish","Lucania parva",47,4.69
"201107171334-070","Dwarf Seahorse","Hippocampus zosterae",3,0.13
"201107171334-070","Gray Snapper","Lutjanus griseus",1,27.2
"201107171334-070","Gulf Pipefish","Syngnathus scovelli",16,6.71
"201107171334-070","Gulf Toadfish","Opsanus beta",1,14.02
"201107171334-070","Lane Snapper","Lutjanus synagris",5,3.19
"201107171334-070","Mojarra Spp","Eucinostomus spp",459,262.52
"201107171334-070","Pigfish","Orthopristis chrysoptera",6,40.59
"201107171334-070","Pinfish","Lagodon rhomboides",169,1079.62
"201107171334-070","Planehead Filefish","Stephanolepis hispidus",5,9.31
"201107171334-070","Rainwater Killifish","Lucania parva",2,0.59
"201107171334-070","Sargassum Pipefish","Syngnathus pelagicus",7,6.61
"201107171334-070","Silver Perch","Bairdiella chrysoura",25,83.66
"201107171334-070","White Grunt","Haemulon plumierii",4,3.59
"201107171500-172","Goldspotted Killifish","Floridichthys carpio",7,6.89
"201107171500-172","Gulf Toadfish","Opsanus beta",1,9.93
"201107171500-172","Mojarra Spp","Eucinostomus spp",91,76
"201107171500-172","Pinfish","Lagodon rhomboides",25,158.09
"201107171500-172","Rainwater Killifish","Lucania parva",317,61.39
"201107180840-270","Dwarf Seahorse","Hippocampus zosterae",2,0.05
"201107180840-270","Florida Blenny","Chasmodes saburrae",1,2.89
"201107180840-270","Fringed Pipefish","Anarchopterus criniger",1,0.11
"201107180840-270","Gulf Pipefish","Syngnathus scovelli",2,2.17
"201107180840-270","Mojarra Spp","Eucinostomus spp",59,48.7
"201107180840-270","Pinfish","Lagodon rhomboides",35,225.72
"201107180840-270","Rainwater Killifish","Lucania parva",59,6.65
"201107180840-270","Striped Burrfish","Chilomycterus schoepfi",1,17.8
"201107181256-241","Gulf Toadfish","Opsanus beta",7,31.44
"201107181256-241","Pinfish","Lagodon rhomboides",13,67.98
"201107181256-241","Rainwater Killifish","Lucania parva",645,60.89
"201107181406-266","Gulf Toadfish","Opsanus beta",13,68.36
"201107181406-266","Leopard Sea Robin","Prionotus scitulus",4,21.42
"201107181406-266","Mojarra Spp","Eucinostomus spp",8,4.4
"201107181406-266","Pinfish","Lagodon rhomboides",12,125.45
"201107181406-266","Rainwater Killifish","Lucania parva",726,90.9
"201108131105-402","Mojarra Spp","Eucinostomus spp",196,289.49
"201108131105-402","Pinfish","Lagodon rhomboides",6,81.37
"201108131105-402","Rainwater Killifish","Lucania parva",1,0.12
"201108131335-618","Dwarf Seahorse","Hippocampus zosterae",1,0.03
"201108131335-618","Goldspotted Killifish","Floridichthys carpio",9,2.12
"201108131335-618","Mojarra Spp","Eucinostomus spp",175,317.83
"201108131455-314","Mojarra Spp","Eucinostomus spp",8,36.36
"201108131455-314","Sheepshead Minnow","Cyprinodon variegatus",1,0.16
"201108140854-124","Marbled Blenny","Paraclinus marmoratus",1,0.29
"201108140854-124","Mojarra Spp","Eucinostomus spp",5,0.47
"201108140854-124","Pinfish","Lagodon rhomboides",19,97.25
"201108140854-124","Rainwater Killifish","Lucania parva",43,4.11
"201108140854-124","Sargassum Pipefish","Syngnathus pelagicus",1,0.49
"201108140854-124","White Grunt","Haemulon plumierii",1,0.95
"201108141025-022","Barred Hamlet","Hypoplectrus puella",1,3.35
"201108141025-022","Fringed Filefish","Monacanthus ciliatus",12,38.21
"201108141025-022","Mahogany Snapper","Lutjanus mahogoni",1,0.63
"201108141025-022","Mojarra Spp","Eucinostomus spp",69,94.09
"201108141025-022","Pigfish","Orthopristis chrysoptera",4,25.44
"201108141025-022","Pinfish","Lagodon rhomboides",91,804.68
"201108141025-022","Silver Perch","Bairdiella chrysoura",18,76.83
"201108141025-022","White Grunt","Haemulon plumierii",30,50.95
"201108141303-146","Great Barracuda","Sphyraena barracuda",1,0.56
"201108141303-146","Mojarra Spp","Eucinostomus spp",12,2.27
"201108141303-146","Pinfish","Lagodon rhomboides",12,63.69
"201108141303-146","Rainwater Killifish","Lucania parva",19,1.9
"201108141335-144","Barred Hamlet","Hypoplectrus puella",1,2.27
"201108141335-144","Dwarf Seahorse","Hippocampus zosterae",2,0.17
"201108141335-144","Gulf Pipefish","Syngnathus scovelli",3,1.09
"201108141335-144","Lane Snapper","Lutjanus synagris",7,21.9
"201108141335-144","Mojarra Spp","Eucinostomus spp",240,261.62
"201108141335-144","Pigfish","Orthopristis chrysoptera",4,44.78
"201108141335-144","Pinfish","Lagodon rhomboides",146,1270.76
"201108141335-144","Rainwater Killifish","Lucania parva",91,17.05
"201108141335-144","Sargassum Pipefish","Syngnathus pelagicus",1,1.06
"201108141335-144","Sheepshead Minnow","Cyprinodon variegatus",2,1.82
"201108141335-144","Sheepshead Porgy","Calamus penna",1,6.43
"201108141335-144","Silver Perch","Bairdiella chrysoura",76,415.02
"201108141335-144","White Grunt","Haemulon plumierii",32,56.84
"201108141452-068","Barred Hamlet","Hypoplectrus puella",1,2.78
"201108141452-068","Dwarf Seahorse","Hippocampus zosterae",1,0.04
"201108141452-068","Fringed Filefish","Monacanthus ciliatus",3,9.81
"201108141452-068","Gray Snapper","Lutjanus griseus",1,1.04
"201108141452-068","Gulf Pipefish","Syngnathus scovelli",2,0.82
"201108141452-068","Lane Snapper","Lutjanus synagris",8,26.32
"201108141452-068","Mojarra Spp","Eucinostomus spp",249,196.92
"201108141452-068","Pigfish","Orthopristis chrysoptera",2,16.49
"201108141452-068","Pinfish","Lagodon rhomboides",99,820.93
"201108141452-068","Sargassum Pipefish","Syngnathus pelagicus",4,2.92
"201108141452-068","Silver Perch","Bairdiella chrysoura",52,203.96
"201108141452-068","Spotted Seatrout","Cynoscion nebulosus",2,12.42
"201108141452-068","White Grunt","Haemulon plumierii",11,18.9
"201108151404-266","Gulf Toadfish","Opsanus beta",2,10.6
"201108151404-266","Leopard Sea Robin","Prionotus scitulus",1,5
"201108151404-266","Mangrove Gambusia","Gambusia rhizophorae",1,0.14
"201108151404-266","Mojarra Spp","Eucinostomus spp",6,0.67
"201108151404-266","Pinfish","Lagodon rhomboides",10,111.83
"201108151404-266","Rainwater Killifish","Lucania parva",298,32.75
"201108151404-266","Sheepshead Minnow","Cyprinodon variegatus",1,0.45
"201108151527-241","Gulf Pipefish","Syngnathus scovelli",3,1.3
"201108151527-241","Mojarra Spp","Eucinostomus spp",4,0.64
"201108151527-241","Pinfish","Lagodon rhomboides",13,75.48
"201108151527-241","Rainwater Killifish","Lucania parva",377,35.51
"201108160953-270","Goby Spp","Gobiidae spp",2,0.04
"201108160953-270","Mojarra Spp","Eucinostomus spp",36,46.64
"201108160953-270","Pinfish","Lagodon rhomboides",26,271.2
"201108160953-270","Rainwater Killifish","Lucania parva",51,5.94
"201108160953-270","Sheepshead Minnow","Cyprinodon variegatus",1,0.34
"201108161248-301","Dwarf Seahorse","Hippocampus zosterae",1,0.03
"201108161248-301","Goldspotted Killifish","Floridichthys carpio",21,5.57
"201108161248-301","Leopard Sea Robin","Prionotus scitulus",1,0.17
"201108161248-301","Mojarra Spp","Eucinostomus spp",59,115.68
"201108161248-301","Pinfish","Lagodon rhomboides",1,14.58
"201108161248-301","Rainwater Killifish","Lucania parva",7,0.76
"201109031122-402","Pinfish","Lagodon rhomboides",1,25.71
"201109031348-618","Bay Anchovy","Anchoa mitchilli",54,6.82
"201109031348-618","Mojarra Spp","Eucinostomus spp",128,261.03
"201109040840-124","Gulf Pipefish","Syngnathus scovelli",2,0.63
"201109040840-124","Mojarra Spp","Eucinostomus spp",3,1.3
"201109040840-124","Pinfish","Lagodon rhomboides",8,42.66
"201109040840-124","Rainwater Killifish","Lucania parva",9,1.52
"201109040840-124","Silver Perch","Bairdiella chrysoura",1,4.85
"201109040959-020","Dwarf Seahorse","Hippocampus zosterae",2,0.13
"201109040959-020","Gulf Pipefish","Syngnathus scovelli",1,0.25
"201109040959-020","Lane Snapper","Lutjanus synagris",6,19.47
"201109040959-020","Mojarra Spp","Eucinostomus spp",105,80.19
"201109040959-020","Pinfish","Lagodon rhomboides",128,821.94
"201109040959-020","Pygmy Filefish","Stephanolepis setifer",14,62.02
"201109040959-020","Rainwater Killifish","Lucania parva",11,2.13
"201109040959-020","Scrawled Cowfish","Acanthostracion quadricornis",1,5.75
"201109040959-020","Silver Perch","Bairdiella chrysoura",12,67.36
"201109040959-020","White Grunt","Haemulon plumierii",51,42.7
"201109041119-067","Atlantic Bumper","Chloroscombrus chrysurus",1,0.15
"201109041119-067","Bay Anchovy","Anchoa mitchilli",56,5.35
"201109041119-067","Dwarf Seahorse","Hippocampus zosterae",2,0.12
"201109041119-067","Fringed Pipefish","Anarchopterus criniger",1,0.09
"201109041119-067","Gray Snapper","Lutjanus griseus",4,48.66
"201109041119-067","Great Barracuda","Sphyraena barracuda",2,3.01
"201109041119-067","Gulf Pipefish","Syngnathus scovelli",5,1.2
"201109041119-067","Mahogany Snapper","Lutjanus mahogoni",5,23.7
"201109041119-067","Mojarra Spp","Eucinostomus spp",273,317.83
"201109041119-067","Pigfish","Orthopristis chrysoptera",2,20.27
"201109041119-067","Pinfish","Lagodon rhomboides",93,737.99
"201109041119-067","Planehead Filefish","Stephanolepis hispidus",1,2.82
"201109041119-067","Rainwater Killifish","Lucania parva",3,0.47
"201109041119-067","Sargassum Pipefish","Syngnathus pelagicus",2,1.62
"201109041119-067","Sheepshead","Archosargus probatocephalus",1,3.6
"201109041119-067","Silver Perch","Bairdiella chrysoura",20,72.61
"201109041119-067","Spotted Seatrout","Cynoscion nebulosus",6,0.56
"201109041119-067","White Grunt","Haemulon plumierii",12,11.43
"201109041315-146","Dwarf Seahorse","Hippocampus zosterae",1,0.08
"201109041315-146","Gulf Pipefish","Syngnathus scovelli",2,0.84
"201109041315-146","Mojarra Spp","Eucinostomus spp",38,8.55
"201109041315-146","Pinfish","Lagodon rhomboides",16,91.77
"201109041315-146","Rainwater Killifish","Lucania parva",41,4.41
"201109041315-146","Silver Perch","Bairdiella chrysoura",1,6.49
"201109041425-168","Dwarf Seahorse","Hippocampus zosterae",3,0.18
"201109041425-168","Gulf Pipefish","Syngnathus scovelli",7,1.41
"201109041425-168","Mojarra Spp","Eucinostomus spp",41,25.56
"201109041425-168","Pinfish","Lagodon rhomboides",5,54.68
"201109041425-168","Rainwater Killifish","Lucania parva",685,84.36
"201109041425-168","Silver Perch","Bairdiella chrysoura",6,28.64
"201109041425-168","Spotted Seatrout","Cynoscion nebulosus",2,0.04
"201109051050-241","Rainwater Killifish","Lucania parva",2,0.1
"201109051212-266","Atlantic Needlefish","Strongylura marina",1,0.19
"201109051212-266","Mojarra Spp","Eucinostomus spp",9,3.79
"201109051212-266","Rainwater Killifish","Lucania parva",18,1.7
"201109051404-301","Mojarra Spp","Eucinostomus spp",10,40.18
"201109051404-301","Rainwater Killifish","Lucania parva",1,0.13
"201109051404-301","Spotted Dragonet","Diplogrammus pauciradiatus",1,0.11
"201109060904-270","Mojarra Spp","Eucinostomus spp",3,4.46
"201109060904-270","Pinfish","Lagodon rhomboides",1,6.67
"201109060904-270","Rainwater Killifish","Lucania parva",5,0.45
"201109061120-314","Mojarra Spp","Eucinostomus spp",14,29.88
"201110151344-241","Pinfish","Lagodon rhomboides",1,5.75
"201110151344-241","Rainwater Killifish","Lucania parva",2,0.35
"201110221020-270","Mojarra Spp","Eucinostomus spp",7,18.22
"201110221020-270","Rainwater Killifish","Lucania parva",11,2.02
"201110221234-266","Mojarra Spp","Eucinostomus spp",4,2.88
"201110221234-266","Pinfish","Lagodon rhomboides",4,28.67
"201110221234-266","Rainwater Killifish","Lucania parva",51,7.22
"201110230909-147","Mojarra Spp","Eucinostomus spp",12,6.04
"201110230909-147","Pinfish","Lagodon rhomboides",6,58.88
"201110230909-147","Rainwater Killifish","Lucania parva",5,0.96
"201110230944-112","Mojarra Spp","Eucinostomus spp",4,1.11
"201110230944-112","Rainwater Killifish","Lucania parva",7,1.28
"201110231020-021","Dwarf Seahorse","Hippocampus zosterae",1,0.07
"201110231020-021","Gray Snapper","Lutjanus griseus",1,12.92
"201110231020-021","Gulf Pipefish","Syngnathus scovelli",2,0.86
"201110231020-021","Mojarra Spp","Eucinostomus spp",80,65.57
"201110231020-021","Pinfish","Lagodon rhomboides",42,303.14
"201110231020-021","Planehead Filefish","Stephanolepis hispidus",5,15.09
"201110231020-021","Rainwater Killifish","Lucania parva",30,5.79
"201110231020-021","Silver Perch","Bairdiella chrysoura",4,42.86
"201110231020-021","White Grunt","Haemulon plumierii",16,21.69
"201110231349-070","Bay Anchovy","Anchoa mitchilli",6,0.57
"201110231349-070","Gulf Pipefish","Syngnathus scovelli",2,0.92
"201110231349-070","Mahogany Snapper","Lutjanus mahogoni",1,13.59
"201110231349-070","Mojarra Spp","Eucinostomus spp",101,74.37
"201110231349-070","Pinfish","Lagodon rhomboides",4,40.16
"201110231349-070","Sargassum Pipefish","Syngnathus pelagicus",1,0.16
"201110231349-070","Silver Perch","Bairdiella chrysoura",1,6.65
"201110231410-171","Spotted Seatrout","Cynoscion nebulosus",2,7
"201110231436-168","Mojarra Spp","Eucinostomus spp",12,20.82
"201110231436-168","Pinfish","Lagodon rhomboides",6,69.93
"201110231436-168","Rainwater Killifish","Lucania parva",165,24.1
"201110231436-168","Spotted Seatrout","Cynoscion nebulosus",2,0.25
"201110240933-609","Goldspotted Killifish","Floridichthys carpio",22,9.09
"201110240933-609","Gulf Toadfish","Opsanus beta",1,0.68
"201110240933-609","Mojarra Spp","Eucinostomus spp",10,12.71
"201110240933-609","Pinfish","Lagodon rhomboides",12,136.48
"201110240933-609","Rainwater Killifish","Lucania parva",317,39.18
"201110241026-314","Mojarra Spp","Eucinostomus spp",4,19.1
"201110241152-616","Bay Anchovy","Anchoa mitchilli",20,7.39
"201110241152-616","Clown Goby","Microgobius gulosus",1,0.16
"201110241152-616","Mojarra Spp","Eucinostomus spp",34,134.98
"201110241152-616","Pinfish","Lagodon rhomboides",1,17.94
"201110241401-403","Mojarra Spp","Eucinostomus spp",9,49.69
"201111121120-402","Bay Anchovy","Anchoa mitchilli",1,0.12
"201111121120-402","Mojarra Spp","Eucinostomus spp",2,14.37
"201111121154-618","Mojarra Spp","Eucinostomus spp",23,74.08
"201111131125-241","Gulf Pipefish","Syngnathus scovelli",1,0.12
"201111131125-241","Pinfish","Lagodon rhomboides",3,33.39
"201111131125-241","Rainwater Killifish","Lucania parva",3,0.61
"201111131314-266","Pinfish","Lagodon rhomboides",1,17.09
"201111131314-266","Rainwater Killifish","Lucania parva",1,0.24
"201111140840-123","Mojarra Spp","Eucinostomus spp",15,5.48
"201111140840-123","Rainwater Killifish","Lucania parva",3,0.73
"201111140902-146","Gulf Pipefish","Syngnathus scovelli",1,0.24
"201111140902-146","Mojarra Spp","Eucinostomus spp",9,3.9
"201111140902-146","Pinfish","Lagodon rhomboides",7,51.76
"201111140902-146","Rainwater Killifish","Lucania parva",19,2.09
"201111141022-022","Honeycomb Cowfish","Acanthostracion polygonius",1,16.74
"201111141022-022","Lane Snapper","Lutjanus synagris",2,0.66
"201111141022-022","Pinfish","Lagodon rhomboides",8,87.34
"201111141022-022","White Grunt","Haemulon plumierii",1,7.78
"201111141220-067","Bay Anchovy","Anchoa mitchilli",12,6.76
"201111141220-067","Grass Porgy","Calamus arctifrons",1,14.37
"201111141220-067","Gray Snapper","Lutjanus griseus",1,11.49
"201111141220-067","Lane Snapper","Lutjanus synagris",3,30.97
"201111141220-067","Mahogany Snapper","Lutjanus mahogoni",1,8.94
"201111141220-067","Mojarra Spp","Eucinostomus spp",69,195.62
"201111141220-067","Pinfish","Lagodon rhomboides",45,562.8
"201111141220-067","Planehead Filefish","Stephanolepis hispidus",1,7.64
"201111141220-067","Sailfin Molly","Poecilia latipinna",1,1.53
"201111141220-067","Sailor's Grunt","Haemulon parra",1,11.84
"201111141220-067","Silver Perch","Bairdiella chrysoura",10,101.42
"201111141220-067","White Grunt","Haemulon plumierii",11,109.55
"201111141347-169","Mojarra Spp","Eucinostomus spp",2,0.23
"201111141347-169","Pinfish","Lagodon rhomboides",13,108.75
"201111141347-169","Rainwater Killifish","Lucania parva",23,3.44
"201111150911-270","Mojarra Spp","Eucinostomus spp",2,1.52
"201111151114-301","Mojarra Spp","Eucinostomus spp",5,20.86
"201205261048-402","Clown Goby","Microgobius gulosus",1,0.2
"201205261048-402","Pinfish","Lagodon rhomboides",3,57.26
"201205261212-618","Dwarf Seahorse","Hippocampus zosterae",2,0.14
"201205261212-618","Mojarra Spp","Eucinostomus spp",1,0.2
"201205261402-314","Mojarra Spp","Eucinostomus spp",1,0.34
"201205270822-123","Gulf Pipefish","Syngnathus scovelli",1,0.24
"201205270822-123","Mojarra Spp","Eucinostomus spp",51,17.71
"201205270822-123","Pinfish","Lagodon rhomboides",5,12.78
"201205270822-123","Rainwater Killifish","Lucania parva",11,0.89
"201205270822-123","Spotted Seatrout","Cynoscion nebulosus",1,0.57
"201205270938-022","Gulf Pipefish","Syngnathus scovelli",1,0.07
"201205270938-022","Lane Snapper","Lutjanus synagris",1,1.09
"201205270938-022","Mojarra Spp","Eucinostomus spp",158,31.17
"201205270938-022","Pigfish","Orthopristis chrysoptera",1,4.32
"201205270938-022","Pinfish","Lagodon rhomboides",26,57.91
"201205270938-022","Planehead Filefish","Stephanolepis hispidus",2,6.58
"201205270938-022","Silver Perch","Bairdiella chrysoura",6,0.79
"201205270938-022","Spotted Seatrout","Cynoscion nebulosus",1,0.23
"201205271045-065","Spotted Seatrout","Cynoscion nebulosus",1,0.62
"201205271104-067","Bay Anchovy","Anchoa mitchilli",10,1.51
"201205271104-067","Dwarf Seahorse","Hippocampus zosterae",1,0.06
"201205271104-067","Fringed Pipefish","Anarchopterus criniger",1,0.05
"201205271104-067","Gray Snapper","Lutjanus griseus",1,10.54
"201205271104-067","Great Barracuda","Sphyraena barracuda",1,0.83
"201205271104-067","Gulf Pipefish","Syngnathus scovelli",16,4.92
"201205271104-067","Inshore Lizardfish","Synodus foetens",4,7.3
"201205271104-067","Lane Snapper","Lutjanus synagris",1,0.63
"201205271104-067","Mojarra Spp","Eucinostomus spp",118,156.74
"201205271104-067","Pigfish","Orthopristis chrysoptera",14,82.33
"201205271104-067","Pinfish","Lagodon rhomboides",230,502.87
"201205271104-067","Planehead Filefish","Stephanolepis hispidus",2,9.16
"201205271104-067","Rainwater Killifish","Lucania parva",1,0.1
"201205271104-067","Sargassum Pipefish","Syngnathus pelagicus",6,3.45
"201205271104-067","Sheepshead","Archosargus probatocephalus",1,0.91
"201205271104-067","Silver Perch","Bairdiella chrysoura",39,97.76
"201205271104-067","Spotted Seatrout","Cynoscion nebulosus",3,4.34
"201205271255-145","Dwarf Seahorse","Hippocampus zosterae",1,0.04
"201205271255-145","Gulf Toadfish","Opsanus beta",2,3.96
"201205271255-145","Pinfish","Lagodon rhomboides",1,9.46
"201205271255-145","Rainwater Killifish","Lucania parva",4,0.65
"201205271355-167","Bay Anchovy","Anchoa mitchilli",6,6.02
"201205271355-167","Code Goby","Gobiosoma robustum",4,1.95
"201205271355-167","Dwarf Seahorse","Hippocampus zosterae",1,0.13
"201205271355-167","Fringed Pipefish","Anarchopterus criniger",1,0.24
"201205271355-167","Grunt Spp","Haemulon spp",3,1.07
"201205271355-167","Gulf Pipefish","Syngnathus scovelli",2,0.42
"201205271355-167","Mojarra Spp","Eucinostomus spp",36,61.05
"201205271355-167","Pigfish","Orthopristis chrysoptera",3,16.17
"201205271355-167","Pinfish","Lagodon rhomboides",44,357.94
"201205271355-167","Rainwater Killifish","Lucania parva",1,0.14
"201205271355-167","Silver Perch","Bairdiella chrysoura",17,32.99
"201205271447-175","Spotted Seatrout","Cynoscion nebulosus",1,0.69
"201205281110-241","Gulf Pipefish","Syngnathus scovelli",2,0.47
"201205281110-241","Mojarra Spp","Eucinostomus spp",2,0.54
"201205281110-241","Pinfish","Lagodon rhomboides",2,25.31
"201205281110-241","Rainwater Killifish","Lucania parva",39,5.17
"201205281242-266","Gulf Pipefish","Syngnathus scovelli",1,0.32
"201205281242-266","Mojarra Spp","Eucinostomus spp",1,0.16
"201205281242-266","Pinfish","Lagodon rhomboides",1,11.99
"201205290842-270","Mojarra Spp","Eucinostomus spp",2,7.15
"201205290842-270","Pinfish","Lagodon rhomboides",1,5.63
"201206241225-618","Bay Anchovy","Anchoa mitchilli",4,0.73
"201206241225-618","Herring Spp","Clupeidae spp",4,0.43
"201206241432-314","Mojarra Spp","Eucinostomus spp",2,0.88
"201206251128-241","Mojarra Spp","Eucinostomus spp",2,0.26
"201206251303-266","Mojarra Spp","Eucinostomus spp",5,1.72
"201206251303-266","Rainwater Killifish","Lucania parva",2,0.34
"201206261244-312","Mojarra Spp","Eucinostomus spp",4,21.55
"201206261348-168","Gulf Pipefish","Syngnathus scovelli",1,0.25
"201206261348-168","Gulf Toadfish","Opsanus beta",1,0.13
"201206261348-168","Mojarra Spp","Eucinostomus spp",8,3.44
"201206261348-168","Pinfish","Lagodon rhomboides",1,2.32
"201206261348-168","Rainwater Killifish","Lucania parva",65,5.89
"201206261348-168","Silver Perch","Bairdiella chrysoura",2,5.26
"201206261417-158","Spotted Seatrout","Cynoscion nebulosus",1,2.87
"201206261446-146","Gulf Pipefish","Syngnathus scovelli",1,0.12
"201206261446-146","Gulf Toadfish","Opsanus beta",2,0.51
"201206261446-146","Mojarra Spp","Eucinostomus spp",2,0.93
"201206261446-146","Pinfish","Lagodon rhomboides",6,32.84
"201206261446-146","Rainwater Killifish","Lucania parva",38,3.48
"201206261446-146","Silver Perch","Bairdiella chrysoura",1,3.6
"201206270850-171","Spotted Seatrout","Cynoscion nebulosus",1,4.47
"201206270939-070","Bay Anchovy","Anchoa mitchilli",2,0.23
"201206270939-070","Code Goby","Gobiosoma robustum",10,1.23
"201206270939-070","Gulf Pipefish","Syngnathus scovelli",4,1.24
"201206270939-070","Gulf Toadfish","Opsanus beta",4,10.46
"201206270939-070","Pinfish","Lagodon rhomboides",14,58.83
"201206270939-070","Rainwater Killifish","Lucania parva",1,0.05
"201206270939-070","Sargassum Pipefish","Syngnathus pelagicus",1,0.62
"201206270939-070","Silver Perch","Bairdiella chrysoura",9,6.22
"201206271139-022","Bluestriped Grunt","Haemulon sciurus",3,14.16
"201206271139-022","Florida Blenny","Chasmodes saburrae",1,2.28
"201206271139-022","Herring Spp","Clupeidae spp",1,0.13
"201206271139-022","Mahogany Snapper","Lutjanus mahogoni",2,3.6
"201206271139-022","Mojarra Spp","Eucinostomus spp",136,105.15
"201206271139-022","Pigfish","Orthopristis chrysoptera",4,20.96
"201206271139-022","Pinfish","Lagodon rhomboides",103,568.72
"201206271139-022","Pygmy Filefish","Stephanolepis setifer",2,0.21
"201206271139-022","Rainwater Killifish","Lucania parva",3,0.22
"201206271139-022","Sargassum Pipefish","Syngnathus pelagicus",2,1.21
"201206271139-022","Silver Perch","Bairdiella chrysoura",1,1.16
"201206271139-022","Striped Burrfish","Chilomycterus schoepfi",2,12.08
"201206271305-123","Marbled Blenny","Paraclinus marmoratus",1,2.54
"201206271305-123","Mojarra Spp","Eucinostomus spp",17,12.56
"201206271305-123","Pinfish","Lagodon rhomboides",2,3.98
"201206271305-123","Spotted Seatrout","Cynoscion nebulosus",1,0.39
"201207141040-270","Mojarra Spp","Eucinostomus spp",2,2.52
"201207141350-301","Mojarra Spp","Eucinostomus spp",12,19.17
"201207141350-301","Sargassum Pipefish","Syngnathus pelagicus",1,0.45
"201207151323-266","Rainwater Killifish","Lucania parva",2,0.31
"201207160854-123","Dwarf Seahorse","Hippocampus zosterae",1,0.02
"201207160854-123","Fringed Filefish","Monacanthus ciliatus",1,0.16
"201207160854-123","Mojarra Spp","Eucinostomus spp",33,10.31
"201207160854-123","Pinfish","Lagodon rhomboides",2,10.3
"201207160854-123","Rainwater Killifish","Lucania parva",17,1.61
"201207160854-123","Silver Perch","Bairdiella chrysoura",1,2.64
"201207160925-146","Mojarra Spp","Eucinostomus spp",3,2.03
"201207160925-146","Pinfish","Lagodon rhomboides",1,8.81
"201207160925-146","Rainwater Killifish","Lucania parva",5,0.58
"201207161027-022","Bluestriped Grunt","Haemulon sciurus",1,0.17
"201207161027-022","Fringed Filefish","Monacanthus ciliatus",1,0.17
"201207161027-022","Gulf Pipefish","Syngnathus scovelli",2,0.5
"201207161027-022","Mojarra Spp","Eucinostomus spp",42,12.33
"201207161027-022","Pinfish","Lagodon rhomboides",4,12.03
"201207161027-022","Rainwater Killifish","Lucania parva",1,0.11
"201207161027-022","Sargassum Pipefish","Syngnathus pelagicus",1,0.3
"201207161027-022","Silver Perch","Bairdiella chrysoura",6,5.08
"201207161048-020","Spotted Seatrout","Cynoscion nebulosus",2,1.42
"201207161159-144","Spotted Seatrout","Cynoscion nebulosus",2,9.59
"201207161240-156","Spotted Seatrout","Cynoscion nebulosus",3,3.76
"201207161332-070","Bay Anchovy","Anchoa mitchilli",6,5.33
"201207161332-070","Dwarf Seahorse","Hippocampus zosterae",1,0.07
"201207161332-070","Fringed Pipefish","Anarchopterus criniger",1,0.05
"201207161332-070","Great Barracuda","Sphyraena barracuda",1,2.38
"201207161332-070","Gulf Pipefish","Syngnathus scovelli",28,6.17
"201207161332-070","Herring Spp","Clupeidae spp",2,1.59
"201207161332-070","Inshore Lizardfish","Synodus foetens",2,1.2
"201207161332-070","Mojarra Spp","Eucinostomus spp",163,133.72
"201207161332-070","Pinfish","Lagodon rhomboides",39,111.93
"201207161332-070","Rainwater Killifish","Lucania parva",14,2.46
"201207161332-070","Scaled Sardine","Harengula jaguana",4,6.67
"201207161332-070","Spotted Seatrout","Cynoscion nebulosus",3,4.43
"201207161359-073","Spotted Seatrout","Cynoscion nebulosus",1,1.31
"201207161420-168","Dwarf Seahorse","Hippocampus zosterae",1,0.01
"201207161420-168","Mojarra Spp","Eucinostomus spp",21,4.49
"201207161420-168","Pinfish","Lagodon rhomboides",5,27.08
"201207161420-168","Rainwater Killifish","Lucania parva",45,4.63
"201207171010-621","Mojarra Spp","Eucinostomus spp",40,121.57
"201208111117-402","Mojarra Spp","Eucinostomus spp",3,4.79
"201208111300-618","Mojarra Spp","Eucinostomus spp",9,15.87
"201208111439-314","Clown Goby","Microgobius gulosus",1,0.02
"201208111439-314","Dwarf Seahorse","Hippocampus zosterae",1,0.15
"201208111439-314","Mojarra Spp","Eucinostomus spp",8,7.54
"201208120907-123","Mojarra Spp","Eucinostomus spp",23,11.43
"201208120907-123","Rainwater Killifish","Lucania parva",1,0.06
"201208120950-146","Mojarra Spp","Eucinostomus spp",23,5.24
"201208120950-146","Pinfish","Lagodon rhomboides",3,21.66
"201208120950-146","Rainwater Killifish","Lucania parva",17,2.03
"201208121106-022","Bluestriped Grunt","Haemulon sciurus",2,0.99
"201208121106-022","Dwarf Seahorse","Hippocampus zosterae",2,0.03
"201208121106-022","Fringed Filefish","Monacanthus ciliatus",1,1.56
"201208121106-022","Gulf Pipefish","Syngnathus scovelli",1,0.11
"201208121106-022","Mojarra Spp","Eucinostomus spp",74,10.91
"201208121106-022","Rainwater Killifish","Lucania parva",1,0.05
"201208121106-022","Sailor's Grunt","Haemulon parra",1,0.35
"201208121106-022","Silver Perch","Bairdiella chrysoura",2,4.4
"201208121146-020","Spotted Seatrout","Cynoscion nebulosus",2,4.14
"201208121246-068","Spotted Seatrout","Cynoscion nebulosus",1,3.55
"201208121255-070","Bay Anchovy","Anchoa mitchilli",10,3.68
"201208121255-070","Dwarf Seahorse","Hippocampus zosterae",6,0.23
"201208121255-070","Gulf Pipefish","Syngnathus scovelli",9,1.7
"201208121255-070","Lane Snapper","Lutjanus synagris",6,11.49
"201208121255-070","Mojarra Spp","Eucinostomus spp",188,251.26
"201208121255-070","Pinfish","Lagodon rhomboides",30,189.68
"201208121255-070","Rainwater Killifish","Lucania parva",2,0.13
"201208121255-070","Sargassum Pipefish","Syngnathus pelagicus",2,1.03
"201208121255-070","Silver Perch","Bairdiella chrysoura",18,58.95
"201208121255-070","Spotted Seatrout","Cynoscion nebulosus",3,10.04
"201208121349-168","Gulf Pipefish","Syngnathus scovelli",4,1.09
"201208121349-168","Mojarra Spp","Eucinostomus spp",42,32.85
"201208121349-168","Pinfish","Lagodon rhomboides",40,47.09
"201208121349-168","Rainwater Killifish","Lucania parva",188,20.85
"201208121349-168","Silver Perch","Bairdiella chrysoura",2,5.54
"201208131110-241","Great Barracuda","Sphyraena barracuda",1,2.12
"201208131110-241","Mojarra Spp","Eucinostomus spp",3,1.71
"201208131242-266","Mojarra Spp","Eucinostomus spp",2,2.2
"201208131242-266","Rainwater Killifish","Lucania parva",3,0.27
"201208131352-301","Mojarra Spp","Eucinostomus spp",15,27.06
"201208141116-270","Mojarra Spp","Eucinostomus spp",8,6.28
"201208141116-270","Pinfish","Lagodon rhomboides",1,13.05
"201209011051-402","Mojarra Spp","Eucinostomus spp",13,17.29
"201209011316-618","Bay Anchovy","Anchoa mitchilli",18,4.72
"201209011316-618","Clown Goby","Microgobius gulosus",1,0.12
"201209011316-618","Goby Spp","Gobiidae spp",1,0.13
"201209011316-618","Gulf Pipefish","Syngnathus scovelli",1,0.67
"201209011316-618","Herring Spp","Clupeidae spp",1,0.27
"201209011316-618","Mojarra Spp","Eucinostomus spp",77,149.84
"201209011452-314","Bay Anchovy","Anchoa mitchilli",3,0.1
"201209011452-314","Gulf Toadfish","Opsanus beta",7,7.32
"201209011452-314","Herring Spp","Clupeidae spp",2,0.09
"201209011452-314","Mojarra Spp","Eucinostomus spp",16,17.73
"201209020915-124","Spotted Seatrout","Cynoscion nebulosus",1,1.57
"201209020943-123","Dwarf Seahorse","Hippocampus zosterae",1,0.03
"201209020943-123","Herring Spp","Clupeidae spp",3,0.24
"201209020943-123","Mojarra Spp","Eucinostomus spp",35,13
"201209020943-123","Pinfish","Lagodon rhomboides",1,7.09
"201209021021-146","Dwarf Seahorse","Hippocampus zosterae",1,0.05
"201209021021-146","Mojarra Spp","Eucinostomus spp",67,8.76
"201209021021-146","Pinfish","Lagodon rhomboides",6,53.96
"201209021021-146","Rainwater Killifish","Lucania parva",17,1.94
"201209021105-022","Bluestriped Grunt","Haemulon sciurus",3,1.89
"201209021105-022","Fringed Filefish","Monacanthus ciliatus",1,3.38
"201209021105-022","Mojarra Spp","Eucinostomus spp",23,17.43
"201209021105-022","Pinfish","Lagodon rhomboides",1,9.02
"201209021105-022","Rainwater Killifish","Lucania parva",8,0.8
"201209021105-022","Redtail Parrotfish","Sparisoma chrysopterum",1,0.61
"201209021105-022","Sailor's Grunt","Haemulon parra",1,3.64
"201209021105-022","Sargassum Pipefish","Syngnathus pelagicus",1,0.19
"201209021105-022","Silver Perch","Bairdiella chrysoura",3,2.43
"201209021342-070","Chain Pipefish","Syngnathus louisianae",1,0.13
"201209021342-070","Code Goby","Gobiosoma robustum",3,0.16
"201209021342-070","Dusky Pipefish","Syngnathus floridae",1,0.29
"201209021342-070","Dwarf Seahorse","Hippocampus zosterae",12,0.42
"201209021342-070","Gray Snapper","Lutjanus griseus",1,0.1
"201209021342-070","Gulf Pipefish","Syngnathus scovelli",14,2.98
"201209021342-070","Gulf Toadfish","Opsanus beta",2,8.2
"201209021342-070","Lane Snapper","Lutjanus synagris",9,15.12
"201209021342-070","Mojarra Spp","Eucinostomus spp",115,86.99
"201209021342-070","Pinfish","Lagodon rhomboides",29,198.91
"201209021342-070","Rainwater Killifish","Lucania parva",1,0.11
"201209021342-070","Silver Perch","Bairdiella chrysoura",8,33.4
"201209021342-070","Spotted Seatrout","Cynoscion nebulosus",5,9.7
"201209021410-156","Spotted Seatrout","Cynoscion nebulosus",2,4.8
"201209021449-168","Bluestriped Grunt","Haemulon sciurus",1,2.96
"201209021449-168","Gulf Pipefish","Syngnathus scovelli",4,1.26
"201209021449-168","Mojarra Spp","Eucinostomus spp",312,160.69
"201209021449-168","Pinfish","Lagodon rhomboides",3,25.39
"201209021449-168","Rainwater Killifish","Lucania parva",192,26.13
"201209021449-168","Silver Perch","Bairdiella chrysoura",7,35.76
"201209021449-168","Spotted Seatrout","Cynoscion nebulosus",2,0.23
"201209031129-241","Mojarra Spp","Eucinostomus spp",1,5.96
"201209031129-241","Pinfish","Lagodon rhomboides",1,16.9
"201209031129-241","Rainwater Killifish","Lucania parva",1,0.07
"201209031247-266","Mojarra Spp","Eucinostomus spp",6,6.11
"201209031247-266","Rainwater Killifish","Lucania parva",2,0.23
"201209031444-290","Spotted Seatrout","Cynoscion nebulosus",1,0.32
"201209031511-312","Spotted Seatrout","Cynoscion nebulosus",1,0.65
"201209031543-302","Bay Anchovy","Anchoa mitchilli",157,56.16
"201209031543-302","Herring Spp","Clupeidae spp",1,0.15
"201209031543-302","Mojarra Spp","Eucinostomus spp",11,33.95
"201209031543-302","Pinfish","Lagodon rhomboides",1,10.53
"201209041017-270","Mojarra Spp","Eucinostomus spp",9,31.16
"201209041017-270","Pinfish","Lagodon rhomboides",4,51.37
"201210061123-402","Mojarra Spp","Eucinostomus spp",20,16.22
"201210061306-618","Bay Anchovy","Anchoa mitchilli",4,0.36
"201210061306-618","Goldspotted Killifish","Floridichthys carpio",4,0.32
"201210061306-618","Gulf Pipefish","Syngnathus scovelli",1,0.34
"201210061306-618","Herring Spp","Clupeidae spp",86,46.03
"201210061306-618","Mojarra Spp","Eucinostomus spp",123,170.49
"201210061430-314","Bay Anchovy","Anchoa mitchilli",51,11.9
"201210061430-314","Herring Spp","Clupeidae spp",8,2.12
"201210061430-314","Mojarra Spp","Eucinostomus spp",58,236.9
"201210071012-123","Fringed Filefish","Monacanthus ciliatus",1,0.66
"201210071012-123","Gray Snapper","Lutjanus griseus",1,1.92
"201210071012-123","Great Barracuda","Sphyraena barracuda",1,0.43
"201210071012-123","Mojarra Spp","Eucinostomus spp",90,32.8
"201210071012-123","Pinfish","Lagodon rhomboides",6,47.85
"201210071012-123","Rainwater Killifish","Lucania parva",5,0.65
"201210071012-123","Silver Perch","Bairdiella chrysoura",1,5.98
"201210071056-022","Bluestriped Grunt","Haemulon sciurus",2,15.77
"201210071056-022","Fringed Filefish","Monacanthus ciliatus",2,11.03
"201210071056-022","Lane Snapper","Lutjanus synagris",2,4.7
"201210071056-022","Mojarra Spp","Eucinostomus spp",9,13.02
"201210071056-022","Pinfish","Lagodon rhomboides",2,24.44
"201210071056-022","Rainwater Killifish","Lucania parva",1,0.05
"201210071346-146","Mojarra Spp","Eucinostomus spp",8,12.65
"201210071346-146","Rainwater Killifish","Lucania parva",11,2.18
"201210071419-070","Lane Snapper","Lutjanus synagris",2,13.31
"201210071419-070","Mojarra Spp","Eucinostomus spp",52,89.75
"201210071419-070","Pinfish","Lagodon rhomboides",11,130.15
"201210071419-070","Sheepshead","Archosargus probatocephalus",1,18.28
"201210071419-070","Silver Perch","Bairdiella chrysoura",4,29.96
"201210071456-168","Mojarra Spp","Eucinostomus spp",82,75.17
"201210071456-168","Pinfish","Lagodon rhomboides",2,22.14
"201210071456-168","Rainwater Killifish","Lucania parva",13,1.8
"201210081306-266","Mojarra Spp","Eucinostomus spp",4,2.5
"201210081306-266","Rainwater Killifish","Lucania parva",2,0.28
"201210081436-301","Bay Anchovy","Anchoa mitchilli",6,1.43
"201210081436-301","Mojarra Spp","Eucinostomus spp",15,26.08
"201210091054-270","Mojarra Spp","Eucinostomus spp",14,13.39
"201211101057-402","Bay Anchovy","Anchoa mitchilli",10,1.03
"201211101057-402","Mojarra Spp","Eucinostomus spp",6,21.27
"201211101245-616","Anchovy Spp","Anchoa spp",1,0.06
"201211101245-616","Bay Anchovy","Anchoa mitchilli",23,2.63
"201211101245-616","Mojarra Spp","Eucinostomus spp",28,53.12
"201211111137-241","Mojarra Spp","Eucinostomus spp",1,4.81
"201211111137-241","Rainwater Killifish","Lucania parva",1,0.1
"201211111308-265","Mojarra Spp","Eucinostomus spp",10,1.59
"201211111308-265","Planehead Filefish","Stephanolepis hispidus",1,0.13
"201211111452-301","Bay Anchovy","Anchoa mitchilli",2,0.18
"201211111452-301","Mojarra Spp","Eucinostomus spp",5,9.42
"201211111452-301","Pinfish","Lagodon rhomboides",1,25.52
"201211120922-123","Fringed Filefish","Monacanthus ciliatus",1,3.64
"201211120922-123","Great Barracuda","Sphyraena barracuda",1,2.62
"201211120922-123","Inshore Lizardfish","Synodus foetens",1,0.23
"201211120922-123","Marbled Blenny","Paraclinus marmoratus",1,2.39
"201211120922-123","Mojarra Spp","Eucinostomus spp",18,16.82
"201211120922-123","Rainwater Killifish","Lucania parva",1,0.15
"201211120958-146","Bluestriped Grunt","Haemulon sciurus",1,0.53
"201211120958-146","Burrfish Spp","Chilomycterus spp",1,1.88
"201211120958-146","Gulf Pipefish","Syngnathus scovelli",2,0.43
"201211120958-146","Mojarra Spp","Eucinostomus spp",19,11.73
"201211120958-146","Pinfish","Lagodon rhomboides",3,26.84
"201211120958-146","Rainwater Killifish","Lucania parva",84,13.57
"201211121101-022","Mojarra Spp","Eucinostomus spp",1,1.12
"201211121101-022","Scaled Sardine","Harengula jaguana",6,26.3
"201211121251-070","Bay Anchovy","Anchoa mitchilli",5,2.65
"201211121251-070","Dwarf Seahorse","Hippocampus zosterae",1,0.1
"201211121251-070","Gulf Pipefish","Syngnathus scovelli",1,0.27
"201211121251-070","Lane Snapper","Lutjanus synagris",1,0.52
"201211121251-070","Mojarra Spp","Eucinostomus spp",42,102.11
"201211121251-070","Pipefish Spp","Syngnathidae spp",1,0.01
"201211121352-168","Mojarra Spp","Eucinostomus spp",41,68.88
"201211121352-168","Pinfish","Lagodon rhomboides",1,14.23
"201211121352-168","Rainwater Killifish","Lucania parva",3,0.87
"201211130938-257","Mojarra Spp","Eucinostomus spp",5,5.09
"201211130938-257","Rainwater Killifish","Lucania parva",2,0.26
"201304271144-402","Gulf Pipefish","Syngnathus scovelli",1,0.77
"201304271330-618","Mojarra Spp","Eucinostomus spp",1,3.84
"201304281139-241","Mojarra Spp","Eucinostomus spp",4,10.22
"201304281255-266","Gulf Toadfish","Opsanus beta",1,3.1
"201304281255-266","Rainwater Killifish","Lucania parva",2,0.27
"201304291132-168","Bay Anchovy","Anchoa mitchilli",5,0.69
"201304291132-168","Burrfish Spp","Chilomycterus spp",2,0
"201304291132-168","Dwarf Seahorse","Hippocampus zosterae",1,0.07
"201304291132-168","Florida Stone Crab","Menippe mercenaria",1,0.29
"201304291132-168","Fringed Pipefish","Anarchopterus criniger",1,0.03
"201304291132-168","Gulf Pipefish","Syngnathus scovelli",1,0.28
"201304291132-168","Mojarra Spp","Eucinostomus spp",14,49.81
"201304291132-168","Pigfish","Orthopristis chrysoptera",1,0.2
"201304291132-168","Pinfish","Lagodon rhomboides",6,9.62
"201304291132-168","Rainwater Killifish","Lucania parva",3,0.3
"201304291132-168","Silver Perch","Bairdiella chrysoura",9,3.86
"201304291217-070","Atlantic Needlefish","Strongylura marina",1,0.03
"201304291217-070","Bay Anchovy","Anchoa mitchilli",50,10.44
"201304291217-070","Dusky Pipefish","Syngnathus floridae",1,0.1
"201304291217-070","Dwarf Seahorse","Hippocampus zosterae",3,0.21
"201304291217-070","Florida Grassflat Crab","Neopanope packardii",1,0.22
"201304291217-070","Gulf Grassflat Crab","Dyspanopeus texana",3,1.32
"201304291217-070","Gulf Toadfish","Opsanus beta",2,4.97
"201304291217-070","Herring Spp","Clupeidae spp",9,0.95
"201304291217-070","Mojarra Spp","Eucinostomus spp",10,31.94
"201304291217-070","Pigfish","Orthopristis chrysoptera",6,2.55
"201304291217-070","Pinfish","Lagodon rhomboides",185,192.03
"201304291217-070","Rainwater Killifish","Lucania parva",2,0.36
"201304291217-070","Sheepshead","Archosargus probatocephalus",3,0.23
"201304291217-070","Silver Perch","Bairdiella chrysoura",25,28.06
"201304291217-070","Southern Puffer","Sphoeroides nephelus",1,2.88
"201304300904-123","Mojarra Spp","Eucinostomus spp",5,7.02
"201304300904-123","Pigfish","Orthopristis chrysoptera",1,3.21
"201304300904-123","Sargassum Pipefish","Syngnathus pelagicus",1,0.32
"201304300929-146","Dwarf Seahorse","Hippocampus zosterae",1,0.05
"201304300929-146","Mojarra Spp","Eucinostomus spp",2,2.89
"201304300929-146","Rainwater Killifish","Lucania parva",1,0.34
"201304301111-022","Pinfish","Lagodon rhomboides",1,0.21
"201304301309-270","Mojarra Spp","Eucinostomus spp",25,47.81
"201304301309-270","Rainwater Killifish","Lucania parva",2,0.25
"201305251342-618","Mojarra Spp","Eucinostomus spp",1,0.09
"201305251441-314","Bay Anchovy","Anchoa mitchilli",14,0.63
"201305251441-314","Clown Goby","Microgobius gulosus",2,0.17
"201305251441-314","Gulf Pipefish","Syngnathus scovelli",1,0.74
"201305251441-314","Herring Spp","Clupeidae spp",4,0.7
"201305251441-314","Mojarra Spp","Eucinostomus spp",2,14.88
"201305260935-123","Mojarra Spp","Eucinostomus spp",59,9.75
"201305260935-123","Pinfish","Lagodon rhomboides",8,26.61
"201305260935-123","Rainwater Killifish","Lucania parva",9,0.72
"201305260935-123","Silver Perch","Bairdiella chrysoura",6,0.56
"201305261013-146","Mojarra Spp","Eucinostomus spp",4,6.25
"201305261013-146","Rainwater Killifish","Lucania parva",5,0.68
"201305261157-022","Mojarra Spp","Eucinostomus spp",9,1.83
"201305261157-022","Pigfish","Orthopristis chrysoptera",1,0.43
"201305261157-022","Pinfish","Lagodon rhomboides",3,10.13
"201305261157-022","Pitho Crab Spp","Pitho spp",1,4.28
"201305261157-022","Striped Burrfish","Chilomycterus schoepfi",1,9.07
"201305261304-067","Spotted Seatrout","Cynoscion nebulosus",1,0.8
"201305261324-070","Decorator Crab Spp","Macrocoeloma spp",1,0.02
"201305261324-070","Dwarf Seahorse","Hippocampus zosterae",1,0.08
"201305261324-070","Fringed Pipefish","Anarchopterus criniger",1,0.06
"201305261324-070","Gulf Grassflat Crab","Dyspanopeus texana",2,1.79
"201305261324-070","Gulf Pipefish","Syngnathus scovelli",6,2.06
"201305261324-070","Gulf Toadfish","Opsanus beta",1,0.31
"201305261324-070","Lane Snapper","Lutjanus synagris",2,17.87
"201305261324-070","Mojarra Spp","Eucinostomus spp",33,35.8
"201305261324-070","Mud Crab Spp","Panopeidae spp",1,0.01
"201305261324-070","Pigfish","Orthopristis chrysoptera",11,19.35
"201305261324-070","Pinfish","Lagodon rhomboides",100,177.77
"201305261324-070","Rainwater Killifish","Lucania parva",3,0.51
"201305261324-070","Sargassum Pipefish","Syngnathus pelagicus",1,0.56
"201305261324-070","Sheepshead","Archosargus probatocephalus",1,0.49
"201305261324-070","Silver Perch","Bairdiella chrysoura",5,9.98
"201305261324-070","Spotted Seatrout","Cynoscion nebulosus",3,0.95
"201305261342-071","Spotted Seatrout","Cynoscion nebulosus",1,0.35
"201305261451-168","Gulf Pipefish","Syngnathus scovelli",1,0.51
"201305261451-168","Herring Spp","Clupeidae spp",26,3.99
"201305261451-168","Mojarra Spp","Eucinostomus spp",42,13.34
"201305261451-168","Pinfish","Lagodon rhomboides",2,2.37
"201305261451-168","Rainwater Killifish","Lucania parva",8,1.54
"201305261451-168","Silver Perch","Bairdiella chrysoura",3,6.25
"201305271145-241","Mojarra Spp","Eucinostomus spp",3,2.72
"201305271145-241","Rainwater Killifish","Lucania parva",3,1.43
"201305271250-266","Mojarra Spp","Eucinostomus spp",5,3.82
"201305271250-266","Rainwater Killifish","Lucania parva",3,0.58
"201305281211-270","Mojarra Spp","Eucinostomus spp",5,12.48
"201305281320-301","Mojarra Spp","Eucinostomus spp",1,10.13
"201306151553-402","Dwarf Seahorse","Hippocampus zosterae",3,0.19
"201306151553-402","Mojarra Spp","Eucinostomus spp",2,1.33
"201306151553-402","Spotted Dragonet","Diplogrammus pauciradiatus",1,0.09
"201306151645-618","Dwarf Seahorse","Hippocampus zosterae",3,0.17
"201306151645-618","Herring Spp","Clupeidae spp",4,0.42
"201306151645-618","Mojarra Spp","Eucinostomus spp",25,132.64
"201306160931-123","Gulf Pipefish","Syngnathus scovelli",1,0.25
"201306160931-123","Mojarra Spp","Eucinostomus spp",4,1.05
"201306160931-123","Pinfish","Lagodon rhomboides",3,8.25
"201306160931-123","Silver Perch","Bairdiella chrysoura",1,6.69
"201306160955-146","Gulf Pipefish","Syngnathus scovelli",1,0.06
"201306160955-146","Mojarra Spp","Eucinostomus spp",19,17.14
"201306160955-146","Pinfish","Lagodon rhomboides",1,5.49
"201306160955-146","Rainwater Killifish","Lucania parva",2,0.18
"201306161054-022","Bluestriped Grunt","Haemulon sciurus",6,2.14
"201306161054-022","Dwarf Seahorse","Hippocampus zosterae",1,0.03
"201306161054-022","Fringed Filefish","Monacanthus ciliatus",3,2.06
"201306161054-022","Mojarra Spp","Eucinostomus spp",47,10.74
"201306161054-022","Pigfish","Orthopristis chrysoptera",1,4.16
"201306161054-022","Pinfish","Lagodon rhomboides",13,56.04
"201306161054-022","Silver Perch","Bairdiella chrysoura",7,4.76
"201306161315-070","Bluestriped Grunt","Haemulon sciurus",8,2.84
"201306161315-070","Fringed Pipefish","Anarchopterus criniger",4,0.41
"201306161315-070","Gulf Pipefish","Syngnathus scovelli",3,0.41
"201306161315-070","Iridescent Swimming Crab","Portunus gibbesii",1,2.25
"201306161315-070","Mojarra Spp","Eucinostomus spp",20,3.07
"201306161315-070","Pigfish","Orthopristis chrysoptera",2,1.91
"201306161315-070","Pinfish","Lagodon rhomboides",72,215.11
"201306161315-070","Rainwater Killifish","Lucania parva",6,1.22
"201306161315-070","Sargassum Pipefish","Syngnathus pelagicus",5,1.56
"201306161315-070","Sheepshead","Archosargus probatocephalus",1,0.77
"201306161315-070","Silver Perch","Bairdiella chrysoura",63,55.55
"201306161315-070","Western Atlantic Seabream","Archosargus rhomboidalis",3,1.07
"201306161400-143","Spotted Seatrout","Cynoscion nebulosus",1,0.37
"201306161428-168","Dwarf Seahorse","Hippocampus zosterae",1,0.23
"201306161428-168","Grunt Spp","Haemulon spp",1,0.22
"201306161428-168","Gulf Pipefish","Syngnathus scovelli",1,1.25
"201306161428-168","Mojarra Spp","Eucinostomus spp",15,18.64
"201306161428-168","Pinfish","Lagodon rhomboides",4,10.23
"201306161428-168","Rainwater Killifish","Lucania parva",18,1.82
"201306161428-168","Silver Perch","Bairdiella chrysoura",2,0.93
"201306161442-172","Spotted Seatrout","Cynoscion nebulosus",1,0.13
"201306171144-241","Mojarra Spp","Eucinostomus spp",1,4.85
"201306171144-241","Pinfish","Lagodon rhomboides",1,12.78
"201306171257-266","Atlantic Bay Scallop","Argopecten irradians",1,1.62
"201306171257-266","Fringed Pipefish","Anarchopterus criniger",1,0.02
"201306171257-266","Mojarra Spp","Eucinostomus spp",2,8.6
"201306171257-266","Rainwater Killifish","Lucania parva",2,0.11
"201306171402-301","Dwarf Seahorse","Hippocampus zosterae",1,0.08
"201306171402-301","Mojarra Spp","Eucinostomus spp",15,20.68
"201306171402-301","Rainwater Killifish","Lucania parva",2,0.13
"201306171502-314","Banded Blenny","Paraclinus fasciatus",1,0.36
"201306171502-314","Dwarf Seahorse","Hippocampus zosterae",1,0.06
"201306171502-314","Florida Grassflat Crab","Neopanope packardii",1,0.53
"201306171502-314","Gulf Toadfish","Opsanus beta",1,4.04
"201306180923-270","Atlantic Bay Scallop","Argopecten irradians",5,26.08
"201306180923-270","Mojarra Spp","Eucinostomus spp",21,24.85
"201307131152-402","Dwarf Seahorse","Hippocampus zosterae",1,0.08
"201307131152-402","Goldspotted Killifish","Floridichthys carpio",10,3.03
"201307131152-402","Herring Spp","Clupeidae spp",1,1.69
"201307131152-402","Mojarra Spp","Eucinostomus spp",154,151.12
"201307131152-402","Spotted Dragonet","Diplogrammus pauciradiatus",1,0.06
"201307131300-618","Bay Anchovy","Anchoa mitchilli",14,0.88
"201307131300-618","Clown Goby","Microgobius gulosus",5,0.51
"201307131300-618","Dwarf Seahorse","Hippocampus zosterae",8,0.85
"201307131300-618","Goby Spp","Gobiidae spp",1,0.13
"201307131300-618","Goldspotted Killifish","Floridichthys carpio",3,0.59
"201307131300-618","Mojarra Spp","Eucinostomus spp",86,350.24
"201307131300-618","Spotted Dragonet","Diplogrammus pauciradiatus",2,0.46
"201307131432-314","Goby Spp","Gobiidae spp",2,0.36
"201307131432-314","Mojarra Spp","Eucinostomus spp",9,7.2
"201307131432-314","Scrawled Cowfish","Acanthostracion quadricornis",1,1.94
"201307140937-123","Dusky Pipefish","Syngnathus floridae",1,0.49
"201307140937-123","Marbled Blenny","Paraclinus marmoratus",1,0.67
"201307140937-123","Mojarra Spp","Eucinostomus spp",73,12.81
"201307140937-123","Pinfish","Lagodon rhomboides",5,23.79
"201307140937-123","Rainwater Killifish","Lucania parva",6,0.44
"201307140937-123","Silver Perch","Bairdiella chrysoura",3,5.79
"201307140937-123","Western Atlantic Seabream","Archosargus rhomboidalis",1,1.38
"201307141038-022","Filefish Spp","Monacanthidae spp",1,0.07
"201307141038-022","Florida Grassflat Crab","Neopanope packardii",1,0.04
"201307141038-022","Mojarra Spp","Eucinostomus spp",6,1.12
"201307141038-022","Pinfish","Lagodon rhomboides",2,9.95
"201307141038-022","Sargassum Pipefish","Syngnathus pelagicus",1,0.12
"201307141038-022","Web Burrfish","Chilomycterus antillarum",1,1.39
"201307141154-146","Dwarf Seahorse","Hippocampus zosterae",1,0.04
"201307141154-146","Mojarra Spp","Eucinostomus spp",16,0.94
"201307141154-146","Pinfish","Lagodon rhomboides",3,8.73
"201307141154-146","Rainwater Killifish","Lucania parva",89,9.43
"201307141248-156","Spotted Seatrout","Cynoscion nebulosus",1,0.36
"201307141308-067","Spotted Seatrout","Cynoscion nebulosus",7,25.81
"201307141340-070","Bay Anchovy","Anchoa mitchilli",1,0.53
"201307141340-070","Bluestriped Grunt","Haemulon sciurus",23,22.07
"201307141340-070","Dusky Pipefish","Syngnathus floridae",1,0.32
"201307141340-070","Dwarf Seahorse","Hippocampus zosterae",1,0.06
"201307141340-070","Filefish Spp","Monacanthidae spp",2,0.07
"201307141340-070","Fringed Filefish","Monacanthus ciliatus",8,7.06
"201307141340-070","Fringed Pipefish","Anarchopterus criniger",2,0.17
"201307141340-070","Grunt Spp","Haemulon spp",1,0.12
"201307141340-070","Lane Snapper","Lutjanus synagris",10,8.65
"201307141340-070","Lined Seahorse","Hippocampus erectus",1,2.42
"201307141340-070","Mojarra Spp","Eucinostomus spp",108,64.59
"201307141340-070","Pigfish","Orthopristis chrysoptera",2,12.32
"201307141340-070","Pinfish","Lagodon rhomboides",247,1273.15
"201307141340-070","Rainwater Killifish","Lucania parva",1,0.05
"201307141340-070","Sheepshead","Archosargus probatocephalus",1,1.15
"201307141340-070","Silver Perch","Bairdiella chrysoura",117,236.83
"201307141340-070","Spotted Seatrout","Cynoscion nebulosus",4,11.75
"201307141340-070","Western Atlantic Seabream","Archosargus rhomboidalis",14,17.1
"201307141500-168","Dusky Pipefish","Syngnathus floridae",1,0.44
"201307141500-168","Fringed Filefish","Monacanthus ciliatus",2,3.71
"201307141500-168","Lane Snapper","Lutjanus synagris",1,0.14
"201307141500-168","Mojarra Spp","Eucinostomus spp",36,30.17
"201307141500-168","Pinfish","Lagodon rhomboides",2,13.49
"201307141500-168","Rainwater Killifish","Lucania parva",21,1.95
"201307141500-168","Silver Perch","Bairdiella chrysoura",2,3.45
"201307151234-241","Mojarra Spp","Eucinostomus spp",6,0.7
"201307151234-241","Rainwater Killifish","Lucania parva",3,0.52
"201307161043-270","Atlantic Bay Scallop","Argopecten irradians",5,36.27
"201307161043-270","Mojarra Spp","Eucinostomus spp",5,13.73
"201308151228-402","Mojarra Spp","Eucinostomus spp",49,88.88
"201308151327-618","Bay Anchovy","Anchoa mitchilli",17,5.17
"201308151327-618","Clown Goby","Microgobius gulosus",2,0.38
"201308151327-618","Dwarf Seahorse","Hippocampus zosterae",2,0.21
"201308151327-618","Herring Spp","Clupeidae spp",2,2.47
"201308151327-618","Mojarra Spp","Eucinostomus spp",97,273.48
"201308151451-314","Mojarra Spp","Eucinostomus spp",2,0
"201308151451-314","Pinfish","Lagodon rhomboides",1,0
"201308160936-146","Fringed Filefish","Monacanthus ciliatus",1,1.56
"201308160936-146","Great Barracuda","Sphyraena barracuda",1,0.52
"201308160936-146","Gulf Pipefish","Syngnathus scovelli",1,0.13
"201308160936-146","Mojarra Spp","Eucinostomus spp",4,7.72
"201308160936-146","Pinfish","Lagodon rhomboides",2,13.19
"201308160936-146","Rainwater Killifish","Lucania parva",20,2.52
"201308161005-123","Fringed Filefish","Monacanthus ciliatus",3,18.41
"201308161005-123","Great Barracuda","Sphyraena barracuda",1,3.57
"201308161005-123","Mojarra Spp","Eucinostomus spp",30,12.2
"201308161005-123","Rainwater Killifish","Lucania parva",4,0.38
"201308161052-022","Bluestriped Grunt","Haemulon sciurus",5,1.7
"201308161052-022","Fringed Filefish","Monacanthus ciliatus",3,1.62
"201308161052-022","Mojarra Spp","Eucinostomus spp",17,6.6
"201308161052-022","Rainwater Killifish","Lucania parva",2,0.25
"201308161052-022","Silver Perch","Bairdiella chrysoura",1,2.14
"201308161334-070","Bay Anchovy","Anchoa mitchilli",6,0.56
"201308161334-070","Bluestriped Grunt","Haemulon sciurus",3,0.89
"201308161334-070","Decorator Crab Spp","Macrocoeloma spp",1,0.81
"201308161334-070","Dusky Pipefish","Syngnathus floridae",4,1.69
"201308161334-070","Flase Pilchard","Harengula clupeola",1,0.07
"201308161334-070","Fringed Filefish","Monacanthus ciliatus",29,57.12
"201308161334-070","Fringed Pipefish","Anarchopterus criniger",1,0.15
"201308161334-070","Grunt Spp","Haemulon spp",7,11.15
"201308161334-070","Gulf Pipefish","Syngnathus scovelli",2,0.31
"201308161334-070","Lane Snapper","Lutjanus synagris",9,20.22
"201308161334-070","Mojarra Spp","Eucinostomus spp",160,91.92
"201308161334-070","Pinfish","Lagodon rhomboides",215,1516.15
"201308161334-070","Pipefish Spp","Syngnathidae spp",1,0.03
"201308161334-070","Pitho Crab Spp","Pitho spp",1,4.48
"201308161334-070","Rainwater Killifish","Lucania parva",6,0.88
"201308161334-070","Sargassum Pipefish","Syngnathus pelagicus",1,0.52
"201308161334-070","Silver Perch","Bairdiella chrysoura",85,371.25
"201308161334-070","Spotted Seatrout","Cynoscion nebulosus",5,14.2
"201308161334-070","Western Atlantic Seabream","Archosargus rhomboidalis",2,4.95
"201308161334-070","White Grunt","Haemulon plumierii",1,3.83
"201308161415-071","Spotted Seatrout","Cynoscion nebulosus",1,0.16
"201308161458-168","Bay Anchovy","Anchoa mitchilli",6,0.69
"201308161458-168","Fringed Filefish","Monacanthus ciliatus",2,2.08
"201308161458-168","Gulf Pipefish","Syngnathus scovelli",2,0.84
"201308161458-168","Lane Snapper","Lutjanus synagris",2,3.86
"201308161458-168","Mojarra Spp","Eucinostomus spp",223,150.95
"201308161458-168","Pinfish","Lagodon rhomboides",1,14.94
"201308161458-168","Rainwater Killifish","Lucania parva",5,0.66
"201308161458-168","Silver Perch","Bairdiella chrysoura",3,6.29
"201308171021-241","Mojarra Spp","Eucinostomus spp",13,19.67
"201308171230-266","Mojarra Spp","Eucinostomus spp",3,6
"201308171230-266","Rainwater Killifish","Lucania parva",1,0.07
"201308180915-270","Mojarra Spp","Eucinostomus spp",15,60.7
"201308181045-301","Mojarra Spp","Eucinostomus spp",99,89.47
"201308181045-301","Rainwater Killifish","Lucania parva",1,0.22
"201309141150-402","Dwarf Seahorse","Hippocampus zosterae",1,0.05
"201309141150-402","Mojarra Spp","Eucinostomus spp",18,18.21
"201309141237-618","Goldspotted Killifish","Floridichthys carpio",1,0.78
"201309141237-618","Mojarra Spp","Eucinostomus spp",14,10.26
"201309141354-314","Mojarra Spp","Eucinostomus spp",5,0
"201309150946-123","Great Barracuda","Sphyraena barracuda",1,2.56
"201309150946-123","Gulf Pipefish","Syngnathus scovelli",1,0.05
"201309150946-123","Herring Spp","Clupeidae spp",2,2
"201309150946-123","Mojarra Spp","Eucinostomus spp",6,6.04
"201309150946-123","Rainwater Killifish","Lucania parva",1,0.15
"201309151034-145","Mojarra Spp","Eucinostomus spp",5,11.53
"201309151034-145","Pinfish","Lagodon rhomboides",1,10.73
"201309151034-145","Rainwater Killifish","Lucania parva",19,3.53
"201309151121-023","Spotted Seatrout","Cynoscion nebulosus",1,0.62
"201309151138-022","Dusky Pipefish","Syngnathus floridae",2,0.37
"201309151138-022","Dwarf Seahorse","Hippocampus zosterae",2,0.11
"201309151138-022","Filefish Spp","Monacanthidae spp",1,0.03
"201309151138-022","Fringed Filefish","Monacanthus ciliatus",1,1.42
"201309151138-022","Gulf Pipefish","Syngnathus scovelli",1,0.32
"201309151138-022","Mojarra Spp","Eucinostomus spp",121,75.83
"201309151138-022","Pinfish","Lagodon rhomboides",6,31.71
"201309151138-022","Rainwater Killifish","Lucania parva",31,4.57
"201309151138-022","Spotted Trunkfish","Lactophrys bicaudalis",1,17.71
"201309151138-022","Western Atlantic Seabream","Archosargus rhomboidalis",1,2.84
"201309151446-070","Bay Anchovy","Anchoa mitchilli",29,9.33
"201309151446-070","Dwarf Seahorse","Hippocampus zosterae",1,0.04
"201309151446-070","Fringed Filefish","Monacanthus ciliatus",6,24.45
"201309151446-070","Herring Spp","Clupeidae spp",2,0.02
"201309151446-070","Mojarra Spp","Eucinostomus spp",65,83.97
"201309151446-070","Pinfish","Lagodon rhomboides",23,233.56
"201309151446-070","Silver Perch","Bairdiella chrysoura",25,95.14
"201309151446-070","Spotted Seatrout","Cynoscion nebulosus",2,4.89
"201309151446-070","Striped Burrfish","Chilomycterus schoepfi",1,5.68
"201309151446-070","White Grunt","Haemulon plumierii",1,6.54
"201309241155-168","Dusky Pipefish","Syngnathus floridae",1,0.16
"201309241155-168","Dwarf Seahorse","Hippocampus zosterae",2,0.06
"201309241155-168","Fringed Filefish","Monacanthus ciliatus",3,3.47
"201309241155-168","Gulf Pipefish","Syngnathus scovelli",4,0.74
"201309241155-168","Lane Snapper","Lutjanus synagris",1,6.69
"201309241155-168","Mojarra Spp","Eucinostomus spp",127,142.69
"201309241155-168","Pinfish","Lagodon rhomboides",5,64.47
"201309241155-168","Rainwater Killifish","Lucania parva",122,22
"201309241155-168","Silver Perch","Bairdiella chrysoura",6,33.06
"201309241155-168","Spotted Seatrout","Cynoscion nebulosus",1,0.13
"201309241345-266","Mojarra Spp","Eucinostomus spp",9,10.16
"201309241440-241","Mojarra Spp","Eucinostomus spp",9,32.59
"201309241440-241","Pinfish","Lagodon rhomboides",2,13.83
"201309250952-270","Atlantic Bay Scallop","Argopecten irradians",1,13.81
"201309250952-270","Dwarf Seahorse","Hippocampus zosterae",1,0.07
"201309250952-270","Mojarra Spp","Eucinostomus spp",15,33.17
"201309251114-301","Dwarf Seahorse","Hippocampus zosterae",1,0.02
"201309251114-301","Florida Grassflat Crab","Neopanope packardii",1,2.56
"201309251114-301","Gulf Toadfish","Opsanus beta",3,3.79
"201309251114-301","Mojarra Spp","Eucinostomus spp",71,85.78
"201310271131-402","Mojarra Spp","Eucinostomus spp",2,3.8
"201310271247-618","Dwarf Seahorse","Hippocampus zosterae",1,0.07
"201310271247-618","Goldspotted Killifish","Floridichthys carpio",1,0.08
"201310271247-618","Mojarra Spp","Eucinostomus spp",2,2.68
"201310271247-618","Rainwater Killifish","Lucania parva",1,0.08
"201310280930-123","Fringed Filefish","Monacanthus ciliatus",2,9.86
"201310280930-123","Grunt Spp","Haemulon spp",1,0.08
"201310280930-123","Mojarra Spp","Eucinostomus spp",45,23.3
"201310280930-123","Rainwater Killifish","Lucania parva",7,1.69
"201310280930-123","Spotted Seatrout","Cynoscion nebulosus",1,2.55
"201310281036-022","Fringed Filefish","Monacanthus ciliatus",12,55.31
"201310281036-022","Grass Porgy","Calamus arctifrons",1,8.38
"201310281036-022","Grunt Spp","Haemulon spp",3,2.33
"201310281036-022","Mojarra Spp","Eucinostomus spp",16,28.12
"201310281036-022","Pinfish","Lagodon rhomboides",7,49.34
"201310281036-022","Planehead Filefish","Stephanolepis hispidus",1,1.56
"201310281036-022","Rainwater Killifish","Lucania parva",2,0.71
"201310281036-022","Western Atlantic Seabream","Archosargus rhomboidalis",1,7.12
"201310281036-022","White Grunt","Haemulon plumierii",2,5.45
"201310281301-070","Bay Anchovy","Anchoa mitchilli",2,1.84
"201310281301-070","Bluestriped Grunt","Haemulon sciurus",1,0.34
"201310281301-070","Dwarf Seahorse","Hippocampus zosterae",3,0.09
"201310281301-070","Fringed Filefish","Monacanthus ciliatus",22,80.6
"201310281301-070","Fringed Pipefish","Anarchopterus criniger",2,0.24
"201310281301-070","Gulf Pipefish","Syngnathus scovelli",1,0.11
"201310281301-070","Lane Snapper","Lutjanus synagris",3,2.19
"201310281301-070","Mojarra Spp","Eucinostomus spp",400,487.57
"201310281301-070","Pinfish","Lagodon rhomboides",157,1278.51
"201310281301-070","Rainwater Killifish","Lucania parva",10,3.43
"201310281301-070","Sargassum Pipefish","Syngnathus pelagicus",2,1.18
"201310281301-070","Sheepshead","Archosargus probatocephalus",1,4.64
"201310281301-070","Silver Perch","Bairdiella chrysoura",1,10.77
"201310281301-070","Striped Burrfish","Chilomycterus schoepfi",1,2.92
"201310281301-070","Western Atlantic Seabream","Archosargus rhomboidalis",2,16.47
"201310281301-070","White Grunt","Haemulon plumierii",7,35.53
"201310281428-168","Bay Anchovy","Anchoa mitchilli",11,0.4
"201310281428-168","Bluestriped Grunt","Haemulon sciurus",1,0.47
"201310281428-168","Dwarf Seahorse","Hippocampus zosterae",2,0.04
"201310281428-168","Gulf Pipefish","Syngnathus scovelli",2,0.41
"201310281428-168","Mojarra Spp","Eucinostomus spp",107,137.81
"201310281428-168","Pinfish","Lagodon rhomboides",2,25.08
"201310281428-168","Rainwater Killifish","Lucania parva",24,5.5
"201310281428-168","Sargassum Pipefish","Syngnathus pelagicus",1,0.1
"201310281428-168","Silver Perch","Bairdiella chrysoura",4,0.5
"201310281535-146","Mojarra Spp","Eucinostomus spp",3,1.33
"201310291032-241","Dwarf Seahorse","Hippocampus zosterae",1,0.09
"201310291032-241","Gulf Pipefish","Syngnathus scovelli",2,0.49
"201310291032-241","Mojarra Spp","Eucinostomus spp",3,11.68
"201310291032-241","Pinfish","Lagodon rhomboides",1,5.82
"201310291240-266","Mojarra Spp","Eucinostomus spp",4,13.21
"201310291424-301","Dwarf Seahorse","Hippocampus zosterae",2,0.13
"201310291424-301","Mojarra Spp","Eucinostomus spp",20,11.33
"201310301113-270","Mojarra Spp","Eucinostomus spp",9,9.54
"201405241300-070","Bay Anchovy","Anchoa mitchilli",5,0.93
"201405241300-070","Dusky Pipefish","Syngnathus floridae",2,0.94
"201405241300-070","Fringed Filefish","Monacanthus ciliatus",2,1.21
"201405241300-070","Grunt Spp","Haemulon spp",1,0.5
"201405241300-070","Gulf Pipefish","Syngnathus scovelli",1,0.38
"201405241300-070","Herring Spp","Clupeidae spp",1,0.02
"201405241300-070","Mojarra Spp","Eucinostomus spp",40,5.17
"201405241300-070","Pigfish","Orthopristis chrysoptera",1,0.13
"201405241300-070","Pinfish","Lagodon rhomboides",51,65.02
"201405241300-070","Planehead Filefish","Stephanolepis hispidus",2,5.05
"201405241300-070","Sargassum Pipefish","Syngnathus pelagicus",2,0.63
"201405241300-070","Silver Perch","Bairdiella chrysoura",44,25.3
"201405241503-146","Dusky Pipefish","Syngnathus floridae",1,0.27
"201405241503-146","Mojarra Spp","Eucinostomus spp",25,4.48
"201405241503-146","Pinfish","Lagodon rhomboides",2,5.52
"201405241503-146","Rainwater Killifish","Lucania parva",11,3.44
"201405241615-123","Mojarra Spp","Eucinostomus spp",8,2.08
"201405241615-123","Pinfish","Lagodon rhomboides",1,1.97
"201405241656-168","Dusky Pipefish","Syngnathus floridae",1,0.06
"201405241656-168","Dwarf Seahorse","Hippocampus zosterae",1,0.03
"201405241656-168","Fringed Filefish","Monacanthus ciliatus",1,2.19
"201405241656-168","Fringed Pipefish","Anarchopterus criniger",1,0.03
"201405241656-168","Gulf Pipefish","Syngnathus scovelli",1,0.04
"201405241656-168","Gulf Toadfish","Opsanus beta",1,10.33
"201405241656-168","Herring Spp","Clupeidae spp",4,0.25
"201405241656-168","Mojarra Spp","Eucinostomus spp",14,5.01
"201405241656-168","Pigfish","Orthopristis chrysoptera",2,16.67
"201405241656-168","Pinfish","Lagodon rhomboides",16,53.18
"201405241656-168","Planehead Filefish","Stephanolepis hispidus",1,0.35
"201405241656-168","Rainwater Killifish","Lucania parva",15,2.19
"201405241656-168","Silver Perch","Bairdiella chrysoura",3,3.46
"201405251007-022","Fringed Filefish","Monacanthus ciliatus",1,0.64
"201405251007-022","Mojarra Spp","Eucinostomus spp",123,20.35
"201405251007-022","Parrotfish Spp","Scaridae spp",1,0.12
"201405251007-022","Pinfish","Lagodon rhomboides",4,6.37
"201405251007-022","Silver Perch","Bairdiella chrysoura",3,0.65
"201405251101-266","Rainwater Killifish","Lucania parva",2,0.65
"201405251335-241","Silver Perch","Bairdiella chrysoura",1,0.64
"201405260948-301","Fringed Pipefish","Anarchopterus criniger",1,0
"201405260948-301","Mojarra Spp","Eucinostomus spp",46,80.29
"201405260948-301","Pinfish","Lagodon rhomboides",1,4.24
"201405261056-618","Goldspotted Killifish","Floridichthys carpio",2,0.65
"201405261056-618","Mojarra Spp","Eucinostomus spp",7,27.5
"201405261153-402","Goldspotted Killifish","Floridichthys carpio",1,0.16
"201405261419-314","Fringed Pipefish","Anarchopterus criniger",3,0.09
"201405261419-314","Pipefish Spp","Syngnathidae spp",1,0.01
"201406211119-266","Mojarra Spp","Eucinostomus spp",2,2.49
"201406211119-266","Rainwater Killifish","Lucania parva",1,0.15
"201406211321-241","Goldspotted Killifish","Floridichthys carpio",1,1.22
"201406211321-241","Mojarra Spp","Eucinostomus spp",3,12.28
"201406211321-241","Pinfish","Lagodon rhomboides",1,5.05
"201406211321-241","Rainwater Killifish","Lucania parva",1,0.1
"201406211321-241","Sargassum Pipefish","Syngnathus pelagicus",2,0.81
"201406220925-168","Dusky Pipefish","Syngnathus floridae",2,0.77
"201406220925-168","Dwarf Seahorse","Hippocampus zosterae",11,0.71
"201406220925-168","Gulf Pipefish","Syngnathus scovelli",8,2.16
"201406220925-168","Mojarra Spp","Eucinostomus spp",32,46.54
"201406220925-168","Pinfish","Lagodon rhomboides",5,36.22
"201406220925-168","Rainwater Killifish","Lucania parva",126,20.34
"201406220925-168","Silver Perch","Bairdiella chrysoura",7,17.48
"201406221003-146","Gulf Pipefish","Syngnathus scovelli",2,0.75
"201406221003-146","Mojarra Spp","Eucinostomus spp",7,0.88
"201406221003-146","Rainwater Killifish","Lucania parva",44,4.82
"201406221003-146","Sargassum Pipefish","Syngnathus pelagicus",1,0.2
"201406221003-146","Silver Perch","Bairdiella chrysoura",1,1.8
"201406221040-123","Bluelip Parrotfish","Cryptotomus roseus",1,0.47
"201406221040-123","Dwarf Seahorse","Hippocampus zosterae",1,0.06
"201406221040-123","Mojarra Spp","Eucinostomus spp",9,4.81
"201406221040-123","Pinfish","Lagodon rhomboides",2,7.13
"201406221211-022","Fringed Filefish","Monacanthus ciliatus",4,6.99
"201406221211-022","Gulf Pipefish","Syngnathus scovelli",1,0.11
"201406221211-022","Mojarra Spp","Eucinostomus spp",43,33.2
"201406221211-022","Pinfish","Lagodon rhomboides",5,22.43
"201406221412-070","Bay Anchovy","Anchoa mitchilli",4,1.2
"201406221412-070","Dusky Pipefish","Syngnathus floridae",2,0.98
"201406221412-070","Dwarf Seahorse","Hippocampus zosterae",4,0.3
"201406221412-070","Fringed Pipefish","Anarchopterus criniger",2,0.2
"201406221412-070","Grunt Spp","Haemulon spp",4,1.14
"201406221412-070","Gulf Pipefish","Syngnathus scovelli",2,0.19
"201406221412-070","Gulf Toadfish","Opsanus beta",1,0.43
"201406221412-070","Mojarra Spp","Eucinostomus spp",54,25.9
"201406221412-070","Pinfish","Lagodon rhomboides",98,209.21
"201406221412-070","Rainwater Killifish","Lucania parva",3,0.6
"201406221412-070","Sargassum Pipefish","Syngnathus pelagicus",7,2.87
"201406221412-070","Silver Perch","Bairdiella chrysoura",31,41.05
"201406221412-070","Western Atlantic Seabream","Archosargus rhomboidalis",1,0.17
"201406230943-618","Dwarf Seahorse","Hippocampus zosterae",5,0.41
"201406230943-618","Goldspotted Killifish","Floridichthys carpio",3,0.97
"201406230943-618","Gulf Pipefish","Syngnathus scovelli",1,0.05
"201406230943-618","Mojarra Spp","Eucinostomus spp",7,17.54
"201406230943-618","Redfin Needlefish","Strongylura notata",1,0.23
"201406231256-301","Gulf Toadfish","Opsanus beta",1,0.51
"201406231256-301","Mojarra Spp","Eucinostomus spp",1,4.15
"201407191356-301","Mojarra Spp","Eucinostomus spp",29,76.09
"201407191356-301","Rainwater Killifish","Lucania parva",1,0.16
"201407191658-270","Goldspotted Killifish","Floridichthys carpio",1,2.54
"201407191658-270","Mojarra Spp","Eucinostomus spp",10,9.96
"201407201041-314","Banded Blenny","Paraclinus fasciatus",2,1.21
"201407201041-314","Gulf Pipefish","Syngnathus scovelli",4,0.32
"201407201041-314","Rainwater Killifish","Lucania parva",1,0.19
"201407201041-314","Spotted Dragonet","Diplogrammus pauciradiatus",2,0.46
"201407201322-618","Mojarra Spp","Eucinostomus spp",22,57.82
"201407201501-266","Gulf Toadfish","Opsanus beta",1,1.04
"201407201501-266","Mojarra Spp","Eucinostomus spp",1,2.42
"201407201501-266","Rainwater Killifish","Lucania parva",16,2.55
"201407210914-070","Mojarra Spp","Eucinostomus spp",23,18.85
"201407210914-070","Spotted Seatrout","Cynoscion nebulosus",1,0.47
"201407210958-168","Gulf Pipefish","Syngnathus scovelli",8,1.33
"201407210958-168","Lane Snapper","Lutjanus synagris",1,0.61
"201407210958-168","Mojarra Spp","Eucinostomus spp",53,42.51
"201407210958-168","Pinfish","Lagodon rhomboides",2,15.62
"201407210958-168","Rainwater Killifish","Lucania parva",71,5.47
"201407210958-168","Silver Perch","Bairdiella chrysoura",5,12.51
"201407211101-146","Mojarra Spp","Eucinostomus spp",9,1.15
"201407211101-146","Pinfish","Lagodon rhomboides",1,4.64
"201407211101-146","Rainwater Killifish","Lucania parva",6,0.65
"201407211340-241","Gulf Pipefish","Syngnathus scovelli",1,0.11
"201407211340-241","Mojarra Spp","Eucinostomus spp",7,8.75
"201407211340-241","Rainwater Killifish","Lucania parva",15,1.74
"201407211340-241","Sargassum Pipefish","Syngnathus pelagicus",1,0.15
"201407221527-022","Fringed Filefish","Monacanthus ciliatus",6,6.84
"201407221527-022","Grunt Spp","Haemulon spp",4,2.19
"201407221527-022","Lane Snapper","Lutjanus synagris",2,7.92
"201407221527-022","Mojarra Spp","Eucinostomus spp",51,64.33
"201407221527-022","Parrotfish Spp","Scaridae spp",3,0.85
"201407221527-022","Pinfish","Lagodon rhomboides",16,63.33
"201407221527-022","Rainwater Killifish","Lucania parva",4,0.3
"201407221527-022","Sargassum Pipefish","Syngnathus pelagicus",2,0.64
"201407221527-022","Spanish Sardine","Sardinella aurita",4,5.88
"201407221641-123","Mojarra Spp","Eucinostomus spp",16,10.62
"201407221641-123","Pinfish","Lagodon rhomboides",2,12.35
"201407221641-123","Rainwater Killifish","Lucania parva",1,0.06
"201408161430-266","Mojarra Spp","Eucinostomus spp",3,5.12
"201408161430-266","Rainwater Killifish","Lucania parva",12,2.46
"201408161530-301","Atlantic Bay Scallop","Argopecten irradians",1,8.99
"201408161530-301","Mojarra Spp","Eucinostomus spp",57,185.04
"201408161530-301","Rainwater Killifish","Lucania parva",2,0.39
"201408161625-314","Mojarra Spp","Eucinostomus spp",54,110.72
"201408171206-022","Dwarf Seahorse","Hippocampus zosterae",2,0.11
"201408171206-022","Fringed Filefish","Monacanthus ciliatus",9,15.67
"201408171206-022","Great Barracuda","Sphyraena barracuda",1,0.32
"201408171206-022","Grunt Spp","Haemulon spp",18,15.48
"201408171206-022","Herring Spp","Clupeidae spp",1,0.5
"201408171206-022","Lane Snapper","Lutjanus synagris",11,25.25
"201408171206-022","Marbled Blenny","Paraclinus marmoratus",4,2.1
"201408171206-022","Mojarra Spp","Eucinostomus spp",415,185.35
"201408171206-022","Pinfish","Lagodon rhomboides",57,353.65
"201408171206-022","Rainwater Killifish","Lucania parva",19,2.48
"201408171206-022","Sargassum Pipefish","Syngnathus pelagicus",6,1.9
"201408171206-022","Silver Perch","Bairdiella chrysoura",29,100.28
"201408171438-123","Great Barracuda","Sphyraena barracuda",1,0.1
"201408171438-123","Mojarra Spp","Eucinostomus spp",127,148.89
"201408171438-123","Pinfish","Lagodon rhomboides",3,30.62
"201408171438-123","Rainwater Killifish","Lucania parva",8,1.24
"201408171438-123","Silver Perch","Bairdiella chrysoura",1,6.74
"201408171533-146","Mojarra Spp","Eucinostomus spp",11,4.01
"201408171533-146","Pinfish","Lagodon rhomboides",1,6.18
"201408171533-146","Rainwater Killifish","Lucania parva",63,9.57
"201408171556-168","Broadback Mudcrab","Eurytium limosum",1,1.1
"201408171556-168","Dwarf Seahorse","Hippocampus zosterae",3,0.2
"201408171556-168","Goldspotted Killifish","Floridichthys carpio",101,40.12
"201408171556-168","Gulf Pipefish","Syngnathus scovelli",13,3.54
"201408171556-168","Lane Snapper","Lutjanus synagris",1,1.32
"201408171556-168","Mojarra Spp","Eucinostomus spp",115,154.31
"201408171556-168","Rainwater Killifish","Lucania parva",891,107.99
"201408171720-070","Bluestriped Grunt","Haemulon sciurus",1,7.25
"201408171720-070","Broadback Mudcrab","Eurytium limosum",1,0.13
"201408171720-070","Clown Goby","Microgobius gulosus",1,0.48
"201408171720-070","Dwarf Seahorse","Hippocampus zosterae",2,0.13
"201408171720-070","Fringed Filefish","Monacanthus ciliatus",2,1.03
"201408171720-070","Grunt Spp","Haemulon spp",4,2.56
"201408171720-070","Herring Spp","Clupeidae spp",3,6.28
"201408171720-070","Lane Snapper","Lutjanus synagris",6,22.16
"201408171720-070","Mojarra Spp","Eucinostomus spp",148,172.69
"201408171720-070","Pinfish","Lagodon rhomboides",97,685.81
"201408171720-070","Pipefish Spp","Syngnathidae spp",1,0.45
"201408171720-070","Silver Perch","Bairdiella chrysoura",25,74.99
"201408181123-270","Atlantic Bay Scallop","Argopecten irradians",2,10.29
"201408181123-270","Dwarf Seahorse","Hippocampus zosterae",2,0.18
"201408181123-270","Gulf Pipefish","Syngnathus scovelli",1,0.66
"201408181123-270","Mojarra Spp","Eucinostomus spp",20,31.04
"201408181329-618","Clown Goby","Microgobius gulosus",1,0.04
"201408181329-618","Dwarf Seahorse","Hippocampus zosterae",6,0.41
"201408181329-618","Goldspotted Killifish","Floridichthys carpio",13,8.55
"201408181329-618","Mojarra Spp","Eucinostomus spp",101,311.44
"201408181329-618","Sargassum Pipefish","Syngnathus pelagicus",1,0.55
"201408181416-402","Goldspotted Killifish","Floridichthys carpio",3,1.89
"201408181416-402","Mojarra Spp","Eucinostomus spp",48,79.88
"201408191011-241","Atlantic Bay Scallop","Argopecten irradians",6,68.25
"201408191011-241","Mojarra Spp","Eucinostomus spp",2,6.19
"201408191011-241","Rainwater Killifish","Lucania parva",25,3.65
"201409201322-146","Bay Anchovy","Anchoa mitchilli",1,0.04
"201409201322-146","Mojarra Spp","Eucinostomus spp",2,0.52
"201409201322-146","Rainwater Killifish","Lucania parva",1,0.06
"201409201407-124","Dwarf Seahorse","Hippocampus zosterae",2,0.1
"201409201407-124","Mojarra Spp","Eucinostomus spp",22,20.07
"201409201407-124","Rainwater Killifish","Lucania parva",2,0.22
"201409201547-241","Mojarra Spp","Eucinostomus spp",6,3.27
"201409211002-070","Bluestriped Grunt","Haemulon sciurus",1,0.16
"201409211002-070","Fringed Filefish","Monacanthus ciliatus",3,0.85
"201409211002-070","Gray Snapper","Lutjanus griseus",1,1.01
"201409211002-070","Lane Snapper","Lutjanus synagris",2,19.64
"201409211002-070","Mojarra Spp","Eucinostomus spp",49,61.48
"201409211002-070","Pinfish","Lagodon rhomboides",12,99.2
"201409211002-070","Silver Perch","Bairdiella chrysoura",1,4.52
"201409211002-070","White Grunt","Haemulon plumierii",1,2.1
"201409211115-022","Bluestriped Grunt","Haemulon sciurus",1,1.59
"201409211115-022","Lane Snapper","Lutjanus synagris",1,5.32
"201409211115-022","Mojarra Spp","Eucinostomus spp",53,54.35
"201409211115-022","Pinfish","Lagodon rhomboides",11,83.12
"201409211115-022","Rainwater Killifish","Lucania parva",2,0.46
"201409211340-168","Bay Anchovy","Anchoa mitchilli",3,0.13
"201409211340-168","Fringed Filefish","Monacanthus ciliatus",1,0.12
"201409211340-168","Mojarra Spp","Eucinostomus spp",15,9.28
"201409211340-168","Rainwater Killifish","Lucania parva",1,0.06
"201409221033-270","Mojarra Spp","Eucinostomus spp",3,2.49
"201409221135-301","Mojarra Spp","Eucinostomus spp",2,14.15
"201409261325-402","Mojarra Spp","Eucinostomus spp",8,5.25
"201409261402-618","Goldspotted Killifish","Floridichthys carpio",1,0.4
"201409261402-618","Mojarra Spp","Eucinostomus spp",11,19.62
"201409261451-315","Dwarf Seahorse","Hippocampus zosterae",1,0.06
"201409261451-315","Goldspotted Killifish","Floridichthys carpio",1,0.16
"201409261451-315","Mojarra Spp","Eucinostomus spp",3,4.16
"201410111119-266","Mojarra Spp","Eucinostomus spp",5,17.63
"201410120928-070","Bay Anchovy","Anchoa mitchilli",3,0.52
"201410120928-070","Fringed Filefish","Monacanthus ciliatus",4,6.93
"201410120928-070","Gulf Pipefish","Syngnathus scovelli",1,0.04
"201410120928-070","Mojarra Spp","Eucinostomus spp",63,63.89
"201410120928-070","Pinfish","Lagodon rhomboides",22,179
"201410120928-070","Sargassum Pipefish","Syngnathus pelagicus",1,0.37
"201410120928-070","White Grunt","Haemulon plumierii",1,4.68
"201410121006-168","Fringed Filefish","Monacanthus ciliatus",1,1.12
"201410121006-168","Mojarra Spp","Eucinostomus spp",39,59.68
"201410121035-146","Mojarra Spp","Eucinostomus spp",26,15.41
"201410121035-146","Pinfish","Lagodon rhomboides",1,16.9
"201410121035-146","Rainwater Killifish","Lucania parva",5,1.25
"201410121132-123","Mojarra Spp","Eucinostomus spp",40,34.26
"201410121132-123","Rainwater Killifish","Lucania parva",1,0.4
"201410121236-022","Fringed Filefish","Monacanthus ciliatus",5,6.34
"201410121236-022","Mojarra Spp","Eucinostomus spp",10,33.07
"201410121236-022","Pinfish","Lagodon rhomboides",1,14.18
"201410121236-022","Sargassum Pipefish","Syngnathus pelagicus",2,0.41
"201410121236-022","White Grunt","Haemulon plumierii",4,2.39
"201410121507-301","Gulf Pipefish","Syngnathus scovelli",3,0.26
"201410121507-301","Mojarra Spp","Eucinostomus spp",13,23.6
"201410121507-301","Rainwater Killifish","Lucania parva",5,1.56
"201410131008-312","Spotted Seatrout","Cynoscion nebulosus",1,2.85
"201410131131-618","Dwarf Seahorse","Hippocampus zosterae",2,0.29
"201410131131-618","Mojarra Spp","Eucinostomus spp",6,10.34
"201410131231-402","Dwarf Seahorse","Hippocampus zosterae",2,0.22
"201410131348-314","Mojarra Spp","Eucinostomus spp",1,1.92
"201410141011-270","Mojarra Spp","Eucinostomus spp",6,9.74
"201505231320-301","Mojarra Spp","Eucinostomus spp",7,18.62
"201505231440-270","Mojarra Spp","Eucinostomus spp",1,3.31
"201505241053-168","Code Goby","Gobiosoma robustum",1,0.07
"201505241053-168","Goldspotted Killifish","Floridichthys carpio",1,0.9
"201505241053-168","Mojarra Spp","Eucinostomus spp",32,29.33
"201505241053-168","Pinfish","Lagodon rhomboides",8,22.27
"201505241053-168","Rainwater Killifish","Lucania parva",27,4.61
"201505241118-146","Mojarra Spp","Eucinostomus spp",2,0.33
"201505241118-146","Pinfish","Lagodon rhomboides",1,5.06
"201505241118-146","Planehead Filefish","Stephanolepis hispidus",2,1.55
"201505241118-146","Rainwater Killifish","Lucania parva",1,0.25
"201505241118-146","Spotted Seatrout","Cynoscion nebulosus",1,0.32
"201505241143-123","Dwarf Seahorse","Hippocampus zosterae",1,0.06
"201505241143-123","Mojarra Spp","Eucinostomus spp",41,7.04
"201505241143-123","Pinfish","Lagodon rhomboides",1,2.71
"201505241143-123","Rainwater Killifish","Lucania parva",13,1.3
"201505241143-123","Spotted Seatrout","Cynoscion nebulosus",1,0.64
"201505241348-022","Fringed Pipefish","Anarchopterus criniger",1,0.05
"201505241348-022","Grass Porgy","Calamus arctifrons",1,2.1
"201505241348-022","Mojarra Spp","Eucinostomus spp",3,4.05
"201505241510-067","Spotted Seatrout","Cynoscion nebulosus",1,0.72
"201505241525-070","Bay Anchovy","Anchoa mitchilli",5,0.41
"201505241525-070","Code Goby","Gobiosoma robustum",1,0.43
"201505241525-070","Florida Grassflat Crab","Neopanope packardii",4,0.42
"201505241525-070","Fringed Filefish","Monacanthus ciliatus",1,0.37
"201505241525-070","Gulf Pipefish","Syngnathus scovelli",1,0.03
"201505241525-070","Gulf Toadfish","Opsanus beta",1,3.62
"201505241525-070","Mojarra Spp","Eucinostomus spp",22,4.3
"201505241525-070","Pinfish","Lagodon rhomboides",10,24.39
"201505241525-070","Silver Perch","Bairdiella chrysoura",23,23.49
"201505251009-314","Florida Grassflat Crab","Neopanope packardii",2,4.08
"201505251110-618","Dwarf Seahorse","Hippocampus zosterae",3,0.32
"201505251110-618","Sargassum Pipefish","Syngnathus pelagicus",1,0.26
"201505251148-402","Dwarf Seahorse","Hippocampus zosterae",1,0.06
"201505251148-402","Mojarra Spp","Eucinostomus spp",1,0.17
"201505251420-266","Mojarra Spp","Eucinostomus spp",3,2.18
"201505251420-266","Rainwater Killifish","Lucania parva",1,0.17
"201505261106-241","Mojarra Spp","Eucinostomus spp",2,1.94
"201505261106-241","Rainwater Killifish","Lucania parva",6,1.58
"201506200942-070","Fringed Filefish","Monacanthus ciliatus",4,10.31
"201506200942-070","Fringed Pipefish","Anarchopterus criniger",2,0.34
"201506200942-070","Gulf Pipefish","Syngnathus scovelli",1,0.48
"201506200942-070","Lane Snapper","Lutjanus synagris",1,1.67
"201506200942-070","Mojarra Spp","Eucinostomus spp",74,28.36
"201506200942-070","Pinfish","Lagodon rhomboides",27,169.51
"201506200942-070","Sargassum Pipefish","Syngnathus pelagicus",4,3.4
"201506200942-070","Silver Perch","Bairdiella chrysoura",29,73.91
"201506200942-070","White Grunt","Haemulon plumierii",1,0.81
"201506201035-168","Gulf Pipefish","Syngnathus scovelli",3,0.56
"201506201035-168","Mojarra Spp","Eucinostomus spp",2,0.25
"201506201035-168","Pinfish","Lagodon rhomboides",1,6.22
"201506201035-168","Rainwater Killifish","Lucania parva",12,5.04
"201506201035-168","Sargassum Pipefish","Syngnathus pelagicus",1,0.08
"201506201035-168","Silver Perch","Bairdiella chrysoura",5,5.95
"201506201118-146","Fringed Pipefish","Anarchopterus criniger",1,0.06
"201506201118-146","Goldspotted Killifish","Floridichthys carpio",1,0.49
"201506201118-146","Mojarra Spp","Eucinostomus spp",1,0.5
"201506201118-146","Rainwater Killifish","Lucania parva",3,0.4
"201506201200-123","Fringed Filefish","Monacanthus ciliatus",1,3.06
"201506201200-123","Gulf Pipefish","Syngnathus scovelli",3,0.45
"201506201200-123","Mojarra Spp","Eucinostomus spp",7,2.17
"201506201200-123","Pinfish","Lagodon rhomboides",5,23.9
"201506201220-122","Spotted Seatrout","Cynoscion nebulosus",1,1.11
"201506201320-022","Banded Blenny","Paraclinus fasciatus",1,0.69
"201506201320-022","Fringed Filefish","Monacanthus ciliatus",6,11.43
"201506201320-022","Great Barracuda","Sphyraena barracuda",3,1.2
"201506201320-022","Lane Snapper","Lutjanus synagris",1,0.81
"201506201320-022","Marbled Blenny","Paraclinus marmoratus",1,0.27
"201506201320-022","Mojarra Spp","Eucinostomus spp",113,39.1
"201506201320-022","Pinfish","Lagodon rhomboides",11,26.06
"201506201320-022","Rainwater Killifish","Lucania parva",6,0.83
"201506201320-022","Sailor's Grunt","Haemulon parra",5,3.42
"201506201320-022","Sargassum Pipefish","Syngnathus pelagicus",1,0.27
"201506201320-022","Silver Perch","Bairdiella chrysoura",19,32.82
"201506201320-022","Spotted Seatrout","Cynoscion nebulosus",5,7.07
"201506211035-314","Goby Spp","Gobiidae spp",1,0.31
"201506211108-618","Mojarra Spp","Eucinostomus spp",15,25.2
"201506211209-402","Dwarf Seahorse","Hippocampus zosterae",2,0.06
"201506211209-402","Goldspotted Killifish","Floridichthys carpio",2,0.46
"201506211209-402","Mojarra Spp","Eucinostomus spp",11,10.6
"201506221005-301","Mojarra Spp","Eucinostomus spp",7,7.79
"201506221005-301","Rainwater Killifish","Lucania parva",1,0.53
"201506221117-270","Dwarf Seahorse","Hippocampus zosterae",1,0.19
"201506221117-270","Mojarra Spp","Eucinostomus spp",3,1.45
"201506221310-266","Pinfish","Lagodon rhomboides",1,4.71
"201506221310-266","Rainwater Killifish","Lucania parva",5,0.96
"201506231112-241","Gulf Pipefish","Syngnathus scovelli",1,0.34
"201506231112-241","Mojarra Spp","Eucinostomus spp",8,2.94
"201506231112-241","Rainwater Killifish","Lucania parva",7,0.52
"201507181005-070","Fringed Filefish","Monacanthus ciliatus",2,3.4
"201507181005-070","Lane Snapper","Lutjanus synagris",2,1.98
"201507181005-070","Mojarra Spp","Eucinostomus spp",139,70.25
"201507181005-070","Pinfish","Lagodon rhomboides",2,16.08
"201507181005-070","Silver Perch","Bairdiella chrysoura",3,2.15
"201507181146-168","Dwarf Seahorse","Hippocampus zosterae",3,0.08
"201507181146-168","Fringed Pipefish","Anarchopterus criniger",1,0.05
"201507181146-168","Goldspotted Killifish","Floridichthys carpio",2,0.52
"201507181146-168","Gulf Pipefish","Syngnathus scovelli",6,1.36
"201507181146-168","Mojarra Spp","Eucinostomus spp",68,37.86
"201507181146-168","Pinfish","Lagodon rhomboides",7,76.72
"201507181146-168","Rainwater Killifish","Lucania parva",217,24.01
"201507181146-168","Sargassum Pipefish","Syngnathus pelagicus",1,0.54
"201507181146-168","Silver Perch","Bairdiella chrysoura",22,72.75
"201507181146-168","Spotted Seatrout","Cynoscion nebulosus",2,0.87
"201507181300-146","Gulf Pipefish","Syngnathus scovelli",2,0.5
"201507181300-146","Gulf Toadfish","Opsanus beta",7,36.37
"201507181300-146","Mojarra Spp","Eucinostomus spp",5,1.38
"201507181300-146","Pinfish","Lagodon rhomboides",2,26.3
"201507181300-146","Rainwater Killifish","Lucania parva",62,9.52
"201507181300-146","Silver Perch","Bairdiella chrysoura",1,5.65
"201507181325-134","Spotted Seatrout","Cynoscion nebulosus",1,1.6
"201507181400-123","Fringed Pipefish","Anarchopterus criniger",1,0.14
"201507181400-123","Great Barracuda","Sphyraena barracuda",1,0.41
"201507181400-123","Mojarra Spp","Eucinostomus spp",9,7.85
"201507181400-123","Pinfish","Lagodon rhomboides",4,29.71
"201507181400-123","Rainwater Killifish","Lucania parva",9,1.45
"201507181400-123","Silver Perch","Bairdiella chrysoura",3,7.5
"201507181445-024","Spotted Seatrout","Cynoscion nebulosus",1,2.3
"201507181500-022","Fringed Filefish","Monacanthus ciliatus",1,2.02
"201507181500-022","Mojarra Spp","Eucinostomus spp",16,4.78
"201507181500-022","Rainwater Killifish","Lucania parva",2,0.35
"201507181500-022","Sheepshead Minnow","Cyprinodon variegatus",1,0.69
"201507181500-022","Silver Perch","Bairdiella chrysoura",2,5.47
"201507191036-314","Mojarra Spp","Eucinostomus spp",9,18.41
"201507191135-618","Dwarf Seahorse","Hippocampus zosterae",1,0.03
"201507191135-618","Goldspotted Killifish","Floridichthys carpio",31,16.95
"201507191135-618","Mojarra Spp","Eucinostomus spp",178,322.38
"201507191245-402","Goby Spp","Gobiidae spp",1,0.22
"201507191245-402","Goldspotted Killifish","Floridichthys carpio",1,0.52
"201507191245-402","Mojarra Spp","Eucinostomus spp",17,41.3
"201507191245-402","Sargassum Pipefish","Syngnathus pelagicus",1,0.49
"201507201012-301","Mojarra Spp","Eucinostomus spp",44,96.03
"201507201012-301","Pinfish","Lagodon rhomboides",5,73.14
"201507201130-270","Mojarra Spp","Eucinostomus spp",5,8.59
"201507201130-270","Rainwater Killifish","Lucania parva",1,0.47
"201507201323-266","Code Goby","Gobiosoma robustum",1,0.28
"201507201323-266","Gulf Pipefish","Syngnathus scovelli",1,0.57
"201507201323-266","Gulf Toadfish","Opsanus beta",82,423.81
"201507201323-266","Rainwater Killifish","Lucania parva",218,51.41
"201507201323-266","Sheepshead Minnow","Cyprinodon variegatus",1,0.91
"201507211042-241","Code Goby","Gobiosoma robustum",9,2.5
"201507211042-241","Gulf Toadfish","Opsanus beta",30,13.47
"201507211042-241","Mojarra Spp","Eucinostomus spp",7,4.67
"201507211042-241","Rainwater Killifish","Lucania parva",129,13.94
"201508151417-070","Code Goby","Gobiosoma robustum",1,0.12
"201508151417-070","Dwarf Seahorse","Hippocampus zosterae",4,0.29
"201508151417-070","Florida Blenny","Chasmodes saburrae",1,0.3
"201508151417-070","Gray Snapper","Lutjanus griseus",1,1.35
"201508151417-070","Gulf Pipefish","Syngnathus scovelli",6,1.04
"201508151417-070","Lane Snapper","Lutjanus synagris",1,3.28
"201508151417-070","Mojarra Spp","Eucinostomus spp",155,95.48
"201508151417-070","Pinfish","Lagodon rhomboides",16,103.19
"201508151417-070","Rainwater Killifish","Lucania parva",54,8.11
"201508151417-070","Sailfin Molly","Poecilia latipinna",2,0.19
"201508151417-070","Sargassum Pipefish","Syngnathus pelagicus",5,2.2
"201508151417-070","Silver Perch","Bairdiella chrysoura",7,42.64
"201508151417-070","Striped Burrfish","Chilomycterus schoepfi",1,1.06
"201508151622-022","Bluestriped Grunt","Haemulon sciurus",1,0.94
"201508151622-022","Dwarf Seahorse","Hippocampus zosterae",7,1.24
"201508151622-022","Fringed Filefish","Monacanthus ciliatus",7,14.67
"201508151622-022","Grunt Spp","Haemulon spp",3,0.64
"201508151622-022","Gulf Pipefish","Syngnathus scovelli",8,3.14
"201508151622-022","Lane Snapper","Lutjanus synagris",1,1.75
"201508151622-022","Mojarra Spp","Eucinostomus spp",176,68.98
"201508151622-022","Pinfish","Lagodon rhomboides",24,92.28
"201508151622-022","Rainwater Killifish","Lucania parva",35,6.29
"201508151622-022","Sargassum Pipefish","Syngnathus pelagicus",9,3.91
"201508151622-022","Scrawled Cowfish","Acanthostracion quadricornis",1,23.93
"201508151622-022","Silver Perch","Bairdiella chrysoura",11,106.39
"201508151622-022","Spotted Seatrout","Cynoscion nebulosus",1,0.19
"201508151622-022","Striped Burrfish","Chilomycterus schoepfi",1,0.63
"201508151622-022","White Grunt","Haemulon plumierii",1,17.43
"201508151645-023","Spotted Seatrout","Cynoscion nebulosus",1,1.84
"201508151725-123","Gulf Pipefish","Syngnathus scovelli",5,1.5
"201508151725-123","Marbled Blenny","Paraclinus marmoratus",1,2.73
"201508151725-123","Mojarra Spp","Eucinostomus spp",34,13.83
"201508151725-123","Pinfish","Lagodon rhomboides",2,14.89
"201508151725-123","Rainwater Killifish","Lucania parva",15,1.71
"201508151725-123","Sargassum Pipefish","Syngnathus pelagicus",3,1.04
"201508151725-123","Silver Perch","Bairdiella chrysoura",1,9.72
"201508151755-146","Dwarf Seahorse","Hippocampus zosterae",1,0.09
"201508151755-146","Great Barracuda","Sphyraena barracuda",1,1.3
"201508151755-146","Gulf Pipefish","Syngnathus scovelli",9,2.29
"201508151755-146","Mojarra Spp","Eucinostomus spp",53,6.05
"201508151755-146","Pinfish","Lagodon rhomboides",2,24.79
"201508151755-146","Rainwater Killifish","Lucania parva",17,2.69
"201508151755-146","Silver Perch","Bairdiella chrysoura",1,7.43
"201508161011-314","Gulf Pipefish","Syngnathus scovelli",1,0.73
"201508161011-314","Mojarra Spp","Eucinostomus spp",11,35.51
"201508161110-618","Gulf Pipefish","Syngnathus scovelli",8,1.34
"201508161110-618","Mojarra Spp","Eucinostomus spp",45,133.95
"201508161110-618","Sargassum Pipefish","Syngnathus pelagicus",1,0.53
"201508161214-402","Goldspotted Killifish","Floridichthys carpio",5,1.59
"201508161214-402","Gulf Toadfish","Opsanus beta",1,0.95
"201508161214-402","Mojarra Spp","Eucinostomus spp",8,24.44
"201508171011-301","Mojarra Spp","Eucinostomus spp",24,36.49
"201508171128-270","Mojarra Spp","Eucinostomus spp",7,15.4
"201508171309-241","Mojarra Spp","Eucinostomus spp",9,3.38
"201508171309-241","Rainwater Killifish","Lucania parva",66,10.96
"201508180940-168","Mojarra Spp","Eucinostomus spp",81,28.61
"201508180940-168","Pinfish","Lagodon rhomboides",5,50.49
"201508180940-168","Rainwater Killifish","Lucania parva",184,30.66
"201508180940-168","Silver Perch","Bairdiella chrysoura",17,100.28
"201508181130-266","Mojarra Spp","Eucinostomus spp",1,5.2
"201508181130-266","Rainwater Killifish","Lucania parva",11,2.1
"201509041059-070","Bluestriped Grunt","Haemulon sciurus",1,0.31
"201509041059-070","Dusky Pipefish","Syngnathus floridae",3,1.79
"201509041059-070","Fringed Filefish","Monacanthus ciliatus",6,22.63
"201509041059-070","Lane Snapper","Lutjanus synagris",6,21.9
"201509041059-070","Lined Seahorse","Hippocampus erectus",1,0.61
"201509041059-070","Majid Crab","Pitho quadridentata",1,3.57
"201509041059-070","Mojarra Spp","Eucinostomus spp",238,304.38
"201509041059-070","Pinfish","Lagodon rhomboides",17,174.2
"201509041059-070","Rainwater Killifish","Lucania parva",1,0.05
"201509041059-070","Scrawled Cowfish","Acanthostracion quadricornis",1,16.8
"201509041059-070","Silver Perch","Bairdiella chrysoura",24,221.19
"201509041125-065","Spotted Seatrout","Cynoscion nebulosus",1,0.04
"201509041212-168","Bay Anchovy","Anchoa mitchilli",2,0.08
"201509041212-168","Dusky Pipefish","Syngnathus floridae",1,0.62
"201509041212-168","Dwarf Seahorse","Hippocampus zosterae",1,0.02
"201509041212-168","Fringed Filefish","Monacanthus ciliatus",3,3.14
"201509041212-168","Gulf Pipefish","Syngnathus scovelli",4,0.92
"201509041212-168","Lane Snapper","Lutjanus synagris",2,4.77
"201509041212-168","Mojarra Spp","Eucinostomus spp",325,237.4
"201509041212-168","Pinfish","Lagodon rhomboides",2,29.97
"201509041212-168","Rainwater Killifish","Lucania parva",246,36.23
"201509041212-168","Silver Perch","Bairdiella chrysoura",1,3.89
"201509041302-146","Fringed Filefish","Monacanthus ciliatus",1,0.77
"201509041302-146","Mojarra Spp","Eucinostomus spp",19,12.22
"201509041302-146","Rainwater Killifish","Lucania parva",1,0.18
"201509041405-123","Dusky Pipefish","Syngnathus floridae",2,0.78
"201509041405-123","Dwarf Seahorse","Hippocampus zosterae",2,0.11
"201509041405-123","Fringed Filefish","Monacanthus ciliatus",8,18.71
"201509041405-123","Gulf Pipefish","Syngnathus scovelli",4,1.39
"201509041405-123","Lane Snapper","Lutjanus synagris",1,4.05
"201509041405-123","Mojarra Spp","Eucinostomus spp",211,64.95
"201509041405-123","Pinfish","Lagodon rhomboides",1,17.12
"201509041405-123","Rainwater Killifish","Lucania parva",39,5.49
"201509041605-022","Bluestriped Grunt","Haemulon sciurus",2,0.77
"201509041605-022","Dusky Pipefish","Syngnathus floridae",4,1.93
"201509041605-022","Dwarf Seahorse","Hippocampus zosterae",2,0.08
"201509041605-022","Fringed Filefish","Monacanthus ciliatus",11,23.43
"201509041605-022","Gulf Pipefish","Syngnathus scovelli",1,0.12
"201509041605-022","Lane Snapper","Lutjanus synagris",1,0.83
"201509041605-022","Long Snout Seahorse","Hippocampus reidi",1,0.06
"201509041605-022","Mojarra Spp","Eucinostomus spp",247,208.36
"201509041605-022","Pinfish","Lagodon rhomboides",15,119.05
"201509041605-022","Rainwater Killifish","Lucania parva",56,11.46
"201509041605-022","Silver Perch","Bairdiella chrysoura",14,116.23
"201509051122-301","Clown Goby","Microgobius gulosus",1,0.08
"201509051122-301","Mojarra Spp","Eucinostomus spp",43,69.04
"201509051122-301","Rainwater Killifish","Lucania parva",2,0.36
"201509051241-270","Goldspotted Killifish","Floridichthys carpio",1,0.63
"201509051241-270","Gulf Toadfish","Opsanus beta",1,3.36
"201509051241-270","Mojarra Spp","Eucinostomus spp",27,29.4
"201509051241-270","Rainwater Killifish","Lucania parva",14,1.65
"201509051302-256","Spotted Seatrout","Cynoscion nebulosus",1,0.43
"201509051421-266","Mojarra Spp","Eucinostomus spp",8,9.08
"201509051421-266","Rainwater Killifish","Lucania parva",10,2.14
"201509051421-266","Sailfin Molly","Poecilia latipinna",3,1.13
"201509061024-314","Gulf Stone Crab","Menippe adina",1,0.79
"201509061024-314","Mojarra Spp","Eucinostomus spp",55,110.05
"201509061121-618","Mojarra Spp","Eucinostomus spp",41,157.62
"201509061202-402","Mojarra Spp","Eucinostomus spp",32,98.77
"201509061440-241","Goldspotted Killifish","Floridichthys carpio",1,0.23
"201509061440-241","Mojarra Spp","Eucinostomus spp",3,1.09
"201510101200-301","Mojarra Spp","Eucinostomus spp",36,47.15
"201510101330-270","Goldspotted Killifish","Floridichthys carpio",2,1.99
"201510101330-270","Gulf Toadfish","Opsanus beta",1,6.22
"201510101330-270","Mojarra Spp","Eucinostomus spp",30,39.78
"201510101330-270","Rainwater Killifish","Lucania parva",21,2.7
"201510101415-268","Spotted Seatrout","Cynoscion nebulosus",1,4.64
"201510110939-070","Fringed Filefish","Monacanthus ciliatus",2,8.16
"201510110939-070","Grunt Spp","Haemulon spp",1,0.12
"201510110939-070","Mojarra Spp","Eucinostomus spp",54,111.08
"201510110939-070","Pinfish","Lagodon rhomboides",14,160.81
"201510110939-070","Spotted Seatrout","Cynoscion nebulosus",1,0.37
"201510110939-070","White Grunt","Haemulon plumierii",1,3.02
"201510111111-021","Dusky Pipefish","Syngnathus floridae",2,0.47
"201510111111-021","Fringed Filefish","Monacanthus ciliatus",1,6.96
"201510111111-021","Grunt Spp","Haemulon spp",4,0.59
"201510111111-021","Gulf Pipefish","Syngnathus scovelli",1,0.59
"201510111111-021","Lane Snapper","Lutjanus synagris",3,9.91
"201510111111-021","Mojarra Spp","Eucinostomus spp",134,117.38
"201510111111-021","Pinfish","Lagodon rhomboides",9,62.94
"201510111111-021","Rainwater Killifish","Lucania parva",14,2.58
"201510111111-021","White Grunt","Haemulon plumierii",4,4.29
"201510111242-123","Fringed Filefish","Monacanthus ciliatus",3,11.39
"201510111242-123","Mojarra Spp","Eucinostomus spp",31,34.22
"201510111323-146","Dusky Pipefish","Syngnathus floridae",2,0.46
"201510111323-146","Mojarra Spp","Eucinostomus spp",2,18
"201510111417-168","Gulf Pipefish","Syngnathus scovelli",3,0.7
"201510111417-168","Lane Snapper","Lutjanus synagris",1,4.02
"201510111417-168","Mojarra Spp","Eucinostomus spp",78,81.35
"201510111417-168","Pinfish","Lagodon rhomboides",1,9.78
"201510111417-168","Rainwater Killifish","Lucania parva",65,11.43
"201510121159-618","Goldspotted Killifish","Floridichthys carpio",1,0.06
"201510121159-618","Mojarra Spp","Eucinostomus spp",25,79.68
"201510121159-618","Needlefish Spp","Belonidae spp",1,0.24
"201510121310-402","Bay Anchovy","Anchoa mitchilli",12,4.63
"201510121310-402","Goldspotted Killifish","Floridichthys carpio",1,0.44
"201510121310-402","Gulf Pipefish","Syngnathus scovelli",2,1.11
"201510121310-402","Mojarra Spp","Eucinostomus spp",98,197.87
"201510121310-402","Redfin Needlefish","Strongylura notata",1,0.05
"201510121554-241","Mojarra Spp","Eucinostomus spp",1,0.98
"201510121554-241","Rainwater Killifish","Lucania parva",1,0.24
"201510130900-266","Goldspotted Killifish","Floridichthys carpio",1,0.14
"201510130900-266","Rainwater Killifish","Lucania parva",7,1.18
"201605281129-301","Gulf Toadfish","Opsanus beta",6,4.3
"201605281129-301","Mojarra Spp","Eucinostomus spp",6,24.54
"201605281129-301","Rainwater Killifish","Lucania parva",2,0.47
"201605281314-270","Dusky Pipefish","Syngnathus floridae",1,0.94
"201605281314-270","Mojarra Spp","Eucinostomus spp",31,52.47
"201605281314-270","Rainwater Killifish","Lucania parva",4,2.72
"201605281411-266","Florida Blenny","Chasmodes saburrae",1,4.26
"201605281411-266","Florida Grassflat Crab","Neopanope packardii",1,0.65
"201605281411-266","Gulf Toadfish","Opsanus beta",6,6.85
"201605281411-266","Rainwater Killifish","Lucania parva",1,0.44
"201605291012-314","Flying Gurnard","Dactylopterus volitans",1,0.31
"201605291111-618","Goby Spp","Gobiidae spp",1,0.06
"201605291111-618","Gulf Pipefish","Syngnathus scovelli",1,0.12
"201605291111-618","Gulf Toadfish","Opsanus beta",1,9.64
"201605291111-618","Mojarra Spp","Eucinostomus spp",2,0.73
"201605291111-618","Rainwater Killifish","Lucania parva",1,0.02
"201605291215-402","Dwarf Seahorse","Hippocampus zosterae",2,0.16
"201605291215-402","Halfbeak Spp","Beloniformes spp",1,0.02
"201605301005-070","Code Goby","Gobiosoma robustum",4,0.82
"201605301005-070","Dwarf Seahorse","Hippocampus zosterae",2,0.07
"201605301005-070","Florida Blenny","Chasmodes saburrae",3,1
"201605301005-070","Florida Grassflat Crab","Neopanope packardii",2,1.3
"201605301005-070","Fringed Filefish","Monacanthus ciliatus",1,0.34
"201605301005-070","Grunt Spp","Haemulon spp",1,0.2
"201605301005-070","Gulf Pipefish","Syngnathus scovelli",4,1.09
"201605301005-070","Mojarra Spp","Eucinostomus spp",89,8.83
"201605301005-070","Pigfish","Orthopristis chrysoptera",10,45.75
"201605301005-070","Pinfish","Lagodon rhomboides",92,305.31
"201605301005-070","Rainwater Killifish","Lucania parva",2,0.39
"201605301005-070","Sheepshead","Archosargus probatocephalus",7,3.68
"201605301005-070","Silver Perch","Bairdiella chrysoura",24,21.62
"201605301005-070","Spotted Seatrout","Cynoscion nebulosus",2,1.51
"201605301005-070","White Grunt","Haemulon plumierii",2,27.48
"201605301146-022","Dwarf Seahorse","Hippocampus zosterae",3,0.19
"201605301146-022","Fringed Filefish","Monacanthus ciliatus",1,0.23
"201605301146-022","Grunt Spp","Haemulon spp",1,0.1
"201605301146-022","Gulf Pipefish","Syngnathus scovelli",4,1.22
"201605301146-022","Gulf Toadfish","Opsanus beta",1,5.98
"201605301146-022","Mojarra Spp","Eucinostomus spp",92,27.33
"201605301146-022","Pinfish","Lagodon rhomboides",4,4.99
"201605301146-022","Rainwater Killifish","Lucania parva",3,1.21
"201605301146-022","Sheepshead","Archosargus probatocephalus",1,0.1
"201605301146-022","Silver Perch","Bairdiella chrysoura",17,11.01
"201605301146-022","Spotted Seatrout","Cynoscion nebulosus",2,0.72
"201605301204-023","Spotted Seatrout","Cynoscion nebulosus",1,0.24
"201605301222-024","Spotted Seatrout","Cynoscion nebulosus",1,0.25
"201605301334-111","Spotted Seatrout","Cynoscion nebulosus",1,0.42
"201605301402-123","Bluestriped Grunt","Haemulon sciurus",2,11.48
"201605301402-123","Dusky Pipefish","Syngnathus floridae",1,0.24
"201605301402-123","Mojarra Spp","Eucinostomus spp",82,14.3
"201605301402-123","Pinfish","Lagodon rhomboides",3,4.05
"201605301402-123","Rainwater Killifish","Lucania parva",4,0.31
"201605301402-123","Silver Perch","Bairdiella chrysoura",1,0.69
"201605301402-123","Spotted Seatrout","Cynoscion nebulosus",2,0.3
"201605301446-146","Florida Grassflat Crab","Neopanope packardii",1,0.84
"201605301446-146","Gulf Pipefish","Syngnathus scovelli",1,0.08
"201605301522-168","Dusky Pipefish","Syngnathus floridae",1,0.21
"201605301522-168","Dwarf Seahorse","Hippocampus zosterae",1,0.1
"201605301522-168","Fringed Filefish","Monacanthus ciliatus",2,1.09
"201605301522-168","Fringed Pipefish","Anarchopterus criniger",1,0.27
"201605301522-168","Gulf Pipefish","Syngnathus scovelli",11,2.95
"201605301522-168","Mojarra Spp","Eucinostomus spp",133,29.22
"201605301522-168","Pinfish","Lagodon rhomboides",3,10.01
"201605301522-168","Rainwater Killifish","Lucania parva",43,6.19
"201605301522-168","Silver Perch","Bairdiella chrysoura",5,9.74
"201605301522-168","Spotted Seatrout","Cynoscion nebulosus",2,0.74
"201605311001-241","Code Goby","Gobiosoma robustum",1,0.12
"201605311001-241","Gulf Pipefish","Syngnathus scovelli",2,0.57
"201605311001-241","Gulf Toadfish","Opsanus beta",1,0.54
"201605311001-241","Mojarra Spp","Eucinostomus spp",20,8.63
"201605311001-241","Rainwater Killifish","Lucania parva",21,3.81
"201605311001-241","Silver Perch","Bairdiella chrysoura",1,0.35
"201606251008-266","Gulf Toadfish","Opsanus beta",1,1.69
"201606251104-280","Spotted Seatrout","Cynoscion nebulosus",1,0.08
"201606251428-241","Gulf Pipefish","Syngnathus scovelli",1,0.04
"201606251428-241","Mojarra Spp","Eucinostomus spp",55,46.38
"201606251428-241","Rainwater Killifish","Lucania parva",39,8.8
"201606251428-241","Spotted Seatrout","Cynoscion nebulosus",2,0.32
"201606260908-070","Code Goby","Gobiosoma robustum",4,0.66
"201606260908-070","Dusky Pipefish","Syngnathus floridae",2,0.64
"201606260908-070","Dwarf Seahorse","Hippocampus zosterae",4,0.2
"201606260908-070","Florida Blenny","Chasmodes saburrae",6,3.39
"201606260908-070","Fringed Pipefish","Anarchopterus criniger",7,0.44
"201606260908-070","Goldspotted Killifish","Floridichthys carpio",1,0.07
"201606260908-070","Gulf Pipefish","Syngnathus scovelli",8,1.25
"201606260908-070","Gulf Toadfish","Opsanus beta",1,0.34
"201606260908-070","Mojarra Spp","Eucinostomus spp",126,52.87
"201606260908-070","Pinfish","Lagodon rhomboides",49,244.2
"201606260908-070","Rainwater Killifish","Lucania parva",30,4.81
"201606260908-070","Sheepshead","Archosargus probatocephalus",3,6.53
"201606260908-070","Silver Perch","Bairdiella chrysoura",29,39.12
"201606260908-070","Spotted Seatrout","Cynoscion nebulosus",6,1.39
"201606261046-054","Spotted Seatrout","Cynoscion nebulosus",2,0.34
"201606261126-022","Fringed Filefish","Monacanthus ciliatus",6,7.02
"201606261126-022","Mojarra Spp","Eucinostomus spp",57,17.87
"201606261126-022","Parrotfish Spp","Scaridae spp",1,0.3
"201606261126-022","Pinfish","Lagodon rhomboides",6,38.56
"201606261126-022","Rainwater Killifish","Lucania parva",1,0.15
"201606261126-022","Silver Perch","Bairdiella chrysoura",5,3.34
"201606261126-022","Spotted Seatrout","Cynoscion nebulosus",4,0.54
"201606261304-111","Spotted Seatrout","Cynoscion nebulosus",1,2.12
"201606261338-123","Fringed Filefish","Monacanthus ciliatus",1,3.67
"201606261338-123","Gulf Pipefish","Syngnathus scovelli",4,0.61
"201606261338-123","Mojarra Spp","Eucinostomus spp",48,13.19
"201606261338-123","Pinfish","Lagodon rhomboides",3,12.67
"201606261338-123","Rainwater Killifish","Lucania parva",9,0.83
"201606261338-123","Silver Perch","Bairdiella chrysoura",4,8.09
"201606261338-123","Spotted Seatrout","Cynoscion nebulosus",1,0.05
"201606261358-147","Spotted Seatrout","Cynoscion nebulosus",2,5.88
"201606261421-146","Dwarf Seahorse","Hippocampus zosterae",1,0.06
"201606261421-146","Florida Blenny","Chasmodes saburrae",2,0.23
"201606261421-146","Goldspotted Killifish","Floridichthys carpio",1,0.64
"201606261421-146","Gulf Pipefish","Syngnathus scovelli",5,1.09
"201606261421-146","Mojarra Spp","Eucinostomus spp",67,52.31
"201606261421-146","Pinfish","Lagodon rhomboides",11,85.29
"201606261421-146","Rainwater Killifish","Lucania parva",92,11.69
"201606261421-146","Silver Perch","Bairdiella chrysoura",4,2.19
"201606261421-146","Spotted Seatrout","Cynoscion nebulosus",1,1.74
"201606261505-168","Fringed Filefish","Monacanthus ciliatus",2,5.3
"201606261505-168","Gulf Pipefish","Syngnathus scovelli",10,1.61
"201606261505-168","Mojarra Spp","Eucinostomus spp",52,14.67
"201606261505-168","Rainwater Killifish","Lucania parva",63,8.91
"201606261505-168","Silver Perch","Bairdiella chrysoura",8,23.75
"201606261505-168","Spotted Seatrout","Cynoscion nebulosus",3,3.34
"201606270848-174","Spotted Seatrout","Cynoscion nebulosus",1,0.16
"201606271052-314","Mojarra Spp","Eucinostomus spp",2,0.48
"201606271052-314","Rainwater Killifish","Lucania parva",2,0.56
"201606271216-618","Clown Goby","Microgobius gulosus",1,0.1
"201606271216-618","Dwarf Seahorse","Hippocampus zosterae",1,0.11
"201606271216-618","Goldspotted Killifish","Floridichthys carpio",6,1.34
"201606271216-618","Gulf Pipefish","Syngnathus scovelli",6,2.28
"201606271216-618","Gulf Toadfish","Opsanus beta",7,2.81
"201606271216-618","Mojarra Spp","Eucinostomus spp",14,6.11
"201606271216-618","Needlefish Spp","Belonidae spp",3,0.34
"201606271216-618","Rainwater Killifish","Lucania parva",8,2.03
"201606271329-402","Goldspotted Killifish","Floridichthys carpio",1,0.17
"201606271329-402","Gulf Pipefish","Syngnathus scovelli",1,0.22
"201606271329-402","Mojarra Spp","Eucinostomus spp",16,7.01
"201606271329-402","Needlefish Spp","Belonidae spp",1,0.06
"201606280918-301","Goldspotted Killifish","Floridichthys carpio",1,0.35
"201606280918-301","Gulf Toadfish","Opsanus beta",1,0.61
"201606280918-301","Mojarra Spp","Eucinostomus spp",122,82.92
"201606280918-301","Rainwater Killifish","Lucania parva",24,5.09
"201606281007-270","Dusky Pipefish","Syngnathus floridae",1,0.28
"201606281007-270","Dwarf Seahorse","Hippocampus zosterae",1,0.03
"201606281007-270","Mojarra Spp","Eucinostomus spp",5,1.12
"201606281007-270","Rainwater Killifish","Lucania parva",9,0.55
"201607161100-266","Code Goby","Gobiosoma robustum",1,0.25
"201607161100-266","Gulf Toadfish","Opsanus beta",1,0.53
"201607161120-254","Spotted Seatrout","Cynoscion nebulosus",1,6.64
"201607161452-241","Code Goby","Gobiosoma robustum",1,0.22
"201607161452-241","Dwarf Seahorse","Hippocampus zosterae",2,0.11
"201607161452-241","Gulf Pipefish","Syngnathus scovelli",1,0.31
"201607161452-241","Mojarra Spp","Eucinostomus spp",35,46.81
"201607161452-241","Rainwater Killifish","Lucania parva",166,31.03
"201607161452-241","Silver Perch","Bairdiella chrysoura",5,17.11
"201607170954-070","Bay Anchovy","Anchoa mitchilli",1,0.36
"201607170954-070","Fringed Filefish","Monacanthus ciliatus",5,5.47
"201607170954-070","Gulf Stone Crab","Menippe adina",1,0.35
"201607170954-070","Herring Spp","Clupeidae spp",1,0.05
"201607170954-070","Hogfish","Lachnolaimus maximus",1,6.98
"201607170954-070","Lane Snapper","Lutjanus synagris",4,5.94
"201607170954-070","Longnose Spider Crab","Libinia dubia",1,0.27
"201607170954-070","Mojarra Spp","Eucinostomus spp",261,210.5
"201607170954-070","Mud Crab Spp","Panopeidae spp",1,0.05
"201607170954-070","Pinfish","Lagodon rhomboides",27,173.76
"201607170954-070","Silver Perch","Bairdiella chrysoura",11,5.21
"201607170954-070","Spotted Seatrout","Cynoscion nebulosus",1,1.84
"201607171115-022","Dusky Pipefish","Syngnathus floridae",1,0.24
"201607171115-022","Dwarf Seahorse","Hippocampus zosterae",1,0.07
"201607171115-022","Fringed Pipefish","Anarchopterus criniger",1,0.12
"201607171115-022","Goldspotted Killifish","Floridichthys carpio",4,1.89
"201607171115-022","Lane Snapper","Lutjanus synagris",2,3.87
"201607171115-022","Mojarra Spp","Eucinostomus spp",282,148.86
"201607171115-022","Pigfish","Orthopristis chrysoptera",1,3.85
"201607171115-022","Pinfish","Lagodon rhomboides",39,184.93
"201607171115-022","Rainwater Killifish","Lucania parva",7,1.24
"201607171115-022","Silver Perch","Bairdiella chrysoura",3,7.18
"201607171115-022","White Grunt","Haemulon plumierii",1,6.13
"201607171200-105","Spotted Seatrout","Cynoscion nebulosus",1,0.81
"201607171320-123","Fringed Filefish","Monacanthus ciliatus",2,2.8
"201607171320-123","Mojarra Spp","Eucinostomus spp",14,11.79
"201607171320-123","Pinfish","Lagodon rhomboides",4,22.98
"201607171320-123","Rainwater Killifish","Lucania parva",7,1.15
"201607171320-123","Silver Perch","Bairdiella chrysoura",1,5.75
"201607171409-147","Spotted Seatrout","Cynoscion nebulosus",2,4.42
"201607171426-146","Bluestriped Grunt","Haemulon sciurus",1,8.1
"201607171426-146","Code Goby","Gobiosoma robustum",1,0.18
"201607171426-146","Florida Blenny","Chasmodes saburrae",1,0.34
"201607171426-146","Fringed Filefish","Monacanthus ciliatus",5,10.99
"201607171426-146","Lane Snapper","Lutjanus synagris",1,3.63
"201607171426-146","Mojarra Spp","Eucinostomus spp",90,185.61
"201607171426-146","Pinfish","Lagodon rhomboides",5,39.03
"201607171426-146","Rainwater Killifish","Lucania parva",31,3.79
"201607171426-146","Sheepshead","Archosargus probatocephalus",3,12.49
"201607171426-146","Silver Perch","Bairdiella chrysoura",5,11.42
"201607171426-146","White Grunt","Haemulon plumierii",1,9.15
"201607171449-133","Spotted Seatrout","Cynoscion nebulosus",1,0.32
"201607171600-168","Fringed Filefish","Monacanthus ciliatus",4,9.65
"201607171600-168","Goldspotted Killifish","Floridichthys carpio",1,0.34
"201607171600-168","Gulf Pipefish","Syngnathus scovelli",3,1.02
"201607171600-168","Mojarra Spp","Eucinostomus spp",82,57.2
"201607171600-168","Pinfish","Lagodon rhomboides",8,39.57
"201607171600-168","Rainwater Killifish","Lucania parva",138,21.57
"201607171600-168","Silver Perch","Bairdiella chrysoura",5,9.49
"201607181029-304","Spotted Seatrout","Cynoscion nebulosus",1,3.7
"201607181058-314","Goldspotted Killifish","Floridichthys carpio",1,0.13
"201607181058-314","Mojarra Spp","Eucinostomus spp",75,98.69
"201607181204-618","Dwarf Seahorse","Hippocampus zosterae",1,0.05
"201607181204-618","Goldspotted Killifish","Floridichthys carpio",7,2.37
"201607181204-618","Gulf Pipefish","Syngnathus scovelli",6,1.91
"201607181204-618","Mojarra Spp","Eucinostomus spp",47,54.22
"201607181204-618","Pipefish Spp","Syngnathidae spp",1,0
"201607181204-618","Rainwater Killifish","Lucania parva",2,0.43
"201607181329-402","Dwarf Seahorse","Hippocampus zosterae",1,0.05
"201607181329-402","Goldspotted Killifish","Floridichthys carpio",27,6.47
"201607181329-402","Gulf Pipefish","Syngnathus scovelli",2,1.02
"201607181329-402","Mojarra Spp","Eucinostomus spp",120,120.52
"201607181450-302","Spotted Seatrout","Cynoscion nebulosus",2,25.96
"201607181500-301","Goldspotted Killifish","Floridichthys carpio",2,1.6
"201607181500-301","Gulf Toadfish","Opsanus beta",1,0.83
"201607181500-301","Mojarra Spp","Eucinostomus spp",79,89.1
"201607181500-301","Rainwater Killifish","Lucania parva",36,12.15
"201607181500-301","Spotted Seatrout","Cynoscion nebulosus",2,7.04
"201607190935-270","Mojarra Spp","Eucinostomus spp",23,19.98
"201607190935-270","Rainwater Killifish","Lucania parva",34,10.48
"201608131138-266","Spotted Seatrout","Cynoscion nebulosus",1,0.05
"201608131216-254","Spotted Seatrout","Cynoscion nebulosus",2,7.71
"201608131712-070","Code Goby","Gobiosoma robustum",2,0.73
"201608131712-070","Fringed Filefish","Monacanthus ciliatus",2,5.33
"201608131712-070","Fringed Pipefish","Anarchopterus criniger",4,0.38
"201608131712-070","Herring Spp","Clupeidae spp",2,0.19
"201608131712-070","Longnose Spider Crab","Libinia dubia",1,0.16
"201608131712-070","Mojarra Spp","Eucinostomus spp",98,55
"201608131712-070","Pinfish","Lagodon rhomboides",18,131.04
"201608131712-070","Rainwater Killifish","Lucania parva",26,5.23
"201608131712-070","Silver Perch","Bairdiella chrysoura",17,37.96
"201608140926-172","Spotted Seatrout","Cynoscion nebulosus",1,0.41
"201608140957-168","Code Goby","Gobiosoma robustum",1,0.24
"201608140957-168","Fringed Filefish","Monacanthus ciliatus",1,8.16
"201608140957-168","Gulf Pipefish","Syngnathus scovelli",1,0.44
"201608140957-168","Lane Snapper","Lutjanus synagris",2,1.91
"201608140957-168","Mojarra Spp","Eucinostomus spp",45,47.88
"201608140957-168","Pinfish","Lagodon rhomboides",8,66.35
"201608140957-168","Rainwater Killifish","Lucania parva",86,12.99
"201608140957-168","Silver Perch","Bairdiella chrysoura",9,28.23
"201608140957-168","Spotted Seatrout","Cynoscion nebulosus",2,0.8
"201608141034-146","Mojarra Spp","Eucinostomus spp",13,34.14
"201608141034-146","Spotted Seatrout","Cynoscion nebulosus",2,0.22
"201608141103-122","Spotted Seatrout","Cynoscion nebulosus",1,0.57
"201608141121-123","Fringed Filefish","Monacanthus ciliatus",3,9.53
"201608141121-123","Lane Snapper","Lutjanus synagris",1,0.74
"201608141121-123","Marbled Blenny","Paraclinus marmoratus",4,1.59
"201608141121-123","Mojarra Spp","Eucinostomus spp",302,106.21
"201608141121-123","Pinfish","Lagodon rhomboides",8,61.13
"201608141121-123","Rainwater Killifish","Lucania parva",57,7.51
"201608141121-123","Silver Perch","Bairdiella chrysoura",3,18.88
"201608141121-123","Spotted Seatrout","Cynoscion nebulosus",4,8.22
"201608141121-123","White Grunt","Haemulon plumierii",1,0.61
"201608141258-022","Dusky Pipefish","Syngnathus floridae",1,0.39
"201608141258-022","Fringed Filefish","Monacanthus ciliatus",4,7.6
"201608141258-022","Gulf Pipefish","Syngnathus scovelli",1,0.2
"201608141258-022","Herring Spp","Clupeidae spp",4,4.89
"201608141258-022","Lane Snapper","Lutjanus synagris",9,18.54
"201608141258-022","Mojarra Spp","Eucinostomus spp",95,57.24
"201608141258-022","Pinfish","Lagodon rhomboides",40,222.55
"201608141258-022","Rainwater Killifish","Lucania parva",34,6.77
"201608141258-022","Sheepshead","Archosargus probatocephalus",1,0.42
"201608141258-022","Silver Perch","Bairdiella chrysoura",6,24.84
"201608141258-022","Spotted Seatrout","Cynoscion nebulosus",2,0.22
"201608141258-022","White Grunt","Haemulon plumierii",5,11.06
"201608141545-301","Dwarf Seahorse","Hippocampus zosterae",1,0.08
"201608141545-301","Goldspotted Killifish","Floridichthys carpio",2,1.27
"201608141545-301","Gulf Pipefish","Syngnathus scovelli",2,2.32
"201608141545-301","Mojarra Spp","Eucinostomus spp",199,303.84
"201608141545-301","Rainwater Killifish","Lucania parva",20,6.72
"201608141600-312","Spotted Seatrout","Cynoscion nebulosus",1,3.58
"201608151044-314","Mojarra Spp","Eucinostomus spp",27,37.5
"201608151146-618","Goldspotted Killifish","Floridichthys carpio",1,0.38
"201608151146-618","Mojarra Spp","Eucinostomus spp",89,90.23
"201608151245-402","Goldspotted Killifish","Floridichthys carpio",7,2.4
"201608151245-402","Gulf Pipefish","Syngnathus scovelli",2,0.99
"201608151245-402","Lined Seahorse","Hippocampus erectus",1,0.08
"201608151245-402","Mojarra Spp","Eucinostomus spp",152,185.94
"201608160931-241","Bay Anchovy","Anchoa mitchilli",1,0.3
"201608160931-241","Code Goby","Gobiosoma robustum",1,0.25
"201608160931-241","Mojarra Spp","Eucinostomus spp",37,82.26
"201608160931-241","Rainwater Killifish","Lucania parva",26,5.36
"201608161027-270","Goldspotted Killifish","Floridichthys carpio",1,0.33
"201608161027-270","Mojarra Spp","Eucinostomus spp",14,28.56
"201608161027-270","Rainwater Killifish","Lucania parva",12,4.9
"201609031244-266","Mojarra Spp","Eucinostomus spp",17,87.97
"201609031244-266","Spotted Seatrout","Cynoscion nebulosus",1,0.47
"201609031430-240","Gulf Toadfish","Opsanus beta",1,1.53
"201609031430-240","Mojarra Spp","Eucinostomus spp",5,17.33
"201609031430-240","Rainwater Killifish","Lucania parva",1,0.1
"201609031458-226","Spotted Seatrout","Cynoscion nebulosus",1,0.47
"201609040942-168","Bluestriped Grunt","Haemulon sciurus",1,0.1
"201609040942-168","Dwarf Seahorse","Hippocampus zosterae",2,0.08
"201609040942-168","Fringed Filefish","Monacanthus ciliatus",1,2.57
"201609040942-168","Goldspotted Killifish","Floridichthys carpio",1,0.24
"201609040942-168","Gulf Pipefish","Syngnathus scovelli",8,2.67
"201609040942-168","Herring Spp","Clupeidae spp",167,30.8
"201609040942-168","Lane Snapper","Lutjanus synagris",6,21.16
"201609040942-168","Mojarra Spp","Eucinostomus spp",256,246.49
"201609040942-168","Pinfish","Lagodon rhomboides",2,17.71
"201609040942-168","Rainwater Killifish","Lucania parva",242,36.92
"201609040942-168","Spotted Seatrout","Cynoscion nebulosus",2,3.94
"201609041020-173","Spotted Seatrout","Cynoscion nebulosus",1,1.43
"201609041116-146","Mojarra Spp","Eucinostomus spp",3,11.49
"201609041255-137","Spotted Seatrout","Cynoscion nebulosus",1,1.12
"201609041324-123","Fringed Filefish","Monacanthus ciliatus",1,3.51
"201609041324-123","Lane Snapper","Lutjanus synagris",3,5.08
"201609041324-123","Mojarra Spp","Eucinostomus spp",33,47.39
"201609041324-123","Pinfish","Lagodon rhomboides",4,40.44
"201609041324-123","Spotted Seatrout","Cynoscion nebulosus",2,5.12
"201609041438-022","Fringed Filefish","Monacanthus ciliatus",2,4.46
"201609041438-022","Mojarra Spp","Eucinostomus spp",31,61.01
"201609041438-022","Pinfish","Lagodon rhomboides",16,156.79
"201609041438-022","White Grunt","Haemulon plumierii",5,6.71
"201609041634-130","Spotted Seatrout","Cynoscion nebulosus",2,1.08
"201609041707-143","Spotted Seatrout","Cynoscion nebulosus",1,1.34
"201609041810-068","Spotted Seatrout","Cynoscion nebulosus",1,2.98
"201609041834-070","Bluestriped Grunt","Haemulon sciurus",1,0.28
"201609041834-070","Dusky Pipefish","Syngnathus floridae",1,2.23
"201609041834-070","Dwarf Seahorse","Hippocampus zosterae",2,0.11
"201609041834-070","Gray Snapper","Lutjanus griseus",2,4.02
"201609041834-070","Great Barracuda","Sphyraena barracuda",2,8.95
"201609041834-070","Lane Snapper","Lutjanus synagris",18,53.89
"201609041834-070","Mojarra Spp","Eucinostomus spp",262,361.18
"201609041834-070","Mud Crab Spp","Panopeidae spp",1,0.59
"201609041834-070","Pigfish","Orthopristis chrysoptera",1,6.66
"201609041834-070","Pinfish","Lagodon rhomboides",73,572.02
"201609041834-070","Rainwater Killifish","Lucania parva",15,3.58
"201609041834-070","Sheepshead","Archosargus probatocephalus",2,10.02
"201609041834-070","Silver Perch","Bairdiella chrysoura",4,37.62
"201609041834-070","Spotted Seatrout","Cynoscion nebulosus",4,3.41
"201609050934-282","Spotted Seatrout","Cynoscion nebulosus",1,2.12
"201609051122-270","Great Barracuda","Sphyraena barracuda",4,12.55
"201609051122-270","Mojarra Spp","Eucinostomus spp",78,120.75
"201609051122-270","Rainwater Killifish","Lucania parva",7,3
"201609051405-402","Clown Goby","Microgobius gulosus",4,1.36
"201609051405-402","Goldspotted Killifish","Floridichthys carpio",38,14.91
"201609051405-402","Gulf Pipefish","Syngnathus scovelli",2,0.76
"201609051405-402","Mojarra Spp","Eucinostomus spp",209,241.98
"201609051515-618","Goldspotted Killifish","Floridichthys carpio",2,0.84
"201609051515-618","Mojarra Spp","Eucinostomus spp",125,145.77
"201609061108-301","Goldspotted Killifish","Floridichthys carpio",4,3.15
"201609061108-301","Gulf Pipefish","Syngnathus scovelli",3,1.41
"201609061108-301","Mojarra Spp","Eucinostomus spp",59,44.73
"201609061108-301","Rainwater Killifish","Lucania parva",71,25.3
"201609061240-314","Goldspotted Killifish","Floridichthys carpio",1,0.05
"201609061240-314","Mojarra Spp","Eucinostomus spp",2,3.73
"201610081036-266","Goldspotted Killifish","Floridichthys carpio",1,0.54
"201610081036-266","Gulf Toadfish","Opsanus beta",3,10.01
"201610081036-266","Mojarra Spp","Eucinostomus spp",227,503.54
"201610081036-266","Rainwater Killifish","Lucania parva",2,0.75
"201610081036-266","Spotted Seatrout","Cynoscion nebulosus",4,3.18
"201610081406-270","Gulf Toadfish","Opsanus beta",1,7.05
"201610081406-270","Mojarra Spp","Eucinostomus spp",35,120.32
"201610081406-270","Rainwater Killifish","Lucania parva",1,0.67
"201610090938-070","Bay Anchovy","Anchoa mitchilli",28,6.87
"201610090938-070","Fringed Filefish","Monacanthus ciliatus",3,4.66
"201610090938-070","Lane Snapper","Lutjanus synagris",7,10.58
"201610090938-070","Mojarra Spp","Eucinostomus spp",147,311.9
"201610090938-070","Pigfish","Orthopristis chrysoptera",1,26.73
"201610090938-070","Pinfish","Lagodon rhomboides",41,484.42
"201610090938-070","Planehead Filefish","Stephanolepis hispidus",2,4.64
"201610090938-070","Silver Perch","Bairdiella chrysoura",1,4.15
"201610091119-022","Fringed Filefish","Monacanthus ciliatus",1,1.6
"201610091119-022","Lane Snapper","Lutjanus synagris",1,1.88
"201610091119-022","Mojarra Spp","Eucinostomus spp",13,39.79
"201610091119-022","Parrotfish Spp","Scaridae spp",7,4.92
"201610091119-022","Pinfish","Lagodon rhomboides",1,7.87
"201610091119-022","Rainwater Killifish","Lucania parva",1,0.31
"201610091119-022","White Grunt","Haemulon plumierii",1,6.66
"201610091250-123","Fringed Filefish","Monacanthus ciliatus",2,4.49
"201610091250-123","Fringed Pipefish","Anarchopterus criniger",1,0.09
"201610091250-123","Marbled Blenny","Paraclinus marmoratus",1,1.55
"201610091250-123","Mojarra Spp","Eucinostomus spp",171,162.13
"201610091250-123","Parrotfish Spp","Scaridae spp",1,1.61
"201610091250-123","Pinfish","Lagodon rhomboides",3,30.41
"201610091250-123","Rainwater Killifish","Lucania parva",33,6.6
"201610091250-123","White Grunt","Haemulon plumierii",1,0.47
"201610091351-146","Goldspotted Killifish","Floridichthys carpio",1,0.09
"201610091351-146","Inshore Lizardfish","Synodus foetens",1,1.56
"201610091351-146","Mojarra Spp","Eucinostomus spp",11,17.29
"201610091452-168","Bay Anchovy","Anchoa mitchilli",1,0.04
"201610091452-168","Mojarra Spp","Eucinostomus spp",135,99.4
"201610091452-168","Pinfish","Lagodon rhomboides",1,11.95
"201610091452-168","Rainwater Killifish","Lucania parva",132,32.15
"201610101027-301","Bay Anchovy","Anchoa mitchilli",6,3.46
"201610101027-301","Clown Goby","Microgobius gulosus",2,0.59
"201610101027-301","Goldspotted Killifish","Floridichthys carpio",1,1.09
"201610101027-301","Gulf Pipefish","Syngnathus scovelli",4,1.67
"201610101027-301","Gulf Toadfish","Opsanus beta",6,8.94
"201610101027-301","Mojarra Spp","Eucinostomus spp",189,304.35
"201610101027-301","Rainwater Killifish","Lucania parva",44,18.14
"201610101041-312","Spotted Seatrout","Cynoscion nebulosus",1,3.83
"201610101155-618","Goldspotted Killifish","Floridichthys carpio",2,0.19
"201610101155-618","Gulf Pipefish","Syngnathus scovelli",3,0.91
"201610101155-618","Mojarra Spp","Eucinostomus spp",67,60.35
"201610101308-402","Dwarf Seahorse","Hippocampus zosterae",1,0.11
"201610101308-402","Goldspotted Killifish","Floridichthys carpio",8,3.06
"201610101308-402","Gulf Toadfish","Opsanus beta",1,0.94
"201610101308-402","Mojarra Spp","Eucinostomus spp",135,134.42
"201610101437-314","Bay Anchovy","Anchoa mitchilli",2,1.13
"201610101437-314","Mojarra Spp","Eucinostomus spp",3,18.49
"201610110947-241","Mojarra Spp","Eucinostomus spp",28,73.34
"201610110947-241","Rainwater Killifish","Lucania parva",7,1.18
"201611091139-294","Spotted Seatrout","Cynoscion nebulosus",1,2.32
"201611091314-301","Gulf Pipefish","Syngnathus scovelli",1,1.26
"201611091314-301","Mojarra Spp","Eucinostomus spp",47,46.82
"201611091314-301","Rainwater Killifish","Lucania parva",1,0.31
"201611091314-301","Spotted Seatrout","Cynoscion nebulosus",2,18.92
"201611091330-312","Spotted Seatrout","Cynoscion nebulosus",1,0.66
"201611091548-257","Code Goby","Gobiosoma robustum",1,0.22
"201611091548-257","Goldspotted Killifish","Floridichthys carpio",11,2.61
"201611091548-257","Great Barracuda","Sphyraena barracuda",1,0.44
"201611091548-257","Mojarra Spp","Eucinostomus spp",95,140.33
"201611091548-257","Rainwater Killifish","Lucania parva",13,2.35
"201611101100-169","Spotted Seatrout","Cynoscion nebulosus",1,6.38
"201611101115-168","Bluestriped Grunt","Haemulon sciurus",1,0.29
"201611101115-168","Dwarf Seahorse","Hippocampus zosterae",1,0.06
"201611101115-168","Gulf Pipefish","Syngnathus scovelli",6,3.12
"201611101115-168","Honeycomb Cowfish","Acanthostracion polygonius",1,33.54
"201611101115-168","Mojarra Spp","Eucinostomus spp",69,153.64
"201611101115-168","Rainwater Killifish","Lucania parva",52,14.57
"201611101115-168","Silver Perch","Bairdiella chrysoura",1,5.37
"201611101115-168","White Grunt","Haemulon plumierii",1,19.97
"201611101143-146","Dusky Pipefish","Syngnathus floridae",1,0.15
"201611101143-146","Florida Blenny","Chasmodes saburrae",1,1.6
"201611101143-146","Florida Grassflat Crab","Neopanope packardii",1,0.72
"201611101143-146","Gulf Pipefish","Syngnathus scovelli",2,0.98
"201611101143-146","Lane Snapper","Lutjanus synagris",6,42.12
"201611101143-146","Mojarra Spp","Eucinostomus spp",49,130.55
"201611101143-146","Pinfish","Lagodon rhomboides",1,21.96
"201611101143-146","Web Burrfish","Chilomycterus antillarum",1,0
"201611101340-123","Bay Anchovy","Anchoa mitchilli",29,14.45
"201611101340-123","Fringed Filefish","Monacanthus ciliatus",1,7.25
"201611101340-123","Marbled Blenny","Paraclinus marmoratus",1,2.09
"201611101340-123","Mojarra Spp","Eucinostomus spp",42,69.85
"201611101340-123","Parrotfish Spp","Scaridae spp",1,5.15
"201611101340-123","Pinfish","Lagodon rhomboides",12,186.74
"201611101340-123","Rainwater Killifish","Lucania parva",2,0.44
"201611101500-022","Bay Anchovy","Anchoa mitchilli",2,0.22
"201611101500-022","Florida Grassflat Crab","Neopanope packardii",1,0.18
"201611101500-022","Fringed Filefish","Monacanthus ciliatus",8,26.19
"201611101500-022","Gray Snapper","Lutjanus griseus",1,7.19
"201611101500-022","Lane Snapper","Lutjanus synagris",22,82.88
"201611101500-022","Mojarra Spp","Eucinostomus spp",56,131.75
"201611101500-022","Pinfish","Lagodon rhomboides",19,324.84
"201611101500-022","Planehead Filefish","Stephanolepis hispidus",1,3.41
"201611101500-022","Rainwater Killifish","Lucania parva",1,0.19
"201611101500-022","Slippery Dick","Halichoeres bivittatus",1,1.13
"201611101557-070","Bay Anchovy","Anchoa mitchilli",9,2.02
"201611101557-070","Fringed Filefish","Monacanthus ciliatus",2,2.55
"201611101557-070","Gray Snapper","Lutjanus griseus",12,70.17
"201611101557-070","Gulf Pipefish","Syngnathus scovelli",1,0.31
"201611101557-070","Gulf Toadfish","Opsanus beta",1,12.34
"201611101557-070","Lane Snapper","Lutjanus synagris",15,52.01
"201611101557-070","Longnose Spider Crab","Libinia dubia",1,0.44
"201611101557-070","Mojarra Spp","Eucinostomus spp",231,540.33
"201611101557-070","Pinfish","Lagodon rhomboides",53,770.93
"201611101557-070","Planehead Filefish","Stephanolepis hispidus",2,6.27
"201611101557-070","Rainwater Killifish","Lucania parva",2,0.54
"201611101557-070","Sheepshead","Archosargus probatocephalus",1,12.91
"201611101557-070","White Grunt","Haemulon plumierii",1,4.04
"201611110905-280","Spotted Seatrout","Cynoscion nebulosus",1,7.14
"201611111008-241","Goldspotted Killifish","Floridichthys carpio",1,0.43
"201611111008-241","Great Barracuda","Sphyraena barracuda",1,0.46
"201611111008-241","Mojarra Spp","Eucinostomus spp",9,11.41
"201611111008-241","Rainwater Killifish","Lucania parva",5,0.99
"201611111325-266","Code Goby","Gobiosoma robustum",1,0.23
"201611111325-266","Goldspotted Killifish","Floridichthys carpio",4,1.78
"201611111325-266","Gulf Pipefish","Syngnathus scovelli",2,1.31
"201611111325-266","Mojarra Spp","Eucinostomus spp",74,236.35
"201611111325-266","Rainwater Killifish","Lucania parva",28,4.77
"201611111325-266","Spotted Seatrout","Cynoscion nebulosus",2,0.52
"201611111345-265","Spotted Seatrout","Cynoscion nebulosus",2,4.33
"201611111413-279","Spotted Seatrout","Cynoscion nebulosus",1,4.4
"201611111457-314","Dwarf Seahorse","Hippocampus zosterae",1,0.1
"201611111457-314","Florida Grassflat Crab","Neopanope packardii",1,1.18
"201611111457-314","Gulf Pipefish","Syngnathus scovelli",1,0.96
"201611111457-314","Mojarra Spp","Eucinostomus spp",4,6.06
"201611111457-314","Mud Crab Spp","Panopeidae spp",1,0.2
"201611120900-402","Clown Goby","Microgobius gulosus",1,0.25
"201611120900-402","Dwarf Seahorse","Hippocampus zosterae",1,0.13
"201611120900-402","Goldspotted Killifish","Floridichthys carpio",6,2.14
"201611120900-402","Mojarra Spp","Eucinostomus spp",29,40.95
"201611121054-618","Bay Anchovy","Anchoa mitchilli",1,0.18
"201611121054-618","Clown Goby","Microgobius gulosus",1,0.1
"201611121054-618","Dwarf Seahorse","Hippocampus zosterae",1,0.1
"201611121054-618","Goldspotted Killifish","Floridichthys carpio",1,0.09
"201611121054-618","Gulf Pipefish","Syngnathus scovelli",2,1.2
"201611121054-618","Mojarra Spp","Eucinostomus spp",62,92.11
"201705271117-241","Gulf Pipefish","Syngnathus scovelli",1,1.15
"201705271117-241","Gulf Toadfish","Opsanus beta",2,0.16
"201705271117-241","Pinfish","Lagodon rhomboides",1,5.56
"201705271117-241","Rainwater Killifish","Lucania parva",28,4.9
"201705271117-241","Silver Perch","Bairdiella chrysoura",1,7.03
"201705271503-266","Code Goby","Gobiosoma robustum",4,1.4
"201705271503-266","Gulf Pipefish","Syngnathus scovelli",3,1.85
"201705271503-266","Gulf Toadfish","Opsanus beta",1,6.02
"201705271503-266","Mojarra Spp","Eucinostomus spp",8,10.04
"201705271503-266","Rainwater Killifish","Lucania parva",7,1.01
"201705271503-266","Spotted Seatrout","Cynoscion nebulosus",2,0.22
"201705280908-070","Bay Anchovy","Anchoa mitchilli",1,0.04
"201705280908-070","Inshore Lizardfish","Synodus foetens",1,1.22
"201705280908-070","Mojarra Spp","Eucinostomus spp",2,1.03
"201705280908-070","Striped Burrfish","Chilomycterus schoepfi",1,0.57
"201705281123-146","Code Goby","Gobiosoma robustum",1,0.24
"201705281123-146","Great Barracuda","Sphyraena barracuda",1,0.2
"201705281123-146","Gulf Pipefish","Syngnathus scovelli",2,0.12
"201705281123-146","Mojarra Spp","Eucinostomus spp",28,67.43
"201705281123-146","Pigfish","Orthopristis chrysoptera",1,4.86
"201705281123-146","Pinfish","Lagodon rhomboides",8,51.28
"201705281123-146","Silver Perch","Bairdiella chrysoura",2,2.63
"201705281123-146","Striped Burrfish","Chilomycterus schoepfi",1,2.47
"201705281157-123","Fringed Filefish","Monacanthus ciliatus",1,0.73
"201705281157-123","Gulf Pipefish","Syngnathus scovelli",3,1.36
"201705281157-123","Mojarra Spp","Eucinostomus spp",52,34.73
"201705281157-123","Parrotfish Spp","Scaridae spp",1,0.1
"201705281157-123","Pigfish","Orthopristis chrysoptera",1,8.68
"201705281157-123","Pinfish","Lagodon rhomboides",13,60.4
"201705281157-123","Rainwater Killifish","Lucania parva",5,1.41
"201705281157-123","Silver Perch","Bairdiella chrysoura",3,5.48
"201705281323-022","Bluestriped Grunt","Haemulon sciurus",1,0.18
"201705281323-022","Broad-Striped Anchovy","Anchoa hepsetus",2,0.61
"201705281323-022","Mojarra Spp","Eucinostomus spp",9,6.66
"201705281323-022","Pinfish","Lagodon rhomboides",5,23.94
"201705281323-022","Silver Perch","Bairdiella chrysoura",1,1.06
"201705281502-168","Dwarf Seahorse","Hippocampus zosterae",1,0.13
"201705281502-168","Fringed Filefish","Monacanthus ciliatus",1,0.28
"201705281502-168","Gulf Pipefish","Syngnathus scovelli",4,1.32
"201705281502-168","Gulf Toadfish","Opsanus beta",2,13.67
"201705281502-168","Mojarra Spp","Eucinostomus spp",8,1.4
"201705281502-168","Pinfish","Lagodon rhomboides",36,141.4
"201705281502-168","Rainwater Killifish","Lucania parva",31,7.16
"201705281502-168","Spotted Seatrout","Cynoscion nebulosus",1,1.28
"201705291008-314","Dwarf Seahorse","Hippocampus zosterae",1,0.1
"201705291008-314","Gulf Pipefish","Syngnathus scovelli",1,0.16
"201705291008-314","Spotted Dragonet","Diplogrammus pauciradiatus",1,0.11
"201705291157-402","Code Goby","Gobiosoma robustum",1,0.11
"201705291157-402","Goldspotted Killifish","Floridichthys carpio",15,11.47
"201705291157-402","Mojarra Spp","Eucinostomus spp",3,10.03
"201705291157-402","Redfin Needlefish","Strongylura notata",3,0.43
"201705291310-618","Dwarf Seahorse","Hippocampus zosterae",2,0.14
"201705291310-618","Gulf Pipefish","Syngnathus scovelli",1,0.48
"201705291310-618","Spotted Dragonet","Diplogrammus pauciradiatus",2,1.21
"201705291411-301","Gulf Toadfish","Opsanus beta",1,4.23
"201705291411-301","Mojarra Spp","Eucinostomus spp",7,29.06
"201705291411-301","Rainwater Killifish","Lucania parva",5,3.08
"201705300945-270","Dwarf Seahorse","Hippocampus zosterae",2,0.19
"201705300945-270","Gulf Pipefish","Syngnathus scovelli",3,1.73
"201705300945-270","Mojarra Spp","Eucinostomus spp",14,3.76
"201705300945-270","Rainwater Killifish","Lucania parva",1,0.3
"201706241210-270","Dwarf Seahorse","Hippocampus zosterae",1,0.06
"201706241210-270","Goldspotted Killifish","Floridichthys carpio",2,0.99
"201706241210-270","Gulf Toadfish","Opsanus beta",1,0.21
"201706241210-270","Mojarra Spp","Eucinostomus spp",29,30.82
"201706241210-270","Rainwater Killifish","Lucania parva",6,1.2
"201706241502-301","Goldspotted Killifish","Floridichthys carpio",1,0.13
"201706241502-301","Mojarra Spp","Eucinostomus spp",4,7.76
"201706241502-301","Rainwater Killifish","Lucania parva",2,0.68
"201706250858-070","Atlantic Thread Herring","Opisthonema oglinum",2,0.55
"201706250858-070","Bay Anchovy","Anchoa mitchilli",190,28.48
"201706250858-070","Clown Goby","Microgobius gulosus",1,0.09
"201706250858-070","Dusky Pipefish","Syngnathus floridae",1,0.28
"201706250858-070","Gray Snapper","Lutjanus griseus",1,10.9
"201706250858-070","Lane Snapper","Lutjanus synagris",3,3.25
"201706250858-070","Mojarra Spp","Eucinostomus spp",18,30.46
"201706250858-070","Pinfish","Lagodon rhomboides",8,67.65
"201706250858-070","Silver Perch","Bairdiella chrysoura",9,6.16
"201706251100-022","Bluestriped Grunt","Haemulon sciurus",10,5.22
"201706251100-022","Clown Goby","Microgobius gulosus",1,0.19
"201706251100-022","Fringed Filefish","Monacanthus ciliatus",9,6.37
"201706251100-022","Gulf Toadfish","Opsanus beta",1,1.02
"201706251100-022","Hogfish","Lachnolaimus maximus",1,3.92
"201706251100-022","Lane Snapper","Lutjanus synagris",5,6.13
"201706251100-022","Mojarra Spp","Eucinostomus spp",16,3.97
"201706251100-022","Pinfish","Lagodon rhomboides",28,154.42
"201706251100-022","Rainwater Killifish","Lucania parva",4,0.41
"201706251100-022","Silver Perch","Bairdiella chrysoura",6,7.61
"201706251100-022","White Grunt","Haemulon plumierii",1,9.96
"201706251100-022","Yellowtail Snapper","Ocyurus chrysurus",2,1.62
"201706251350-122","Spotted Seatrout","Cynoscion nebulosus",1,2.18
"201706251406-123","Chain Pipefish","Syngnathus louisianae",1,0.73
"201706251406-123","Fringed Filefish","Monacanthus ciliatus",3,1.86
"201706251406-123","Mojarra Spp","Eucinostomus spp",18,11.88
"201706251406-123","Pinfish","Lagodon rhomboides",6,33.68
"201706251406-123","Planehead Filefish","Stephanolepis hispidus",1,1.71
"201706251406-123","Rainwater Killifish","Lucania parva",6,1.01
"201706251435-146","Mojarra Spp","Eucinostomus spp",1,0.19
"201706251435-146","Pinfish","Lagodon rhomboides",4,34.52
"201706251435-146","Rainwater Killifish","Lucania parva",7,2.35
"201706251435-146","Silver Perch","Bairdiella chrysoura",3,8.9
"201706251510-168","Fringed Filefish","Monacanthus ciliatus",1,1.71
"201706251510-168","Mojarra Spp","Eucinostomus spp",3,2
"201706251510-168","Pinfish","Lagodon rhomboides",24,171.41
"201706251510-168","Planehead Filefish","Stephanolepis hispidus",2,9.09
"201706251510-168","Rainwater Killifish","Lucania parva",27,3.83
"201706251510-168","Silver Perch","Bairdiella chrysoura",4,11.54
"201706251510-168","Spotted Seatrout","Cynoscion nebulosus",1,0.66
"201706251530-169","Spotted Seatrout","Cynoscion nebulosus",1,0.89
"201706260915-314","Gulf Pipefish","Syngnathus scovelli",1,0.16
"201706260915-314","Mojarra Spp","Eucinostomus spp",2,8.18
"201706261051-402","Atlantic Needlefish","Strongylura marina",1,0.21
"201706261051-402","Goldspotted Killifish","Floridichthys carpio",6,3.46
"201706261051-402","Mojarra Spp","Eucinostomus spp",14,10.62
"201706261149-618","Clown Goby","Microgobius gulosus",1,0.14
"201706261149-618","Dwarf Seahorse","Hippocampus zosterae",1,0.06
"201706261149-618","Goldspotted Killifish","Floridichthys carpio",5,1.89
"201706261149-618","Gulf Pipefish","Syngnathus scovelli",1,0.2
"201706261149-618","Mojarra Spp","Eucinostomus spp",16,12.2
"201706261149-618","Spotted Dragonet","Diplogrammus pauciradiatus",9,5.59
"201706261334-279","Spotted Seatrout","Cynoscion nebulosus",1,0.52
"201706261347-278","Spotted Seatrout","Cynoscion nebulosus",1,0.14
"201706261403-265","Spotted Seatrout","Cynoscion nebulosus",1,0.29
"201706261421-266","Clown Goby","Microgobius gulosus",1,0.99
"201706261421-266","Goldspotted Killifish","Floridichthys carpio",2,0.34
"201706261421-266","Gulf Pipefish","Syngnathus scovelli",4,0.41
"201706261421-266","Mojarra Spp","Eucinostomus spp",1,1.1
"201706261421-266","Pinfish","Lagodon rhomboides",2,15.37
"201706261421-266","Rainwater Killifish","Lucania parva",164,19.97
"201706261421-266","Silver Perch","Bairdiella chrysoura",2,10.79
"201706261421-266","Spotted Seatrout","Cynoscion nebulosus",1,4.23
"201706271014-241","Gulf Pipefish","Syngnathus scovelli",4,0.86
"201706271014-241","Gulf Toadfish","Opsanus beta",2,0.3
"201706271014-241","Mojarra Spp","Eucinostomus spp",35,19.91
"201706271014-241","Pinfish","Lagodon rhomboides",1,9.39
"201706271014-241","Rainwater Killifish","Lucania parva",103,8.01
"201707151326-241","Code Goby","Gobiosoma robustum",1,0.29
"201707151326-241","Goldspotted Killifish","Floridichthys carpio",1,0.63
"201707151326-241","Great Barracuda","Sphyraena barracuda",1,2.1
"201707151326-241","Gulf Pipefish","Syngnathus scovelli",5,0.86
"201707151326-241","Mojarra Spp","Eucinostomus spp",1,2.5
"201707151326-241","Rainwater Killifish","Lucania parva",67,14.26
"201707151540-314","Code Goby","Gobiosoma robustum",1,0.19
"201707151540-314","Rainwater Killifish","Lucania parva",1,0.04
"201707160853-070","Code Goby","Gobiosoma robustum",2,0.11
"201707160853-070","Dusky Anchovy","Anchoa lyolepis",1,0.28
"201707160853-070","Fringed Filefish","Monacanthus ciliatus",1,0.09
"201707160853-070","Fringed Pipefish","Anarchopterus criniger",1,0.13
"201707160853-070","Gulf Pipefish","Syngnathus scovelli",1,0.18
"201707160853-070","Gulf Toadfish","Opsanus beta",1,4
"201707160853-070","Inshore Lizardfish","Synodus foetens",1,0.55
"201707160853-070","Lane Snapper","Lutjanus synagris",2,1.17
"201707160853-070","Mojarra Spp","Eucinostomus spp",39,64.36
"201707160853-070","Pinfish","Lagodon rhomboides",4,19.53
"201707160853-070","Silver Perch","Bairdiella chrysoura",3,1.02
"201707160853-070","Spotted Seatrout","Cynoscion nebulosus",1,0.53
"201707160934-130","Spotted Seatrout","Cynoscion nebulosus",1,0.72
"201707161030-107","Spotted Seatrout","Cynoscion nebulosus",2,1.9
"201707161057-022","Caesar Grunt","Haemulon carbonarium",2,0.31
"201707161057-022","French Grunt","Haemulon flavolineatum",10,13.51
"201707161057-022","Fringed Filefish","Monacanthus ciliatus",20,26.07
"201707161057-022","Gulf Pipefish","Syngnathus scovelli",1,0.04
"201707161057-022","Hogfish","Lachnolaimus maximus",2,7.9
"201707161057-022","Lane Snapper","Lutjanus synagris",9,33.2
"201707161057-022","Mojarra Spp","Eucinostomus spp",35,9.5
"201707161057-022","Parrotfish Spp","Scaridae spp",1,2.1
"201707161057-022","Pinfish","Lagodon rhomboides",109,516.3
"201707161057-022","Planehead Filefish","Stephanolepis hispidus",1,0.97
"201707161057-022","Rainwater Killifish","Lucania parva",28,3.66
"201707161057-022","Silver Perch","Bairdiella chrysoura",21,90.1
"201707161057-022","White Grunt","Haemulon plumierii",1,11
"201707161318-123","Blenny Spp","Blenniidae spp",1,0.08
"201707161318-123","Fringed Filefish","Monacanthus ciliatus",8,6.99
"201707161318-123","Fringed Pipefish","Anarchopterus criniger",1,0.37
"201707161318-123","Mojarra Spp","Eucinostomus spp",25,34.27
"201707161318-123","Rainwater Killifish","Lucania parva",3,0.1
"201707161318-123","Silver Perch","Bairdiella chrysoura",5,14.6
"201707161409-135","Spotted Seatrout","Cynoscion nebulosus",1,0.17
"201707161422-146","Code Goby","Gobiosoma robustum",2,0.09
"201707161422-146","Dwarf Seahorse","Hippocampus zosterae",3,0.03
"201707161422-146","Fringed Pipefish","Anarchopterus criniger",2,0.04
"201707161422-146","Grunt Spp","Haemulon spp",1,0.04
"201707161422-146","Gulf Pipefish","Syngnathus scovelli",11,1.78
"201707161422-146","Lane Snapper","Lutjanus synagris",5,27.7
"201707161422-146","Mojarra Spp","Eucinostomus spp",92,145.21
"201707161422-146","Pinfish","Lagodon rhomboides",7,68.6
"201707161422-146","Rainwater Killifish","Lucania parva",54,4.31
"201707161422-146","Redear Sardine","Harengula humeralis",3,5.1
"201707161422-146","Silver Perch","Bairdiella chrysoura",8,17.63
"201707161518-168","Fringed Filefish","Monacanthus ciliatus",1,0.25
"201707161518-168","Gulf Pipefish","Syngnathus scovelli",2,0.36
"201707161518-168","Mojarra Spp","Eucinostomus spp",14,7.25
"201707161518-168","Pinfish","Lagodon rhomboides",12,86.6
"201707161518-168","Rainwater Killifish","Lucania parva",122,11.86
"201707161518-168","Silver Perch","Bairdiella chrysoura",6,28
"201707161518-168","Spotted Seatrout","Cynoscion nebulosus",3,3.85
"201707170930-618","Atlantic Needlefish","Strongylura marina",1,0.06
"201707170930-618","Dusky Pipefish","Syngnathus floridae",1,0.35
"201707170930-618","Gulf Toadfish","Opsanus beta",1,0.75
"201707170930-618","Herring Spp","Clupeidae spp",1,0.09
"201707170930-618","Mojarra Spp","Eucinostomus spp",17,24.08
"201707171012-402","Clown Goby","Microgobius gulosus",1,0.54
"201707171012-402","Dusky Pipefish","Syngnathus floridae",1,0.19
"201707171012-402","Dwarf Seahorse","Hippocampus zosterae",1,0.03
"201707171012-402","Goldspotted Killifish","Floridichthys carpio",1,1.32
"201707171012-402","Mojarra Spp","Eucinostomus spp",41,51.41
"201707171012-402","Spotted Dragonet","Diplogrammus pauciradiatus",1,0.53
"201707171323-270","Goldspotted Killifish","Floridichthys carpio",2,0.38
"201707171323-270","Mojarra Spp","Eucinostomus spp",196,241.16
"201707171323-270","Pinfish","Lagodon rhomboides",3,30.4
"201707171323-270","Rainwater Killifish","Lucania parva",17,3.23
"201707171516-301","Gulf Toadfish","Opsanus beta",1,5.4
"201707171516-301","Mojarra Spp","Eucinostomus spp",4,5.7
"201707171516-301","Pinfish","Lagodon rhomboides",1,10.5
"201707171516-301","Rainwater Killifish","Lucania parva",6,2.98
"201707180845-266","Code Goby","Gobiosoma robustum",7,1.26
"201707180845-266","Goldspotted Killifish","Floridichthys carpio",2,0.65
"201707180845-266","Mojarra Spp","Eucinostomus spp",13,39.5
"201708121049-267","Spotted Seatrout","Cynoscion nebulosus",4,2.7
"201708121124-241","Clown Goby","Microgobius gulosus",1,0.03
"201708121124-241","Dusky Pipefish","Syngnathus floridae",1,0.4
"201708121124-241","Mojarra Spp","Eucinostomus spp",21,28.12
"201708121124-241","Pinfish","Lagodon rhomboides",1,8.64
"201708121124-241","Rainwater Killifish","Lucania parva",137,18.75
"201708121525-266","Code Goby","Gobiosoma robustum",3,0.35
"201708121525-266","Dwarf Seahorse","Hippocampus zosterae",3,0.12
"201708121525-266","Fringed Pipefish","Anarchopterus criniger",1,0.37
"201708121525-266","Goldspotted Killifish","Floridichthys carpio",1,0.25
"201708121525-266","Gulf Pipefish","Syngnathus scovelli",11,2.55
"201708121525-266","Mojarra Spp","Eucinostomus spp",12,4.32
"201708121525-266","Pinfish","Lagodon rhomboides",2,18.5
"201708121525-266","Rainwater Killifish","Lucania parva",514,57.9
"201708121525-266","Spotted Seatrout","Cynoscion nebulosus",1,0.18
"201708131056-070","Bay Anchovy","Anchoa mitchilli",3,1.09
"201708131056-070","Code Goby","Gobiosoma robustum",1,0.08
"201708131056-070","Dwarf Seahorse","Hippocampus zosterae",1,0.04
"201708131056-070","Mojarra Spp","Eucinostomus spp",24,89.61
"201708131056-070","Spotted Seatrout","Cynoscion nebulosus",2,0.32
"201708131138-130","Spotted Seatrout","Cynoscion nebulosus",1,0.1
"201708131240-022","Fringed Filefish","Monacanthus ciliatus",1,1.86
"201708131240-022","Mojarra Spp","Eucinostomus spp",53,148.42
"201708131335-123","Fringed Filefish","Monacanthus ciliatus",1,1.1
"201708131335-123","Mojarra Spp","Eucinostomus spp",23,21.2
"201708131335-123","Pinfish","Lagodon rhomboides",1,5.52
"201708131335-123","Rainwater Killifish","Lucania parva",7,0.89
"201708131527-146","Dwarf Seahorse","Hippocampus zosterae",2,0.09
"201708131527-146","Fringed Filefish","Monacanthus ciliatus",1,0.15
"201708131527-146","Fringed Pipefish","Anarchopterus criniger",1,0.06
"201708131527-146","Grunt Spp","Haemulon spp",1,0.05
"201708131527-146","Gulf Pipefish","Syngnathus scovelli",28,5.1
"201708131527-146","Mojarra Spp","Eucinostomus spp",6,10.13
"201708131527-146","Pinfish","Lagodon rhomboides",3,25.69
"201708131527-146","Rainwater Killifish","Lucania parva",747,79.03
"201708131527-146","Silver Perch","Bairdiella chrysoura",1,4.12
"201708131527-146","Spotted Seatrout","Cynoscion nebulosus",2,1.58
"201708131558-169","Spotted Seatrout","Cynoscion nebulosus",1,4.78
"201708131613-168","Dwarf Herring","Jenkinsia lamprotaenia",1,0.06
"201708131613-168","Goldspotted Killifish","Floridichthys carpio",3,0.5
"201708131613-168","Gulf Pipefish","Syngnathus scovelli",3,0.44
"201708131613-168","Mojarra Spp","Eucinostomus spp",188,232.2
"201708131613-168","Pinfish","Lagodon rhomboides",1,9.7
"201708131613-168","Rainwater Killifish","Lucania parva",38,4.56
"201708131613-168","Silver Perch","Bairdiella chrysoura",2,2.01
"201708131613-168","Spotted Seatrout","Cynoscion nebulosus",4,5.15
"201708141012-270","Dusky Pipefish","Syngnathus floridae",1,0.69
"201708141012-270","Dwarf Seahorse","Hippocampus zosterae",1,0.08
"201708141012-270","Great Barracuda","Sphyraena barracuda",1,2.6
"201708141012-270","Gulf Pipefish","Syngnathus scovelli",1,0.44
"201708141012-270","Mojarra Spp","Eucinostomus spp",116,169.3
"201708141012-270","Rainwater Killifish","Lucania parva",3,0.4
"201708141341-618","Atlantic Needlefish","Strongylura marina",1,0.05
"201708141341-618","Clown Goby","Microgobius gulosus",1,0.08
"201708141341-618","Goby Spp","Gobiidae spp",2,0.3
"201708141341-618","Mojarra Spp","Eucinostomus spp",11,17.86
"201708141520-314","Mojarra Spp","Eucinostomus spp",8,8.59
"201708150852-237","Spotted Seatrout","Cynoscion nebulosus",3,1.19
"201708151046-301","Goldspotted Killifish","Floridichthys carpio",1,0.23
"201708151046-301","Mojarra Spp","Eucinostomus spp",5,5.5
"201708151046-301","Rainwater Killifish","Lucania parva",4,0.33
"201709021205-241","Code Goby","Gobiosoma robustum",1,0.17
"201709021205-241","Goldspotted Killifish","Floridichthys carpio",3,0.24
"201709021205-241","Gulf Pipefish","Syngnathus scovelli",1,0.09
"201709021205-241","Mojarra Spp","Eucinostomus spp",20,42.99
"201709021205-241","Rainwater Killifish","Lucania parva",56,5.29
"201709021427-270","Goldspotted Killifish","Floridichthys carpio",1,0.1
"201709021427-270","Mojarra Spp","Eucinostomus spp",194,364.56
"201709021427-270","Rainwater Killifish","Lucania parva",21,2.98
"201709031030-314","Banded Blenny","Paraclinus fasciatus",1,0.36
"201709031030-314","Clown Goby","Microgobius gulosus",2,0.43
"201709031030-314","Goldspotted Killifish","Floridichthys carpio",5,0.24
"201709031030-314","Mojarra Spp","Eucinostomus spp",23,7.77
"201709031030-314","Spotted Dragonet","Diplogrammus pauciradiatus",4,0.54
"201709031205-402","Clown Goby","Microgobius gulosus",1,0.25
"201709031205-402","Dwarf Seahorse","Hippocampus zosterae",1,0.05
"201709031205-402","Goldspotted Killifish","Floridichthys carpio",26,10.87
"201709031205-402","Mojarra Spp","Eucinostomus spp",31,44.71
"201709031318-618","Dwarf Seahorse","Hippocampus zosterae",1,0.08
"201709031318-618","Goldspotted Killifish","Floridichthys carpio",1,0.15
"201709031318-618","Mojarra Spp","Eucinostomus spp",13,32.2
"201709031443-301","Goldspotted Killifish","Floridichthys carpio",3,1.18
"201709031443-301","Gulf Toadfish","Opsanus beta",1,1.7
"201709031443-301","Mojarra Spp","Eucinostomus spp",33,68.42
"201709031443-301","Rainwater Killifish","Lucania parva",3,1.54
"201709040911-070","Atlantic Thread Herring","Opisthonema oglinum",1,0.94
"201709040911-070","Bay Anchovy","Anchoa mitchilli",56,7.31
"201709040911-070","Blackcheek Tonguefish","Symphurus plagiusa",1,0.22
"201709040911-070","Dwarf Seahorse","Hippocampus zosterae",1,0.06
"201709040911-070","Florida Grassflat Crab","Neopanope packardii",1,0.03
"201709040911-070","Fringed Pipefish","Anarchopterus criniger",1,0.06
"201709040911-070","Inshore Lizardfish","Synodus foetens",1,0.22
"201709040911-070","Lane Snapper","Lutjanus synagris",4,3.32
"201709040911-070","Mojarra Spp","Eucinostomus spp",55,139.61
"201709040911-070","Silver Perch","Bairdiella chrysoura",6,26.3
"201709040911-070","Spotted Seatrout","Cynoscion nebulosus",12,3.38
"201709041007-117","Spotted Seatrout","Cynoscion nebulosus",1,0.41
"201709041056-022","Fringed Filefish","Monacanthus ciliatus",2,0.46
"201709041056-022","Mojarra Spp","Eucinostomus spp",38,78.7
"201709041236-123","Fringed Filefish","Monacanthus ciliatus",3,3.34
"201709041236-123","Mojarra Spp","Eucinostomus spp",59,91.03
"201709041236-123","Pinfish","Lagodon rhomboides",1,10
"201709041236-123","Rainwater Killifish","Lucania parva",30,3.72
"201709041236-123","Spotted Seatrout","Cynoscion nebulosus",1,0.34
"201709041336-134","Spotted Seatrout","Cynoscion nebulosus",2,1
"201709041352-146","Gulf Pipefish","Syngnathus scovelli",3,0.45
"201709041352-146","Mojarra Spp","Eucinostomus spp",6,16.46
"201709041352-146","Rainwater Killifish","Lucania parva",317,42.99
"201709041352-146","Silver Perch","Bairdiella chrysoura",4,14.3
"201709041352-146","Spotted Seatrout","Cynoscion nebulosus",1,0.21
"201709041428-168","Dusky Pipefish","Syngnathus floridae",2,1.28
"201709041428-168","Fringed Filefish","Monacanthus ciliatus",1,3.6
"201709041428-168","Gulf Pipefish","Syngnathus scovelli",3,0.68
"201709041428-168","Mojarra Spp","Eucinostomus spp",26,14.92
"201709041428-168","Pinfish","Lagodon rhomboides",2,42
"201709041428-168","Rainwater Killifish","Lucania parva",431,53.8
"201709041428-168","Silver Perch","Bairdiella chrysoura",2,15
"201709041453-169","Spotted Seatrout","Cynoscion nebulosus",1,0.18
"201709041522-175","Spotted Seatrout","Cynoscion nebulosus",1,1.56
"201709050947-267","Spotted Seatrout","Cynoscion nebulosus",1,3.22
"201709051104-266","Code Goby","Gobiosoma robustum",2,0.3
"201709051104-266","Dwarf Seahorse","Hippocampus zosterae",1,0.01
"201709051104-266","Goldspotted Killifish","Floridichthys carpio",4,0.7
"201709051104-266","Gulf Pipefish","Syngnathus scovelli",4,0.86
"201709051104-266","Mojarra Spp","Eucinostomus spp",27,57.98
"201709051104-266","Rainwater Killifish","Lucania parva",43,6.08
"201709051104-266","Spotted Seatrout","Cynoscion nebulosus",2,0.21
"201709051126-237","Spotted Seatrout","Cynoscion nebulosus",3,1.21
"201710061317-618","Banner Goby","Microgobius microlepis",2,0.24
"201710061317-618","Bay Anchovy","Anchoa mitchilli",1,0.95
"201710061317-618","Goldspotted Killifish","Floridichthys carpio",2,0.61
"201710061317-618","Mojarra Spp","Eucinostomus spp",41,91.98
"201710061317-618","Spotted Seatrout","Cynoscion nebulosus",2,0.16
"201710061333-621","Spotted Seatrout","Cynoscion nebulosus",2,0.14
"201710071342-402","Dwarf Seahorse","Hippocampus zosterae",1,0.11
"201710071342-402","Goldspotted Killifish","Floridichthys carpio",1,0.83
"201710071342-402","Mojarra Spp","Eucinostomus spp",58,243.91
"201710071423-314","Mojarra Spp","Eucinostomus spp",10,45.1
"201710071500-303","Spotted Seatrout","Cynoscion nebulosus",1,0.13
"201710071525-301","Bay Anchovy","Anchoa mitchilli",10,7.6
"201710071525-301","Mojarra Spp","Eucinostomus spp",9,32.66
"201710071525-301","Spotted Seatrout","Cynoscion nebulosus",1,0.07
"201710081010-070","Herring Spp","Clupeidae spp",1,0.04
"201710081010-070","Mojarra Spp","Eucinostomus spp",18,32.54
"201710081010-070","Spotted Seatrout","Cynoscion nebulosus",2,0.55
"201710081026-156","Spotted Seatrout","Cynoscion nebulosus",1,0.32
"201710081152-022","Bluestriped Grunt","Haemulon sciurus",4,3.89
"201710081152-022","Emerald Parrotfish","Nicholsina usta",1,3.9
"201710081152-022","Fringed Filefish","Monacanthus ciliatus",4,13.1
"201710081152-022","Gulf Toadfish","Opsanus beta",1,0.28
"201710081152-022","Marbled Blenny","Paraclinus marmoratus",1,1.1
"201710081152-022","Mojarra Spp","Eucinostomus spp",8,12.4
"201710081152-022","Pinfish","Lagodon rhomboides",2,22.6
"201710081152-022","Porkfish","Arisotremus virginicus",1,0.17
"201710081152-022","Silver Perch","Bairdiella chrysoura",2,12.5
"201710081152-022","Spanish Sardine","Sardinella aurita",2,0.16
"201710081152-022","White Grunt","Haemulon plumierii",1,0.23
"201710081245-123","Grunt Spp","Haemulon spp",2,1.05
"201710081245-123","Mojarra Spp","Eucinostomus spp",78,205.21
"201710081245-123","Pinfish","Lagodon rhomboides",4,44.3
"201710081245-123","Rainwater Killifish","Lucania parva",5,0.6
"201710081245-123","Spotted Seatrout","Cynoscion nebulosus",1,0.23
"201710081245-123","White Grunt","Haemulon plumierii",9,28.58
"201710081351-146","Anchovy Spp","Anchoa spp",2,0.22
"201710081351-146","Fringed Filefish","Monacanthus ciliatus",3,3.15
"201710081351-146","Mojarra Spp","Eucinostomus spp",25,57.16
"201710081351-146","Pinfish","Lagodon rhomboides",4,45.9
"201710081351-146","Rainwater Killifish","Lucania parva",7,0.77
"201710081351-146","Spanish Sardine","Sardinella aurita",47,5.83
"201710081351-146","Spotted Seatrout","Cynoscion nebulosus",1,0.08
"201710081351-146","White Grunt","Haemulon plumierii",2,1.68
"201710081411-159","Spotted Seatrout","Cynoscion nebulosus",1,0.08
"201710081447-168","Bluestriped Grunt","Haemulon sciurus",9,3.84
"201710081447-168","Gulf Pipefish","Syngnathus scovelli",1,0.03
"201710081447-168","Gulf Toadfish","Opsanus beta",1,0.32
"201710081447-168","Mojarra Spp","Eucinostomus spp",4,6.17
"201710081447-168","Rainwater Killifish","Lucania parva",6,0.58
"201710081447-168","Spotted Seatrout","Cynoscion nebulosus",4,1.61
"201710081530-173","Spotted Seatrout","Cynoscion nebulosus",2,0.71
"201710090933-280","Spotted Seatrout","Cynoscion nebulosus",1,0.13
"201710091022-265","Spotted Seatrout","Cynoscion nebulosus",3,0.53
"201710091045-266","Mojarra Spp","Eucinostomus spp",8,33.09
"201710091115-253","Spotted Seatrout","Cynoscion nebulosus",1,0.09
"201710091140-240","Spotted Seatrout","Cynoscion nebulosus",2,0.44
"201710091150-225","Spotted Seatrout","Cynoscion nebulosus",1,0.19
"201710091216-224","Spotted Seatrout","Cynoscion nebulosus",1,0.28
"201710091234-241","Goldspotted Killifish","Floridichthys carpio",1,0.04
"201710091234-241","Gulf Pipefish","Syngnathus scovelli",1,0.06
"201710091234-241","Mojarra Spp","Eucinostomus spp",15,29.33
"201710091234-241","Rainwater Killifish","Lucania parva",2,0.31
"201710091305-226","Spotted Seatrout","Cynoscion nebulosus",1,0.12
"201710091324-227","Spotted Seatrout","Cynoscion nebulosus",2,0.29
"201710171308-270","Mojarra Spp","Eucinostomus spp",19,61.67
"201711101130-618","Bay Anchovy","Anchoa mitchilli",104,9.78
"201711101130-618","Goldspotted Killifish","Floridichthys carpio",2,0.84
"201711101130-618","Mojarra Spp","Eucinostomus spp",34,67.28
"201711101352-622","Spotted Seatrout","Cynoscion nebulosus",3,15.47
"201711101506-402","Mojarra Spp","Eucinostomus spp",4,5.63
"201711111020-323","Spotted Seatrout","Cynoscion nebulosus",2,4.19
"201711111036-314","Bay Anchovy","Anchoa mitchilli",149,19.19
"201711111036-314","Mojarra Spp","Eucinostomus spp",5,23.9
"201711111110-304","Spotted Seatrout","Cynoscion nebulosus",1,2.03
"201711111211-301","Bay Anchovy","Anchoa mitchilli",18,3.85
"201711111211-301","Mojarra Spp","Eucinostomus spp",1,0.13
"201711111308-281","Spotted Seatrout","Cynoscion nebulosus",1,2.46
"201711111352-283","Spotted Seatrout","Cynoscion nebulosus",1,1.33
"201711111429-271","Spotted Seatrout","Cynoscion nebulosus",2,3.88
"201711111444-270","Bay Anchovy","Anchoa mitchilli",16,6.31
"201711111444-270","Mojarra Spp","Eucinostomus spp",25,95.43
"201711111444-270","Pinfish","Lagodon rhomboides",1,9.1
"201711120911-070","Atlantic Brief Squid","Lolliguncula brevis",8,23.6
"201711120911-070","Blackcheek Tonguefish","Symphurus plagiusa",3,2.87
"201711120911-070","Lane Snapper","Lutjanus synagris",1,9.06
"201711120911-070","Mojarra Spp","Eucinostomus spp",2,11.83
"201711120911-070","Silver Perch","Bairdiella chrysoura",2,4.6
"201711120941-067","Spotted Seatrout","Cynoscion nebulosus",3,10.49
"201711121116-022","Bay Anchovy","Anchoa mitchilli",1,0.11
"201711121116-022","Mojarra Spp","Eucinostomus spp",9,40.2
"201711121116-022","Spanish Sardine","Sardinella aurita",1,0.19
"201711121216-123","Bay Anchovy","Anchoa mitchilli",1,0.05
"201711121216-123","Bluestriped Grunt","Haemulon sciurus",9,26.91
"201711121216-123","Fringed Filefish","Monacanthus ciliatus",4,18.8
"201711121216-123","Lane Snapper","Lutjanus synagris",5,10.51
"201711121216-123","Mojarra Spp","Eucinostomus spp",37,96.69
"201711121216-123","Pinfish","Lagodon rhomboides",1,9.8
"201711121216-123","Rainwater Killifish","Lucania parva",2,0.36
"201711121313-146","Bay Anchovy","Anchoa mitchilli",30,5.36
"201711121313-146","Mojarra Spp","Eucinostomus spp",6,23.92
"201711121313-146","Pinfish","Lagodon rhomboides",1,12
"201711121327-145","Spotted Seatrout","Cynoscion nebulosus",1,2.33
"201711121458-168","Barred Hamlet","Hypoplectrus puella",1,3
"201711121458-168","Bay Anchovy","Anchoa mitchilli",5,0.61
"201711121458-168","Bluestriped Grunt","Haemulon sciurus",1,0.8
"201711121458-168","Fringed Filefish","Monacanthus ciliatus",1,3.1
"201711121458-168","Lane Snapper","Lutjanus synagris",2,4.3
"201711121458-168","Mojarra Spp","Eucinostomus spp",10,32.94
"201711121458-168","Rainwater Killifish","Lucania parva",3,0.45
"201711121533-224","Spotted Seatrout","Cynoscion nebulosus",1,0.14
"201711121615-241","Mojarra Spp","Eucinostomus spp",1,0.36
"201711121615-241","Rainwater Killifish","Lucania parva",1,0.17
"201711121642-240","Spotted Seatrout","Cynoscion nebulosus",1,1.81
"201711121656-239","Spotted Seatrout","Cynoscion nebulosus",1,1.72
"201711131035-279","Spotted Seatrout","Cynoscion nebulosus",1,0.19
"201711131049-266","Bay Anchovy","Anchoa mitchilli",137,23.43
"201711131049-266","Inshore Lizardfish","Synodus foetens",1,0.23
"201711131049-266","Mojarra Spp","Eucinostomus spp",5,29.5
"201711131115-278","Spotted Seatrout","Cynoscion nebulosus",1,4.33
"201711131137-237","Spotted Seatrout","Cynoscion nebulosus",6,12.23
"201711131206-174","Spotted Seatrout","Cynoscion nebulosus",1,0.18
"201712100945-266","Bay Anchovy","Anchoa mitchilli",32,3.09
"201712100945-266","Blue Crab","Callinectes sapidus",2,1.26
"201712100945-266","Gulf Pipefish","Syngnathus scovelli",1,0.28
"201712100945-266","Mojarra Spp","Eucinostomus spp",1,1.6
"201712100945-266","Spotted Seatrout","Cynoscion nebulosus",1,2.12
"201712101015-267","Spotted Seatrout","Cynoscion nebulosus",1,7.55
"201712101101-239","Spotted Seatrout","Cynoscion nebulosus",1,1.25
"201712101146-241","Bay Anchovy","Anchoa mitchilli",132,13.38
"201712101146-241","Gulf Pipefish","Syngnathus scovelli",1,0.22
"201712101146-241","Mojarra Spp","Eucinostomus spp",5,12.6
"201712101146-241","Pinfish","Lagodon rhomboides",1,12
"201712101146-241","Planehead Filefish","Stephanolepis hispidus",1,13
"201712101146-241","Rainwater Killifish","Lucania parva",2,0.55
"201712101146-241","Spotted Seatrout","Cynoscion nebulosus",1,2.17
"201712101401-270","Bay Anchovy","Anchoa mitchilli",188,20.16
"201712101401-270","Mojarra Spp","Eucinostomus spp",13,73.13
"201712101436-294","Spotted Seatrout","Cynoscion nebulosus",1,4.56
"201712101533-292","Spotted Seatrout","Cynoscion nebulosus",1,3.43
"201712111005-301","Bay Anchovy","Anchoa mitchilli",140,16.35
"201712111005-301","Mojarra Spp","Eucinostomus spp",5,24.2
"201712111005-301","Rainwater Killifish","Lucania parva",2,0.39
"201712111005-301","Spanish Sardine","Sardinella aurita",1,0.11
"201712111035-303","Spotted Seatrout","Cynoscion nebulosus",3,11.61
"201712111120-314","Bay Anchovy","Anchoa mitchilli",34,9.83
"201712111120-314","Clown Goby","Microgobius gulosus",1,0.45
"201712111120-314","Mojarra Spp","Eucinostomus spp",17,50.86
"201712111150-323","Spotted Seatrout","Cynoscion nebulosus",1,6.03
"201712111220-618","Bay Anchovy","Anchoa mitchilli",54,7.47
"201712111220-618","Mojarra Spp","Eucinostomus spp",56,158.81
"201712111248-622","Spotted Seatrout","Cynoscion nebulosus",1,6.86
"201712111300-619","Spotted Seatrout","Cynoscion nebulosus",1,4.73
"201712111325-402","Bay Anchovy","Anchoa mitchilli",40,5.88
"201712111325-402","Mojarra Spp","Eucinostomus spp",134,583.77
"201712111630-168","Bay Anchovy","Anchoa mitchilli",44,7.09
"201712111630-168","Mojarra Spp","Eucinostomus spp",27,53.49
"201712111630-168","Pinfish","Lagodon rhomboides",1,15
"201712111630-168","Rainwater Killifish","Lucania parva",30,8.28
"201712111630-168","Spotted Seatrout","Cynoscion nebulosus",3,22.7
"201712120920-070","Atlantic Brief Squid","Lolliguncula brevis",2,5
"201712120920-070","Atlantic Bumper","Chloroscombrus chrysurus",1,0.42
"201712120920-070","Bay Anchovy","Anchoa mitchilli",106,33.28
"201712120920-070","Inshore Lizardfish","Synodus foetens",2,0.35
"201712120920-070","Mojarra Spp","Eucinostomus spp",13,50.44
"201712120920-070","Southern Kingfish","Menticirrhus americanus",3,11.75
"201712120920-070","Spanish Sardine","Sardinella aurita",2,3.5
"201712121145-022","Atlantic Brief Squid","Lolliguncula brevis",1,0.08
"201712121145-022","Bay Anchovy","Anchoa mitchilli",1370,97.15
"201712121145-022","French Grunt","Haemulon flavolineatum",1,3.67
"201712121145-022","Inshore Lizardfish","Synodus foetens",1,0.08
"201712121145-022","Lane Snapper","Lutjanus synagris",2,14.43
"201712121145-022","Mojarra Spp","Eucinostomus spp",7,21.17
"201712121145-022","Planehead Filefish","Stephanolepis hispidus",2,0.15
"201712121145-022","Sheepshead Porgy","Calamus penna",1,11.41
"201712121145-022","Shortfinger Neck Crab","Podochela sidneyi",1,0.08
"201712121145-022","White Grunt","Haemulon plumierii",6,12.25
"201712121205-024","Spotted Seatrout","Cynoscion nebulosus",1,8.39
"201712121240-123","Fringed Filefish","Monacanthus ciliatus",2,17.6
"201712121240-123","Mojarra Spp","Eucinostomus spp",44,170.39
"201712121240-123","Pinfish","Lagodon rhomboides",6,75
"201712121240-123","Planehead Filefish","Stephanolepis hispidus",1,4
"201712121240-123","White Grunt","Haemulon plumierii",18,111.6
"201712121240-146","Bay Anchovy","Anchoa mitchilli",9,2.21
"201712121240-146","Lane Snapper","Lutjanus synagris",1,8
"201712121240-146","Mojarra Spp","Eucinostomus spp",24,74.38
"201712121240-146","Rainwater Killifish","Lucania parva",1,0.3
"201712121240-146","Spotted Seatrout","Cynoscion nebulosus",1,1.33
"201801031108-266","Bay Anchovy","Anchoa mitchilli",30,14.83
"201801031108-266","Grunt Spp","Haemulon spp",1,0.07
"201801031108-266","Gulf Pipefish","Syngnathus scovelli",2,0.55
"201801031108-266","Mud Crab Spp","Panopeidae spp",2,0.65
"201801031108-266","Spotted Seatrout","Cynoscion nebulosus",1,4.66
"201801031128-267","Spotted Seatrout","Cynoscion nebulosus",1,5.96
"201801031157-291","Spotted Seatrout","Cynoscion nebulosus",1,4.95
"201801031245-301","Bay Anchovy","Anchoa mitchilli",19,2.19
"201801031245-301","Gulf Pipefish","Syngnathus scovelli",1,0.43
"201801031245-301","Mojarra Spp","Eucinostomus spp",10,27.02
"201801031259-302","Spotted Seatrout","Cynoscion nebulosus",1,5.5
"201801031459-270","Code Goby","Gobiosoma robustum",2,0.85
"201801031459-270","Gulf Pipefish","Syngnathus scovelli",1,0.64
"201801031459-270","Mojarra Spp","Eucinostomus spp",2,3.3
"201801040955-314","Bay Anchovy","Anchoa mitchilli",151,9.87
"201801040955-314","Dusky Pipefish","Syngnathus floridae",1,0.67
"201801040955-314","Mojarra Spp","Eucinostomus spp",15,69.8
"201801041034-618","Bay Anchovy","Anchoa mitchilli",164,11.9
"201801041034-618","Mojarra Spp","Eucinostomus spp",12,41.1
"201801041132-402","Bay Anchovy","Anchoa mitchilli",8,1.79
"201801041132-402","Mojarra Spp","Eucinostomus spp",20,94.6
"201801041311-315","Spotted Seatrout","Cynoscion nebulosus",1,1.57
"201801050920-070","Atlantic Brief Squid","Lolliguncula brevis",2,8.2
"201801050920-070","Bay Anchovy","Anchoa mitchilli",44,21.37
"201801050920-070","Mojarra Spp","Eucinostomus spp",11,40.8
"201801051002-168","Bay Anchovy","Anchoa mitchilli",2501,258.07
"201801051002-168","Goldspotted Killifish","Floridichthys carpio",1,3.2
"201801051002-168","Lane Snapper","Lutjanus synagris",1,8.3
"201801051002-168","Mojarra Spp","Eucinostomus spp",6,14.2
"201801051002-168","Mud Crab Spp","Panopeidae spp",1,0.07
"201801051002-168","Pinfish","Lagodon rhomboides",1,17
"201801051002-168","Rainwater Killifish","Lucania parva",1,0.67
"201801051106-146","Bay Anchovy","Anchoa mitchilli",7,0.93
"201801051106-146","Lane Snapper","Lutjanus synagris",5,22
"201801051106-146","Mojarra Spp","Eucinostomus spp",25,65.45
"201801051106-146","Mud Crab Spp","Panopeidae spp",1,0.11
"201801051106-146","Oyster Mud Crab","Panopeus simpsoni",1,0.23
"201801051106-146","Planehead Filefish","Stephanolepis hispidus",4,2.53
"201801051106-146","Scrawled Cowfish","Acanthostracion quadricornis",1,1.7
"201801051106-146","Spotted Seatrout","Cynoscion nebulosus",1,7.62
"201801051153-123","Bay Anchovy","Anchoa mitchilli",9,0.88
"201801051153-123","Dusky Pipefish","Syngnathus floridae",2,0.4
"201801051153-123","Flatback Mud Crab","Eurypanopeus depressus",1,0.1
"201801051153-123","Mojarra Spp","Eucinostomus spp",26,62.86
"201801051153-123","Pigfish","Orthopristis chrysoptera",3,0.25
"201801051153-123","Pinfish","Lagodon rhomboides",2,24
"201801051153-123","Planehead Filefish","Stephanolepis hispidus",1,0.33
"201801051153-123","White Grunt","Haemulon plumierii",13,35.9
"201801051248-022","Bay Anchovy","Anchoa mitchilli",141,25.76
"201801051248-022","Mojarra Spp","Eucinostomus spp",4,11.7
"201801051248-022","Planehead Filefish","Stephanolepis hispidus",1,0.7
"201801061025-241","Atlantic Mud Crab","Panopeus herbstii",1,0.35
"201801061025-241","Bay Anchovy","Anchoa mitchilli",57,4.27
"201801061025-241","Rainwater Killifish","Lucania parva",3,1.08
"201803230946-266","Bay Anchovy","Anchoa mitchilli",99,36.62
"201803230946-266","Code Goby","Gobiosoma robustum",4,2.31
"201803230946-266","Cottonwick","Haemulon melanurum",1,5.3
"201803230946-266","Gulf Pipefish","Syngnathus scovelli",2,0.7
"201803230946-266","Gulf Toadfish","Opsanus beta",14,42.5
"201803230946-266","Pinfish","Lagodon rhomboides",2,1.16
"201803230946-266","Rainwater Killifish","Lucania parva",2,0.18
"201803231139-301","Bay Anchovy","Anchoa mitchilli",1,0.36
"201803231139-301","Checkered Puffer","Sphoeroides testudineus",1,0.93
"201803231139-301","Gulf Pipefish","Syngnathus scovelli",1,0.82
"201803231139-301","Mojarra Spp","Eucinostomus spp",1,6.62
"201803231345-270","Chain Pipefish","Syngnathus louisianae",1,0.2
"201803231345-270","Dusky Pipefish","Syngnathus floridae",1,0.18
"201803231345-270","Gulf Pipefish","Syngnathus scovelli",1,0.82
"201803231345-270","Mojarra Spp","Eucinostomus spp",1,14.54
"201803240957-314","Mojarra Spp","Eucinostomus spp",3,23.4
"201803241120-621","Bay Anchovy","Anchoa mitchilli",168,18.6
"201803241120-621","Code Goby","Gobiosoma robustum",1,0.21
"201803241120-621","Dusky Pipefish","Syngnathus floridae",1,0.27
"201803241120-621","Goldspotted Killifish","Floridichthys carpio",1,0.16
"201803241120-621","Mojarra Spp","Eucinostomus spp",19,39.99
"201803241205-402","Bay Anchovy","Anchoa mitchilli",41,2.78
"201803241205-402","Code Goby","Gobiosoma robustum",1,0.02
"201803241205-402","Mojarra Spp","Eucinostomus spp",15,86.84
"201803241434-241","Anchovy Spp","Anchoa spp",1,0.06
"201803241434-241","Bluestriped Grunt","Haemulon sciurus",1,2.49
"201803241434-241","Code Goby","Gobiosoma robustum",2,1.32
"201803241434-241","Fringed Pipefish","Anarchopterus criniger",1,0.11
"201803241434-241","Gulf Pipefish","Syngnathus scovelli",1,0.47
"201803241434-241","Mojarra Spp","Eucinostomus spp",1,9.96
"201803241434-241","Planehead Filefish","Stephanolepis hispidus",1,7.94
"201803241434-241","Rainwater Killifish","Lucania parva",6,1.13
"201803241434-241","Silver Perch","Bairdiella chrysoura",2,3.1
"201803251008-168","Bay Anchovy","Anchoa mitchilli",40,7.07
"201803251008-168","Code Goby","Gobiosoma robustum",1,0.34
"201803251008-168","Grunt Spp","Haemulon spp",1,0.04
"201803251008-168","Inshore Lizardfish","Synodus foetens",1,0.1
"201803251008-168","Lane Snapper","Lutjanus synagris",1,11
"201803251008-168","Mojarra Spp","Eucinostomus spp",3,16.7
"201803251107-146","Bluestriped Grunt","Haemulon sciurus",2,9.42
"201803251107-146","Grunt Spp","Haemulon spp",2,0.7
"201803251107-146","Honeycomb Cowfish","Acanthostracion polygonius",1,7.95
"201803251107-146","Lane Snapper","Lutjanus synagris",3,29.92
"201803251107-146","Leopard Sea Robin","Prionotus scitulus",1,0.77
"201803251107-146","Mojarra Spp","Eucinostomus spp",13,101.71
"201803251107-146","Pinfish","Lagodon rhomboides",2,20.72
"201803251107-146","Silver Perch","Bairdiella chrysoura",1,0.35
"201803251153-123","Bluestriped Grunt","Haemulon sciurus",2,8.2
"201803251153-123","Checkered Puffer","Sphoeroides testudineus",2,0.73
"201803251153-123","Dusky Pipefish","Syngnathus floridae",1,0.13
"201803251153-123","Dwarf Seahorse","Hippocampus zosterae",5,0.31
"201803251153-123","Emerald Parrotfish","Nicholsina usta",3,3.62
"201803251153-123","Fringed Filefish","Monacanthus ciliatus",2,10.6
"201803251153-123","Grass Porgy","Calamus arctifrons",1,1
"201803251153-123","Gray Snapper","Lutjanus griseus",1,2.2
"201803251153-123","Grunt Spp","Haemulon spp",1,0.04
"201803251153-123","Mojarra Spp","Eucinostomus spp",18,72.6
"201803251153-123","Pigfish","Orthopristis chrysoptera",5,3.58
"201803251153-123","Pinfish","Lagodon rhomboides",27,19.78
"201803251153-123","White Grunt","Haemulon plumierii",10,31.7
"201803251348-022","Mojarra Spp","Eucinostomus spp",1,23.32
"201803251445-070","Atlantic Brief Squid","Lolliguncula brevis",1,0.4
"201803251445-070","Bay Anchovy","Anchoa mitchilli",44,9.44
"201803251445-070","Blackcheek Tonguefish","Symphurus plagiusa",6,11.25
"201803251445-070","Code Goby","Gobiosoma robustum",1,0.29
"201803251445-070","Gulf Pipefish","Syngnathus scovelli",1,0.71
"201803251445-070","Inshore Lizardfish","Synodus foetens",8,4.97
"201803251445-070","Mojarra Spp","Eucinostomus spp",1,0.14
"201803251445-070","Striped Mullet","Mugil cephalus",1,7.7
"201805231337-618","Bay Anchovy","Anchoa mitchilli",11,3.42
"201805231337-618","Mojarra Spp","Eucinostomus spp",15,85.5
"201805240910-070","Bay Anchovy","Anchoa mitchilli",41,6.67
"201805240910-070","Leopard Sea Robin","Prionotus scitulus",1,0.89
"201805240910-070","Mojarra Spp","Eucinostomus spp",1,9.4
"201805241150-022","Anchovy Spp","Anchoa spp",3,0.05
"201805241150-022","Bluestriped Grunt","Haemulon sciurus",1,0.05
"201805241150-022","Dusky Pipefish","Syngnathus floridae",1,0.11
"201805241150-022","Dwarf Seahorse","Hippocampus zosterae",1,0.13
"201805241150-022","Fringed Filefish","Monacanthus ciliatus",12,10.11
"201805241150-022","Grass Porgy","Calamus arctifrons",5,7.33
"201805241150-022","Lane Snapper","Lutjanus synagris",1,7.41
"201805241150-022","Mojarra Spp","Eucinostomus spp",24,64.15
"201805241150-022","Pigfish","Orthopristis chrysoptera",8,3.64
"201805241150-022","Striped Burrfish","Chilomycterus schoepfi",1,1.7
"201805241150-022","Striped Grunt","Haemulon striatum",1,0.58
"201805241258-123","Atlantic Bay Scallop","Argopecten irradians",1,12
"201805241258-123","Bluestriped Grunt","Haemulon sciurus",8,23.32
"201805241258-123","Dusky Pipefish","Syngnathus floridae",5,1.81
"201805241258-123","Dwarf Seahorse","Hippocampus zosterae",1,0.05
"201805241258-123","Fringed Filefish","Monacanthus ciliatus",5,13.88
"201805241258-123","Gulf Pipefish","Syngnathus scovelli",1,0.08
"201805241258-123","Lane Snapper","Lutjanus synagris",1,9.6
"201805241258-123","Marbled Blenny","Paraclinus marmoratus",1,0.11
"201805241258-123","Mojarra Spp","Eucinostomus spp",230,59.7
"201805241258-123","Pinfish","Lagodon rhomboides",35,118.64
"201805241258-123","Planehead Filefish","Stephanolepis hispidus",1,3.7
"201805241258-123","Rainwater Killifish","Lucania parva",19,2.27
"201805241258-123","Silver Perch","Bairdiella chrysoura",8,13.01
"201805241258-123","White Grunt","Haemulon plumierii",4,30.6
"201805241430-146","Anchovy Spp","Anchoa spp",4,0.18
"201805241430-146","Bay Anchovy","Anchoa mitchilli",16,1.01
"201805241430-146","Broad-Striped Anchovy","Anchoa hepsetus",11,2.87
"201805241430-146","Code Goby","Gobiosoma robustum",3,1.14
"201805241430-146","Dusky Pipefish","Syngnathus floridae",2,0.12
"201805241430-146","Dwarf Seahorse","Hippocampus zosterae",1,0.1
"201805241430-146","Fringed Filefish","Monacanthus ciliatus",3,1.29
"201805241430-146","Grass Porgy","Calamus arctifrons",3,1.6
"201805241430-146","Mojarra Spp","Eucinostomus spp",12,20.58
"201805241430-146","Pigfish","Orthopristis chrysoptera",8,7.84
"201805241430-146","Pinfish","Lagodon rhomboides",5,21.53
"201805241430-146","Rainwater Killifish","Lucania parva",7,0.96
"201805241430-146","Silver Perch","Bairdiella chrysoura",23,12.54
"201805241605-168","Harris Mud Crab","Rhithropanopeus harrisii",1,0.43
"201805241605-168","Inshore Lizardfish","Synodus foetens",1,0.12
"201805241605-168","Mojarra Spp","Eucinostomus spp",8,17.53
"201805241723-226","Spotted Seatrout","Cynoscion nebulosus",1,1.18
"201805241740-241","Dusky Pipefish","Syngnathus floridae",1,0.06
"201805241740-241","Dwarf Seahorse","Hippocampus zosterae",1,0.07
"201805241740-241","Fringed Pipefish","Anarchopterus criniger",2,0.18
"201805241740-241","Goldspotted Killifish","Floridichthys carpio",1,0.04
"201805241740-241","Mojarra Spp","Eucinostomus spp",10,11.71
"201805241740-241","Rainwater Killifish","Lucania parva",16,1.11
"201805241740-241","Silver Perch","Bairdiella chrysoura",2,3.5
"201805251005-266","Bay Anchovy","Anchoa mitchilli",116,7.69
"201805251005-266","Broad-Striped Anchovy","Anchoa hepsetus",1,1.86
"201805251005-266","Dwarf Seahorse","Hippocampus zosterae",1,0.01
"201805251005-266","Gulf Pipefish","Syngnathus scovelli",1,0.15
"201805251005-266","Herring Spp","Clupeidae spp",2,0.17
"201805251005-266","Ladyfish","Elops saurus",2,0.06
"201805251005-266","Leopard Sea Robin","Prionotus scitulus",1,1.09
"201805251450-270","Dusky Pipefish","Syngnathus floridae",2,0.43
"201805251450-270","Dwarf Seahorse","Hippocampus zosterae",6,0.58
"201805251450-270","Mojarra Spp","Eucinostomus spp",5,5.36
"201805260950-301","Striped Burrfish","Chilomycterus schoepfi",1,11
"201806121110-314","Clown Goby","Microgobius gulosus",1,0.04
"201806121110-314","Dwarf Seahorse","Hippocampus zosterae",2,0.17
"201806121110-314","Goby Spp","Gobiidae spp",1,0.02
"201806121213-618","Bay Anchovy","Anchoa mitchilli",1,0.21
"201806121213-618","Dwarf Seahorse","Hippocampus zosterae",2,0.06
"201806121213-618","Mojarra Spp","Eucinostomus spp",5,19.07
"201806121316-402","Dusky Pipefish","Syngnathus floridae",1,0.47
"201806121316-402","Mojarra Spp","Eucinostomus spp",10,71.57
"201806121534-301","Anchovy Spp","Anchoa spp",4,1.75
"201806121534-301","Bay Anchovy","Anchoa mitchilli",16,5.69
"201806121534-301","Dwarf Seahorse","Hippocampus zosterae",1,0.12
"201806121534-301","Gulf Pipefish","Syngnathus scovelli",2,1.17
"201806121534-301","Mojarra Spp","Eucinostomus spp",3,8.8
"201806121534-301","Rainwater Killifish","Lucania parva",1,0.2
"201806121534-301","Silver Perch","Bairdiella chrysoura",1,3.51
"201806121534-301","Spanish Sardine","Sardinella aurita",2,0.65
"201806130906-266","Dwarf Seahorse","Hippocampus zosterae",1,0.01
"201806130906-266","Gulf Pipefish","Syngnathus scovelli",3,1.06
"201806130906-266","Gulf Toadfish","Opsanus beta",1,0.71
"201806130906-266","Mojarra Spp","Eucinostomus spp",4,2.13
"201806130906-266","Rainwater Killifish","Lucania parva",6,0.42
"201806130906-266","Spotted Seatrout","Cynoscion nebulosus",1,0.56
"201806130948-253","Spotted Seatrout","Cynoscion nebulosus",1,0.34
"201806131006-239","Spotted Seatrout","Cynoscion nebulosus",1,0.06
"201806131048-225","Spotted Seatrout","Cynoscion nebulosus",1,3.62
"201806131107-241","Fringed Pipefish","Anarchopterus criniger",1,0.06
"201806131107-241","Gulf Pipefish","Syngnathus scovelli",1,0.59
"201806131107-241","Mojarra Spp","Eucinostomus spp",2,3.62
"201806131107-241","Rainwater Killifish","Lucania parva",4,0.48
"201806131243-270","Dusky Pipefish","Syngnathus floridae",1,0.11
"201806131243-270","Mojarra Spp","Eucinostomus spp",13,7.12
"201806140743-070","Atlantic Brief Squid","Lolliguncula brevis",1,0.5
"201806140743-070","Atlantic Spadefish","Chaetodipterus faber",1,0.28
"201806140743-070","Bay Anchovy","Anchoa mitchilli",85,19.9
"201806140743-070","Mojarra Spp","Eucinostomus spp",8,13.71
"201806140743-070","Spanish Sardine","Sardinella aurita",1,0.3
"201806140826-168","Anchovy Spp","Anchoa spp",1,0.05
"201806140826-168","Bay Anchovy","Anchoa mitchilli",4,0.36
"201806140826-168","Bluestriped Grunt","Haemulon sciurus",8,36.54
"201806140826-168","Dusky Pipefish","Syngnathus floridae",6,1.81
"201806140826-168","Fringed Filefish","Monacanthus ciliatus",28,44.21
"201806140826-168","Grass Porgy","Calamus arctifrons",1,0.63
"201806140826-168","Gulf Pipefish","Syngnathus scovelli",5,1.9
"201806140826-168","Hogfish","Lachnolaimus maximus",2,7.73
"201806140826-168","Marbled Blenny","Paraclinus marmoratus",2,5.69
"201806140826-168","Mojarra Spp","Eucinostomus spp",82,51.9
"201806140826-168","Pinfish","Lagodon rhomboides",74,381.95
"201806140826-168","Rainwater Killifish","Lucania parva",13,1.62
"201806140826-168","Silver Perch","Bairdiella chrysoura",1,1.93
"201806140826-168","Spotted Seatrout","Cynoscion nebulosus",1,2.59
"201806140826-168","Striped Burrfish","Chilomycterus schoepfi",1,7.96
"201806141140-146","Bay Anchovy","Anchoa mitchilli",15,2.34
"201806141140-146","Bluestriped Grunt","Haemulon sciurus",10,30.62
"201806141140-146","Dusky Pipefish","Syngnathus floridae",6,1.69
"201806141140-146","Fringed Filefish","Monacanthus ciliatus",3,9.88
"201806141140-146","Gulf Pipefish","Syngnathus scovelli",14,3.97
"201806141140-146","Mojarra Spp","Eucinostomus spp",67,39.8
"201806141140-146","Pinfish","Lagodon rhomboides",22,98.19
"201806141140-146","Rainwater Killifish","Lucania parva",141,13.84
"201806141140-146","Silver Perch","Bairdiella chrysoura",6,9.2
"201806141140-146","Spotted Seatrout","Cynoscion nebulosus",2,0.27
"201806141159-147","Spotted Seatrout","Cynoscion nebulosus",2,2.71
"201806141226-123","Bay Anchovy","Anchoa mitchilli",97,25.04
"201806141226-123","Bluestriped Grunt","Haemulon sciurus",2,0.46
"201806141226-123","Dusky Pipefish","Syngnathus floridae",4,1.2
"201806141226-123","Dwarf Seahorse","Hippocampus zosterae",2,0.15
"201806141226-123","Fringed Filefish","Monacanthus ciliatus",4,8.47
"201806141226-123","Gulf Pipefish","Syngnathus scovelli",1,0.58
"201806141226-123","Mojarra Spp","Eucinostomus spp",45,25.76
"201806141226-123","Pinfish","Lagodon rhomboides",20,56.81
"201806141226-123","Planehead Filefish","Stephanolepis hispidus",1,7.04
"201806141226-123","Silver Perch","Bairdiella chrysoura",6,7.57
"201806141226-123","Spanish Sardine","Sardinella aurita",12,2.72
"201806141525-022","Bluestriped Grunt","Haemulon sciurus",8,9.68
"201806141525-022","Burrfish Spp","Chilomycterus spp",1,0.44
"201806141525-022","Dusky Pipefish","Syngnathus floridae",13,5.57
"201806141525-022","Fringed Filefish","Monacanthus ciliatus",1,0.03
"201806141525-022","Gulf Pipefish","Syngnathus scovelli",5,2.44
"201806141525-022","Mojarra Spp","Eucinostomus spp",117,216.37
"201806141525-022","Pinfish","Lagodon rhomboides",15,50.15
"201806141525-022","Silver Perch","Bairdiella chrysoura",5,2
"201806141525-022","White Grunt","Haemulon plumierii",5,25.02
"201807231035-279","Spotted Seatrout","Cynoscion nebulosus",1,4.24
"201807231050-266","Gulf Pipefish","Syngnathus scovelli",3,0.27
"201807231050-266","Gulf Toadfish","Opsanus beta",1,0.27
"201807231050-266","Mojarra Spp","Eucinostomus spp",25,58.32
"201807231050-266","Rainwater Killifish","Lucania parva",8,0.71
"201807231050-266","Silver Perch","Bairdiella chrysoura",2,2
"201807231312-241","Fringed Pipefish","Anarchopterus criniger",1,0.07
"201807231312-241","Goldspotted Killifish","Floridichthys carpio",3,0.4
"201807231312-241","Gulf Pipefish","Syngnathus scovelli",1,0.24
"201807231312-241","Gulf Toadfish","Opsanus beta",1,0.13
"201807231312-241","Mojarra Spp","Eucinostomus spp",32,8.17
"201807231312-241","Pinfish","Lagodon rhomboides",5,32.2
"201807231312-241","Rainwater Killifish","Lucania parva",108,9.62
"201807231312-241","Silver Perch","Bairdiella chrysoura",3,20.1
"201807240910-270","Mojarra Spp","Eucinostomus spp",6,24
"201807240910-270","Pinfish","Lagodon rhomboides",2,12.61
"201807240910-270","Rainwater Killifish","Lucania parva",2,0.26
"201807241053-301","Dwarf Seahorse","Hippocampus zosterae",1,0.03
"201807241053-301","Gulf Pipefish","Syngnathus scovelli",1,0.58
"201807241108-312","Spotted Seatrout","Cynoscion nebulosus",1,1.59
"201807241134-314","Dwarf Seahorse","Hippocampus zosterae",4,0.17
"201807241134-314","Mojarra Spp","Eucinostomus spp",1,0.66
"201807241238-304","Spotted Seatrout","Cynoscion nebulosus",1,1.57
"201807241523-402","Gulf Pipefish","Syngnathus scovelli",1,0.3
"201807241523-402","Mojarra Spp","Eucinostomus spp",8,4.71
"201807241556-618","Bay Anchovy","Anchoa mitchilli",10,2.8
"201807241556-618","Mojarra Spp","Eucinostomus spp",84,120.32
"201807241556-618","Spanish Sardine","Sardinella aurita",1,0.34
"201807250805-168","Bay Anchovy","Anchoa mitchilli",27,4.02
"201807250805-168","Bluestriped Grunt","Haemulon sciurus",4,32.9
"201807250805-168","Mojarra Spp","Eucinostomus spp",133,236.85
"201807250805-168","Pinfish","Lagodon rhomboides",14,154.7
"201807250830-169","Spotted Seatrout","Cynoscion nebulosus",3,3.4
"201807251030-146","Bluestriped Grunt","Haemulon sciurus",2,14.4
"201807251030-146","Dusky Pipefish","Syngnathus floridae",1,0.32
"201807251030-146","Fringed Filefish","Monacanthus ciliatus",1,4.4
"201807251030-146","Gulf Pipefish","Syngnathus scovelli",4,0.57
"201807251030-146","Mojarra Spp","Eucinostomus spp",20,14.68
"201807251030-146","Pinfish","Lagodon rhomboides",10,82.1
"201807251030-146","Rainwater Killifish","Lucania parva",51,4.39
"201807251030-146","Sheepshead","Archosargus probatocephalus",2,5.9
"201807251030-146","Silver Perch","Bairdiella chrysoura",25,53.64
"201807251030-146","Spotted Seatrout","Cynoscion nebulosus",1,0.69
"201807251030-146","Striped Burrfish","Chilomycterus schoepfi",1,5.5
"201807251030-146","White Grunt","Haemulon plumierii",1,2.8
"201807251115-135","Spotted Seatrout","Cynoscion nebulosus",2,3.26
"201807251238-123","Dusky Pipefish","Syngnathus floridae",1,0.45
"201807251238-123","Fringed Filefish","Monacanthus ciliatus",3,1.68
"201807251238-123","Grunt Spp","Haemulon spp",1,0.31
"201807251238-123","Mojarra Spp","Eucinostomus spp",24,17.36
"201807251238-123","Pinfish","Lagodon rhomboides",2,11
"201807251238-123","Rainwater Killifish","Lucania parva",6,0.92
"201807251238-123","Silver Perch","Bairdiella chrysoura",9,20.2
"201807251238-123","Spotted Seatrout","Cynoscion nebulosus",3,5.91
"201807251238-123","Striped Burrfish","Chilomycterus schoepfi",1,19
"201807251238-123","White Grunt","Haemulon plumierii",3,13.5
"201807251514-022","Bay Anchovy","Anchoa mitchilli",5,0.79
"201807251514-022","Emerald Parrotfish","Nicholsina usta",1,0.52
"201807251514-022","Mojarra Spp","Eucinostomus spp",2,4.4
"201807251514-022","Spanish Sardine","Sardinella aurita",1,0.04
"201807251514-022","White Grunt","Haemulon plumierii",1,1
"201807260742-070","Anchovy Spp","Anchoa spp",10,0.52
"201807260742-070","Atlantic Brief Squid","Lolliguncula brevis",2,0.43
"201807260742-070","Bay Anchovy","Anchoa mitchilli",351,31.43
"201807260742-070","Broad-Striped Anchovy","Anchoa hepsetus",1,1.9
"201807260742-070","Mojarra Spp","Eucinostomus spp",51,196.3
"201807260742-070","Mud Crab Spp","Panopeidae spp",1,0.03
"201807260742-070","Sargassum Swimming Crab","Portunus sayi",1,1.3
"201807260742-070","Southern Kingfish","Menticirrhus americanus",5,0.88
"201807260742-070","Tarpon","Megalops atlanticus",2,0.02
"201808211107-279","Spotted Seatrout","Cynoscion nebulosus",6,8.1
"201808211131-266","Bay Anchovy","Anchoa mitchilli",2,0.33
"201808211131-266","Code Goby","Gobiosoma robustum",1,0.15
"201808211131-266","Mojarra Spp","Eucinostomus spp",34,65.21
"201808211131-266","Rainwater Killifish","Lucania parva",12,0.98
"201808211131-266","Silver Perch","Bairdiella chrysoura",1,5.52
"201808211131-266","Spotted Seatrout","Cynoscion nebulosus",3,1.33
"201808211152-280","Spotted Seatrout","Cynoscion nebulosus",1,5.39
"201808211236-254","Spotted Seatrout","Cynoscion nebulosus",1,4.76
"201808211403-241","Fringed Pipefish","Anarchopterus criniger",1,0.09
"201808211403-241","Gulf Pipefish","Syngnathus scovelli",1,0.53
"201808211403-241","Mojarra Spp","Eucinostomus spp",4,12.23
"201808211403-241","Pinfish","Lagodon rhomboides",4,36.88
"201808211403-241","Rainwater Killifish","Lucania parva",18,1.41
"201808211640-270","Great Barracuda","Sphyraena barracuda",1,2.8
"201808211640-270","Mojarra Spp","Eucinostomus spp",9,15.41
"201808211640-270","Pinfish","Lagodon rhomboides",1,10.1
"201808211640-270","Rainwater Killifish","Lucania parva",1,0.12
"201808211759-268","Spotted Seatrout","Cynoscion nebulosus",1,1.89
"201808230921-609","Spotted Seatrout","Cynoscion nebulosus",1,0.33
"201808230943-301","Bay Anchovy","Anchoa mitchilli",1,0.14
"201808230943-301","Mojarra Spp","Eucinostomus spp",34,98.53
"201808231010-314","Mojarra Spp","Eucinostomus spp",15,13.07
"201808231021-313","Spotted Seatrout","Cynoscion nebulosus",1,0.17
"201808231211-402","Dusky Pipefish","Syngnathus floridae",1,0.58
"201808231211-402","Dwarf Seahorse","Hippocampus zosterae",1,0.01
"201808231211-402","Great Barracuda","Sphyraena barracuda",1,1.65
"201808231211-402","Mojarra Spp","Eucinostomus spp",810,883.58
"201808231231-618","Bay Anchovy","Anchoa mitchilli",7,2.15
"201808231231-618","Mojarra Spp","Eucinostomus spp",98,165.11
"201808231705-169","Spotted Seatrout","Cynoscion nebulosus",4,7.22
"201808240743-070","Bay Anchovy","Anchoa mitchilli",42,8.42
"201808240743-070","Dark-Banded Mantis Shrimp","Lysosquilla scabricauda",1,0.56
"201808240743-070","Mojarra Spp","Eucinostomus spp",46,97.07
"201808240743-070","Rainwater Killifish","Lucania parva",8,0.58
"201808240802-168","Bay Anchovy","Anchoa mitchilli",35,3.4
"201808240802-168","Bluestriped Grunt","Haemulon sciurus",3,33.17
"201808240802-168","Fringed Filefish","Monacanthus ciliatus",2,0.13
"201808240802-168","Lane Snapper","Lutjanus synagris",18,20.25
"201808240802-168","Mojarra Spp","Eucinostomus spp",308,291.01
"201808240802-168","Pinfish","Lagodon rhomboides",1,13.16
"201808240802-168","Spanish Sardine","Sardinella aurita",3,13.27
"201808240802-168","Spotted Seatrout","Cynoscion nebulosus",12,2.85
"201808240840-173","Spotted Seatrout","Cynoscion nebulosus",1,0.16
"201808241057-146","Bluestriped Grunt","Haemulon sciurus",1,9.57
"201808241057-146","Dwarf Seahorse","Hippocampus zosterae",1,0.06
"201808241057-146","Gulf Pipefish","Syngnathus scovelli",1,0.22
"201808241057-146","Mojarra Spp","Eucinostomus spp",43,89.18
"201808241057-146","Pinfish","Lagodon rhomboides",8,87.11
"201808241057-146","Rainwater Killifish","Lucania parva",1,0.08
"201808241057-146","Silver Perch","Bairdiella chrysoura",5,28.42
"201808241057-146","Snapper Spp","Lutjanus spp",1,0.34
"201808241057-146","Trunkfish Spp","Lactophrys spp",1,0.58
"201808241057-146","White Grunt","Haemulon plumierii",1,3.5
"201808241143-122","Spotted Seatrout","Cynoscion nebulosus",1,1.98
"201808241154-123","Bay Anchovy","Anchoa mitchilli",4,0.42
"201808241154-123","Bluestriped Grunt","Haemulon sciurus",2,0.18
"201808241154-123","Dusky Pipefish","Syngnathus floridae",3,0.58
"201808241154-123","Emerald Parrotfish","Nicholsina usta",1,5.21
"201808241154-123","Fringed Filefish","Monacanthus ciliatus",14,10.97
"201808241154-123","Gulf Pipefish","Syngnathus scovelli",1,0.26
"201808241154-123","Lane Snapper","Lutjanus synagris",6,10.72
"201808241154-123","Marbled Blenny","Paraclinus marmoratus",4,3.99
"201808241154-123","Mojarra Spp","Eucinostomus spp",57,62.61
"201808241154-123","Pinfish","Lagodon rhomboides",11,79.63
"201808241154-123","Rainwater Killifish","Lucania parva",6,0.61
"201808241154-123","White Grunt","Haemulon plumierii",4,9.81
"201808241217-112","Spotted Seatrout","Cynoscion nebulosus",1,0.26
"201808241440-022","Bay Anchovy","Anchoa mitchilli",3,0.22
"201808241440-022","Bluestriped Grunt","Haemulon sciurus",4,1.46
"201808241440-022","Fringed Filefish","Monacanthus ciliatus",1,0.03
"201808241440-022","Mojarra Spp","Eucinostomus spp",4,13.34
"201809151031-266","Code Goby","Gobiosoma robustum",3,0.95
"201809151031-266","Gulf Toadfish","Opsanus beta",10,20.28
"201809151031-266","Lined Sole","Achirus lineatus",1,0.44
"201809151031-266","Mojarra Spp","Eucinostomus spp",2,1.69
"201809151111-279","Spotted Seatrout","Cynoscion nebulosus",3,5.18
"201809151140-267","Spotted Seatrout","Cynoscion nebulosus",2,7.52
"201809151226-239","Spotted Seatrout","Cynoscion nebulosus",4,3.94
"201809151239-240","Spotted Seatrout","Cynoscion nebulosus",3,3.71
"201809151323-241","Dwarf Seahorse","Hippocampus zosterae",1,0.1
"201809151323-241","Mojarra Spp","Eucinostomus spp",7,18.58
"201809151323-241","Pinfish","Lagodon rhomboides",4,66.03
"201809151323-241","Rainwater Killifish","Lucania parva",1,0.08
"201809151543-270","Bay Anchovy","Anchoa mitchilli",6,1.5
"201809151543-270","Code Goby","Gobiosoma robustum",1,0.25
"201809151543-270","Mojarra Spp","Eucinostomus spp",53,130.81
"201809151543-270","Pinfish","Lagodon rhomboides",4,49.32
"201809151543-270","Rainwater Killifish","Lucania parva",5,0.29
"201809151543-270","Spotted Seatrout","Cynoscion nebulosus",1,0.57
"201809161012-291","Spotted Seatrout","Cynoscion nebulosus",3,5.62
"201809161035-609","Spotted Seatrout","Cynoscion nebulosus",1,0.22
"201809161057-301","Bay Anchovy","Anchoa mitchilli",1,0.25
"201809161057-301","Mojarra Spp","Eucinostomus spp",17,63.93
"201809161130-304","Spotted Seatrout","Cynoscion nebulosus",1,1.57
"201809161156-314","Bay Anchovy","Anchoa mitchilli",5,1.38
"201809161156-314","Mojarra Spp","Eucinostomus spp",9,19.89
"201809161402-618","Bay Anchovy","Anchoa mitchilli",5,0.96
"201809161402-618","Goldspotted Killifish","Floridichthys carpio",2,0.29
"201809161402-618","Mojarra Spp","Eucinostomus spp",192,233.46
"201809161424-622","Spotted Seatrout","Cynoscion nebulosus",1,3.56
"201809161515-402","Mojarra Spp","Eucinostomus spp",177,277.26
"201809171017-158","Spotted Seatrout","Cynoscion nebulosus",4,0.85
"201809171031-168","Bay Anchovy","Anchoa mitchilli",125,18.68
"201809171031-168","Mojarra Spp","Eucinostomus spp",5,15.8
"201809171031-168","Spanish Sardine","Sardinella aurita",4,0.75
"201809171118-176","Spotted Seatrout","Cynoscion nebulosus",1,0.39
"201809171340-133","Spotted Seatrout","Cynoscion nebulosus",2,2.17
"201809171356-134","Spotted Seatrout","Cynoscion nebulosus",1,0.35
"201809171412-146","Anchovy Spp","Anchoa spp",1,0.01
"201809171412-146","Bay Anchovy","Anchoa mitchilli",1,0.04
"201809171412-146","Dwarf Seahorse","Hippocampus zosterae",1,0.04
"201809171412-146","Mojarra Spp","Eucinostomus spp",59,98.51
"201809171412-146","Pinfish","Lagodon rhomboides",1,14.33
"201809171412-146","Rainwater Killifish","Lucania parva",1,0.22
"201809171436-159","Spotted Seatrout","Cynoscion nebulosus",4,2.21
"201809171455-147","Spotted Seatrout","Cynoscion nebulosus",1,1.56
"201809171508-135","Spotted Seatrout","Cynoscion nebulosus",1,1.23
"201809171527-123","Fringed Filefish","Monacanthus ciliatus",6,7.12
"201809171527-123","Gulf Pipefish","Syngnathus scovelli",1,0.32
"201809171527-123","Lane Snapper","Lutjanus synagris",6,23.52
"201809171527-123","Mojarra Spp","Eucinostomus spp",177,137.48
"201809171527-123","Pinfish","Lagodon rhomboides",5,36.46
"201809171527-123","Rainwater Killifish","Lucania parva",11,1.86
"201809171527-123","Spotted Seatrout","Cynoscion nebulosus",3,3.45
"201809171527-123","White Grunt","Haemulon plumierii",26,22.39
"201809180832-070","Bay Anchovy","Anchoa mitchilli",98,11.95
"201809180832-070","Lane Snapper","Lutjanus synagris",1,3.19
"201809180832-070","Mojarra Spp","Eucinostomus spp",1,1.42
"201809180832-070","Sargassum Swimming Crab","Portunus sayi",1,0.07
"201809180832-070","Spanish Sardine","Sardinella aurita",30,4.87
"201810061011-266","Bay Anchovy","Anchoa mitchilli",46,11.77
"201810061011-266","Bluestriped Grunt","Haemulon sciurus",1,0.11
"201810061011-266","Code Goby","Gobiosoma robustum",1,0.08
"201810061011-266","Mojarra Spp","Eucinostomus spp",7,7.6
"201810061011-266","Rainwater Killifish","Lucania parva",3,0.25
"201810061011-266","Spotted Seatrout","Cynoscion nebulosus",5,2.46
"201810061029-253","Spotted Seatrout","Cynoscion nebulosus",2,0.79
"201810061046-279","Spotted Seatrout","Cynoscion nebulosus",7,17.25
"201810061106-278","Spotted Seatrout","Cynoscion nebulosus",4,5.85
"201810061134-280","Spotted Seatrout","Cynoscion nebulosus",4,17.22
"201810061150-267","Spotted Seatrout","Cynoscion nebulosus",1,0.45
"201810061203-254","Spotted Seatrout","Cynoscion nebulosus",1,0.41
"201810061215-255","Spotted Seatrout","Cynoscion nebulosus",1,0.5
"201810061227-239","Spotted Seatrout","Cynoscion nebulosus",1,1
"201810061229-241","Bay Anchovy","Anchoa mitchilli",2,0.65
"201810061229-241","Mojarra Spp","Eucinostomus spp",9,14.78
"201810061229-241","Pinfish","Lagodon rhomboides",6,50.35
"201810061229-241","Rainwater Killifish","Lucania parva",23,3.01
"201810061229-241","Silver Perch","Bairdiella chrysoura",1,0.2
"201810061229-241","Spotted Seatrout","Cynoscion nebulosus",2,1.43
"201810061319-240","Spotted Seatrout","Cynoscion nebulosus",3,6.73
"201810061408-227","Spotted Seatrout","Cynoscion nebulosus",1,1.73
"201810061618-257","Spotted Seatrout","Cynoscion nebulosus",1,2.04
"201810061634-270","Bay Anchovy","Anchoa mitchilli",3,0.51
"201810061634-270","Mojarra Spp","Eucinostomus spp",32,121.86
"201810061634-270","Pinfish","Lagodon rhomboides",2,26.97
"201810061634-270","Rainwater Killifish","Lucania parva",1,0.19
"201810070939-313","Spotted Seatrout","Cynoscion nebulosus",1,0.48
"201810071007-314","Mojarra Spp","Eucinostomus spp",27,35.6
"201810071025-304","Spotted Seatrout","Cynoscion nebulosus",1,6.15
"201810071231-618","Bay Anchovy","Anchoa mitchilli",3,0.4
"201810071231-618","Goldspotted Killifish","Floridichthys carpio",2,0.52
"201810071231-618","Mojarra Spp","Eucinostomus spp",215,165.88
"201810071512-301","Mojarra Spp","Eucinostomus spp",26,33.11
"201810071553-291","Spotted Seatrout","Cynoscion nebulosus",1,1.14
"201810071633-294","Spotted Seatrout","Cynoscion nebulosus",1,2.14
"201810071702-269","Spotted Seatrout","Cynoscion nebulosus",1,1.03
"201810071714-256","Spotted Seatrout","Cynoscion nebulosus",1,3.78
"201810080937-070","Bay Anchovy","Anchoa mitchilli",364,32.8
"201810080937-070","Clown Goby","Microgobius gulosus",1,1.92
"201810080937-070","Dusky Pipefish","Syngnathus floridae",1,0.03
"201810080937-070","Harris Mud Crab","Rhithropanopeus harrisii",1,0.35
"201810080937-070","Inshore Lizardfish","Synodus foetens",3,0.52
"201810080937-070","Mojarra Spp","Eucinostomus spp",5,15.43
"201810080937-070","Mud Crab Spp","Panopeidae spp",2,0.01
"201810081044-176","Spotted Seatrout","Cynoscion nebulosus",1,0.35
"201810081057-173","Spotted Seatrout","Cynoscion nebulosus",1,1.47
"201810081114-169","Spotted Seatrout","Cynoscion nebulosus",1,0.08
"201810081127-168","Bay Anchovy","Anchoa mitchilli",147,34.27
"201810081127-168","Leopard Sea Robin","Prionotus scitulus",2,0.18
"201810081127-168","Mojarra Spp","Eucinostomus spp",4,15.92
"201810081127-168","Mud Crab Spp","Panopeidae spp",1,0.02
"201810081404-159","Spotted Seatrout","Cynoscion nebulosus",2,2.39
"201810081420-146","Gray Snapper","Lutjanus griseus",1,3.98
"201810081420-146","Lane Snapper","Lutjanus synagris",1,9.7
"201810081420-146","Mojarra Spp","Eucinostomus spp",13,24.21
"201810081420-146","Pinfish","Lagodon rhomboides",1,10.46
"201810081420-146","Rainwater Killifish","Lucania parva",3,0.5
"201810081420-146","White Grunt","Haemulon plumierii",2,0.73
"201810081450-135","Spotted Seatrout","Cynoscion nebulosus",1,0.36
"201810081539-123","Dwarf Seahorse","Hippocampus zosterae",2,0.06
"201810081539-123","Fringed Filefish","Monacanthus ciliatus",7,9.74
"201810081539-123","Mojarra Spp","Eucinostomus spp",173,187.79
"201810081539-123","Pinfish","Lagodon rhomboides",7,70.61
"201810081539-123","White Grunt","Haemulon plumierii",36,39.38
"201811271035-070","Bay Anchovy","Anchoa mitchilli",113,16.12
"201811271035-070","Code Goby","Gobiosoma robustum",1,0.15
"201811271035-070","Dusky Pipefish","Syngnathus floridae",1,0.07
"201811271035-070","Leopard Sea Robin","Prionotus scitulus",1,0.12
"201811271035-070","Mojarra Spp","Eucinostomus spp",1,5.94
"201811271035-070","Mud Crab Spp","Panopeidae spp",1,0.05
"201811271035-070","Southern Kingfish","Menticirrhus americanus",1,0.11
"201811271155-022","Mojarra Spp","Eucinostomus spp",7,71.99
"201811271245-123","Anchovy Spp","Anchoa spp",4,0.19
"201811271245-123","Bay Anchovy","Anchoa mitchilli",1,0.39
"201811271245-123","Bluestriped Grunt","Haemulon sciurus",3,15.76
"201811271245-123","Fringed Filefish","Monacanthus ciliatus",36,111.82
"201811271245-123","Grass Porgy","Calamus arctifrons",2,17.37
"201811271245-123","Gray Snapper","Lutjanus griseus",1,4.07
"201811271245-123","Lane Snapper","Lutjanus synagris",10,40.91
"201811271245-123","Marbled Blenny","Paraclinus marmoratus",2,3.48
"201811271245-123","Mojarra Spp","Eucinostomus spp",155,188.08
"201811271245-123","Pinfish","Lagodon rhomboides",30,366.37
"201811271245-123","Silver Perch","Bairdiella chrysoura",3,14
"201811271245-123","Spotted Seatrout","Cynoscion nebulosus",1,0.63
"201811271245-123","White Grunt","Haemulon plumierii",62,164.94
"201811271550-146","Anchovy Spp","Anchoa spp",3,0.24
"201811271550-146","Bay Anchovy","Anchoa mitchilli",35,10.87
"201811271550-146","Inshore Lizardfish","Synodus foetens",2,2.15
"201811271550-146","Lane Snapper","Lutjanus synagris",12,28.65
"201811271550-146","Mojarra Spp","Eucinostomus spp",142,274.04
"201811271550-146","Neck Crab Spp","Podochelinae spp",1,0.15
"201811271550-146","Pinfish","Lagodon rhomboides",2,32.06
"201811271550-146","White Grunt","Haemulon plumierii",5,47.56
"201811271620-147","Spotted Seatrout","Cynoscion nebulosus",1,0.8
"201811280928-278","Spotted Seatrout","Cynoscion nebulosus",1,7.69
"201811280951-266","Bay Anchovy","Anchoa mitchilli",27,9.53
"201811280951-266","Code Goby","Gobiosoma robustum",1,0.11
"201811280951-266","Mojarra Spp","Eucinostomus spp",25,63.46
"201811281004-280","Spotted Seatrout","Cynoscion nebulosus",1,0.32
"201811281105-239","Spotted Seatrout","Cynoscion nebulosus",3,9.61
"201811281211-241","Dwarf Seahorse","Hippocampus zosterae",1,0.09
"201811281211-241","Mojarra Spp","Eucinostomus spp",4,5.96
"201811281211-241","Pinfish","Lagodon rhomboides",2,20.66
"201811281211-241","Rainwater Killifish","Lucania parva",4,0.49
"201811281211-241","Spotted Seatrout","Cynoscion nebulosus",1,3.19
"201811281211-241","White Grunt","Haemulon plumierii",1,1.99
"201811281421-270","Bay Anchovy","Anchoa mitchilli",41,12.72
"201811281421-270","Mojarra Spp","Eucinostomus spp",28,69.88
"201811281421-270","Pinfish","Lagodon rhomboides",2,25.66
"201811291015-301","Bay Anchovy","Anchoa mitchilli",23,2.81
"201811291015-301","Code Goby","Gobiosoma robustum",1,0.26
"201811291015-301","Mojarra Spp","Eucinostomus spp",13,12.77
"201811291015-301","Striped Burrfish","Chilomycterus schoepfi",1,44.02
"201811291305-402","Dwarf Seahorse","Hippocampus zosterae",1,0.09
"201811291305-402","Flatback Mud Crab","Eurypanopeus depressus",1,0.14
"201811291305-402","Goldspotted Killifish","Floridichthys carpio",1,0.09
"201811291305-402","Mojarra Spp","Eucinostomus spp",86,134.43
"201811291500-618","Bay Anchovy","Anchoa mitchilli",5,0.7
"201811291500-618","Goldspotted Killifish","Floridichthys carpio",1,0.07
"201811291500-618","Mojarra Spp","Eucinostomus spp",24,33.61
"201811301010-314","Bay Anchovy","Anchoa mitchilli",2,0.68
"201811301010-314","Goldspotted Killifish","Floridichthys carpio",1,0.07
"201811301010-314","Mojarra Spp","Eucinostomus spp",30,113.58
"201811301010-314","Pinfish","Lagodon rhomboides",1,15.09
"201811301210-168","Inshore Lizardfish","Synodus foetens",1,3.17
"201811301210-168","Mojarra Spp","Eucinostomus spp",5,44.16
"201811301210-168","Pinfish","Lagodon rhomboides",2,28.82
"201902051001-070","Code Goby","Gobiosoma robustum",1,0.64
"201902051406-146","Chain Pipefish","Syngnathus louisianae",1,0.23
"201902051406-146","Dusky Pipefish","Syngnathus floridae",1,0.16
"201902051406-146","Goldspotted Killifish","Floridichthys carpio",2,0.32
"201902051406-146","Lined Sole","Achirus lineatus",1,1.08
"201902051406-146","Mojarra Spp","Eucinostomus spp",5,13.58
"201902051406-146","Silver Perch","Bairdiella chrysoura",1,0.58
"201902051440-123","Bluestriped Grunt","Haemulon sciurus",2,27.99
"201902051440-123","Dusky Pipefish","Syngnathus floridae",1,0.1
"201902051440-123","Fringed Filefish","Monacanthus ciliatus",1,2.95
"201902051440-123","Mojarra Spp","Eucinostomus spp",39,90.19
"201902051440-123","Planehead Filefish","Stephanolepis hispidus",1,5.12
"201902051440-123","Silver Perch","Bairdiella chrysoura",1,4.43
"201902051440-123","White Grunt","Haemulon plumierii",9,51.15
"201902051724-022","Fringed Filefish","Monacanthus ciliatus",1,5.9
"201902061010-301","Code Goby","Gobiosoma robustum",1,0.34
"201902061010-301","Gulf Pipefish","Syngnathus scovelli",1,0.06
"201902061132-402","Goldspotted Killifish","Floridichthys carpio",4,0.72
"201902061132-402","Mojarra Spp","Eucinostomus spp",215,256.46
"201902061132-402","Rainwater Killifish","Lucania parva",1,0.38
"201902061240-618","Mojarra Spp","Eucinostomus spp",2,2.1
"201902061645-314","Dwarf Seahorse","Hippocampus zosterae",2,0.18
"201902070940-241","Bluestriped Grunt","Haemulon sciurus",2,1.5
"201902070940-241","Chain Pipefish","Syngnathus louisianae",1,0.88
"201902070940-241","Dwarf Seahorse","Hippocampus zosterae",1,0.11
"201902070940-241","Fringed Filefish","Monacanthus ciliatus",2,6.63
"201902070940-241","Goldspotted Killifish","Floridichthys carpio",1,0.25
"201902070940-241","Gray Snapper","Lutjanus griseus",1,6.32
"201902070940-241","Gulf Pipefish","Syngnathus scovelli",3,1.48
"201902070940-241","Inshore Lizardfish","Synodus foetens",1,1.04
"201902070940-241","Mojarra Spp","Eucinostomus spp",5,3.47
"201902070940-241","Planehead Filefish","Stephanolepis hispidus",1,8.01
"201902070940-241","Rainwater Killifish","Lucania parva",151,28.4
"201902070940-241","Sea Star Spp","Asteroidea spp",1,0.03
"201902070940-241","Silver Perch","Bairdiella chrysoura",2,2.53
"201902070940-241","White Grunt","Haemulon plumierii",1,2.77
"201902071148-270","Mojarra Spp","Eucinostomus spp",4,7.79
"201902071148-270","Rainwater Killifish","Lucania parva",1,0.29
"201902080941-266","Code Goby","Gobiosoma robustum",1,0.1
"201902080959-267","Spotted Seatrout","Cynoscion nebulosus",1,6.26
"201903180940-070","Anchovy Spp","Anchoa spp",1,0.08
"201903180940-070","Bay Anchovy","Anchoa mitchilli",24,13.26
"201903180940-070","Clown Goby","Microgobius gulosus",1,0.29
"201903180940-070","Fringed Filefish","Monacanthus ciliatus",1,0.35
"201903181110-022","Anchovy Spp","Anchoa spp",1,0.18
"201903181110-022","Bay Anchovy","Anchoa mitchilli",3,1.78
"201903181110-022","Chain Pipefish","Syngnathus louisianae",1,0.64
"201903181110-022","Inshore Lizardfish","Synodus foetens",1,0.28
"201903181110-022","Mojarra Spp","Eucinostomus spp",3,0.5
"201903181110-022","Sargassum Pipefish","Syngnathus pelagicus",1,0.15
"201903181110-022","Southern Puffer","Sphoeroides nephelus",2,1.27
"201903181445-135","Spotted Seatrout","Cynoscion nebulosus",1,0.5
"201903181535-146","Bay Anchovy","Anchoa mitchilli",156,78.7
"201903181535-146","Bluestriped Grunt","Haemulon sciurus",33,34.31
"201903181535-146","Code Goby","Gobiosoma robustum",1,0.1
"201903181535-146","Dusky Pipefish","Syngnathus floridae",1,0.07
"201903181535-146","Grunt Spp","Haemulon spp",10,2.31
"201903181535-146","Gulf Pipefish","Syngnathus scovelli",2,0.27
"201903181535-146","Lane Snapper","Lutjanus synagris",2,16.58
"201903181535-146","Mojarra Spp","Eucinostomus spp",2,7.62
"201903181535-146","Pinfish","Lagodon rhomboides",3,0.51
"201903181535-146","Silver Perch","Bairdiella chrysoura",7,2.46
"201903181720-168","Leopard Sea Robin","Prionotus scitulus",1,0.57
"201903191130-270","Dusky Pipefish","Syngnathus floridae",1,1.49
"201903191130-270","Florida Blenny","Chasmodes saburrae",1,6.85
"201903191130-270","Gulf Pipefish","Syngnathus scovelli",1,0.2
"201903191130-270","Mojarra Spp","Eucinostomus spp",7,10.94
"201903191130-270","Rainwater Killifish","Lucania parva",2,0.45
"201903191547-241","Bluestriped Grunt","Haemulon sciurus",39,64.89
"201903191547-241","Dwarf Seahorse","Hippocampus zosterae",1,0.18
"201903191547-241","Fringed Filefish","Monacanthus ciliatus",2,10.94
"201903191547-241","Goldspotted Killifish","Floridichthys carpio",1,0.63
"201903191547-241","Grunt Spp","Haemulon spp",5,3.84
"201903191547-241","Gulf Pipefish","Syngnathus scovelli",3,1.01
"201903191547-241","Lane Snapper","Lutjanus synagris",3,33.27
"201903191547-241","Mojarra Spp","Eucinostomus spp",15,56.56
"201903191547-241","Pinfish","Lagodon rhomboides",7,53.06
"201903191547-241","Rainwater Killifish","Lucania parva",2,0.57
"201903200910-266","Bay Anchovy","Anchoa mitchilli",2,1.29
"201903200910-266","Bluestriped Grunt","Haemulon sciurus",15,16.11
"201903200910-266","Code Goby","Gobiosoma robustum",1,0.24
"201903200910-266","Fringed Pipefish","Anarchopterus criniger",1,0.3
"201903200910-266","Grunt Spp","Haemulon spp",3,1.24
"201903200910-266","Gulf Pipefish","Syngnathus scovelli",2,0.61
"201903200910-266","Lane Snapper","Lutjanus synagris",2,10.78
"201903200910-266","Mojarra Spp","Eucinostomus spp",3,19.27
"201903200910-266","Silver Perch","Bairdiella chrysoura",1,3.06
"201903200910-266","Spotted Seatrout","Cynoscion nebulosus",1,7.98
"201903201035-301","Clown Goby","Microgobius gulosus",1,0.11
"201903201035-301","Dwarf Seahorse","Hippocampus zosterae",1,0.05
"201903201035-301","Gulf Pipefish","Syngnathus scovelli",1,0.59
"201903201035-301","Mojarra Spp","Eucinostomus spp",1,3.36
"201903201520-402","Goldspotted Killifish","Floridichthys carpio",1,0.28
"201903201520-402","Mojarra Spp","Eucinostomus spp",1,1.47
"201903201520-402","Redfin Needlefish","Strongylura notata",1,0.1
"201905141045-301","Clown Goby","Microgobius gulosus",2,0.44
"201905141045-301","Code Goby","Gobiosoma robustum",2,0.56
"201905141045-301","Gulf Pipefish","Syngnathus scovelli",4,0.76
"201905141045-301","Mojarra Spp","Eucinostomus spp",7,14.76
"201905141045-301","Rainwater Killifish","Lucania parva",1,0.55
"201905141045-301","Spotted Dragonet","Diplogrammus pauciradiatus",1,0.7
"201905141142-314","Clown Goby","Microgobius gulosus",1,0.28
"201905141142-314","Gulf Pipefish","Syngnathus scovelli",2,1.22
"201905141142-314","Mojarra Spp","Eucinostomus spp",1,2.87
"201905141431-402","Clown Goby","Microgobius gulosus",1,0.14
"201905141431-402","Goldspotted Killifish","Floridichthys carpio",3,0.72
"201905141431-402","Mojarra Spp","Eucinostomus spp",4,19.64
"201905141431-402","Spotted Dragonet","Diplogrammus pauciradiatus",1,0.34
"201905141546-618","Bay Anchovy","Anchoa mitchilli",6,0.47
"201905141546-618","Dwarf Seahorse","Hippocampus zosterae",1,0.17
"201905141546-618","Gulf Pipefish","Syngnathus scovelli",1,0.18
"201905141546-618","Herring Spp","Clupeidae spp",7,0.38
"201905141546-618","Mojarra Spp","Eucinostomus spp",1,0.01
"201905141546-618","Timucu","Strongylura timucu",1,0.06
"201905150903-266","Clown Goby","Microgobius gulosus",1,0.19
"201905150903-266","Code Goby","Gobiosoma robustum",2,0.78
"201905150903-266","Gulf Pipefish","Syngnathus scovelli",1,0.27
"201905150903-266","Lane Snapper","Lutjanus synagris",1,11.68
"201905150903-266","Mojarra Spp","Eucinostomus spp",16,32.01
"201905150903-266","Rainwater Killifish","Lucania parva",1,0.08
"201905150903-266","Spotted Seatrout","Cynoscion nebulosus",1,4.91
"201905150916-280","Spotted Seatrout","Cynoscion nebulosus",1,0.85
"201905151033-270","Goby Spp","Gobiidae spp",1,0.01
"201905151033-270","Gulf Pipefish","Syngnathus scovelli",1,0.16
"201905151033-270","Mojarra Spp","Eucinostomus spp",1,3.58
"201905151211-241","Bluestriped Grunt","Haemulon sciurus",1,4.81
"201905151211-241","Gulf Pipefish","Syngnathus scovelli",1,0.21
"201905151211-241","Mojarra Spp","Eucinostomus spp",33,30.33
"201905151211-241","Rainwater Killifish","Lucania parva",25,1.34
"201905151211-241","Silver Perch","Bairdiella chrysoura",2,2.65
"201905151211-241","Spotted Dragonet","Diplogrammus pauciradiatus",1,0.48
"201905151211-241","Spotted Seatrout","Cynoscion nebulosus",3,7.37
"201905160909-254","Spotted Seatrout","Cynoscion nebulosus",1,0.06
"201905160934-240","Spotted Seatrout","Cynoscion nebulosus",1,2.56
"201905160946-225","Spotted Seatrout","Cynoscion nebulosus",1,1.12
"201905161051-168","Anchovy Spp","Anchoa spp",1,0.03
"201905161051-168","Pinfish","Lagodon rhomboides",1,0.99
"201905161051-168","Rainwater Killifish","Lucania parva",1,0.04
"201905161223-159","Spotted Seatrout","Cynoscion nebulosus",4,5.56
"201905161236-146","Bluestriped Grunt","Haemulon sciurus",4,16.72
"201905161236-146","Gulf Pipefish","Syngnathus scovelli",4,0.69
"201905161236-146","Gulf Toadfish","Opsanus beta",1,6.42
"201905161236-146","Mojarra Spp","Eucinostomus spp",2,6.92
"201905161236-146","Pinfish","Lagodon rhomboides",3,13.89
"201905161236-146","Silver Perch","Bairdiella chrysoura",4,6.4
"201905161316-123","Grunt Spp","Haemulon spp",1,0.2
"201905161316-123","Mojarra Spp","Eucinostomus spp",2,6.62
"201905161316-123","Pinfish","Lagodon rhomboides",3,13.87
"201905161316-123","Silver Perch","Bairdiella chrysoura",1,3.09
"201905170823-070","Anchovy Spp","Anchoa spp",1,0.04
"201905170823-070","Bighead Searobin","Prionotus tribulus",1,8.91
"201905170823-070","Checkered Puffer","Sphoeroides testudineus",1,3.07
"201905170823-070","Inshore Lizardfish","Synodus foetens",2,2.74
"201905170823-070","Mojarra Spp","Eucinostomus spp",1,1.78
"201906250944-278","Spotted Seatrout","Cynoscion nebulosus",5,2.88
"201906251002-279","Spotted Seatrout","Cynoscion nebulosus",1,0.73
"201906251013-266","Bluestriped Grunt","Haemulon sciurus",1,5.94
"201906251013-266","Clown Goby","Microgobius gulosus",1,0.17
"201906251013-266","Code Goby","Gobiosoma robustum",1,0.17
"201906251013-266","Mojarra Spp","Eucinostomus spp",24,101.58
"201906251013-266","Rainwater Killifish","Lucania parva",5,0.33
"201906251013-266","Spotted Seatrout","Cynoscion nebulosus",2,0.32
"201906251122-240","Spotted Seatrout","Cynoscion nebulosus",3,7.89
"201906251133-225","Spotted Seatrout","Cynoscion nebulosus",1,0.24
"201906251201-241","Dwarf Seahorse","Hippocampus zosterae",2,0.03
"201906251201-241","Mojarra Spp","Eucinostomus spp",51,59.84
"201906251201-241","Rainwater Killifish","Lucania parva",8,0.52
"201906251618-124","Spotted Seatrout","Cynoscion nebulosus",1,2.9
"201906261021-292","Spotted Seatrout","Cynoscion nebulosus",1,1.99
"201906261056-301","Dwarf Seahorse","Hippocampus zosterae",1,0.08
"201906261056-301","Gulf Pipefish","Syngnathus scovelli",1,0.42
"201906261056-301","Mojarra Spp","Eucinostomus spp",12,9.64
"201906261056-301","Spotted Dragonet","Diplogrammus pauciradiatus",1,0.49
"201906261210-314","Clown Goby","Microgobius gulosus",1,0.07
"201906261210-314","Mojarra Spp","Eucinostomus spp",1,0.34
"201906261247-618","Mojarra Spp","Eucinostomus spp",24,30.5
"201906261247-618","Needlefish Spp","Belonidae spp",1,0.21
"201906261334-402","Needlefish Spp","Belonidae spp",1,0.05
"201906261445-270","Dusky Pipefish","Syngnathus floridae",1,0.04
"201906261445-270","Dwarf Seahorse","Hippocampus zosterae",1,0.01
"201906261445-270","Mojarra Spp","Eucinostomus spp",80,70.46
"201906261445-270","Rainwater Killifish","Lucania parva",8,0.57
"201906270811-070","Bay Anchovy","Anchoa mitchilli",258,9.63
"201906270911-168","Mojarra Spp","Eucinostomus spp",5,8.96
"201906270911-168","Spotted Seatrout","Cynoscion nebulosus",7,2.07
"201906271100-146","Bluestriped Grunt","Haemulon sciurus",28,168.65
"201906271100-146","Code Goby","Gobiosoma robustum",1,0.11
"201906271100-146","Dusky Pipefish","Syngnathus floridae",1,0.05
"201906271100-146","Dwarf Seahorse","Hippocampus zosterae",7,0.3
"201906271100-146","Fringed Filefish","Monacanthus ciliatus",8,1.89
"201906271100-146","Fringed Pipefish","Anarchopterus criniger",1,0.06
"201906271100-146","Gulf Pipefish","Syngnathus scovelli",74,9.22
"201906271100-146","Lane Snapper","Lutjanus synagris",1,5.63
"201906271100-146","Mojarra Spp","Eucinostomus spp",153,33.13
"201906271100-146","Pinfish","Lagodon rhomboides",40,264.76
"201906271100-146","Rainwater Killifish","Lucania parva",311,32.55
"201906271100-146","Sargassum Pipefish","Syngnathus pelagicus",1,0.77
"201906271100-146","Sheepshead","Archosargus probatocephalus",1,3.22
"201906271100-146","Silver Perch","Bairdiella chrysoura",63,92.12
"201906271100-146","Spotted Seatrout","Cynoscion nebulosus",6,12.24
"201906271100-146","Striped Burrfish","Chilomycterus schoepfi",1,9.25
"201906271100-146","White Grunt","Haemulon plumierii",10,6.44
"201906271153-123","Bluestriped Grunt","Haemulon sciurus",1,9.17
"201906271153-123","Fringed Filefish","Monacanthus ciliatus",6,4.33
"201906271153-123","Mojarra Spp","Eucinostomus spp",101,86.94
"201906271153-123","Pinfish","Lagodon rhomboides",11,81.57
"201906271153-123","Rainwater Killifish","Lucania parva",2,0.25
"201906271153-123","Sargassum Pipefish","Syngnathus pelagicus",1,0.59
"201906271153-123","Silver Perch","Bairdiella chrysoura",5,4.37
"201906271153-123","Spanish Sardine","Sardinella aurita",1,2.82
"201906271153-123","Spotted Seatrout","Cynoscion nebulosus",4,2.57
"201906271153-123","White Grunt","Haemulon plumierii",8,36.25
"201907090945-237","Spotted Seatrout","Cynoscion nebulosus",1,0.63
"201907091013-266","Code Goby","Gobiosoma robustum",4,0.76
"201907091013-266","Dwarf Seahorse","Hippocampus zosterae",1,0.07
"201907091013-266","Gulf Pipefish","Syngnathus scovelli",2,0.3
"201907091013-266","Gulf Toadfish","Opsanus beta",2,1.98
"201907091013-266","Mojarra Spp","Eucinostomus spp",5,11.7
"201907091013-266","Rainwater Killifish","Lucania parva",24,2.87
"201907091027-265","Spotted Seatrout","Cynoscion nebulosus",1,1.14
"201907091122-254","Spotted Seatrout","Cynoscion nebulosus",1,5.49
"201907091140-239","Spotted Seatrout","Cynoscion nebulosus",1,1.22
"201907091224-226","Spotted Seatrout","Cynoscion nebulosus",1,0.91
"201907091236-241","Dusky Pipefish","Syngnathus floridae",3,1.24
"201907091236-241","Dwarf Seahorse","Hippocampus zosterae",5,0.24
"201907091236-241","Gulf Pipefish","Syngnathus scovelli",1,0.22
"201907091236-241","Mojarra Spp","Eucinostomus spp",18,28.36
"201907091236-241","Pinfish","Lagodon rhomboides",8,75.5
"201907091236-241","Rainwater Killifish","Lucania parva",119,12.3
"201907091236-241","Silver Perch","Bairdiella chrysoura",3,14.88
"201907091236-241","Spotted Seatrout","Cynoscion nebulosus",1,2.9
"201907100834-301","Dwarf Seahorse","Hippocampus zosterae",1,0.04
"201907100834-301","Fringed Pipefish","Anarchopterus criniger",1,0.01
"201907100834-301","Gulf Toadfish","Opsanus beta",5,8.81
"201907100834-301","Rainwater Killifish","Lucania parva",4,0.52
"201907100925-314","Lined Seahorse","Hippocampus erectus",2,0.19
"201907100925-314","Mojarra Spp","Eucinostomus spp",120,104.12
"201907101033-402","Dwarf Seahorse","Hippocampus zosterae",4,0.13
"201907101033-402","Fringed Pipefish","Anarchopterus criniger",1,0.15
"201907101033-402","Goldspotted Killifish","Floridichthys carpio",2,0.45
"201907101033-402","Gulf Pipefish","Syngnathus scovelli",1,0.52
"201907101033-402","Mojarra Spp","Eucinostomus spp",61,142.16
"201907101126-618","Clown Goby","Microgobius gulosus",1,0.11
"201907101126-618","Dwarf Seahorse","Hippocampus zosterae",1,0.03
"201907101126-618","Mojarra Spp","Eucinostomus spp",28,28.19
"201907101126-618","Spotted Dragonet","Diplogrammus pauciradiatus",2,0.64
"201907110820-022","Bay Anchovy","Anchoa mitchilli",118,14.77
"201907110820-022","Bluestriped Grunt","Haemulon sciurus",46,467.01
"201907110820-022","Fringed Pipefish","Anarchopterus criniger",1,0.06
"201907110820-022","Grass Porgy","Calamus arctifrons",2,9.37
"201907110820-022","Herring Spp","Clupeidae spp",7,0.71
"201907110820-022","Mojarra Spp","Eucinostomus spp",21,72.88
"201907110820-022","Pinfish","Lagodon rhomboides",26,275.43
"201907110820-022","Silver Perch","Bairdiella chrysoura",8,40.3
"201907110820-022","Spanish Sardine","Sardinella aurita",1,2.56
"201907110820-022","White Grunt","Haemulon plumierii",1,7.9
"201907110948-270","Dwarf Seahorse","Hippocampus zosterae",1,0.04
"201907110948-270","Gulf Pipefish","Syngnathus scovelli",8,1.44
"201907110948-270","Mojarra Spp","Eucinostomus spp",45,59.91
"201907110948-270","Rainwater Killifish","Lucania parva",52,4.3
"201907111320-137","Spotted Seatrout","Cynoscion nebulosus",1,0.36
"201907111344-123","Bluestriped Grunt","Haemulon sciurus",1,0.28
"201907111344-123","Dusky Pipefish","Syngnathus floridae",2,0.48
"201907111344-123","Grass Porgy","Calamus arctifrons",1,3.17
"201907111344-123","Gulf Pipefish","Syngnathus scovelli",2,0.35
"201907111344-123","Mojarra Spp","Eucinostomus spp",139,134.59
"201907111344-123","Pinfish","Lagodon rhomboides",11,104.18
"201907111344-123","Silver Perch","Bairdiella chrysoura",11,33.28
"201907111344-123","Spotted Seatrout","Cynoscion nebulosus",1,0.86
"201907111344-123","White Grunt","Haemulon plumierii",3,9.57
"201907111359-135","Spotted Seatrout","Cynoscion nebulosus",1,0.28
"201907111415-146","Bay Anchovy","Anchoa mitchilli",44,5.22
"201907111415-146","Bluestriped Grunt","Haemulon sciurus",46,404.25
"201907111415-146","Dusky Pipefish","Syngnathus floridae",1,0.1
"201907111415-146","Dwarf Seahorse","Hippocampus zosterae",2,0.06
"201907111415-146","Fringed Filefish","Monacanthus ciliatus",4,1.57
"201907111415-146","Grass Porgy","Calamus arctifrons",1,2.3
"201907111415-146","Gulf Pipefish","Syngnathus scovelli",4,0.34
"201907111415-146","Herring Spp","Clupeidae spp",5,0.51
"201907111415-146","Mojarra Spp","Eucinostomus spp",118,79.35
"201907111415-146","Pinfish","Lagodon rhomboides",42,486.83
"201907111415-146","Rainwater Killifish","Lucania parva",6,0.99
"201907111415-146","Silver Perch","Bairdiella chrysoura",42,105.73
"201907111415-146","Spotted Seatrout","Cynoscion nebulosus",4,0.86
"201907111415-146","White Grunt","Haemulon plumierii",2,4.56
"201907111437-159","Spotted Seatrout","Cynoscion nebulosus",1,0.75
"201907111613-168","Bay Anchovy","Anchoa mitchilli",12,3.96
"201907111613-168","Dwarf Seahorse","Hippocampus zosterae",1,0.04
"201907111613-168","Gulf Pipefish","Syngnathus scovelli",1,0.03
"201907111613-168","Mojarra Spp","Eucinostomus spp",10,17.27
"201907111613-168","Spanish Sardine","Sardinella aurita",1,0.65
"201907111625-070","Bay Anchovy","Anchoa mitchilli",211,33.38
"201907111625-070","Herring Spp","Clupeidae spp",1,0.12
"201907111625-070","Mojarra Spp","Eucinostomus spp",5,0.3
"201907111625-070","Seahorse Spp","Hippocampus spp",1,0.03
"201907111625-070","Spanish Sardine","Sardinella aurita",2,1.52
"201908050931-266","Code Goby","Gobiosoma robustum",1,0.62
"201908050931-266","Gulf Pipefish","Syngnathus scovelli",1,0.21
"201908050931-266","Mojarra Spp","Eucinostomus spp",10,17.77
"201908050931-266","Rainwater Killifish","Lucania parva",3,0.21
"201908051022-301","Code Goby","Gobiosoma robustum",1,0.07
"201908051022-301","Dwarf Seahorse","Hippocampus zosterae",2,0.2
"201908051022-301","Gulf Pipefish","Syngnathus scovelli",1,0.18
"201908051022-301","Mojarra Spp","Eucinostomus spp",14,8.54
"201908051104-314","Clown Goby","Microgobius gulosus",1,0.15
"201908051104-314","Goldspotted Killifish","Floridichthys carpio",2,0.37
"201908051104-314","Mojarra Spp","Eucinostomus spp",115,92.38
"201908051303-402","Goldspotted Killifish","Floridichthys carpio",2,0.66
"201908051303-402","Lined Seahorse","Hippocampus erectus",1,0.17
"201908051303-402","Mojarra Spp","Eucinostomus spp",147,167.56
"201908051405-618","Goldspotted Killifish","Floridichthys carpio",1,1.14
"201908051405-618","Gulf Pipefish","Syngnathus scovelli",1,0.23
"201908051405-618","Mojarra Spp","Eucinostomus spp",104,84.91
"201908060738-070","Bay Anchovy","Anchoa mitchilli",10,2.09
"201908060738-070","Mojarra Spp","Eucinostomus spp",4,11
"201908060803-168","Bay Anchovy","Anchoa mitchilli",13,2.18
"201908060803-168","Bluestriped Grunt","Haemulon sciurus",2,0.82
"201908060803-168","Florida Grassflat Crab","Neopanope packardii",1,0.31
"201908060803-168","Gulf Pipefish","Syngnathus scovelli",2,0.59
"201908060803-168","Gulf Stone Crab","Menippe adina",1,0.88
"201908060803-168","Lane Snapper","Lutjanus synagris",1,2.09
"201908060803-168","Mojarra Spp","Eucinostomus spp",301,482.22
"201908060803-168","Sea Star Spp","Asteroidea spp",1,0.53
"201908060853-159","Spotted Seatrout","Cynoscion nebulosus",3,2.67
"201908060905-146","Bluestriped Grunt","Haemulon sciurus",8,23.64
"201908060905-146","Code Goby","Gobiosoma robustum",1,0.25
"201908060905-146","Dusky Pipefish","Syngnathus floridae",1,0.11
"201908060905-146","Dwarf Seahorse","Hippocampus zosterae",2,0.05
"201908060905-146","Fringed Filefish","Monacanthus ciliatus",2,3.3
"201908060905-146","Green Porcelain Crab","Petrolisthes armatus",1,0.47
"201908060905-146","Grunt Spp","Haemulon spp",1,1.03
"201908060905-146","Gulf Pipefish","Syngnathus scovelli",24,4.16
"201908060905-146","Mojarra Spp","Eucinostomus spp",115,53.55
"201908060905-146","Pinfish","Lagodon rhomboides",11,118.91
"201908060905-146","Rainwater Killifish","Lucania parva",115,21.16
"201908060905-146","Silver Perch","Bairdiella chrysoura",28,81.63
"201908060905-146","Spotted Seatrout","Cynoscion nebulosus",4,1.49
"201908060905-146","White Grunt","Haemulon plumierii",6,6.39
"201908061005-123","Fringed Filefish","Monacanthus ciliatus",1,3.37
"201908061005-123","Herring Spp","Clupeidae spp",1,0.04
"201908061005-123","Marbled Blenny","Paraclinus marmoratus",2,4.07
"201908061005-123","Mojarra Spp","Eucinostomus spp",35,50.61
"201908061005-123","Pinfish","Lagodon rhomboides",13,172.76
"201908061005-123","Silver Perch","Bairdiella chrysoura",9,34.5
"201908061005-123","Spotted Seatrout","Cynoscion nebulosus",1,3.64
"201908061005-123","White Grunt","Haemulon plumierii",6,19.46
"201908061018-112","Spotted Seatrout","Cynoscion nebulosus",1,1.53
"201908061249-022","Bay Anchovy","Anchoa mitchilli",6,0.43
"201908061249-022","Mojarra Spp","Eucinostomus spp",1,0.49
"201908070955-240","Dwarf Seahorse","Hippocampus zosterae",2,0.12
"201908070955-240","Goldspotted Killifish","Floridichthys carpio",1,0.28
"201908070955-240","Mojarra Spp","Eucinostomus spp",98,129.78
"201908070955-240","Rainwater Killifish","Lucania parva",13,1.65
"201908070955-240","Silver Perch","Bairdiella chrysoura",1,1.69
"201908070955-240","Spotted Seatrout","Cynoscion nebulosus",1,1.37
"201908071006-241","Spotted Seatrout","Cynoscion nebulosus",2,1
"201908071035-224","Spotted Seatrout","Cynoscion nebulosus",2,8.48
"201908071159-270","Dwarf Seahorse","Hippocampus zosterae",1,0.08
"201908071159-270","Mojarra Spp","Eucinostomus spp",139,125.71
"201908071159-270","Rainwater Killifish","Lucania parva",3,0.34
"201908080718-267","Spotted Seatrout","Cynoscion nebulosus",1,1.86
"201908080759-265","Spotted Seatrout","Cynoscion nebulosus",2,2.06
"201909080941-281","Spotted Seatrout","Cynoscion nebulosus",1,0.92
"201909080954-282","Spotted Seatrout","Cynoscion nebulosus",1,1.39
"201909081040-301","Goldspotted Killifish","Floridichthys carpio",2,0.38
"201909081040-301","Mojarra Spp","Eucinostomus spp",70,84.29
"201909081040-301","Rainwater Killifish","Lucania parva",14,2.04
"201909081139-314","Bay Anchovy","Anchoa mitchilli",5,0.38
"201909081139-314","Clown Goby","Microgobius gulosus",1,0.03
"201909081139-314","Dwarf Seahorse","Hippocampus zosterae",1,0.04
"201909081139-314","Mojarra Spp","Eucinostomus spp",32,5.54
"201909081405-408","Dwarf Seahorse","Hippocampus zosterae",1,0.08
"201909081405-408","Goldspotted Killifish","Floridichthys carpio",1,0.51
"201909081405-408","Mojarra Spp","Eucinostomus spp",184,329.59
"201909081453-618","Clown Goby","Microgobius gulosus",1,0.27
"201909081453-618","Dwarf Seahorse","Hippocampus zosterae",2,0.14
"201909081453-618","Goldspotted Killifish","Floridichthys carpio",1,0.09
"201909081453-618","Mojarra Spp","Eucinostomus spp",181,202.48
"201909090951-270","Dwarf Seahorse","Hippocampus zosterae",2,0.09
"201909090951-270","Great Barracuda","Sphyraena barracuda",3,5.44
"201909090951-270","Mojarra Spp","Eucinostomus spp",91,105.39
"201909090951-270","Rainwater Killifish","Lucania parva",10,2.33
"201909091141-168","Bay Anchovy","Anchoa mitchilli",1,0.12
"201909091141-168","Mojarra Spp","Eucinostomus spp",2,10.75
"201909091328-146","Bluestriped Grunt","Haemulon sciurus",4,10.54
"201909091328-146","Dusky Pipefish","Syngnathus floridae",1,0.24
"201909091328-146","Dwarf Seahorse","Hippocampus zosterae",3,0.07
"201909091328-146","Fringed Filefish","Monacanthus ciliatus",6,4.44
"201909091328-146","Gulf Pipefish","Syngnathus scovelli",6,0.94
"201909091328-146","Mojarra Spp","Eucinostomus spp",91,110.31
"201909091328-146","Pinfish","Lagodon rhomboides",2,15.28
"201909091328-146","Rainwater Killifish","Lucania parva",56,11.23
"201909091328-146","Silver Perch","Bairdiella chrysoura",9,49.85
"201909091328-146","Spotted Seatrout","Cynoscion nebulosus",1,1.89
"201909091328-146","White Grunt","Haemulon plumierii",7,20.21
"201909091350-135","Spotted Seatrout","Cynoscion nebulosus",1,1.13
"201909091427-123","Bay Anchovy","Anchoa mitchilli",4,0.38
"201909091427-123","Bluestriped Grunt","Haemulon sciurus",2,0.66
"201909091427-123","Fringed Filefish","Monacanthus ciliatus",2,7
"201909091427-123","Jack Spp","Caranx spp",1,0
"201909091427-123","Mojarra Spp","Eucinostomus spp",51,114.27
"201909091427-123","Rainwater Killifish","Lucania parva",3,0.44
"201909091427-123","Spotted Seatrout","Cynoscion nebulosus",1,1.47
"201909091427-123","White Grunt","Haemulon plumierii",1,1.44
"201909100938-266","Dwarf Seahorse","Hippocampus zosterae",2,0.14
"201909100938-266","Mojarra Spp","Eucinostomus spp",10,4.85
"201909100958-267","Spotted Seatrout","Cynoscion nebulosus",1,0.11
"201909101001-255","Spotted Seatrout","Cynoscion nebulosus",1,4.18
"201909101038-239","Spotted Seatrout","Cynoscion nebulosus",1,1.03
"201909101047-240","Spotted Seatrout","Cynoscion nebulosus",6,0.82
"201909101102-241","Dwarf Seahorse","Hippocampus zosterae",2,0.12
"201909101102-241","Mojarra Spp","Eucinostomus spp",9,2.77
"201909101102-241","Rainwater Killifish","Lucania parva",13,1.8
"201909101102-241","Silver Perch","Bairdiella chrysoura",1,3.16
"201909101111-226","Spotted Seatrout","Cynoscion nebulosus",1,6.82
"201909101144-145","Spotted Seatrout","Cynoscion nebulosus",1,0.37
"201909101459-022","Anchovy Spp","Anchoa spp",2,0.03
"201909101459-022","Bay Anchovy","Anchoa mitchilli",5,0.26
"201909101459-022","Lane Snapper","Lutjanus synagris",2,0.77
"201909101459-022","Mojarra Spp","Eucinostomus spp",2,4.8
"201909101556-070","Bay Anchovy","Anchoa mitchilli",37,5.26
"201909101556-070","Jack Spp","Caranx spp",1,0.04
"201909101556-070","Lined Sole","Achirus lineatus",1,4
"201909101556-070","Mojarra Spp","Eucinostomus spp",10,12.56
"201910281030-314","Bay Anchovy","Anchoa mitchilli",1,0.04
"201910281030-314","Mojarra Spp","Eucinostomus spp",1,0.19
"201910281129-402","Clown Goby","Microgobius gulosus",2,0.21
"201910281129-402","Dwarf Seahorse","Hippocampus zosterae",3,0.34
"201910281129-402","Goldspotted Killifish","Floridichthys carpio",14,3.23
"201910281129-402","Mojarra Spp","Eucinostomus spp",108,83.98
"201910281129-402","Spotted Dragonet","Diplogrammus pauciradiatus",1,0.18
"201910281233-618","Bay Anchovy","Anchoa mitchilli",2,0.46
"201910281233-618","Clown Goby","Microgobius gulosus",2,0.16
"201910281233-618","Dwarf Seahorse","Hippocampus zosterae",2,0.07
"201910281233-618","Mojarra Spp","Eucinostomus spp",25,35.79
"201910281353-301","Mojarra Spp","Eucinostomus spp",13,4.82
"201910281426-291","Spotted Seatrout","Cynoscion nebulosus",1,7.45
"201910290912-278","Spotted Seatrout","Cynoscion nebulosus",4,17.51
"201910291000-280","Spotted Seatrout","Cynoscion nebulosus",1,4.87
"201910291016-281","Spotted Seatrout","Cynoscion nebulosus",2,7.46
"201910291035-282","Spotted Seatrout","Cynoscion nebulosus",1,8.07
"201910291140-270","Dwarf Seahorse","Hippocampus zosterae",1,0.07
"201910291140-270","Goldspotted Killifish","Floridichthys carpio",2,0.42
"201910291140-270","Mojarra Spp","Eucinostomus spp",76,211.21
"201910291140-270","Rainwater Killifish","Lucania parva",1,0.23
"201910291140-270","Spotted Seatrout","Cynoscion nebulosus",2,13.2
"201910291620-123","Bay Anchovy","Anchoa mitchilli",104,23.79
"201910291620-123","Bluestriped Grunt","Haemulon sciurus",5,39.66
"201910291620-123","Fringed Filefish","Monacanthus ciliatus",1,4.53
"201910291620-123","Lane Snapper","Lutjanus synagris",10,205.56
"201910291620-123","Mojarra Spp","Eucinostomus spp",104,252.77
"201910291620-123","Rainwater Killifish","Lucania parva",1,0.3
"201910291620-123","Silver Perch","Bairdiella chrysoura",4,0.76
"201910291620-123","Spotted Seatrout","Cynoscion nebulosus",1,2.23
"201910291620-123","White Grunt","Haemulon plumierii",1,4.66
"201910291710-135","Spotted Seatrout","Cynoscion nebulosus",5,4.29
"201910291808-070","Anchovy Spp","Anchoa spp",1,0
"201910291808-070","Bay Anchovy","Anchoa mitchilli",62,28.76
"201910291808-070","Blackcheek Tonguefish","Symphurus plagiusa",1,0.05
"201910291808-070","Clown Goby","Microgobius gulosus",8,0.49
"201910291808-070","Code Goby","Gobiosoma robustum",1,0.15
"201910291808-070","Inshore Lizardfish","Synodus foetens",1,0.16
"201910291808-070","Lane Snapper","Lutjanus synagris",1,1.43
"201910291808-070","Leopard Sea Robin","Prionotus scitulus",2,0.76
"201910291808-070","Longnose Spider Crab","Libinia dubia",1,0.39
"201910291808-070","Mojarra Spp","Eucinostomus spp",21,22.25
"201910300845-022","Lane Snapper","Lutjanus synagris",1,5.93
"201910300845-022","Mojarra Spp","Eucinostomus spp",4,32.4
"201910300930-133","Spotted Seatrout","Cynoscion nebulosus",6,10.73
"201910301005-146","Bay Anchovy","Anchoa mitchilli",433,64.01
"201910301005-146","Dusky Pipefish","Syngnathus floridae",7,2.19
"201910301005-146","Dwarf Seahorse","Hippocampus zosterae",2,0.05
"201910301005-146","Gulf Pipefish","Syngnathus scovelli",1,0.3
"201910301005-146","Lane Snapper","Lutjanus synagris",2,0.23
"201910301005-146","Mojarra Spp","Eucinostomus spp",110,186.97
"201910301005-146","Silver Perch","Bairdiella chrysoura",8,1.01
"201910301005-146","Spanish Sardine","Sardinella aurita",1,2.84
"201910301005-146","Spotted Seatrout","Cynoscion nebulosus",2,5.22
"201910301005-146","White Grunt","Haemulon plumierii",1,0.72
"201910301042-159","Spotted Seatrout","Cynoscion nebulosus",1,0.46
"201910301055-145","Spotted Seatrout","Cynoscion nebulosus",3,8.66
"201910301118-168","Bay Anchovy","Anchoa mitchilli",16,2.83
"201910301118-168","Blackcheek Tonguefish","Symphurus plagiusa",1,2.88
"201910301118-168","Dark-Banded Mantis Shrimp","Lysosquilla scabricauda",1,1.03
"201910301118-168","Mojarra Spp","Eucinostomus spp",9,48.52
"201910301130-169","Spotted Seatrout","Cynoscion nebulosus",1,0.05
"201910301220-224","Spotted Seatrout","Cynoscion nebulosus",1,4.92
"201910301230-225","Spotted Seatrout","Cynoscion nebulosus",1,3.93
"201910301255-241","Bay Anchovy","Anchoa mitchilli",10,1.9
"201910301255-241","Code Goby","Gobiosoma robustum",1,0.03
"201910301255-241","Mojarra Spp","Eucinostomus spp",63,95.8
"201910301255-241","Rainwater Killifish","Lucania parva",24,3.77
"201910301255-241","Sea Star Spp","Asteroidea spp",1,0.23
"201910301255-241","Silver Perch","Bairdiella chrysoura",3,10.19
"201910301255-241","Spotted Seatrout","Cynoscion nebulosus",1,3.29
"201910301311-240","Spotted Seatrout","Cynoscion nebulosus",1,1.51
"201910301325-239","Spotted Seatrout","Cynoscion nebulosus",2,2.12
"201910301340-253","Spotted Seatrout","Cynoscion nebulosus",1,1.35
"201910301355-254","Spotted Seatrout","Cynoscion nebulosus",1,1.77
"201911121217-314","Dwarf Seahorse","Hippocampus zosterae",1,0.06
"201911121217-314","Goldspotted Killifish","Floridichthys carpio",2,0.46
"201911121217-314","Mojarra Spp","Eucinostomus spp",159,60.44
"201911121305-618","Mojarra Spp","Eucinostomus spp",29,43.05
"201911121434-402","Dwarf Seahorse","Hippocampus zosterae",1,0.07
"201911121434-402","Goldspotted Killifish","Floridichthys carpio",3,1.08
"201911121434-402","Mojarra Spp","Eucinostomus spp",87,109.34
"201911121601-176","Spotted Seatrout","Cynoscion nebulosus",1,4.99
"201911121643-070","Bay Anchovy","Anchoa mitchilli",4,0.45
"201911131009-168","Bay Anchovy","Anchoa mitchilli",3,0.95
"201911131009-168","Mojarra Spp","Eucinostomus spp",4,24.83
"201911131027-145","Spotted Seatrout","Cynoscion nebulosus",1,2.24
"201911131036-133","Spotted Seatrout","Cynoscion nebulosus",1,3.8
"201911131047-146","Bay Anchovy","Anchoa mitchilli",2,0.53
"201911131047-146","Mojarra Spp","Eucinostomus spp",4,32.36
"201911131109-122","Spotted Seatrout","Cynoscion nebulosus",1,5.02
"201911131122-123","Bay Anchovy","Anchoa mitchilli",11,1.5
"201911131122-123","Fringed Filefish","Monacanthus ciliatus",1,8.46
"201911131122-123","Grunt Spp","Haemulon spp",1,0.75
"201911131122-123","Mojarra Spp","Eucinostomus spp",30,93.31
"201911131122-123","Pinfish","Lagodon rhomboides",3,47.09
"201911131122-123","Spotted Seatrout","Cynoscion nebulosus",2,0.46
"201911131122-123","White Grunt","Haemulon plumierii",8,66.85
"201911131151-040","Spotted Seatrout","Cynoscion nebulosus",2,14.33
"201911131226-022","Mojarra Spp","Eucinostomus spp",3,23.31
"201911140924-301","Code Goby","Gobiosoma robustum",1,0.34
"201911140924-301","Dwarf Seahorse","Hippocampus zosterae",4,0.25
"201911140924-301","Fringed Pipefish","Anarchopterus criniger",1,0.09
"201911140924-301","Mojarra Spp","Eucinostomus spp",25,19.43
"201911140924-301","Rainwater Killifish","Lucania parva",1,0.11
"201911141025-282","Spotted Seatrout","Cynoscion nebulosus",1,0.48
"201911141229-270","Clown Goby","Microgobius gulosus",1,0.1
"201911141229-270","Dwarf Seahorse","Hippocampus zosterae",2,0.09
"201911141229-270","Mojarra Spp","Eucinostomus spp",19,20.23
"201911141410-229","Spotted Seatrout","Cynoscion nebulosus",1,0.07
"201911141451-225","Spotted Seatrout","Cynoscion nebulosus",3,11.93
"201911150900-266","Bay Anchovy","Anchoa mitchilli",71,10.5
"201911150900-266","Code Goby","Gobiosoma robustum",3,0.27
"201911150900-266","Dusky Pipefish","Syngnathus floridae",1,0.08
"201911150900-266","Dwarf Seahorse","Hippocampus zosterae",1,0.04
"201911150900-266","Fringed Pipefish","Anarchopterus criniger",3,0.28
"201911150900-266","Lined Sole","Achirus lineatus",1,6.64
"201911150900-266","Mojarra Spp","Eucinostomus spp",15,31.79
"201911150900-266","Rainwater Killifish","Lucania parva",1,0.09
"201911150900-266","Silver Perch","Bairdiella chrysoura",2,5.28
"201911150912-265","Spotted Seatrout","Cynoscion nebulosus",1,0.08
"201911150925-278","Spotted Seatrout","Cynoscion nebulosus",2,9.74
"201911150942-279","Spotted Seatrout","Cynoscion nebulosus",1,0.07
"201911151054-241","Bay Anchovy","Anchoa mitchilli",175,22.73
"201911151054-241","Dusky Pipefish","Syngnathus floridae",1,0.15
"201911151054-241","Fringed Pipefish","Anarchopterus criniger",1,0.11
"201911151054-241","Goldspotted Killifish","Floridichthys carpio",2,0.61
"201911151054-241","Gulf Pipefish","Syngnathus scovelli",2,0.75
"201911151054-241","Mojarra Spp","Eucinostomus spp",113,187.17
"201911151054-241","Rainwater Killifish","Lucania parva",5,0.95
"201911151110-240","Spotted Seatrout","Cynoscion nebulosus",1,4.67
"201911151157-253","Spotted Seatrout","Cynoscion nebulosus",3,10.21
"202001181009-314","Mojarra Spp","Eucinostomus spp",3,0.95
"202001181246-402","Bay Anchovy","Anchoa mitchilli",12,5.47
"202001181246-402","Brotula Spp","Brotula spp",1,0.7
"202001181246-402","Clown Goby","Microgobius gulosus",9,1.7
"202001181246-402","Dwarf Seahorse","Hippocampus zosterae",1,0.08
"202001181246-402","Goby Spp","Gobiidae spp",1,0.05
"202001181246-402","Goldspotted Killifish","Floridichthys carpio",1,0.41
"202001181246-402","Mojarra Spp","Eucinostomus spp",135,207.57
"202001181408-618","Chain Pipefish","Syngnathus louisianae",1,0.48
"202001181408-618","Dwarf Seahorse","Hippocampus zosterae",1,0.1
"202001181408-618","Mojarra Spp","Eucinostomus spp",21,10.7
"202001190203-270","Dwarf Seahorse","Hippocampus zosterae",2,0.26
"202001190203-270","Mojarra Spp","Eucinostomus spp",2,1.45
"202001191022-266","Code Goby","Gobiosoma robustum",7,1.92
"202001191022-266","Fringed Pipefish","Anarchopterus criniger",2,0.35
"202001191022-266","Goldspotted Killifish","Floridichthys carpio",1,0.23
"202001191022-266","Gulf Pipefish","Syngnathus scovelli",3,1.73
"202001191022-266","Gulf Toadfish","Opsanus beta",4,13.97
"202001191022-266","Mojarra Spp","Eucinostomus spp",19,25.92
"202001191022-266","Rainwater Killifish","Lucania parva",2,0.81
"202001191022-266","Silver Perch","Bairdiella chrysoura",2,10.46
"202001191022-266","Spotted Dragonet","Diplogrammus pauciradiatus",1,0.95
"202001191216-301","Clown Goby","Microgobius gulosus",1,0.14
"202001191216-301","Code Goby","Gobiosoma robustum",1,0.3
"202001191216-301","Dwarf Seahorse","Hippocampus zosterae",3,0.23
"202001191216-301","Mojarra Spp","Eucinostomus spp",11,5.16
"202001200507-022","Grunt Spp","Haemulon spp",4,0.24
"202001200507-022","Gulf Pipefish","Syngnathus scovelli",1,0.12
"202001200507-022","Lane Snapper","Lutjanus synagris",5,15.6
"202001200507-022","Mojarra Spp","Eucinostomus spp",8,42.21
"202001200507-022","Pinfish","Lagodon rhomboides",3,13.26
"202001200507-022","Silver Perch","Bairdiella chrysoura",1,6.91
"202001200902-070","Bay Anchovy","Anchoa mitchilli",133,42.32
"202001200902-070","Bonefish","Albula vulpes",1,0.25
"202001200902-070","Clown Goby","Microgobius gulosus",1,0.09
"202001200902-070","Green Porcelain Crab","Petrolisthes armatus",1,0.34
"202001200902-070","Inshore Lizardfish","Synodus foetens",1,0.1
"202001200902-070","Mantis Shrimp","Squilla empusa",1,1.5
"202001200902-070","Mojarra Spp","Eucinostomus spp",2,11.22
"202001201002-168","Bay Anchovy","Anchoa mitchilli",10,1.06
"202001201002-168","Lane Snapper","Lutjanus synagris",1,3.69
"202001201144-159","Spotted Seatrout","Cynoscion nebulosus",2,9.28
"202001201216-134","Chain Pipefish","Syngnathus louisianae",1,0.14
"202001201250-123","Dusky Pipefish","Syngnathus floridae",4,1.25
"202001201250-123","Grunt Spp","Haemulon spp",3,0.12
"202001201250-123","Lane Snapper","Lutjanus synagris",1,3.08
"202001201250-123","Mojarra Spp","Eucinostomus spp",17,40.88
"202001201250-123","Pinfish","Lagodon rhomboides",2,0.11
"202001201250-123","Silver Perch","Bairdiella chrysoura",2,8.31
"202001201250-123","Snapper Spp","Lutjanus spp",1,0.04
"202001201250-123","White Grunt","Haemulon plumierii",2,9.4
"202001210956-241","Bay Anchovy","Anchoa mitchilli",1,0.67
"202001210956-241","Code Goby","Gobiosoma robustum",1,0.26
"202001210956-241","Gulf Pipefish","Syngnathus scovelli",1,0.35
"202001210956-241","Mojarra Spp","Eucinostomus spp",6,13.07
"202001210956-241","Rainwater Killifish","Lucania parva",1,0.35
"202006110227-070","Anchovy Spp","Anchoa spp",5,0.48
"202006110227-070","Bay Anchovy","Anchoa mitchilli",53,8.35
"202006110227-070","Bluestriped Grunt","Haemulon sciurus",3,7.93
"202006110227-070","Checkered Puffer","Sphoeroides testudineus",1,1.68
"202006110227-070","Code Goby","Gobiosoma robustum",1,0.23
"202006110227-070","Fringed Filefish","Monacanthus ciliatus",1,0.58
"202006110227-070","Gulf Pipefish","Syngnathus scovelli",30,11.16
"202006110227-070","Inshore Lizardfish","Synodus foetens",1,3.03
"202006110227-070","Mojarra Spp","Eucinostomus spp",13,53.12
"202006110227-070","Sargassum Pipefish","Syngnathus pelagicus",2,0.56
"202006110227-070","Silver Perch","Bairdiella chrysoura",10,3.1
"202006110942-266","Dwarf Seahorse","Hippocampus zosterae",1,0.1
"202006110942-266","Fringed Pipefish","Anarchopterus criniger",1,0.07
"202006110942-266","Mojarra Spp","Eucinostomus spp",8,23.86
"202006110942-266","Pinfish","Lagodon rhomboides",1,9.45
"202006110942-266","Rainwater Killifish","Lucania parva",3,0.42
"202006111231-146","Bay Anchovy","Anchoa mitchilli",1,0.74
"202006111231-146","Florida Blenny","Chasmodes saburrae",1,0.25
"202006111231-146","Grunt Spp","Haemulon spp",4,2.72
"202006111231-146","Gulf Pipefish","Syngnathus scovelli",2,0.2
"202006111231-146","Mojarra Spp","Eucinostomus spp",14,15.59
"202006111231-146","Pinfish","Lagodon rhomboides",6,39.44
"202006111231-146","Planehead Filefish","Stephanolepis hispidus",4,8.51
"202006111231-146","Rainwater Killifish","Lucania parva",1,0.08
"202006111231-146","Sea Star Spp","Asteroidea spp",1,0.56
"202006111231-146","Silver Perch","Bairdiella chrysoura",17,49.8
"202006120905-301","Fringed Pipefish","Anarchopterus criniger",2,0.04
"202006120905-301","Gulf Pipefish","Syngnathus scovelli",1,0.04
"202006120905-301","Gulf Toadfish","Opsanus beta",1,0.16
"202006120905-301","Mojarra Spp","Eucinostomus spp",12,27.94
"202006120905-301","Rainwater Killifish","Lucania parva",1,0.2
"202006121015-314","Mojarra Spp","Eucinostomus spp",57,146.89
"202006121121-618","Clown Goby","Microgobius gulosus",2,0.17
"202006121121-618","Dwarf Seahorse","Hippocampus zosterae",1,0.07
"202006121121-618","Goldspotted Killifish","Floridichthys carpio",13,3.1
"202006121121-618","Gulf Pipefish","Syngnathus scovelli",3,0.72
"202006121121-618","Mojarra Spp","Eucinostomus spp",116,99.06
"202006121242-402","Mojarra Spp","Eucinostomus spp",77,246.09
"202006130153-270","Gulf Pipefish","Syngnathus scovelli",1,0.67
"202006130153-270","Mojarra Spp","Eucinostomus spp",42,35.52
"202006130817-022","Bluestriped Grunt","Haemulon sciurus",12,72.85
"202006130817-022","Fringed Filefish","Monacanthus ciliatus",2,1.38
"202006130817-022","Fringed Pipefish","Anarchopterus criniger",2,0.18
"202006130817-022","Herring Spp","Clupeidae spp",160,9.16
"202006130817-022","Mojarra Spp","Eucinostomus spp",53,217.86
"202006130817-022","Pinfish","Lagodon rhomboides",5,26.65
"202006130817-022","Rainwater Killifish","Lucania parva",1,0.06
"202006130817-022","Silver Perch","Bairdiella chrysoura",6,7.18
"202006130817-022","Spanish Sardine","Sardinella aurita",2,0.41
"202006130817-022","White Grunt","Haemulon plumierii",2,0.79
"202006130910-123","Banded Blenny","Paraclinus fasciatus",1,0.46
"202006130910-123","Lane Snapper","Lutjanus synagris",1,1.21
"202006130910-123","Mojarra Spp","Eucinostomus spp",10,11.35
"202006130910-123","Silver Perch","Bairdiella chrysoura",1,2.24
"202006130910-123","Spanish Sardine","Sardinella aurita",28,10.54
"202006130910-123","White Grunt","Haemulon plumierii",1,4.1
"202006140817-241","Code Goby","Gobiosoma robustum",2,0.29
"202006140817-241","Dwarf Seahorse","Hippocampus zosterae",2,0.06
"202006140817-241","Goldspotted Killifish","Floridichthys carpio",1,0.14
"202006140817-241","Gulf Pipefish","Syngnathus scovelli",1,0.16
"202006140817-241","Gulf Toadfish","Opsanus beta",2,12.58
"202006140817-241","Mojarra Spp","Eucinostomus spp",26,61.5
"202006140817-241","Pinfish","Lagodon rhomboides",1,12.08
"202006140817-241","Rainwater Killifish","Lucania parva",9,1.9
"202007260151-618","Clown Goby","Microgobius gulosus",1,0.54
"202007260151-618","Dwarf Seahorse","Hippocampus zosterae",1,0.09
"202007260151-618","Goldspotted Killifish","Floridichthys carpio",5,1.88
"202007260151-618","Mojarra Spp","Eucinostomus spp",72,211.6
"202007260334-402","Goldspotted Killifish","Floridichthys carpio",2,1.17
"202007260334-402","Mojarra Spp","Eucinostomus spp",171,276.52
"202007261130-266","Bay Anchovy","Anchoa mitchilli",6,0.75
"202007261130-266","Code Goby","Gobiosoma robustum",2,0.22
"202007261130-266","Dwarf Seahorse","Hippocampus zosterae",6,0.32
"202007261130-266","Fringed Pipefish","Anarchopterus criniger",2,0.06
"202007261130-266","Goldspotted Killifish","Floridichthys carpio",10,3.79
"202007261130-266","Gulf Pipefish","Syngnathus scovelli",8,1.82
"202007261130-266","Herring Spp","Clupeidae spp",19,2.1
"202007261130-266","Mojarra Spp","Eucinostomus spp",70,114.55
"202007261130-266","Pinfish","Lagodon rhomboides",1,8.72
"202007261130-266","Rainwater Killifish","Lucania parva",20,2.62
"202007261200-301","Bay Anchovy","Anchoa mitchilli",2,0.18
"202007261200-301","Clown Goby","Microgobius gulosus",2,0.68
"202007261200-301","Dusky Pipefish","Syngnathus floridae",1,1.07
"202007261200-301","Dwarf Seahorse","Hippocampus zosterae",1,0.06
"202007261200-301","Mojarra Spp","Eucinostomus spp",47,104.33
"202007261245-314","Mojarra Spp","Eucinostomus spp",161,270.05
"202007270342-270","Bay Anchovy","Anchoa mitchilli",1,0.34
"202007270342-270","Dwarf Seahorse","Hippocampus zosterae",2,0.25
"202007270342-270","Mojarra Spp","Eucinostomus spp",85,204.9
"202007270342-270","Pinfish","Lagodon rhomboides",1,14.07
"202007271103-241","Clown Goby","Microgobius gulosus",1,0.2
"202007271103-241","Dwarf Seahorse","Hippocampus zosterae",8,0.5
"202007271103-241","Goldspotted Killifish","Floridichthys carpio",4,1.01
"202007271103-241","Gulf Pipefish","Syngnathus scovelli",3,1.28
"202007271103-241","Mojarra Spp","Eucinostomus spp",36,52.45
"202007271103-241","Pinfish","Lagodon rhomboides",8,95.91
"202007271103-241","Rainwater Killifish","Lucania parva",67,13.03
"202007271103-241","Spotted Seatrout","Cynoscion nebulosus",1,5.38
"202007280154-022","Bay Anchovy","Anchoa mitchilli",1,0.54
"202007280154-022","Lane Snapper","Lutjanus synagris",1,0.18
"202007280725-070","Atlantic Spadefish","Chaetodipterus faber",1,2.27
"202007280725-070","Bay Anchovy","Anchoa mitchilli",29,4.32
"202007280725-070","Clown Goby","Microgobius gulosus",1,0.07
"202007280725-070","Lane Snapper","Lutjanus synagris",1,0.1
"202007280725-070","Mojarra Spp","Eucinostomus spp",14,13.68
"202007280909-168","Clown Goby","Microgobius gulosus",1,0.09
"202007280909-168","Fringed Filefish","Monacanthus ciliatus",1,3.22
"202007280909-168","Fringed Pipefish","Anarchopterus criniger",1,0.2
"202007280909-168","Gulf Pipefish","Syngnathus scovelli",1,0.17
"202007280909-168","Mojarra Spp","Eucinostomus spp",5,6.87
"202007281023-146","Bay Anchovy","Anchoa mitchilli",3,0.67
"202007281023-146","Bluestriped Grunt","Haemulon sciurus",2,20.64
"202007281023-146","Dwarf Seahorse","Hippocampus zosterae",3,0.06
"202007281023-146","Gulf Pipefish","Syngnathus scovelli",5,0.62
"202007281023-146","Mojarra Spp","Eucinostomus spp",81,212.62
"202007281023-146","Spotted Seatrout","Cynoscion nebulosus",1,0.19
"202007281023-146","Striped Burrfish","Chilomycterus schoepfi",1,2.39
"202007281051-123","Code Goby","Gobiosoma robustum",1,0.5
"202007281051-123","Dwarf Seahorse","Hippocampus zosterae",1,0.04
"202007281051-123","Florida Blenny","Chasmodes saburrae",1,0.18
"202007281051-123","Fringed Filefish","Monacanthus ciliatus",1,5.35
"202007281051-123","Fringed Pipefish","Anarchopterus criniger",3,0.2
"202007281051-123","Marbled Blenny","Paraclinus marmoratus",1,1.07
"202007281051-123","Mojarra Spp","Eucinostomus spp",16,6.38
"202007281051-123","Pinfish","Lagodon rhomboides",2,8
"202007281051-123","Rainwater Killifish","Lucania parva",11,2.19
"202007281051-123","Silver Perch","Bairdiella chrysoura",1,1.36
"202007281051-123","White Grunt","Haemulon plumierii",3,9.2
"202009090147-123","Gray Snapper","Lutjanus griseus",1,3.87
"202009090147-123","Lane Snapper","Lutjanus synagris",1,7.89
"202009090147-123","Marbled Blenny","Paraclinus marmoratus",1,1.28
"202009090147-123","Mojarra Spp","Eucinostomus spp",23,35.51
"202009090147-123","Rainwater Killifish","Lucania parva",6,0.61
"202009090147-123","Silver Perch","Bairdiella chrysoura",1,5.52
"202009090147-123","Spanish Sardine","Sardinella aurita",1,0.4
"202009090147-123","White Grunt","Haemulon plumierii",6,20.41
"202009090345-146","Dwarf Seahorse","Hippocampus zosterae",2,0.12
"202009090345-146","Florida Blenny","Chasmodes saburrae",2,5.42
"202009090345-146","Fringed Pipefish","Anarchopterus criniger",1,0.06
"202009090345-146","Gray Snapper","Lutjanus griseus",1,4.01
"202009090345-146","Gulf Pipefish","Syngnathus scovelli",8,1.73
"202009090345-146","Mojarra Spp","Eucinostomus spp",76,48.54
"202009090345-146","Silver Perch","Bairdiella chrysoura",5,22.29
"202009090345-146","Spotted Seatrout","Cynoscion nebulosus",3,1.61
"202009090345-146","White Grunt","Haemulon plumierii",2,14.99
"202009090428-168","Bay Anchovy","Anchoa mitchilli",33,5.84
"202009090428-168","Horse-Eye Jack","Caranx latus",1,5.37
"202009090428-168","Lined Sole","Achirus lineatus",1,0.11
"202009090428-168","Mojarra Spp","Eucinostomus spp",75,223.1
"202009091054-070","Bay Anchovy","Anchoa mitchilli",203,32.36
"202009091054-070","Clown Goby","Microgobius gulosus",1,0.18
"202009091054-070","Code Goby","Gobiosoma robustum",1,0.14
"202009091054-070","Great Barracuda","Sphyraena barracuda",1,0.2
"202009091054-070","Herring Spp","Clupeidae spp",2,0.11
"202009091054-070","Inshore Lizardfish","Synodus foetens",1,0.2
"202009091054-070","Mojarra Spp","Eucinostomus spp",20,51.26
"202009091054-070","Spanish Sardine","Sardinella aurita",13,4.28
"202009091054-070","Striped Burrfish","Chilomycterus schoepfi",1,0.34
"202009091239-022","Clown Goby","Microgobius gulosus",1,0.15
"202009091239-022","Lane Snapper","Lutjanus synagris",1,1.96
"202009091239-022","Mojarra Spp","Eucinostomus spp",2,5.74
"202009100153-301","Fringed Pipefish","Anarchopterus criniger",2,0.18
"202009100153-301","Gulf Toadfish","Opsanus beta",2,2.74
"202009100153-301","Mojarra Spp","Eucinostomus spp",110,277.7
"202009100153-301","Rainwater Killifish","Lucania parva",1,0.13
"202009100841-314","Goldspotted Killifish","Floridichthys carpio",3,0.49
"202009100841-314","Mojarra Spp","Eucinostomus spp",67,134.89
"202009100937-618","Clown Goby","Microgobius gulosus",1,0.16
"202009100937-618","Dwarf Seahorse","Hippocampus zosterae",1,0.07
"202009100937-618","Goldspotted Killifish","Floridichthys carpio",7,3.11
"202009100937-618","Gulf Pipefish","Syngnathus scovelli",3,0.8
"202009100937-618","Mojarra Spp","Eucinostomus spp",99,288.96
"202009101023-402","Goldspotted Killifish","Floridichthys carpio",4,1.94
"202009101023-402","Mojarra Spp","Eucinostomus spp",126,341.4
"202009110811-270","Bay Anchovy","Anchoa mitchilli",13,2.76
"202009110811-270","Fringed Pipefish","Anarchopterus criniger",1,0.13
"202009110811-270","Gulf Pipefish","Syngnathus scovelli",2,0.38
"202009110811-270","Mojarra Spp","Eucinostomus spp",62,173.57
"202009111056-241","Bay Anchovy","Anchoa mitchilli",71,8.35
"202009111056-241","Code Goby","Gobiosoma robustum",2,0.31
"202009111056-241","Dwarf Seahorse","Hippocampus zosterae",1,0.08
"202009111056-241","Goldspotted Killifish","Floridichthys carpio",2,0.31
"202009111056-241","Gulf Pipefish","Syngnathus scovelli",5,0.92
"202009111056-241","Mojarra Spp","Eucinostomus spp",50,87.63
"202009111056-241","Rainwater Killifish","Lucania parva",29,5.2
"202009120822-266","Bay Anchovy","Anchoa mitchilli",11,3.19
"202009120822-266","Code Goby","Gobiosoma robustum",3,0.47
"202009120822-266","Mojarra Spp","Eucinostomus spp",20,66.56
"202009120822-266","Pinfish","Lagodon rhomboides",2,23.63
"202009120822-266","Rainwater Killifish","Lucania parva",2,0.26
"202010280244-402","Fringed Pipefish","Anarchopterus criniger",1,0.11
"202010280244-402","Goldspotted Killifish","Floridichthys carpio",1,0.09
"202010280244-402","Mojarra Spp","Eucinostomus spp",16,14.83
"202010281149-314","Mojarra Spp","Eucinostomus spp",2,12.48
"202010281242-618","Dwarf Seahorse","Hippocampus zosterae",2,0.22
"202010281242-618","Goldspotted Killifish","Floridichthys carpio",9,5.07
"202010281242-618","Mojarra Spp","Eucinostomus spp",66,52.17
"202010290907-266","Dwarf Seahorse","Hippocampus zosterae",2,0.16
"202010290907-266","Fringed Pipefish","Anarchopterus criniger",1,0.1
"202010290907-266","Gulf Pipefish","Syngnathus scovelli",3,0.59
"202010290907-266","Mojarra Spp","Eucinostomus spp",14,22.72
"202010291017-270","Banded Blenny","Paraclinus fasciatus",1,0.23
"202010291017-270","Chain Pipefish","Syngnathus louisianae",1,0.26
"202010291017-270","Dwarf Seahorse","Hippocampus zosterae",2,0.2
"202010291017-270","Mojarra Spp","Eucinostomus spp",31,64.33
"202010291017-270","Spotted Dragonet","Diplogrammus pauciradiatus",1,0.25
"202010291127-301","Mojarra Spp","Eucinostomus spp",27,68
"202010300206-146","Bluestriped Grunt","Haemulon sciurus",2,29.46
"202010300206-146","Fringed Pipefish","Anarchopterus criniger",1,0.2
"202010300206-146","Mojarra Spp","Eucinostomus spp",9,43.55
"202010300206-146","Spotted Seatrout","Cynoscion nebulosus",1,2.01
"202010300229-168","Mojarra Spp","Eucinostomus spp",11,94.88
"202010300727-070","Bay Anchovy","Anchoa mitchilli",50,21.43
"202010300727-070","Lane Snapper","Lutjanus synagris",8,3.16
"202010300727-070","Lined Sole","Achirus lineatus",1,0.46
"202010300727-070","Mojarra Spp","Eucinostomus spp",12,19.85
"202010300727-070","Spotted Seatrout","Cynoscion nebulosus",2,6.92
"202010301137-022","Atlantic Spadefish","Chaetodipterus faber",1,11.84
"202010301137-022","Barred Hamlet","Hypoplectrus puella",2,6.93
"202010301137-022","Bay Anchovy","Anchoa mitchilli",9,4.66
"202010301137-022","Dusky Pipefish","Syngnathus floridae",2,0.73
"202010301137-022","Emerald Parrotfish","Nicholsina usta",2,9.57
"202010301137-022","Fringed Filefish","Monacanthus ciliatus",4,11.7
"202010301137-022","Grass Porgy","Calamus arctifrons",1,9.37
"202010301137-022","Gray Snapper","Lutjanus griseus",11,71.48
"202010301137-022","Lane Snapper","Lutjanus synagris",31,94.59
"202010301137-022","Lookdown","Selene vomer",1,3.75
"202010301137-022","Mojarra Spp","Eucinostomus spp",69,301.56
"202010301137-022","Pinfish","Lagodon rhomboides",1,0.42
"202010301137-022","Silver Perch","Bairdiella chrysoura",1,9.01
"202010301137-022","White Grunt","Haemulon plumierii",54,201.41
"202010301137-022","Yellowtail Snapper","Ocyurus chrysurus",1,3.4
"202010301229-123","Fringed Filefish","Monacanthus ciliatus",2,1.47
"202010301229-123","Mojarra Spp","Eucinostomus spp",4,10.42
"202010310744-241","Bay Anchovy","Anchoa mitchilli",1,0.62
"202010310744-241","Gulf Pipefish","Syngnathus scovelli",1,0.12
"202010310744-241","Gulf Toadfish","Opsanus beta",1,0.77
"202010310744-241","Mojarra Spp","Eucinostomus spp",33,59.22
"202010310744-241","Rainwater Killifish","Lucania parva",11,2.62
"202011140255-301","Banded Blenny","Paraclinus fasciatus",1,0.77
"202011140255-301","Dwarf Seahorse","Hippocampus zosterae",4,0.3
"202011140255-301","Fringed Pipefish","Anarchopterus criniger",2,0.23
"202011140255-301","Gulf Toadfish","Opsanus beta",2,1.83
"202011140255-301","Mojarra Spp","Eucinostomus spp",10,36.09
"202011141002-314","Mojarra Spp","Eucinostomus spp",1,0.19
"202011141002-314","Rainwater Killifish","Lucania parva",1,0.12
"202011141057-618","Clown Goby","Microgobius gulosus",2,0.32
"202011141057-618","Dwarf Seahorse","Hippocampus zosterae",1,0.06
"202011141057-618","Mojarra Spp","Eucinostomus spp",15,12.82
"202011141057-618","Pupfish Spp","Cyprinodontinae spp",1,0.02
"202011141057-618","Sargassum Pipefish","Syngnathus pelagicus",1,0.04
"202011141244-402","Dwarf Seahorse","Hippocampus zosterae",2,0.08
"202011141244-402","Fringed Pipefish","Anarchopterus criniger",1,0.15
"202011141244-402","Goldspotted Killifish","Floridichthys carpio",3,0.38
"202011141244-402","Mojarra Spp","Eucinostomus spp",25,43.17
"202011150156-146","Bay Anchovy","Anchoa mitchilli",1,0.58
"202011150156-146","Fringed Pipefish","Anarchopterus criniger",1,0.21
"202011150156-146","Gray Snapper","Lutjanus griseus",6,48.55
"202011150156-146","Grunt Spp","Haemulon spp",1,0.04
"202011150156-146","Gulf Pipefish","Syngnathus scovelli",2,0.54
"202011150156-146","Inshore Lizardfish","Synodus foetens",1,2.69
"202011150156-146","Lane Snapper","Lutjanus synagris",3,7.75
"202011150156-146","Mojarra Spp","Eucinostomus spp",52,134.55
"202011150156-146","Sargassum Pipefish","Syngnathus pelagicus",8,2.05
"202011150156-146","Silver Perch","Bairdiella chrysoura",3,4.45
"202011150156-146","Spotted Seatrout","Cynoscion nebulosus",1,0.53
"202011150156-146","White Grunt","Haemulon plumierii",9,25.25
"202011150222-168","Bay Anchovy","Anchoa mitchilli",50,12.12
"202011150222-168","Blackcheek Tonguefish","Symphurus plagiusa",1,0.21
"202011150222-168","Dwarf Seahorse","Hippocampus zosterae",1,0.03
"202011150222-168","Fringed Filefish","Monacanthus ciliatus",1,0.35
"202011150222-168","Lane Snapper","Lutjanus synagris",2,5.18
"202011150222-168","Mojarra Spp","Eucinostomus spp",21,77.95
"202011150222-168","Pinfish","Lagodon rhomboides",1,7.95
"202011150222-168","White Grunt","Haemulon plumierii",1,11.61
"202011150326-266","Code Goby","Gobiosoma robustum",3,0.85
"202011150326-266","Dwarf Seahorse","Hippocampus zosterae",1,0.1
"202011150326-266","Florida Blenny","Chasmodes saburrae",1,3.04
"202011150326-266","Fringed Pipefish","Anarchopterus criniger",12,1.57
"202011150326-266","Gulf Pipefish","Syngnathus scovelli",5,1.9
"202011150326-266","Mojarra Spp","Eucinostomus spp",28,56.32
"202011150326-266","Rainwater Killifish","Lucania parva",1,0.04
"202011150326-266","Silver Perch","Bairdiella chrysoura",1,0.21
"202011150902-070","Bay Anchovy","Anchoa mitchilli",141,22.39
"202011150902-070","Drum Spp","Scienidae spp",1,0.03
"202011150902-070","Goby Spp","Gobiidae spp",1,0.02
"202011150902-070","Gulf Pipefish","Syngnathus scovelli",1,0.28
"202011150902-070","Mojarra Spp","Eucinostomus spp",7,22.96
"202011150902-070","Mud Crab Spp","Panopeidae spp",1,0.19
"202011151039-022","Bay Anchovy","Anchoa mitchilli",6,2.35
"202011151039-022","Checkered Puffer","Sphoeroides testudineus",1,3.58
"202011151039-022","Dwarf Seahorse","Hippocampus zosterae",1,0.06
"202011151039-022","Flatback Mud Crab","Eurypanopeus depressus",1,0.09
"202011151039-022","Fringed Filefish","Monacanthus ciliatus",7,18.84
"202011151039-022","Gulf Toadfish","Opsanus beta",1,4.72
"202011151039-022","Lane Snapper","Lutjanus synagris",7,23.11
"202011151039-022","Mojarra Spp","Eucinostomus spp",35,169.99
"202011151039-022","Pinfish","Lagodon rhomboides",1,8.55
"202011151039-022","Sargassum Pipefish","Syngnathus pelagicus",2,0.91
"202011151039-022","Silver Perch","Bairdiella chrysoura",1,0.38
"202011151039-022","White Grunt","Haemulon plumierii",12,39.2
"202011151226-123","Dwarf Seahorse","Hippocampus zosterae",1,0.05
"202011151226-123","Fringed Filefish","Monacanthus ciliatus",3,8.17
"202011151226-123","Fringed Pipefish","Anarchopterus criniger",1,0.11
"202011151226-123","Mojarra Spp","Eucinostomus spp",6,10.5
"202011151226-123","Rainwater Killifish","Lucania parva",2,0.29
"202011151226-123","Sargassum Pipefish","Syngnathus pelagicus",1,0.12
"202011151226-123","Silver Perch","Bairdiella chrysoura",2,0.62
"202011160823-241","Code Goby","Gobiosoma robustum",1,0.26
"202011160823-241","Gulf Toadfish","Opsanus beta",1,0.74
"202011160823-241","Mojarra Spp","Eucinostomus spp",15,42.64
"202011160823-241","Sea Star Spp","Asteroidea spp",2,1.9
"202011160944-270","Brittle Star Spp","Ophiuroidea spp",4,1.13
"202011160944-270","Gulf Pipefish","Syngnathus scovelli",2,0.6
"202011160944-270","Mojarra Spp","Eucinostomus spp",42,129.8
"202011160944-270","Rainwater Killifish","Lucania parva",1,0.11
"202011160944-270","Sargassum Pipefish","Syngnathus pelagicus",1,0.13
"202011160944-270","Sea Star Spp","Asteroidea spp",1,0.31
"202105130104-314","Mojarra Spp","Eucinostomus spp",1,6.18
"202105130248-270","Dwarf Seahorse","Hippocampus zosterae",2,0.26
"202105130248-270","Pigfish","Orthopristis chrysoptera",1,9.7
"202105131010-266","Blackcheek Tonguefish","Symphurus plagiusa",1,0.96
"202105131010-266","Checkered Puffer","Sphoeroides testudineus",2,2.47
"202105131010-266","Harris Mud Crab","Rhithropanopeus harrisii",2,0.26
"202105131010-266","Longnose Spider Crab","Libinia dubia",2,1.82
"202105131010-266","Oyster Mud Crab","Panopeus simpsoni",1,0.12
"202105131010-266","Sargassum Swimming Crab","Portunus sayi",5,5.94
"202105131010-266","Silver Perch","Bairdiella chrysoura",1,0.81
"202105131157-301","Banded Blenny","Paraclinus fasciatus",1,0.31
"202105131157-301","Clown Goby","Microgobius gulosus",1,0.03
"202105131157-301","Dwarf Seahorse","Hippocampus zosterae",3,0.37
"202105131157-301","Fringed Pipefish","Anarchopterus criniger",1,0.03
"202105131157-301","Gulf Toadfish","Opsanus beta",1,0.08
"202105131157-301","Mojarra Spp","Eucinostomus spp",6,29.76
"202105131157-301","Sargassum Pipefish","Syngnathus pelagicus",1,0.18
"202105140138-146","Atlantic Bay Scallop","Argopecten irradians",1,0
"202105140138-146","Code Goby","Gobiosoma robustum",6,1.08
"202105140138-146","Dusky Pipefish","Syngnathus floridae",1,0.75
"202105140138-146","Emerald Parrotfish","Nicholsina usta",1,9.36
"202105140138-146","Fringed Filefish","Monacanthus ciliatus",3,2.39
"202105140138-146","Grass Porgy","Calamus arctifrons",2,0.69
"202105140138-146","Gulf Pipefish","Syngnathus scovelli",2,0.5
"202105140138-146","Mojarra Spp","Eucinostomus spp",14,2.44
"202105140138-146","Pigfish","Orthopristis chrysoptera",2,3.75
"202105140138-146","Pinfish","Lagodon rhomboides",4,16.95
"202105140138-146","Silver Perch","Bairdiella chrysoura",10,34.73
"202105140332-241","Dwarf Seahorse","Hippocampus zosterae",3,0.37
"202105140332-241","Gulf Pipefish","Syngnathus scovelli",2,0.46
"202105140332-241","Mojarra Spp","Eucinostomus spp",2,5.04
"202105140332-241","Pinfish","Lagodon rhomboides",1,6.88
"202105140332-241","Rainwater Killifish","Lucania parva",4,0.69
"202105140332-241","Sargassum Pipefish","Syngnathus pelagicus",1,0.09
"202105140332-241","Silver Perch","Bairdiella chrysoura",3,11.08
"202105140816-070","Gulf Pipefish","Syngnathus scovelli",2,0.7
"202105140959-022","Anchovy Spp","Anchoa spp",5,0.08
"202105140959-022","Bluestriped Grunt","Haemulon sciurus",1,0.17
"202105140959-022","Dusky Pipefish","Syngnathus floridae",1,1.16
"202105140959-022","Flatback Mud Crab","Eurypanopeus depressus",1,0.05
"202105140959-022","Grass Porgy","Calamus arctifrons",6,5.63
"202105140959-022","Mojarra Spp","Eucinostomus spp",2,3.69
"202105140959-022","Pigfish","Orthopristis chrysoptera",2,0.42
"202105140959-022","Planehead Filefish","Stephanolepis hispidus",1,1.92
"202105140959-022","Sailor's Grunt","Haemulon parra",3,0
"202105140959-022","Sargassum Swimming Crab","Portunus sayi",14,20.33
"202105140959-022","Striped Burrfish","Chilomycterus schoepfi",1,7.85
"202105141132-123","Anchovy Spp","Anchoa spp",1,0.05
"202105141132-123","Atlantic Bay Scallop","Argopecten irradians",3,0
"202105141132-123","Fringed Pipefish","Anarchopterus criniger",1,0.09
"202105141132-123","Harris Mud Crab","Rhithropanopeus harrisii",1,0.03
"202105141132-123","Mojarra Spp","Eucinostomus spp",6,1.51
"202105150848-618","Atlantic Needlefish","Strongylura marina",1,0.09
"202105150848-618","Banded Blenny","Paraclinus fasciatus",1,0.39
"202105150848-618","Dwarf Seahorse","Hippocampus zosterae",7,0.54
"202105150848-618","Goldspotted Killifish","Floridichthys carpio",4,1.24
"202105150848-618","Gulf Pipefish","Syngnathus scovelli",4,1.24
"202105150848-618","Gulf Toadfish","Opsanus beta",1,0.15
"202105150848-618","Mojarra Spp","Eucinostomus spp",1,2.04
"202105150848-618","Rainwater Killifish","Lucania parva",1,0.03
"202105150848-618","Spotted Dragonet","Diplogrammus pauciradiatus",1,0.24
"202105150930-402","Clown Goby","Microgobius gulosus",2,0.57
"202105150930-402","Dwarf Seahorse","Hippocampus zosterae",2,0.12
"202105150930-402","Goldspotted Killifish","Floridichthys carpio",6,1.11
"202105150930-402","Rainwater Killifish","Lucania parva",1,0.02
"202105151258-168","Mojarra Spp","Eucinostomus spp",5,41.25
"202105151258-168","Sargassum Pipefish","Syngnathus pelagicus",1,0.08
"202106120930-168","Mojarra Spp","Eucinostomus spp",1,4.99
"202106120930-168","Oyster Mud Crab","Panopeus simpsoni",1,0.41
"202106120930-168","Sargassum Swimming Crab","Portunus sayi",1,2.54
"202106120930-168","White Grunt","Haemulon plumierii",3,9.47
"202106120959-070","Dusky Anchovy","Anchoa lyolepis",3,6.3
"202106120959-070","Harris Mud Crab","Rhithropanopeus harrisii",1,0.56
"202106121127-022","Mojarra Spp","Eucinostomus spp",1,3.24
"202106121215-123","Dwarf Seahorse","Hippocampus zosterae",2,0.13
"202106121215-123","Fringed Pipefish","Anarchopterus criniger",1,0.05
"202106121215-123","Gulf Pipefish","Syngnathus scovelli",2,0.14
"202106121215-123","Honeycomb Cowfish","Acanthostracion polygonius",1,24.02
"202106121215-123","Mojarra Spp","Eucinostomus spp",5,2.83
"202106121215-123","Pinfish","Lagodon rhomboides",1,5.04
"202106121215-123","Rainwater Killifish","Lucania parva",8,1.28
"202106121215-123","Silver Perch","Bairdiella chrysoura",1,5.11
"202106121215-123","White Grunt","Haemulon plumierii",1,4.81
"202106121250-146","Anchovy Spp","Anchoa spp",6,0.44
"202106121250-146","Code Goby","Gobiosoma robustum",2,0.79
"202106121250-146","Dwarf Seahorse","Hippocampus zosterae",3,0.12
"202106121250-146","Flatback Mud Crab","Eurypanopeus depressus",1,0.34
"202106121250-146","Fringed Filefish","Monacanthus ciliatus",2,0.84
"202106121250-146","Fringed Pipefish","Anarchopterus criniger",1,0.14
"202106121250-146","Gulf Pipefish","Syngnathus scovelli",3,0.8
"202106121250-146","Inshore Lizardfish","Synodus foetens",1,0.24
"202106121250-146","Mojarra Spp","Eucinostomus spp",11,5.11
"202106121250-146","Pigfish","Orthopristis chrysoptera",1,8.42
"202106121250-146","Pinfish","Lagodon rhomboides",3,8.08
"202106121250-146","Sargassum Pipefish","Syngnathus pelagicus",2,0.91
"202106121250-146","Silver Perch","Bairdiella chrysoura",20,82.19
"202106121250-146","Spanish Sardine","Sardinella aurita",48,9.45
"202106130732-266","Code Goby","Gobiosoma robustum",3,1.05
"202106130732-266","Fringed Pipefish","Anarchopterus criniger",1,0.22
"202106130732-266","Gulf Toadfish","Opsanus beta",1,3.69
"202106130831-301","Dwarf Seahorse","Hippocampus zosterae",3,0.24
"202106130831-301","Mojarra Spp","Eucinostomus spp",8,41.35
"202106130831-301","Oyster Mud Crab","Panopeus simpsoni",6,6.42
"202106130831-301","Silver Perch","Bairdiella chrysoura",1,7.26
"202106130931-314","Dwarf Seahorse","Hippocampus zosterae",3,0.22
"202106130931-314","Rainwater Killifish","Lucania parva",1,0.18
"202106131118-402","Dwarf Seahorse","Hippocampus zosterae",2,0.09
"202106131118-402","Florida Blenny","Chasmodes saburrae",1,0.64
"202106131118-402","Goldspotted Killifish","Floridichthys carpio",3,0.52
"202106131118-402","Gulf Pipefish","Syngnathus scovelli",1,0.57
"202106131118-402","Halfbeak Spp","Beloniformes spp",1,0.02
"202106131118-402","Mojarra Spp","Eucinostomus spp",9,31.6
"202106131118-402","Rainwater Killifish","Lucania parva",1,0.08
"202106131118-402","Sargassum Pipefish","Syngnathus pelagicus",1,0.59
"202106131233-618","Dwarf Seahorse","Hippocampus zosterae",2,0.15
"202106131233-618","Goldspotted Killifish","Floridichthys carpio",2,1.08
"202106131233-618","Gulf Pipefish","Syngnathus scovelli",3,1.33
"202106131233-618","Mojarra Spp","Eucinostomus spp",35,117.88
"202106131233-618","Rainwater Killifish","Lucania parva",1,0.13
"202106140854-241","Dwarf Seahorse","Hippocampus zosterae",3,0.09
"202106140854-241","Gulf Pipefish","Syngnathus scovelli",5,1.62
"202106140854-241","Mojarra Spp","Eucinostomus spp",35,70.15
"202106140854-241","Pigfish","Orthopristis chrysoptera",1,11.47
"202106140854-241","Rainwater Killifish","Lucania parva",32,4.88
"202106140854-241","Silver Perch","Bairdiella chrysoura",2,17.39
"202106140854-241","Spotted Dragonet","Diplogrammus pauciradiatus",1,0.1
"202106140854-241","Spotted Seatrout","Cynoscion nebulosus",4,6.92
"202106140854-241","Striped Burrfish","Chilomycterus schoepfi",1,20.57
"202106141052-270","Checkered Puffer","Sphoeroides testudineus",1,11.62
"202106141052-270","Dusky Pipefish","Syngnathus floridae",1,0.34
"202106141052-270","Dwarf Seahorse","Hippocampus zosterae",3,0.3
"202106141052-270","Mojarra Spp","Eucinostomus spp",2,1.7
"202107170104-123","Atlantic Bay Scallop","Argopecten irradians",3,0
"202107170104-123","Dwarf Seahorse","Hippocampus zosterae",3,0.17
"202107170104-123","Fringed Filefish","Monacanthus ciliatus",1,1.3
"202107170104-123","Gulf Pipefish","Syngnathus scovelli",1,0.16
"202107170104-123","Marbled Blenny","Paraclinus marmoratus",2,1.65
"202107170104-123","Mojarra Spp","Eucinostomus spp",18,22.04
"202107170104-123","Pigfish","Orthopristis chrysoptera",1,6.93
"202107170104-123","Pinfish","Lagodon rhomboides",5,50.35
"202107170104-123","Rainwater Killifish","Lucania parva",33,2.61
"202107170104-123","Silver Perch","Bairdiella chrysoura",6,25.75
"202107170104-123","White Grunt","Haemulon plumierii",14,172.99
"202107170157-146","Atlantic Mud Crab","Panopeus herbstii",1,0.73
"202107170157-146","Bluestriped Grunt","Haemulon sciurus",2,0.46
"202107170157-146","Code Goby","Gobiosoma robustum",4,0.83
"202107170157-146","Dusky Pipefish","Syngnathus floridae",1,0.85
"202107170157-146","Fringed Filefish","Monacanthus ciliatus",1,0.51
"202107170157-146","Fringed Pipefish","Anarchopterus criniger",1,0.1
"202107170157-146","Gulf Pipefish","Syngnathus scovelli",7,0.81
"202107170157-146","Harris Mud Crab","Rhithropanopeus harrisii",1,0.36
"202107170157-146","Mojarra Spp","Eucinostomus spp",9,18.09
"202107170157-146","Pinfish","Lagodon rhomboides",3,25.84
"202107170157-146","Rainwater Killifish","Lucania parva",14,2.94
"202107170157-146","Scrawled Cowfish","Acanthostracion quadricornis",1,0.14
"202107170157-146","Silver Perch","Bairdiella chrysoura",5,23.9
"202107170157-146","Spotted Dragonet","Diplogrammus pauciradiatus",1,0.32
"202107170157-146","Spotted Seatrout","Cynoscion nebulosus",2,0.91
"202107170157-146","White Grunt","Haemulon plumierii",2,11.45
"202107170853-070","Gulf Pipefish","Syngnathus scovelli",1,0.11
"202107170853-070","Mojarra Spp","Eucinostomus spp",4,7
"202107170956-168","Anchovy Spp","Anchoa spp",1,0.51
"202107170956-168","Bay Anchovy","Anchoa mitchilli",1,0.44
"202107170956-168","Broad-Striped Anchovy","Anchoa hepsetus",3,8.95
"202107170956-168","Dwarf Seahorse","Hippocampus zosterae",5,0.24
"202107170956-168","Harris Mud Crab","Rhithropanopeus harrisii",1,0.1
"202107170956-168","Mojarra Spp","Eucinostomus spp",4,20.37
"202107170956-168","Rainwater Killifish","Lucania parva",4,0.4
"202107170956-168","Silver Perch","Bairdiella chrysoura",1,0.04
"202107171201-022","Chain Pipefish","Syngnathus louisianae",1,0.07
"202107171201-022","Dusky Pipefish","Syngnathus floridae",1,0.04
"202107171201-022","Dwarf Seahorse","Hippocampus zosterae",1,0.09
"202107171201-022","Lane Snapper","Lutjanus synagris",2,0.6
"202107171201-022","Mojarra Spp","Eucinostomus spp",5,6.67
"202107171201-022","Sargassum Swimming Crab","Portunus sayi",1,2.03
"202107180152-402","Dwarf Seahorse","Hippocampus zosterae",1,0.11
"202107180152-402","Fringed Pipefish","Anarchopterus criniger",1,0.15
"202107180818-266","Code Goby","Gobiosoma robustum",2,0.42
"202107180818-266","Dwarf Seahorse","Hippocampus zosterae",2,0.09
"202107180818-266","Fringed Pipefish","Anarchopterus criniger",7,0.31
"202107180818-266","Mojarra Spp","Eucinostomus spp",2,10.86
"202107180818-266","Oyster Mud Crab","Panopeus simpsoni",1,0.14
"202107181017-301","Atlantic Mud Crab","Panopeus herbstii",1,4.12
"202107181017-301","Clown Goby","Microgobius gulosus",1,0.1
"202107181017-301","Code Goby","Gobiosoma robustum",1,0.34
"202107181017-301","Dwarf Seahorse","Hippocampus zosterae",2,0.21
"202107181017-301","Fringed Pipefish","Anarchopterus criniger",3,0.2
"202107181017-301","Gulf Toadfish","Opsanus beta",1,0.58
"202107181017-301","Mojarra Spp","Eucinostomus spp",6,23.02
"202107181017-301","Oyster Mud Crab","Panopeus simpsoni",2,2.33
"202107181017-301","Spanish Sardine","Sardinella aurita",1,0.23
"202107181150-314","Mojarra Spp","Eucinostomus spp",1,0.71
"202107181150-314","Oyster Mud Crab","Panopeus simpsoni",1,0.48
"202107181246-618","Clown Goby","Microgobius gulosus",1,0.26
"202107181246-618","Dwarf Seahorse","Hippocampus zosterae",3,0.15
"202107181246-618","Goldspotted Killifish","Floridichthys carpio",3,1.35
"202107181246-618","Gulf Pipefish","Syngnathus scovelli",1,0.45
"202107181246-618","Mojarra Spp","Eucinostomus spp",10,15.56
"202107190921-241","Dwarf Seahorse","Hippocampus zosterae",4,0.14
"202107190921-241","Florida Blenny","Chasmodes saburrae",2,5.41
"202107190921-241","Great Barracuda","Sphyraena barracuda",2,3.91
"202107190921-241","Gulf Pipefish","Syngnathus scovelli",5,2.14
"202107190921-241","Mojarra Spp","Eucinostomus spp",34,63.13
"202107190921-241","Pinfish","Lagodon rhomboides",1,11.65
"202107190921-241","Rainwater Killifish","Lucania parva",35,6.13
"202107190921-241","Spotted Seatrout","Cynoscion nebulosus",4,1.52
"202107191037-270","Atlantic Bay Scallop","Argopecten irradians",1,0
"202107191037-270","Mojarra Spp","Eucinostomus spp",33,70.36
"202108080217-123","Atlantic Bay Scallop","Argopecten irradians",1,0
"202108080217-123","Dwarf Seahorse","Hippocampus zosterae",1,0.06
"202108080217-123","Fringed Filefish","Monacanthus ciliatus",1,1.27
"202108080217-123","Great Barracuda","Sphyraena barracuda",2,0.32
"202108080217-123","Gulf Pipefish","Syngnathus scovelli",1,0.37
"202108080217-123","Lane Snapper","Lutjanus synagris",2,1.35
"202108080217-123","Marbled Blenny","Paraclinus marmoratus",1,1.44
"202108080217-123","Mojarra Spp","Eucinostomus spp",11,37.04
"202108080217-123","Pinfish","Lagodon rhomboides",2,16.44
"202108080217-123","Rainwater Killifish","Lucania parva",19,2.03
"202108080217-123","Silver Perch","Bairdiella chrysoura",1,3.66
"202108080247-146","Atlantic Bay Scallop","Argopecten irradians",1,0
"202108080247-146","Dusky Pipefish","Syngnathus floridae",2,0.18
"202108080247-146","Dwarf Seahorse","Hippocampus zosterae",2,0.07
"202108080247-146","Emerald Parrotfish","Nicholsina usta",1,3.47
"202108080247-146","Fringed Filefish","Monacanthus ciliatus",9,23.87
"202108080247-146","Fringed Pipefish","Anarchopterus criniger",1,0.1
"202108080247-146","Great Barracuda","Sphyraena barracuda",2,1.75
"202108080247-146","Gulf Pipefish","Syngnathus scovelli",3,0.62
"202108080247-146","Mojarra Spp","Eucinostomus spp",95,221.62
"202108080247-146","Oyster Mud Crab","Panopeus simpsoni",1,0.34
"202108080247-146","Pigfish","Orthopristis chrysoptera",10,130.34
"202108080247-146","Pinfish","Lagodon rhomboides",4,72.9
"202108080247-146","Rainwater Killifish","Lucania parva",12,1.12
"202108080247-146","Scrawled Cowfish","Acanthostracion quadricornis",1,0.84
"202108080247-146","Silver Perch","Bairdiella chrysoura",20,115.58
"202108080247-146","Spotted Seatrout","Cynoscion nebulosus",8,1.29
"202108080247-146","Striped Burrfish","Chilomycterus schoepfi",1,3.28
"202108080905-070","Code Goby","Gobiosoma robustum",2,0.42
"202108080905-070","Flatback Mud Crab","Eurypanopeus depressus",1,0.23
"202108080905-070","Florida Grassflat Crab","Neopanope packardii",2,0.58
"202108080905-070","Harris Mud Crab","Rhithropanopeus harrisii",1,0.07
"202108080905-070","Mojarra Spp","Eucinostomus spp",2,0.95
"202108080905-070","Oyster Mud Crab","Panopeus simpsoni",1,1.92
"202108080905-070","Sargassum Swimming Crab","Portunus sayi",1,1.77
"202108081044-168","Atlantic Brief Squid","Lolliguncula brevis",1,0.64
"202108081044-168","Bay Anchovy","Anchoa mitchilli",2,1.2
"202108081044-168","Florida Grassflat Crab","Neopanope packardii",1,0.08
"202108081044-168","Florida Stone Crab","Menippe mercenaria",1,4.22
"202108081044-168","Fringed Filefish","Monacanthus ciliatus",3,10.42
"202108081044-168","Fringed Pipefish","Anarchopterus criniger",1,0.03
"202108081044-168","Gulf Pipefish","Syngnathus scovelli",2,0.3
"202108081044-168","Mojarra Spp","Eucinostomus spp",17,111.16
"202108081044-168","Rainwater Killifish","Lucania parva",5,0.56
"202108081234-022","Anchovy Spp","Anchoa spp",2,0.36
"202108081234-022","Brittle Star Spp","Ophiuroidea spp",1,0.22
"202108081234-022","Code Goby","Gobiosoma robustum",1,0.29
"202108081234-022","Florida Grassflat Crab","Neopanope packardii",1,0.11
"202108081234-022","Grass Porgy","Calamus arctifrons",2,7.02
"202108081234-022","Gray Snapper","Lutjanus griseus",1,24.38
"202108081234-022","Lane Snapper","Lutjanus synagris",14,37.01
"202108081234-022","Longnose Spider Crab","Libinia dubia",1,1.04
"202108081234-022","Mojarra Spp","Eucinostomus spp",56,165.92
"202108081234-022","Pigfish","Orthopristis chrysoptera",2,31.03
"202108081234-022","Pinfish","Lagodon rhomboides",5,57.14
"202108081234-022","Sargassum Pipefish","Syngnathus pelagicus",1,0.25
"202108081234-022","Sargassum Swimming Crab","Portunus sayi",1,0.51
"202108081234-022","Silver Perch","Bairdiella chrysoura",6,38.93
"202108081234-022","Spider Crab Spp","Majidae spp",1,7.46
"202108081234-022","White Grunt","Haemulon plumierii",5,13.01
"202108090229-301","Atlantic Mud Crab","Panopeus herbstii",4,10.51
"202108090229-301","Clown Goby","Microgobius gulosus",1,0.01
"202108090229-301","Dwarf Seahorse","Hippocampus zosterae",1,0.01
"202108090229-301","Florida Grassflat Crab","Neopanope packardii",3,1.34
"202108090229-301","Fringed Pipefish","Anarchopterus criniger",3,0.2
"202108090229-301","Mojarra Spp","Eucinostomus spp",7,22.07
"202108090229-301","Mud Crab Spp","Panopeidae spp",1,0.37
"202108091017-324","Gulf Toadfish","Opsanus beta",1,0.42
"202108091017-324","Mojarra Spp","Eucinostomus spp",50,72.2
"202108091105-618","Goldspotted Killifish","Floridichthys carpio",3,1.76
"202108091105-618","Gulf Pipefish","Syngnathus scovelli",1,0.29
"202108091105-618","Mojarra Spp","Eucinostomus spp",40,123.54
"202108091105-618","Rainwater Killifish","Lucania parva",1,0.16
"202108091203-402","Chain Pipefish","Syngnathus louisianae",1,0.58
"202108091203-402","Goldspotted Killifish","Floridichthys carpio",4,1.44
"202108091203-402","Mojarra Spp","Eucinostomus spp",44,92.81
"202108100749-266","Clown Goby","Microgobius gulosus",1,0
"202108100749-266","Code Goby","Gobiosoma robustum",11,1.67
"202108100749-266","Dwarf Seahorse","Hippocampus zosterae",3,0.08
"202108100749-266","Florida Grassflat Crab","Neopanope packardii",1,0.3
"202108100749-266","Fringed Pipefish","Anarchopterus criniger",10,0.47
"202108100749-266","Goldspotted Killifish","Floridichthys carpio",14,2.12
"202108100749-266","Gulf Pipefish","Syngnathus scovelli",12,3.4
"202108100749-266","Gulf Toadfish","Opsanus beta",2,4.42
"202108100749-266","Mojarra Spp","Eucinostomus spp",22,16.38
"202108100749-266","Oyster Mud Crab","Panopeus simpsoni",1,0.72
"202108100749-266","Pipefish Spp","Syngnathidae spp",3,1.18
"202108100749-266","Rainwater Killifish","Lucania parva",100,10.32
"202108100749-266","Sargassum Pipefish","Syngnathus pelagicus",1,0.31
"202108100859-241","Code Goby","Gobiosoma robustum",3,0.32
"202108100859-241","Dwarf Seahorse","Hippocampus zosterae",11,0.62
"202108100859-241","Fringed Pipefish","Anarchopterus criniger",1,0.05
"202108100859-241","Goldspotted Killifish","Floridichthys carpio",2,0.78
"202108100859-241","Great Barracuda","Sphyraena barracuda",2,2.71
"202108100859-241","Gulf Pipefish","Syngnathus scovelli",12,3.55
"202108100859-241","Mojarra Spp","Eucinostomus spp",43,90.59
"202108100859-241","Rainwater Killifish","Lucania parva",69,9.11
"202108100859-241","Silver Perch","Bairdiella chrysoura",1,11.74
"202108100859-241","Spotted Seatrout","Cynoscion nebulosus",2,0.88
"202108101200-270","Atlantic Bay Scallop","Argopecten irradians",1,0
"202108101200-270","Mojarra Spp","Eucinostomus spp",6,14.89
"202109111000-618","Clown Goby","Microgobius gulosus",3,0.35
"202109111000-618","Dwarf Seahorse","Hippocampus zosterae",4,0.4
"202109111000-618","Goldspotted Killifish","Floridichthys carpio",2,0.82
"202109111000-618","Gulf Pipefish","Syngnathus scovelli",1,0.24
"202109111000-618","Mojarra Spp","Eucinostomus spp",73,174.53
"202109111000-618","Oyster Mud Crab","Panopeus simpsoni",1,2.11
"202109111349-314","Florida Grassflat Crab","Neopanope packardii",1,0.42
"202109111349-314","Goldspotted Killifish","Floridichthys carpio",4,1.91
"202109111349-314","Mojarra Spp","Eucinostomus spp",127,241.53
"202109111423-402","Dwarf Seahorse","Hippocampus zosterae",3,0.05
"202109111423-402","Goldspotted Killifish","Floridichthys carpio",13,4.98
"202109111423-402","Mojarra Spp","Eucinostomus spp",2,2.73
"202109111530-070","Bay Anchovy","Anchoa mitchilli",107,12.06
"202109111530-070","Dwarf Seahorse","Hippocampus zosterae",1,0.1
"202109111530-070","Fringed Pipefish","Anarchopterus criniger",1,0.14
"202109111530-070","Gulf Pipefish","Syngnathus scovelli",2,0.45
"202109111530-070","Lane Snapper","Lutjanus synagris",4,7.16
"202109111530-070","Lesser Blue Crab","Callinectes similis",4,1.07
"202109111530-070","Lined Sole","Achirus lineatus",1,0.97
"202109111530-070","Longnose Spider Crab","Libinia dubia",1,3.83
"202109111530-070","Mojarra Spp","Eucinostomus spp",66,122.05
"202109111530-070","Oyster Mud Crab","Panopeus simpsoni",3,0.53
"202109111530-070","Scrawled Cowfish","Acanthostracion quadricornis",1,0.33
"202109120826-301","Atlantic Mud Crab","Panopeus herbstii",7,18.08
"202109120826-301","Flatback Mud Crab","Eurypanopeus depressus",1,0.78
"202109120826-301","Florida Grassflat Crab","Neopanope packardii",16,9.27
"202109120826-301","Fringed Pipefish","Anarchopterus criniger",2,0.15
"202109120826-301","Gray Pitho Crab","Pitho mirabilis",2,13.24
"202109120826-301","Gulf Toadfish","Opsanus beta",1,0.52
"202109120826-301","Mojarra Spp","Eucinostomus spp",2,8.01
"202109120826-301","Mud Crab Spp","Panopeidae spp",2,0.81
"202109120826-301","Oyster Mud Crab","Panopeus simpsoni",3,2.3
"202109121055-270","Atlantic Bay Scallop","Argopecten irradians",8,0
"202109121055-270","Dwarf Seahorse","Hippocampus zosterae",5,0.71
"202109121055-270","Fringed Pipefish","Anarchopterus criniger",3,0.37
"202109121055-270","Gulf Pipefish","Syngnathus scovelli",3,0.83
"202109121055-270","Mojarra Spp","Eucinostomus spp",58,188.08
"202109121408-266","Code Goby","Gobiosoma robustum",6,1.83
"202109121408-266","Florida Blenny","Chasmodes saburrae",1,3.05
"202109121408-266","Florida Grassflat Crab","Neopanope packardii",2,1.12
"202109121408-266","Fringed Pipefish","Anarchopterus criniger",5,0.32
"202109121408-266","Gulf Pipefish","Syngnathus scovelli",2,0.6
"202109121408-266","Mojarra Spp","Eucinostomus spp",4,11.95
"202109121408-266","Rainwater Killifish","Lucania parva",14,1.29
"202109121408-266","Spotted Dragonet","Diplogrammus pauciradiatus",1,0.21
"202109131005-241","Code Goby","Gobiosoma robustum",1,0.1
"202109131005-241","Dwarf Seahorse","Hippocampus zosterae",2,0.16
"202109131005-241","Fringed Pipefish","Anarchopterus criniger",1,0.11
"202109131005-241","Gulf Pipefish","Syngnathus scovelli",2,0.47
"202109131005-241","Mojarra Spp","Eucinostomus spp",8,6.96
"202109131005-241","Rainwater Killifish","Lucania parva",7,0.44
"202109131443-022","Florida Grassflat Crab","Neopanope packardii",1,0.03
"202109131443-022","Mojarra Spp","Eucinostomus spp",1,4.12
"202109131443-022","Sargassum Swimming Crab","Portunus sayi",1,4.85
"202109131443-022","Swimming Crab Spp","Portunus spp",1,0.29
"202109140752-168","Bay Anchovy","Anchoa mitchilli",25,10.71
"202109140752-168","Blue Crab Spp","Callinectes spp",2,0.52
"202109140752-168","Dwarf Seahorse","Hippocampus zosterae",1,0.02
"202109140752-168","Florida Grassflat Crab","Neopanope packardii",3,0.11
"202109140752-168","Fringed Filefish","Monacanthus ciliatus",1,5.81
"202109140752-168","Mojarra Spp","Eucinostomus spp",23,121.31
"202109140752-168","Mud Crab Spp","Panopeidae spp",1,0.04
"202109141006-123","Bluestriped Grunt","Haemulon sciurus",2,7.28
"202109141006-123","Dwarf Seahorse","Hippocampus zosterae",3,0.05
"202109141006-123","Fringed Filefish","Monacanthus ciliatus",2,13.6
"202109141006-123","Mojarra Spp","Eucinostomus spp",12,18.28
"202109141006-123","Pinfish","Lagodon rhomboides",2,21.15
"202109141006-123","Rainwater Killifish","Lucania parva",5,0.82
"202109141006-123","Spotted Seatrout","Cynoscion nebulosus",1,0.01
"202109141006-123","White Grunt","Haemulon plumierii",1,0.89
"202109141148-146","Bay Anchovy","Anchoa mitchilli",7,0.18
"202109141148-146","Code Goby","Gobiosoma robustum",1,0.29
"202109141148-146","Dusky Pipefish","Syngnathus floridae",1,0.1
"202109141148-146","Dwarf Seahorse","Hippocampus zosterae",6,0.15
"202109141148-146","False Arrow Crab","Metoporhaphis calcarata",1,0.2
"202109141148-146","Fringed Filefish","Monacanthus ciliatus",3,11.19
"202109141148-146","Fringed Pipefish","Anarchopterus criniger",1,0.04
"202109141148-146","Gulf Pipefish","Syngnathus scovelli",4,0.76
"202109141148-146","Harris Mud Crab","Rhithropanopeus harrisii",1,0.37
"202109141148-146","Lane Snapper","Lutjanus synagris",6,11.82
"202109141148-146","Mojarra Spp","Eucinostomus spp",46,29.49
"202109141148-146","Mud Crab Spp","Panopeidae spp",2,0.59
"202109141148-146","Pinfish","Lagodon rhomboides",1,11.1
"202109141148-146","Rainwater Killifish","Lucania parva",38,5.26
"202109141148-146","Silver Perch","Bairdiella chrysoura",10,75.65
"202109141148-146","Spotted Seatrout","Cynoscion nebulosus",6,2.74
"202109141148-146","Striped Burrfish","Chilomycterus schoepfi",2,58.72
"202109141148-146","White Grunt","Haemulon plumierii",1,2.87
"202110250155-022","Harris Mud Crab","Rhithropanopeus harrisii",1,0.46
"202110250342-070","Inshore Lizardfish","Synodus foetens",1,4.16
"202110250342-070","Lane Snapper","Lutjanus synagris",4,9.34
"202110250342-070","Mojarra Spp","Eucinostomus spp",18,86.63
"202110250851-168","Bay Anchovy","Anchoa mitchilli",5,0.54
"202110250851-168","Fringed Pipefish","Anarchopterus criniger",1,0.03
"202110250851-168","Harris Mud Crab","Rhithropanopeus harrisii",1,0.08
"202110250851-168","Mojarra Spp","Eucinostomus spp",6,14.66
"202110250851-168","Mud Crab Spp","Panopeidae spp",1,0.11
"202110250851-168","Rainwater Killifish","Lucania parva",1,0.09
"202110250851-168","Silver Perch","Bairdiella chrysoura",1,0.03
"202110250851-168","Spotted Seatrout","Cynoscion nebulosus",2,0.21
"202110251102-146","Anchovy Spp","Anchoa spp",1,0.06
"202110251102-146","Bay Anchovy","Anchoa mitchilli",6,3.55
"202110251102-146","Bluestriped Grunt","Haemulon sciurus",1,0.06
"202110251102-146","Dwarf Seahorse","Hippocampus zosterae",2,0.07
"202110251102-146","Fringed Filefish","Monacanthus ciliatus",6,23.1
"202110251102-146","Great Barracuda","Sphyraena barracuda",2,0.67
"202110251102-146","Grunt Spp","Haemulon spp",1,0.04
"202110251102-146","Gulf Pipefish","Syngnathus scovelli",2,0.03
"202110251102-146","Lane Snapper","Lutjanus synagris",11,30.95
"202110251102-146","Mojarra Spp","Eucinostomus spp",118,254.33
"202110251102-146","Rainwater Killifish","Lucania parva",1,0.11
"202110251102-146","Silver Perch","Bairdiella chrysoura",5,31
"202110251102-146","White Grunt","Haemulon plumierii",1,6.34
"202110251235-123","Atlantic Bay Scallop","Argopecten irradians",2,0
"202110251235-123","Florida Grassflat Crab","Neopanope packardii",1,0.12
"202110251235-123","Fringed Filefish","Monacanthus ciliatus",2,12.97
"202110251235-123","Grunt Spp","Haemulon spp",2,0.11
"202110251235-123","Lane Snapper","Lutjanus synagris",4,2.22
"202110251235-123","Marbled Blenny","Paraclinus marmoratus",1,1.58
"202110251235-123","Mojarra Spp","Eucinostomus spp",14,36.52
"202110251235-123","Rainwater Killifish","Lucania parva",11,2.44
"202110251235-123","White Grunt","Haemulon plumierii",3,2.15
"202110260744-266","Fringed Pipefish","Anarchopterus criniger",2,0.13
"202110260744-266","Mojarra Spp","Eucinostomus spp",2,1.44
"202110260744-266","Rainwater Killifish","Lucania parva",1,0.12
"202110260955-301","Clown Goby","Microgobius gulosus",1,0.12
"202110260955-301","Dwarf Seahorse","Hippocampus zosterae",3,0.3
"202110260955-301","Fringed Pipefish","Anarchopterus criniger",4,0.36
"202110260955-301","Goldspotted Killifish","Floridichthys carpio",1,0.32
"202110260955-301","Spotted Dragonet","Diplogrammus pauciradiatus",1,0.28
"202110261152-270","Clown Goby","Microgobius gulosus",1,0.42
"202110261152-270","Dwarf Seahorse","Hippocampus zosterae",1,0.12
"202110261152-270","Fringed Pipefish","Anarchopterus criniger",1,0.16
"202110261152-270","Mojarra Spp","Eucinostomus spp",48,110.79
"202110261152-270","Spotted Dragonet","Diplogrammus pauciradiatus",1,0.18
"202110270118-402","Dwarf Seahorse","Hippocampus zosterae",1,0.11
"202110270118-402","Mojarra Spp","Eucinostomus spp",3,2.92
"202110271004-314","Goldspotted Killifish","Floridichthys carpio",1,0.04
"202110271126-618","Dwarf Seahorse","Hippocampus zosterae",8,0.47
"202110271126-618","Fringed Pipefish","Anarchopterus criniger",2,0.22
"202110271126-618","Goldspotted Killifish","Floridichthys carpio",2,0.91
"202110271126-618","Halfbeak Spp","Beloniformes spp",1,0.22
"202110271126-618","Mojarra Spp","Eucinostomus spp",11,28.13
"202110271126-618","Rainwater Killifish","Lucania parva",1,0.28
"202110280857-241","Atlantic Spadefish","Chaetodipterus faber",2,13.26
"202110280857-241","Clown Goby","Microgobius gulosus",1,0.35
"202110280857-241","Dwarf Seahorse","Hippocampus zosterae",3,0.16
"202110280857-241","Gulf Pipefish","Syngnathus scovelli",1,0.12
"202110280857-241","Mojarra Spp","Eucinostomus spp",10,14.65
"202110280857-241","Rainwater Killifish","Lucania parva",2,0.23
"202111130109-314","Dwarf Seahorse","Hippocampus zosterae",1,0.13
"202111130109-314","Florida Grassflat Crab","Neopanope packardii",1,0.5
"202111130109-314","Fringed Pipefish","Anarchopterus criniger",1,0.17
"202111130109-314","Goldspotted Killifish","Floridichthys carpio",1,0.2
"202111130109-314","Mojarra Spp","Eucinostomus spp",18,47.96
"202111130157-618","Goldspotted Killifish","Floridichthys carpio",1,0.77
"202111130157-618","Mojarra Spp","Eucinostomus spp",1,0.6
"202111130157-618","Sargassum Pipefish","Syngnathus pelagicus",2,0.15
"202111130300-402","Dwarf Seahorse","Hippocampus zosterae",4,0.33
"202111130300-402","Goldspotted Killifish","Floridichthys carpio",3,0.97
"202111130300-402","Mojarra Spp","Eucinostomus spp",11,33.62
"202111131006-267","Code Goby","Gobiosoma robustum",3,0.95
"202111131006-267","Florida Grassflat Crab","Neopanope packardii",1,0.43
"202111131006-267","Fringed Pipefish","Anarchopterus criniger",7,0.64
"202111131006-267","Mojarra Spp","Eucinostomus spp",2,1.97
"202111131006-267","Rainwater Killifish","Lucania parva",3,0.62
"202111131006-267","Sea Star Spp","Asteroidea spp",1,0.13
"202111131122-301","Fringed Pipefish","Anarchopterus criniger",1,0.2
"202111131122-301","Goldspotted Killifish","Floridichthys carpio",1,0.22
"202111131122-301","Mojarra Spp","Eucinostomus spp",5,16.7
"202111131122-301","Oyster Mud Crab","Panopeus simpsoni",1,1.21
"202111131122-301","Rainwater Killifish","Lucania parva",2,0.28
"202111131122-301","Sargassum Pipefish","Syngnathus pelagicus",1,0.27
"202111140154-123","Dwarf Seahorse","Hippocampus zosterae",3,0.02
"202111140154-123","Marbled Blenny","Paraclinus marmoratus",1,3.21
"202111140154-123","Mojarra Spp","Eucinostomus spp",12,41.17
"202111140154-123","Pinfish","Lagodon rhomboides",1,16.06
"202111140154-123","Rainwater Killifish","Lucania parva",10,1.49
"202111140811-070","Lane Snapper","Lutjanus synagris",1,0
"202111140811-070","Mojarra Spp","Eucinostomus spp",1,3.02
"202111140934-168","Inshore Lizardfish","Synodus foetens",1,6.29
"202111140934-168","Mojarra Spp","Eucinostomus spp",1,3.07
"202111141020-146","Dwarf Seahorse","Hippocampus zosterae",2,0.05
"202111141020-146","Fringed Pipefish","Anarchopterus criniger",2,0.14
"202111141020-146","Lane Snapper","Lutjanus synagris",2,25.21
"202111141020-146","Mojarra Spp","Eucinostomus spp",17,22.36
"202111141020-146","Rainwater Killifish","Lucania parva",1,0.12
"202111141020-146","Spotted Seatrout","Cynoscion nebulosus",3,0.02
"202111141020-146","White Grunt","Haemulon plumierii",1,0.16
"202111141156-022","Bluestriped Grunt","Haemulon sciurus",3,25.43
"202111141156-022","Dusky Pipefish","Syngnathus floridae",1,0.17
"202111141156-022","French Grunt","Haemulon flavolineatum",1,4.35
"202111141156-022","Fringed Filefish","Monacanthus ciliatus",1,2.5
"202111141156-022","Grass Porgy","Calamus arctifrons",3,21.17
"202111141156-022","Lane Snapper","Lutjanus synagris",17,83.68
"202111141156-022","Mojarra Spp","Eucinostomus spp",20,110.99
"202111141156-022","Sailor's Grunt","Haemulon parra",3,19.63
"202111141156-022","White Grunt","Haemulon plumierii",17,103.42
"202111150132-270","Atlantic Bay Scallop","Argopecten irradians",2,0
"202111150132-270","Dwarf Seahorse","Hippocampus zosterae",3,0.17
"202111150132-270","Gulf Pipefish","Syngnathus scovelli",1,0.26
"202111150132-270","Mojarra Spp","Eucinostomus spp",5,4.83
"202111150851-241","Bluestriped Grunt","Haemulon sciurus",1,0.15
"202111150851-241","Clown Goby","Microgobius gulosus",1,0.23
"202111150851-241","Code Goby","Gobiosoma robustum",2,0.43
"202111150851-241","Dusky Pipefish","Syngnathus floridae",1,0.14
"202111150851-241","Dwarf Seahorse","Hippocampus zosterae",11,0.68
"202111150851-241","Florida Blenny","Chasmodes saburrae",1,2.2
"202111150851-241","Goldspotted Killifish","Floridichthys carpio",1,0.18
"202111150851-241","Gulf Pipefish","Syngnathus scovelli",4,0.61
"202111150851-241","Mojarra Spp","Eucinostomus spp",7,13.25
"202111150851-241","Rainwater Killifish","Lucania parva",38,9.73
"202205121241-266","Clown Goby","Microgobius gulosus",1,0.1
"202205121241-266","Dwarf Seahorse","Hippocampus zosterae",1,0.1
"202205121241-266","Fringed Pipefish","Anarchopterus criniger",1,0.02
"202205121241-266","Mojarra Spp","Eucinostomus spp",4,17.76
"202205121424-241","Bay Anchovy","Anchoa mitchilli",1,2.37
"202205121424-241","Dwarf Seahorse","Hippocampus zosterae",1,0.17
"202205121424-241","Mojarra Spp","Eucinostomus spp",3,27.28
"202205121424-241","Pigfish","Orthopristis chrysoptera",8,52.29
"202205121424-241","Rainwater Killifish","Lucania parva",2,0.16
"202205130956-301","Fringed Pipefish","Anarchopterus criniger",4,0.26
"202205131049-314","Banded Blenny","Paraclinus fasciatus",1,0.66
"202205131049-314","Dwarf Seahorse","Hippocampus zosterae",1,0.1
"202205131049-314","Florida Grassflat Crab","Neopanope packardii",1,1.02
"202205131049-314","Goldspotted Killifish","Floridichthys carpio",3,0.38
"202205131049-314","Herring Spp","Clupeidae spp",1,0
"202205131049-314","Mojarra Spp","Eucinostomus spp",1,0.34
"202205131230-618","Atlantic Needlefish","Strongylura marina",1,0.48
"202205131230-618","Dwarf Seahorse","Hippocampus zosterae",8,0.44
"202205131230-618","Fringed Pipefish","Anarchopterus criniger",3,0.24
"202205131230-618","Goldspotted Killifish","Floridichthys carpio",4,1.59
"202205131230-618","Mojarra Spp","Eucinostomus spp",2,2.94
"202205131230-618","Sargassum Pipefish","Syngnathus pelagicus",1,0.02
"202205131335-402","Dusky Pipefish","Syngnathus floridae",2,1.21
"202205131335-402","Dwarf Seahorse","Hippocampus zosterae",3,0.41
"202205131335-402","Goldspotted Killifish","Floridichthys carpio",2,0.53
"202205131335-402","Gulf Pipefish","Syngnathus scovelli",1,0.71
"202205131335-402","Mojarra Spp","Eucinostomus spp",1,2.86
"202205131335-402","Needlefish Spp","Belonidae spp",2,0.09
"202205131335-402","Sargassum Pipefish","Syngnathus pelagicus",1,0.61
"202205131335-402","Spotted Dragonet","Diplogrammus pauciradiatus",1,0.23
"202205131548-270","Dwarf Seahorse","Hippocampus zosterae",3,0.14
"202205131548-270","Mojarra Spp","Eucinostomus spp",6,22.7
"202205131548-270","Spotted Dragonet","Diplogrammus pauciradiatus",1,0.28
"202205140805-070","Barred Searobin","Prionotus martis",1,0.47
"202205140805-070","Bay Anchovy","Anchoa mitchilli",51,6.19
"202205140805-070","Blue Crab Spp","Callinectes spp",1,0.46
"202205140805-070","Brittle Star Spp","Ophiuroidea spp",1,0.25
"202205140805-070","Herring Spp","Clupeidae spp",1,0.07
"202205140805-070","Hogchoker","Trinectes maculatus",1,0
"202205140805-070","Inshore Lizardfish","Synodus foetens",1,1.46
"202205140805-070","Mojarra Spp","Eucinostomus spp",4,20.25
"202205140949-168","Checkered Puffer","Sphoeroides testudineus",1,10.56
"202205140949-168","Grunt Spp","Haemulon spp",1,0.95
"202205140949-168","Gulf Pipefish","Syngnathus scovelli",3,0.09
"202205140949-168","Mojarra Spp","Eucinostomus spp",17,109.89
"202205140949-168","Pigfish","Orthopristis chrysoptera",22,147.77
"202205140949-168","Pinfish","Lagodon rhomboides",1,3.61
"202205141138-022","Flatback Mud Crab","Eurypanopeus depressus",1,0.13
"202205141138-022","Gray Pitho Crab","Pitho mirabilis",1,0.2
"202205141349-123","Mojarra Spp","Eucinostomus spp",12,8.24
"202205141349-123","Pigfish","Orthopristis chrysoptera",1,3.26
"202205141349-123","Pinfish","Lagodon rhomboides",5,21.65
"202205141349-123","Rainwater Killifish","Lucania parva",1,0.24
"202205141349-123","Sargassum Pipefish","Syngnathus pelagicus",2,0.34
"202205141349-123","Silver Perch","Bairdiella chrysoura",3,0.53
"202205141418-146","Dwarf Seahorse","Hippocampus zosterae",1,0.02
"202205141418-146","Gulf Pipefish","Syngnathus scovelli",3,0.51
"202205141418-146","Herring Spp","Clupeidae spp",2,0.11
"202205141418-146","Mojarra Spp","Eucinostomus spp",8,3
"202205141418-146","Pigfish","Orthopristis chrysoptera",4,12.61
"202205141418-146","Pinfish","Lagodon rhomboides",8,23.29
"202205141418-146","Rainwater Killifish","Lucania parva",6,0.73
"202205141418-146","Silver Perch","Bairdiella chrysoura",3,3.95
"202205141418-146","Spotted Seatrout","Cynoscion nebulosus",1,0.01
"202206231031-266","Gulf Pipefish","Syngnathus scovelli",2,0.29
"202206231031-266","Lined Seahorse","Hippocampus erectus",1,0
"202206231031-266","Mojarra Spp","Eucinostomus spp",28,33.7
"202206231031-266","Pinfish","Lagodon rhomboides",7,62.74
"202206231031-266","Rainwater Killifish","Lucania parva",8,1.09
"202206231031-266","Silver Perch","Bairdiella chrysoura",6,26.71
"202206231031-266","Spotted Seatrout","Cynoscion nebulosus",1,4.56
"202206231031-266","Striped Burrfish","Chilomycterus schoepfi",1,11.56
"202206231227-241","Checkered Puffer","Sphoeroides testudineus",1,20.8
"202206231227-241","Dwarf Seahorse","Hippocampus zosterae",2,0.1
"202206231227-241","Fringed Pipefish","Anarchopterus criniger",1,0.25
"202206231227-241","Mojarra Spp","Eucinostomus spp",2,1.11
"202206231227-241","Pigfish","Orthopristis chrysoptera",4,21.19
"202206231227-241","Rainwater Killifish","Lucania parva",1,0.09
"202206231227-241","Spotted Seatrout","Cynoscion nebulosus",1,0.24
"202206240852-301","Bay Anchovy","Anchoa mitchilli",1,1.86
"202206240852-301","Dwarf Seahorse","Hippocampus zosterae",3,0.21
"202206240852-301","Mojarra Spp","Eucinostomus spp",14,45.25
"202206241003-314","Clown Goby","Microgobius gulosus",3,0.71
"202206241003-314","Dwarf Seahorse","Hippocampus zosterae",10,1.11
"202206241003-314","Fringed Pipefish","Anarchopterus criniger",1,0.1
"202206241003-314","Goldspotted Killifish","Floridichthys carpio",62,10.58
"202206241003-314","Mojarra Spp","Eucinostomus spp",6,4.02
"202206241003-314","Sargassum Pipefish","Syngnathus pelagicus",1,0.32
"202206241003-314","Sea Spider Spp","Pantopoda spp",1,0.01
"202206241113-618","Clown Goby","Microgobius gulosus",2,0.08
"202206241113-618","Dwarf Seahorse","Hippocampus zosterae",3,0.23
"202206241113-618","Fringed Pipefish","Anarchopterus criniger",2,0.15
"202206241113-618","Goldspotted Killifish","Floridichthys carpio",5,1.67
"202206241113-618","Gulf Pipefish","Syngnathus scovelli",2,0.62
"202206241113-618","Mojarra Spp","Eucinostomus spp",10,11.3
"202206241113-618","Timucu","Strongylura timucu",2,0.29
"202206241205-402","Clown Goby","Microgobius gulosus",1,0.06
"202206241205-402","Goldspotted Killifish","Floridichthys carpio",8,5.13
"202206241205-402","Gulf Pipefish","Syngnathus scovelli",1,0.42
"202206241205-402","Mojarra Spp","Eucinostomus spp",16,16.26
"202206241205-402","Timucu","Strongylura timucu",1,0.2
"202206241500-270","Anchovy Spp","Anchoa spp",18,1.81
"202206241500-270","Bay Anchovy","Anchoa mitchilli",41,8.28
"202206241500-270","Dwarf Seahorse","Hippocampus zosterae",1,0.17
"202206241500-270","Fringed Pipefish","Anarchopterus criniger",2,0.2
"202206241500-270","Mojarra Spp","Eucinostomus spp",19,44.83
"202206241500-270","Pinfish","Lagodon rhomboides",1,11.48
"202206241500-270","Pipefish Spp","Syngnathidae spp",1,0.7
"202206241500-270","Sargassum Pipefish","Syngnathus pelagicus",1,0.17
"202206241500-270","Striped Burrfish","Chilomycterus schoepfi",1,24.9
"202206250743-070","Bay Anchovy","Anchoa mitchilli",115,37.74
"202206250743-070","Dwarf Seahorse","Hippocampus zosterae",1,0.08
"202206250743-070","Iridescent Swimming Crab","Portunus gibbesii",1,4.97
"202206250743-070","Longnose Spider Crab","Libinia dubia",2,16.42
"202206250743-070","Mojarra Spp","Eucinostomus spp",116,475.93
"202206250743-070","Roughback Batfish","Ogcocephalus parvus",1,0.86
"202206250908-168","Fringed Filefish","Monacanthus ciliatus",1,0.94
"202206250908-168","Gulf Pipefish","Syngnathus scovelli",1,0.07
"202206250908-168","Mojarra Spp","Eucinostomus spp",20,57
"202206250908-168","Pigfish","Orthopristis chrysoptera",2,13.52
"202206250908-168","Pinfish","Lagodon rhomboides",1,9.98
"202206250908-168","Silver Perch","Bairdiella chrysoura",7,25.67
"202206251416-022","Grunt Spp","Haemulon spp",2,0.66
"202206251416-022","Hogfish","Lachnolaimus maximus",1,5.36
"202206251416-022","Mojarra Spp","Eucinostomus spp",73,243.67
"202206251416-022","Pigfish","Orthopristis chrysoptera",6,53.23
"202206251416-022","Pinfish","Lagodon rhomboides",33,261.19
"202206251416-022","Planehead Filefish","Stephanolepis hispidus",2,10.17
"202206251416-022","Sailor's Grunt","Haemulon parra",1,1.19
"202206251416-022","Sargassum Pipefish","Syngnathus pelagicus",2,0.37
"202206251416-022","White Grunt","Haemulon plumierii",1,1.46
"202206251503-123","Dwarf Seahorse","Hippocampus zosterae",2,0.05
"202206251503-123","Gulf Pipefish","Syngnathus scovelli",1,0.28
"202206251503-123","Mojarra Spp","Eucinostomus spp",2,0.5
"202206251503-123","Pinfish","Lagodon rhomboides",2,13.83
"202206251503-123","Rainwater Killifish","Lucania parva",7,1.01
"202206251503-123","Spotted Seatrout","Cynoscion nebulosus",1,6.33
"202206251503-123","White Grunt","Haemulon plumierii",1,10.34
"202206251538-146","Chain Pipefish","Syngnathus louisianae",1,0
"202206251538-146","Grass Porgy","Calamus arctifrons",1,2.96
"202206251538-146","Gulf Pipefish","Syngnathus scovelli",1,0
"202206251538-146","Mojarra Spp","Eucinostomus spp",20,16.95
"202206251538-146","Pigfish","Orthopristis chrysoptera",8,49.86
"202206251538-146","Pinfish","Lagodon rhomboides",16,96.07
"202206251538-146","Pipefish Spp","Syngnathidae spp",1,0
"202206251538-146","Rainwater Killifish","Lucania parva",11,1.33
"202206251538-146","Silver Perch","Bairdiella chrysoura",17,45.05
"202206251538-146","Spotted Seatrout","Cynoscion nebulosus",2,1.2
"202206251538-146","White Grunt","Haemulon plumierii",1,6.96
"202207091134-301","Dwarf Seahorse","Hippocampus zosterae",3,0.18
"202207091134-301","Goldspotted Killifish","Floridichthys carpio",1,0.17
"202207091134-301","Mojarra Spp","Eucinostomus spp",34,107.07
"202207091134-301","Silver Perch","Bairdiella chrysoura",1,3.82
"202207091231-314","Anchovy Spp","Anchoa spp",1,0.01
"202207091231-314","Goldspotted Killifish","Floridichthys carpio",5,1.29
"202207091231-314","Mojarra Spp","Eucinostomus spp",5,1.01
"202207091231-314","Mud Crab Spp","Panopeidae spp",1,0.59
"202207091444-402","Clown Goby","Microgobius gulosus",1,0.15
"202207091444-402","Dwarf Seahorse","Hippocampus zosterae",10,0.98
"202207091444-402","Goldspotted Killifish","Floridichthys carpio",9,3.78
"202207091444-402","Gulf Pipefish","Syngnathus scovelli",1,0.5
"202207091444-402","Mojarra Spp","Eucinostomus spp",29,54.22
"202207091607-618","Dwarf Seahorse","Hippocampus zosterae",1,0.07
"202207091607-618","Gulf Toadfish","Opsanus beta",1,0.3
"202207091607-618","Mojarra Spp","Eucinostomus spp",13,16.04
"202207091607-618","Sargassum Pipefish","Syngnathus pelagicus",1,0.24
"202207091607-618","Timucu","Strongylura timucu",1,0.51
"202207091801-266","Bay Anchovy","Anchoa mitchilli",1,2.17
"202207091801-266","Clown Goby","Microgobius gulosus",1,0.12
"202207091801-266","Gulf Pipefish","Syngnathus scovelli",2,0.24
"202207091801-266","Mojarra Spp","Eucinostomus spp",14,56.51
"202207091801-266","Pigfish","Orthopristis chrysoptera",4,35.88
"202207091801-266","Pinfish","Lagodon rhomboides",1,9.92
"202207100707-070","Bay Anchovy","Anchoa mitchilli",1,0.09
"202207100707-070","Blackcheek Tonguefish","Symphurus plagiusa",1,0.62
"202207100707-070","Clown Goby","Microgobius gulosus",1,0.05
"202207100707-070","Flatback Mud Crab","Eurypanopeus depressus",3,0.99
"202207100707-070","Gulf Pipefish","Syngnathus scovelli",1,0.24
"202207100707-070","Herring Spp","Clupeidae spp",1,0.05
"202207100707-070","Longnose Spider Crab","Libinia dubia",4,2.63
"202207100707-070","Mojarra Spp","Eucinostomus spp",19,39.52
"202207100707-070","Oyster Mud Crab","Panopeus simpsoni",1,0.22
"202207100707-070","Silver Perch","Bairdiella chrysoura",3,2
"202207100825-168","Dwarf Seahorse","Hippocampus zosterae",1,0.01
"202207100825-168","Mojarra Spp","Eucinostomus spp",13,44.17
"202207100825-168","Pigfish","Orthopristis chrysoptera",2,14.23
"202207100825-168","Pinfish","Lagodon rhomboides",1,14.43
"202207100825-168","Sargassum Pipefish","Syngnathus pelagicus",1,0.1
"202207100934-241","Atlantic Mud Crab","Panopeus herbstii",1,1.06
"202207100934-241","Dwarf Seahorse","Hippocampus zosterae",8,0.72
"202207100934-241","Goldspotted Killifish","Floridichthys carpio",1,0.08
"202207100934-241","Gulf Pipefish","Syngnathus scovelli",8,2.2
"202207100934-241","Mojarra Spp","Eucinostomus spp",27,69.31
"202207100934-241","Pigfish","Orthopristis chrysoptera",11,94.16
"202207100934-241","Pinfish","Lagodon rhomboides",2,20.39
"202207100934-241","Rainwater Killifish","Lucania parva",42,6.01
"202207100934-241","Silver Perch","Bairdiella chrysoura",2,13.22
"202207100934-241","Spotted Seatrout","Cynoscion nebulosus",2,5.94
"202207101237-270","Dwarf Seahorse","Hippocampus zosterae",1,0.05
"202207101237-270","Great Barracuda","Sphyraena barracuda",1,1.63
"202207101237-270","Mojarra Spp","Eucinostomus spp",14,62.05
"202207101237-270","Pinfish","Lagodon rhomboides",1,14.98
"202207101843-146","Blue Crab Spp","Callinectes spp",1,0.1
"202207101843-146","Chain Pipefish","Syngnathus louisianae",1,0
"202207101843-146","Great Barracuda","Sphyraena barracuda",1,1.25
"202207101843-146","Gulf Pipefish","Syngnathus scovelli",20,0.93
"202207101843-146","Lane Snapper","Lutjanus synagris",1,6.06
"202207101843-146","Lined Sole","Achirus lineatus",1,0.01
"202207101843-146","Mojarra Spp","Eucinostomus spp",49,43.86
"202207101843-146","Pigfish","Orthopristis chrysoptera",10,44.16
"202207101843-146","Pinfish","Lagodon rhomboides",23,138.72
"202207101843-146","Pipefish Spp","Syngnathidae spp",2,0
"202207101843-146","Rainwater Killifish","Lucania parva",261,21.89
"202207101843-146","Sheepshead","Archosargus probatocephalus",2,13.1
"202207101843-146","Silver Perch","Bairdiella chrysoura",42,114.29
"202207101843-146","Spotted Seatrout","Cynoscion nebulosus",3,7.77
"202207101843-146","Striped Burrfish","Chilomycterus schoepfi",1,2.35
"202207101843-146","White Grunt","Haemulon plumierii",1,2.52
"202207110716-022","Mojarra Spp","Eucinostomus spp",1,0.04
"202207110716-022","Sand Perch","Diplectrum formosum",1,0
"202207110732-024","Spotted Seatrout","Cynoscion nebulosus",1,2.16
"202207110933-123","Dwarf Seahorse","Hippocampus zosterae",2,0.05
"202207110933-123","Gulf Pipefish","Syngnathus scovelli",5,0.48
"202207110933-123","Mojarra Spp","Eucinostomus spp",27,14.82
"202207110933-123","Pinfish","Lagodon rhomboides",5,28.81
"202207110933-123","Rainwater Killifish","Lucania parva",12,0.94
"202207110933-123","Sargassum Pipefish","Syngnathus pelagicus",1,0
"202207110933-123","Silver Perch","Bairdiella chrysoura",3,6.86
"202208130913-070","Bay Anchovy","Anchoa mitchilli",27,9.2
"202208130913-070","Florida Grassflat Crab","Neopanope packardii",1,0.27
"202208130913-070","Lane Snapper","Lutjanus synagris",2,2.38
"202208130913-070","Lookdown","Selene vomer",1,2.73
"202208130913-070","Mojarra Spp","Eucinostomus spp",15,48.83
"202208131052-168","Bay Anchovy","Anchoa mitchilli",23,4.31
"202208131052-168","Dwarf Seahorse","Hippocampus zosterae",7,0.46
"202208131052-168","Fringed Pipefish","Anarchopterus criniger",1,0.08
"202208131052-168","Great Barracuda","Sphyraena barracuda",1,0
"202208131052-168","Gulf Pipefish","Syngnathus scovelli",16,3.23
"202208131052-168","Lane Snapper","Lutjanus synagris",3,2.68
"202208131052-168","Lookdown","Selene vomer",2,6.95
"202208131052-168","Mojarra Spp","Eucinostomus spp",18,16.34
"202208131052-168","Pinfish","Lagodon rhomboides",7,95.38
"202208131052-168","Planehead Filefish","Stephanolepis hispidus",2,1.13
"202208131052-168","Rainwater Killifish","Lucania parva",8,1.31
"202208131052-168","Sargassum Pipefish","Syngnathus pelagicus",2,0.33
"202208131052-168","Silver Perch","Bairdiella chrysoura",35,95.36
"202208131052-168","Spotted Seatrout","Cynoscion nebulosus",6,3.35
"202208131234-022","Fringed Pipefish","Anarchopterus criniger",1,0.03
"202208131234-022","Lane Snapper","Lutjanus synagris",1,2.02
"202208131234-022","Mojarra Spp","Eucinostomus spp",1,0.61
"202208131329-123","Bay Anchovy","Anchoa mitchilli",2,0.4
"202208131329-123","Dusky Pipefish","Syngnathus floridae",1,0.11
"202208131329-123","Dwarf Seahorse","Hippocampus zosterae",2,0.06
"202208131329-123","Grass Squid","Pickfordiateuthis pulchella",1,0.19
"202208131329-123","Mojarra Spp","Eucinostomus spp",16,7.46
"202208131329-123","Pinfish","Lagodon rhomboides",3,30.95
"202208131329-123","Rainwater Killifish","Lucania parva",7,0.63
"202208131329-123","Silver Perch","Bairdiella chrysoura",6,28.3
"202208131329-123","Spotted Seatrout","Cynoscion nebulosus",2,2.47
"202208131329-123","White Grunt","Haemulon plumierii",5,48.12
"202208131514-146","Bluefish","Pomatomus saltatrix",1,0.35
"202208131514-146","Dusky Pipefish","Syngnathus floridae",1,1
"202208131514-146","Dwarf Seahorse","Hippocampus zosterae",3,0.12
"202208131514-146","Gulf Pipefish","Syngnathus scovelli",8,0.94
"202208131514-146","Lane Snapper","Lutjanus synagris",3,2.8
"202208131514-146","Mojarra Spp","Eucinostomus spp",36,23.73
"202208131514-146","Pigfish","Orthopristis chrysoptera",4,40.42
"202208131514-146","Pinfish","Lagodon rhomboides",20,224.87
"202208131514-146","Planehead Filefish","Stephanolepis hispidus",2,3.18
"202208131514-146","Rainwater Killifish","Lucania parva",41,4.08
"202208131514-146","Sheepshead","Archosargus probatocephalus",1,15.71
"202208131514-146","Silver Perch","Bairdiella chrysoura",16,60.83
"202208131514-146","Spotted Seatrout","Cynoscion nebulosus",3,5.78
"202208131514-146","White Grunt","Haemulon plumierii",1,1.57
"202208140756-266","Mojarra Spp","Eucinostomus spp",1,4.63
"202208140756-266","Pinfish","Lagodon rhomboides",1,14.18
"202208140900-241","Bay Anchovy","Anchoa mitchilli",3,1.64
"202208140900-241","Great Barracuda","Sphyraena barracuda",2,5.11
"202208140900-241","Mojarra Spp","Eucinostomus spp",20,67.2
"202208140900-241","Rainwater Killifish","Lucania parva",1,0.29
"202208141153-270","Brittle Star Spp","Ophiuroidea spp",1,0.51
"202208141153-270","Dwarf Seahorse","Hippocampus zosterae",1,0.04
"202208141153-270","Marbled Blenny","Paraclinus marmoratus",1,0.81
"202208141153-270","Mojarra Spp","Eucinostomus spp",8,18.33
"202208141347-314","Fringed Pipefish","Anarchopterus criniger",3,0.2
"202208141347-314","Gulf Toadfish","Opsanus beta",1,0.98
"202208141347-314","Mojarra Spp","Eucinostomus spp",44,85.36
"202208141439-618","Clown Goby","Microgobius gulosus",1,0.02
"202208141439-618","Dwarf Seahorse","Hippocampus zosterae",3,0.29
"202208141439-618","Fringed Pipefish","Anarchopterus criniger",6,0.68
"202208141439-618","Goldspotted Killifish","Floridichthys carpio",3,1.08
"202208141439-618","Mojarra Spp","Eucinostomus spp",68,111.48
"202208141439-618","Sargassum Pipefish","Syngnathus pelagicus",1,0.12
"202208141616-402","Dwarf Seahorse","Hippocampus zosterae",1,0.06
"202208141616-402","Fringed Pipefish","Anarchopterus criniger",1,0.08
"202208141616-402","Goldspotted Killifish","Floridichthys carpio",16,7.21
"202208141616-402","Herring Spp","Clupeidae spp",1,0.13
"202208141616-402","Mojarra Spp","Eucinostomus spp",46,89.47
"202208150743-301","Dwarf Seahorse","Hippocampus zosterae",5,0.41
"202208150743-301","Fringed Pipefish","Anarchopterus criniger",2,0.18
"202208150743-301","Gulf Pipefish","Syngnathus scovelli",1,0.09
"202208150743-301","Mojarra Spp","Eucinostomus spp",21,31.91
"202208150743-301","Mud Crab Spp","Panopeidae spp",1,0.07
"202208150743-301","Spotted Dragonet","Diplogrammus pauciradiatus",1,0.21
"202209170911-314","Dwarf Seahorse","Hippocampus zosterae",1,0.11
"202209170911-314","Mojarra Spp","Eucinostomus spp",17,15.25
"202209171004-618","Dwarf Seahorse","Hippocampus zosterae",4,0.21
"202209171004-618","Goldspotted Killifish","Floridichthys carpio",11,4.76
"202209171004-618","Mojarra Spp","Eucinostomus spp",137,265.49
"202209171052-402","Clown Goby","Microgobius gulosus",1,0.15
"202209171052-402","Goldspotted Killifish","Floridichthys carpio",7,2.14
"202209171052-402","Gulf Pipefish","Syngnathus scovelli",1,0.22
"202209171052-402","Mojarra Spp","Eucinostomus spp",41,49.62
"202209171253-301","Banded Blenny","Paraclinus fasciatus",1,0.89
"202209171253-301","Bay Anchovy","Anchoa mitchilli",1,0.47
"202209171253-301","Blue Runner","Caranx crysos",1,9.44
"202209171253-301","Dwarf Seahorse","Hippocampus zosterae",2,0.08
"202209171253-301","Goldspotted Killifish","Floridichthys carpio",4,0.24
"202209171253-301","Gray Pitho Crab","Pitho mirabilis",1,4.99
"202209171253-301","Gulf Pipefish","Syngnathus scovelli",1,0.26
"202209171253-301","Mojarra Spp","Eucinostomus spp",87,414.14
"202209171502-270","Bay Anchovy","Anchoa mitchilli",2,0.32
"202209171502-270","Dwarf Seahorse","Hippocampus zosterae",2,0.15
"202209171502-270","Florida Grassflat Crab","Neopanope packardii",1,1.2
"202209171502-270","Gulf Pipefish","Syngnathus scovelli",2,0.46
"202209171502-270","Gulf Toadfish","Opsanus beta",4,3.51
"202209171502-270","Mojarra Spp","Eucinostomus spp",33,123.65
"202209171502-270","Worm Goby Spp","Microdesmidae spp spp",1,0.54
"202209171704-266","Bay Anchovy","Anchoa mitchilli",4,0.27
"202209171704-266","Dwarf Seahorse","Hippocampus zosterae",1,0.05
"202209171704-266","Fringed Pipefish","Anarchopterus criniger",1,0.03
"202209171704-266","Goldspotted Killifish","Floridichthys carpio",3,1.59
"202209171704-266","Gulf Pipefish","Syngnathus scovelli",12,0.99
"202209171704-266","Mojarra Spp","Eucinostomus spp",96,119.42
"202209171704-266","Rainwater Killifish","Lucania parva",24,4.29
"202209171704-266","Sargassum Pipefish","Syngnathus pelagicus",1,0.22
"202209171704-266","Silver Perch","Bairdiella chrysoura",1,8.77
"202209180845-070","Bay Anchovy","Anchoa mitchilli",55,20.34
"202209180845-070","Dwarf Seahorse","Hippocampus zosterae",1,0.03
"202209180845-070","Florida Grassflat Crab","Neopanope packardii",1,0.04
"202209180845-070","Lane Snapper","Lutjanus synagris",1,5.99
"202209180845-070","Mojarra Spp","Eucinostomus spp",2,8.78
"202209180944-022","Bay Anchovy","Anchoa mitchilli",1,0.03
"202209180944-022","Mojarra Spp","Eucinostomus spp",1,0.36
"202209181101-123","Fringed Filefish","Monacanthus ciliatus",3,2.95
"202209181101-123","Mojarra Spp","Eucinostomus spp",11,6.8
"202209181101-123","Rainwater Killifish","Lucania parva",3,0.34
"202209181101-123","Spotted Seatrout","Cynoscion nebulosus",1,0.17
"202209181221-146","Atlantic Thread Herring","Opisthonema oglinum",1,0.54
"202209181221-146","Bay Anchovy","Anchoa mitchilli",1,0.12
"202209181221-146","Dusky Pipefish","Syngnathus floridae",1,0.31
"202209181221-146","Fringed Filefish","Monacanthus ciliatus",5,6.44
"202209181221-146","Gulf Pipefish","Syngnathus scovelli",10,1.66
"202209181221-146","Lane Snapper","Lutjanus synagris",3,10.54
"202209181221-146","Mojarra Spp","Eucinostomus spp",187,98.49
"202209181221-146","Pigfish","Orthopristis chrysoptera",1,6.08
"202209181221-146","Pinfish","Lagodon rhomboides",1,13.03
"202209181221-146","Rainwater Killifish","Lucania parva",54,9.88
"202209181221-146","Sargassum Pipefish","Syngnathus pelagicus",1,0.12
"202209181221-146","Sheepshead","Archosargus probatocephalus",1,8.66
"202209181221-146","Silver Perch","Bairdiella chrysoura",6,21.42
"202209181221-146","White Grunt","Haemulon plumierii",2,0.97
"202209181413-168","Fringed Filefish","Monacanthus ciliatus",2,2.97
"202209181413-168","Gulf Pipefish","Syngnathus scovelli",4,0.46
"202209181413-168","Lane Snapper","Lutjanus synagris",2,3.94
"202209181413-168","Mojarra Spp","Eucinostomus spp",45,82.12
"202209181413-168","Spotted Seatrout","Cynoscion nebulosus",1,0.08
"202209181413-168","White Grunt","Haemulon plumierii",2,1.14
"202209181604-241","Dwarf Seahorse","Hippocampus zosterae",1,0.01
"202209181604-241","Gulf Pipefish","Syngnathus scovelli",1,0.16
"202209181604-241","Mojarra Spp","Eucinostomus spp",46,93.26
"202209181604-241","Striped Burrfish","Chilomycterus schoepfi",1,9.36
"202210151131-301","Clown Goby","Microgobius gulosus",2,0.12
"202210151131-301","Goldspotted Killifish","Floridichthys carpio",1,0.07
"202210151131-301","Mojarra Spp","Eucinostomus spp",12,16.42
"202210151131-301","Spotted Dragonet","Diplogrammus pauciradiatus",1,0.25
"202210151310-314","Clown Goby","Microgobius gulosus",1,0.02
"202210151310-314","Fringed Pipefish","Anarchopterus criniger",1,0.04
"202210151310-314","Mojarra Spp","Eucinostomus spp",10,32.05
"202210151427-618","Fringed Pipefish","Anarchopterus criniger",2,0.25
"202210151427-618","Goldspotted Killifish","Floridichthys carpio",2,0.62
"202210151427-618","Mojarra Spp","Eucinostomus spp",48,225.88
"202210151541-402","Dwarf Seahorse","Hippocampus zosterae",2,0.17
"202210151541-402","Goby Spp","Gobiidae spp",1,0.01
"202210151541-402","Goldspotted Killifish","Floridichthys carpio",8,2.62
"202210151541-402","Mojarra Spp","Eucinostomus spp",204,600.88
"202210160923-266","Code Goby","Gobiosoma robustum",1,0.17
"202210160923-266","Goldspotted Killifish","Floridichthys carpio",9,2.46
"202210160923-266","Gulf Pipefish","Syngnathus scovelli",4,0.52
"202210160923-266","Mojarra Spp","Eucinostomus spp",34,98.95
"202210160923-266","Rainwater Killifish","Lucania parva",4,0.93
"202210160923-266","Spotted Seatrout","Cynoscion nebulosus",1,0.15
"202210161128-241","Gulf Pipefish","Syngnathus scovelli",1,0.21
"202210161128-241","Mojarra Spp","Eucinostomus spp",22,59.24
"202210161128-241","Rainwater Killifish","Lucania parva",2,0.7
"202210161309-270","Bay Anchovy","Anchoa mitchilli",3,1.61
"202210161309-270","Brittle Star Spp","Ophiuroidea spp",1,0.66
"202210161309-270","Dwarf Seahorse","Hippocampus zosterae",2,0.26
"202210161309-270","Mojarra Spp","Eucinostomus spp",4,15.1
"202210161621-168","Bluestriped Grunt","Haemulon sciurus",2,23.86
"202210161621-168","Dwarf Seahorse","Hippocampus zosterae",1,0.02
"202210161621-168","Fringed Filefish","Monacanthus ciliatus",1,8.13
"202210161621-168","Mojarra Spp","Eucinostomus spp",12,27.23
"202210161621-168","Rainwater Killifish","Lucania parva",2,0.74
"202210161621-168","Sailor's Grunt","Haemulon parra",1,6.48
"202210161621-168","Spotted Seatrout","Cynoscion nebulosus",1,0
"202210161621-168","White Grunt","Haemulon plumierii",8,2.76
"202210161746-070","Bay Anchovy","Anchoa mitchilli",135,37.81
"202210161746-070","Brittle Star Spp","Ophiuroidea spp",3,0.3
"202210161746-070","Grass Squid","Pickfordiateuthis pulchella",2,2.72
"202210161746-070","Herring Spp","Clupeidae spp",4,0.31
"202210161746-070","Horse-Eye Jack","Caranx latus",1,2.23
"202210161746-070","Horseshoe Crab","Limulus polyphemus",1,2.31
"202210161746-070","Lookdown","Selene vomer",1,2.5
"202210161746-070","Mojarra Spp","Eucinostomus spp",18,44.31
"202210161746-070","Searobin Spp","Triglidae spp",1,0.04
"202210171001-022","Dusky Pipefish","Syngnathus floridae",1,0.09
"202210171001-022","Grunt Spp","Haemulon spp",1,0.72
"202210171001-022","Gulf Pipefish","Syngnathus scovelli",1,0.16
"202210171001-022","Mojarra Spp","Eucinostomus spp",1,0.01
"202210171044-123","Fringed Filefish","Monacanthus ciliatus",1,4.41
"202210171044-123","Mojarra Spp","Eucinostomus spp",4,2.21
"202210171120-146","Gulf Pipefish","Syngnathus scovelli",1,0.21
"202210171120-146","Mojarra Spp","Eucinostomus spp",16,8.04
"202210171120-146","Pinfish","Lagodon rhomboides",1,13.99
"202210171120-146","Rainwater Killifish","Lucania parva",6,1.39
"202210171120-146","White Grunt","Haemulon plumierii",1,0.44
"202211051452-301","Code Goby","Gobiosoma robustum",2,0.17
"202211051452-301","Dwarf Seahorse","Hippocampus zosterae",1,0.08
"202211051452-301","Goldspotted Killifish","Floridichthys carpio",1,0.14
"202211051452-301","Gulf Pipefish","Syngnathus scovelli",2,0.92
"202211051452-301","Mojarra Spp","Eucinostomus spp",27,73.47
"202211051627-270","Mojarra Spp","Eucinostomus spp",24,124.89
"202211060920-266","Bay Anchovy","Anchoa mitchilli",61,5.45
"202211060920-266","Goldspotted Killifish","Floridichthys carpio",1,0.14
"202211060920-266","Gulf Pipefish","Syngnathus scovelli",3,0.52
"202211060920-266","Mojarra Spp","Eucinostomus spp",71,244.13
"202211060920-266","Rainwater Killifish","Lucania parva",5,1.59
"202211061016-314","Dwarf Seahorse","Hippocampus zosterae",1,0.11
"202211061016-314","Fringed Pipefish","Anarchopterus criniger",1,0.17
"202211061016-314","Mojarra Spp","Eucinostomus spp",11,70.01
"202211061108-618","Dwarf Seahorse","Hippocampus zosterae",1,0.08
"202211061108-618","Fringed Pipefish","Anarchopterus criniger",2,0.31
"202211061108-618","Goldspotted Killifish","Floridichthys carpio",2,0.81
"202211061108-618","Mojarra Spp","Eucinostomus spp",30,96.13
"202211061203-402","Anchovy Spp","Anchoa spp",1,0.04
"202211061203-402","Dwarf Seahorse","Hippocampus zosterae",2,0.12
"202211061203-402","Goldspotted Killifish","Floridichthys carpio",5,1.46
"202211061203-402","Mojarra Spp","Eucinostomus spp",4,11.62
"202211061406-241","Gulf Pipefish","Syngnathus scovelli",1,0.3
"202211061406-241","Key Anchovy","Anchoa cayorum",16,5.98
"202211061406-241","Mojarra Spp","Eucinostomus spp",19,100.78
"202211061705-123","Chain Pipefish","Syngnathus louisianae",1,0.21
"202211061705-123","Dwarf Seahorse","Hippocampus zosterae",1,0.04
"202211061705-123","Fringed Filefish","Monacanthus ciliatus",1,6.13
"202211061705-123","Great Barracuda","Sphyraena barracuda",1,0.67
"202211061705-123","Gulf Pipefish","Syngnathus scovelli",3,1.29
"202211061705-123","Marbled Blenny","Paraclinus marmoratus",2,2.8
"202211061705-123","Mojarra Spp","Eucinostomus spp",46,59.23
"202211061705-123","Rainwater Killifish","Lucania parva",9,2.33
"202211061705-123","White Grunt","Haemulon plumierii",2,14.17
"202211070911-070","Chain Pipefish","Syngnathus louisianae",1,0.23
"202211070911-070","Harris Mud Crab","Rhithropanopeus harrisii",1,0.04
"202211070911-070","Barbfish","Scorpaena brasiliensis",1,1.99
"202211070911-070","Spotted Scorpionfish","Scorpaena plumieri",1,1.97
"202211071011-168","Fringed Pipefish","Anarchopterus criniger",2,0.25
"202211071011-168","Gulf Pipefish","Syngnathus scovelli",1,0.06
"202211071011-168","Mojarra Spp","Eucinostomus spp",3,0.82
"202211071011-168","Rainwater Killifish","Lucania parva",4,0.6
"202211071110-146","Dusky Pipefish","Syngnathus floridae",3,0.48
"202211071110-146","Fringed Filefish","Monacanthus ciliatus",4,25.37
"202211071110-146","Gulf Pipefish","Syngnathus scovelli",10,1.04
"202211071110-146","Lane Snapper","Lutjanus synagris",1,10.26
"202211071110-146","Mojarra Spp","Eucinostomus spp",101,57.88
"202211071110-146","Rainwater Killifish","Lucania parva",88,22.78
"202211071110-146","Sargassum Pipefish","Syngnathus pelagicus",1,0.14
"202211071110-146","White Grunt","Haemulon plumierii",12,35.69
"202211071611-022","Barred Hamlet","Hypoplectrus puella",3,10.4
"202211071611-022","Chain Pipefish","Syngnathus louisianae",1,0.59
"202211071611-022","Dusky Pipefish","Syngnathus floridae",1,0.32
"202211071611-022","Emerald Parrotfish","Nicholsina usta",2,15.97
"202211071611-022","Fringed Filefish","Monacanthus ciliatus",12,46.34
"202211071611-022","Lane Snapper","Lutjanus synagris",7,24.31
"202211071611-022","Lined Porcelain Crab","Petrolisthes galathinus",2,0.07
"202211071611-022","Mojarra Spp","Eucinostomus spp",23,83.61
"202211071611-022","Barbfish","Scorpaena brasiliensis",1,1.99
"202211071611-022","Scrawled Cowfish","Acanthostracion quadricornis",1,7.04
"202211071611-022","White Grunt","Haemulon plumierii",3,12.09
"202305271339-266","Dwarf Seahorse","Hippocampus zosterae",1,0.06
"202305271339-266","Gulf Pipefish","Syngnathus scovelli",3,0.42
"202305271339-266","Mojarra Spp","Eucinostomus spp",12,6.24
"202305271339-266","Pinfish","Lagodon rhomboides",1,12.15
"202305271339-266","Rainwater Killifish","Lucania parva",4,0.69
"202305271339-266","Silver Perch","Bairdiella chrysoura",1,0.43
"202305271611-270","Dwarf Seahorse","Hippocampus zosterae",12,1.37
"202305271611-270","Gulf Pipefish","Syngnathus scovelli",1,0.25
"202305271611-270","Mojarra Spp","Eucinostomus spp",10,28.37
"202305271611-270","Rainwater Killifish","Lucania parva",1,0.16
"202305280856-301","Dwarf Seahorse","Hippocampus zosterae",5,0.39
"202305280856-301","Fringed Pipefish","Anarchopterus criniger",2,0.1
"202305280856-301","Gulf Toadfish","Opsanus beta",2,0.62
"202305280856-301","Sargassum Pipefish","Syngnathus pelagicus",1,0.1
"202305280856-301","Spotted Dragonet","Diplogrammus pauciradiatus",1,0.17
"202305280947-314","Dwarf Seahorse","Hippocampus zosterae",10,0.72
"202305280947-314","Goldspotted Killifish","Floridichthys carpio",9,2.68
"202305280947-314","Mojarra Spp","Eucinostomus spp",5,2.07
"202305281115-618","Dwarf Seahorse","Hippocampus zosterae",6,0.33
"202305281115-618","Goldspotted Killifish","Floridichthys carpio",4,1.48
"202305281115-618","Mojarra Spp","Eucinostomus spp",1,4.18
"202305281205-402","Dwarf Seahorse","Hippocampus zosterae",6,0.31
"202305281205-402","Fringed Pipefish","Anarchopterus criniger",1,0.06
"202305281205-402","Goldspotted Killifish","Floridichthys carpio",7,3
"202305281205-402","Gulf Pipefish","Syngnathus scovelli",1,0.53
"202305281205-402","Timucu","Strongylura timucu",1,0.1
"202305281523-239","Spotted Seatrout","Cynoscion nebulosus",1,1.81
"202305281535-240","Spotted Seatrout","Cynoscion nebulosus",1,2.47
"202305281546-241","Code Goby","Gobiosoma robustum",1,0.26
"202305281546-241","Dwarf Seahorse","Hippocampus zosterae",4,0.26
"202305281546-241","Flase Pilchard","Harengula clupeola",1,0.36
"202305281546-241","Gulf Pipefish","Syngnathus scovelli",16,3.54
"202305281546-241","Mojarra Spp","Eucinostomus spp",11,11.99
"202305281546-241","Pinfish","Lagodon rhomboides",2,23.34
"202305281546-241","Rainwater Killifish","Lucania parva",28,5.32
"202305281546-241","Silver Perch","Bairdiella chrysoura",5,17.88
"202305290854-168","Code Goby","Gobiosoma robustum",1,0.34
"202305290854-168","Dwarf Seahorse","Hippocampus zosterae",2,0.14
"202305290854-168","Flase Pilchard","Harengula clupeola",4,0.58
"202305290854-168","Florida Grassflat Crab","Neopanope packardii",1,0.48
"202305290854-168","Fringed Filefish","Monacanthus ciliatus",15,30.74
"202305290854-168","Grunt Spp","Haemulon spp",1,0.47
"202305290854-168","Gulf Pipefish","Syngnathus scovelli",25,3.45
"202305290854-168","Hogfish","Lachnolaimus maximus",2,1.1
"202305290854-168","Mojarra Spp","Eucinostomus spp",241,83.6
"202305290854-168","Pigfish","Orthopristis chrysoptera",11,67.71
"202305290854-168","Pinfish","Lagodon rhomboides",16,78.3
"202305290854-168","Planehead Filefish","Stephanolepis hispidus",4,17.45
"202305290854-168","Rainwater Killifish","Lucania parva",68,16.13
"202305290854-168","Sargassum Pipefish","Syngnathus pelagicus",7,1.15
"202305290854-168","Silver Perch","Bairdiella chrysoura",78,197.03
"202305290854-168","Striped Burrfish","Chilomycterus schoepfi",1,12.07
"202305290854-168","White Grunt","Haemulon plumierii",15,10.18
"202305291143-024","Spotted Seatrout","Cynoscion nebulosus",1,2.98
"202305291354-123","Dwarf Seahorse","Hippocampus zosterae",1,0.04
"202305291354-123","Fringed Pipefish","Anarchopterus criniger",1,0.14
"202305291354-123","Gulf Pipefish","Syngnathus scovelli",3,1
"202305291354-123","Mojarra Spp","Eucinostomus spp",40,15.31
"202305291354-123","Pinfish","Lagodon rhomboides",16,94.56
"202305291354-123","Rainwater Killifish","Lucania parva",26,4.52
"202305291354-123","Sargassum Pipefish","Syngnathus pelagicus",1,0.4
"202305291354-123","Silver Perch","Bairdiella chrysoura",12,16.54
"202305300922-146","Bluestriped Grunt","Haemulon sciurus",4,11.68
"202305300922-146","Dwarf Seahorse","Hippocampus zosterae",2,0.03
"202305300922-146","Gulf Pipefish","Syngnathus scovelli",11,3.01
"202305300922-146","Mojarra Spp","Eucinostomus spp",119,77
"202305300922-146","Pinfish","Lagodon rhomboides",18,135.43
"202305300922-146","Rainwater Killifish","Lucania parva",59,11.11
"202305300922-146","Sargassum Pipefish","Syngnathus pelagicus",4,1.17
"202305300922-146","Silver Perch","Bairdiella chrysoura",27,104.16
"202305301001-070","Anchovy Spp","Anchoa spp",1,0.02
"202305301001-070","Barred Searobin","Prionotus martis",1,0.52
"202305301001-070","Code Goby","Gobiosoma robustum",1,0.27
"202305301001-070","Dwarf Seahorse","Hippocampus zosterae",2,0.14
"202305301001-070","False Arrow Crab","Metoporhaphis calcarata",1,0.22
"202305301001-070","Inshore Lizardfish","Synodus foetens",2,2.06
"202305301001-070","Iridescent Swimming Crab","Portunus gibbesii",1,3.16
"202305301001-070","Rainwater Killifish","Lucania parva",1,0.12
"202306171016-266","Dwarf Seahorse","Hippocampus zosterae",11,0.74
"202306171016-266","Fringed Pipefish","Anarchopterus criniger",1,0.03
"202306171016-266","Goldspotted Killifish","Floridichthys carpio",1,0.62
"202306171016-266","Gulf Pipefish","Syngnathus scovelli",8,1.68
"202306171016-266","Gulf Toadfish","Opsanus beta",1,0.61
"202306171016-266","Mojarra Spp","Eucinostomus spp",39,52.92
"202306171016-266","Pinfish","Lagodon rhomboides",1,7.43
"202306171016-266","Rainwater Killifish","Lucania parva",37,6.94
"202306171504-270","Atlantic Bay Scallop","Argopecten irradians",2,0
"202306171504-270","Dwarf Seahorse","Hippocampus zosterae",8,0.88
"202306171504-270","Gulf Pipefish","Syngnathus scovelli",4,2.15
"202306171504-270","Lined Seahorse","Hippocampus erectus",1,0
"202306171504-270","Mojarra Spp","Eucinostomus spp",23,51.05
"202306180907-301","Clown Goby","Microgobius gulosus",1,0.12
"202306180907-301","Dwarf Seahorse","Hippocampus zosterae",7,0.58
"202306180907-301","Florida Grassflat Crab","Neopanope packardii",2,1.99
"202306180907-301","Fringed Pipefish","Anarchopterus criniger",4,0.24
"202306180907-301","Gulf Pipefish","Syngnathus scovelli",1,0.09
"202306180907-301","Gulf Toadfish","Opsanus beta",1,0.37
"202306180907-301","Mojarra Spp","Eucinostomus spp",5,18.76
"202306180907-301","Rainwater Killifish","Lucania parva",2,0.83
"202306180907-301","Sargassum Pipefish","Syngnathus pelagicus",1,0.08
"202306180907-301","Spotted Dragonet","Diplogrammus pauciradiatus",1,0.33
"202306181042-314","Florida Grassflat Crab","Neopanope packardii",2,0.82
"202306181042-314","Fringed Pipefish","Anarchopterus criniger",4,0.32
"202306181042-314","Mojarra Spp","Eucinostomus spp",5,8.28
"202306181242-618","Dwarf Seahorse","Hippocampus zosterae",3,0.2
"202306181242-618","Goldspotted Killifish","Floridichthys carpio",2,0.25
"202306181242-618","Mojarra Spp","Eucinostomus spp",1,1.97
"202306181242-618","Sargassum Pipefish","Syngnathus pelagicus",1,0.16
"202306181459-402","Dusky Pipefish","Syngnathus floridae",1,0.14
"202306181459-402","Dwarf Seahorse","Hippocampus zosterae",16,1.3
"202306181459-402","Florida Grassflat Crab","Neopanope packardii",1,1.12
"202306181459-402","Fringed Pipefish","Anarchopterus criniger",1,0.12
"202306181459-402","Goldspotted Killifish","Floridichthys carpio",7,2.2
"202306181459-402","Mojarra Spp","Eucinostomus spp",1,0.89
"202306190859-168","Dwarf Seahorse","Hippocampus zosterae",12,0.62
"202306190859-168","Fringed Filefish","Monacanthus ciliatus",4,12.88
"202306190859-168","Fringed Pipefish","Anarchopterus criniger",1,0.04
"202306190859-168","Gulf Pipefish","Syngnathus scovelli",38,3.89
"202306190859-168","Mojarra Spp","Eucinostomus spp",47,15.82
"202306190859-168","Pinfish","Lagodon rhomboides",5,43.3
"202306190859-168","Planehead Filefish","Stephanolepis hispidus",1,9.11
"202306190859-168","Rainwater Killifish","Lucania parva",97,20.75
"202306190859-168","Sargassum Pipefish","Syngnathus pelagicus",7,3.12
"202306190859-168","Silver Perch","Bairdiella chrysoura",15,29.8
"202306190936-143","Spotted Seatrout","Cynoscion nebulosus",1,0.14
"202306191119-022","Bandtail Puffer","Sphoeroides spengleri",1,2.41
"202306191119-022","Flatback Mud Crab","Eurypanopeus depressus",1,0.96
"202306191119-022","Florida Grassflat Crab","Neopanope packardii",1,0.22
"202306191119-022","Fringed Pipefish","Anarchopterus criniger",9,0.64
"202306191119-022","Grass Porgy","Calamus arctifrons",2,3.19
"202306191119-022","Mojarra Spp","Eucinostomus spp",1,0.14
"202306191200-105","Spotted Seatrout","Cynoscion nebulosus",1,0.36
"202306191353-123","Bluestriped Grunt","Haemulon sciurus",2,3.65
"202306191353-123","Dusky Pipefish","Syngnathus floridae",1,0.69
"202306191353-123","Dwarf Seahorse","Hippocampus zosterae",5,0.23
"202306191353-123","Fringed Pipefish","Anarchopterus criniger",1,0.14
"202306191353-123","Gulf Pipefish","Syngnathus scovelli",6,1.86
"202306191353-123","Marbled Blenny","Paraclinus marmoratus",3,1.32
"202306191353-123","Mojarra Spp","Eucinostomus spp",46,36.83
"202306191353-123","Pinfish","Lagodon rhomboides",15,108.57
"202306191353-123","Rainwater Killifish","Lucania parva",48,5.67
"202306191353-123","Sargassum Pipefish","Syngnathus pelagicus",1,0.29
"202306191353-123","Silver Perch","Bairdiella chrysoura",14,31.3
"202306200702-070","Blue Crab","Callinectes sapidus",1,1.71
"202306200702-070","Code Goby","Gobiosoma robustum",3,0.4
"202306200702-070","Dusky Pipefish","Syngnathus floridae",3,1.11
"202306200702-070","Dwarf Seahorse","Hippocampus zosterae",3,0.21
"202306200702-070","Flatback Mud Crab","Eurypanopeus depressus",5,3.88
"202306200702-070","Florida Grassflat Crab","Neopanope packardii",2,0.8
"202306200702-070","Fringed Filefish","Monacanthus ciliatus",1,2.27
"202306200702-070","Fringed Pipefish","Anarchopterus criniger",1,0.1
"202306200702-070","Gulf Pipefish","Syngnathus scovelli",2,0.25
"202306200702-070","Gulf Toadfish","Opsanus beta",1,0.05
"202306200702-070","Hogfish","Lachnolaimus maximus",2,6.53
"202306200702-070","Longnose Spider Crab","Libinia dubia",5,15.58
"202306200702-070","Mojarra Spp","Eucinostomus spp",62,125.37
"202306200702-070","Pigfish","Orthopristis chrysoptera",12,85.66
"202306200702-070","Pinfish","Lagodon rhomboides",59,573.51
"202306200702-070","Planehead Filefish","Stephanolepis hispidus",1,4.73
"202306200702-070","Silver Perch","Bairdiella chrysoura",53,162.23
"202306200702-070","White Grunt","Haemulon plumierii",2,10.6
"202306200742-146","Bluestriped Grunt","Haemulon sciurus",5,7.98
"202306200742-146","Dusky Pipefish","Syngnathus floridae",5,2.58
"202306200742-146","Dwarf Seahorse","Hippocampus zosterae",1,0.06
"202306200742-146","Fringed Filefish","Monacanthus ciliatus",1,3.77
"202306200742-146","Gulf Pipefish","Syngnathus scovelli",4,1.74
"202306200742-146","Inshore Lizardfish","Synodus foetens",1,6.62
"202306200742-146","Mojarra Spp","Eucinostomus spp",61,27.22
"202306200742-146","Pigfish","Orthopristis chrysoptera",1,4.48
"202306200742-146","Pinfish","Lagodon rhomboides",6,45.78
"202306200742-146","Rainwater Killifish","Lucania parva",101,19.79
"202306200742-146","Sargassum Pipefish","Syngnathus pelagicus",4,1.62
"202306200742-146","Silver Perch","Bairdiella chrysoura",18,48.38
"202306200742-146","Spotted Seatrout","Cynoscion nebulosus",4,1.82
"202306200907-241","Brittle Star Spp","Ophiuroidea spp",1,1
"202306200907-241","Dwarf Seahorse","Hippocampus zosterae",1,0.11
"202306200907-241","Fringed Pipefish","Anarchopterus criniger",2,0.17
"202306200907-241","Gulf Pipefish","Syngnathus scovelli",1,0.18
"202306200907-241","Mojarra Spp","Eucinostomus spp",33,43.22
"202307150838-266","Dwarf Seahorse","Hippocampus zosterae",5,0.54
"202307150838-266","Fringed Pipefish","Anarchopterus criniger",4,0.45
"202307150838-266","Gulf Pipefish","Syngnathus scovelli",3,0.65
"202307150838-266","Mojarra Spp","Eucinostomus spp",53,71.98
"202307150838-266","Rainwater Killifish","Lucania parva",46,6.33
"202307150838-266","Silver Perch","Bairdiella chrysoura",1,6.51
"202307150853-265","Spotted Seatrout","Cynoscion nebulosus",1,0.85
"202307150905-278","Spotted Seatrout","Cynoscion nebulosus",1,0.26
"202307150929-267","Spotted Seatrout","Cynoscion nebulosus",1,1.28
"202307151053-270","Dwarf Seahorse","Hippocampus zosterae",30,3.25
"202307151053-270","Gulf Pipefish","Syngnathus scovelli",6,2.06
"202307151053-270","Mojarra Spp","Eucinostomus spp",47,108.5
"202307151053-270","Rainwater Killifish","Lucania parva",1,0.12
"202307151053-270","Sargassum Pipefish","Syngnathus pelagicus",1,0.21
"202307151053-270","Spotted Dragonet","Diplogrammus pauciradiatus",1,0.16
"202307151249-301","Clown Goby","Microgobius gulosus",1,0.32
"202307151249-301","Dwarf Seahorse","Hippocampus zosterae",13,1.02
"202307151249-301","Fringed Pipefish","Anarchopterus criniger",5,0.26
"202307151249-301","Gulf Pipefish","Syngnathus scovelli",3,0.8
"202307151249-301","Mojarra Spp","Eucinostomus spp",44,116.39
"202307151249-301","Pinfish","Lagodon rhomboides",1,15.4
"202307151249-301","Rainwater Killifish","Lucania parva",4,1.39
"202307151249-301","Spotted Dragonet","Diplogrammus pauciradiatus",2,0.48
"202307151340-314","Clown Goby","Microgobius gulosus",1,0.26
"202307151340-314","Mojarra Spp","Eucinostomus spp",6,12.26
"202307151340-314","Rainwater Killifish","Lucania parva",1,0.07
"202307151454-618","Dwarf Seahorse","Hippocampus zosterae",12,0.71
"202307151454-618","Goldspotted Killifish","Floridichthys carpio",8,4.68
"202307151454-618","Mojarra Spp","Eucinostomus spp",65,147.94
"202307151545-402","Clown Goby","Microgobius gulosus",2,0.3
"202307151545-402","Dwarf Seahorse","Hippocampus zosterae",3,0.17
"202307151545-402","Goldspotted Killifish","Floridichthys carpio",34,10.7
"202307151545-402","Gulf Toadfish","Opsanus beta",1,0.74
"202307151545-402","Mojarra Spp","Eucinostomus spp",105,89.65
"202307151545-402","Redfin Needlefish","Strongylura notata",1,0.46
"202307151833-241","Dwarf Seahorse","Hippocampus zosterae",21,1.58
"202307151833-241","Grass Porgy","Calamus arctifrons",4,21.65
"202307151833-241","Gulf Pipefish","Syngnathus scovelli",1,0.53
"202307151833-241","Mojarra Spp","Eucinostomus spp",473,242.72
"202307151833-241","Rainwater Killifish","Lucania parva",33,5.09
"202307151833-241","Redfin Needlefish","Strongylura notata",1,0.09
"202307160840-070","Code Goby","Gobiosoma robustum",1,0.23
"202307160840-070","Dwarf Seahorse","Hippocampus zosterae",2,0.15
"202307160840-070","Gulf Pipefish","Syngnathus scovelli",2,0.22
"202307160840-070","Longnose Spider Crab","Libinia dubia",1,3.2
"202307160840-070","Mojarra Spp","Eucinostomus spp",122,201.61
"202307160840-070","Mud Crab Spp","Panopeidae spp",1,0.29
"202307160840-070","Pinfish","Lagodon rhomboides",1,15.9
"202307160840-070","White Grunt","Haemulon plumierii",1,0.1
"202307160946-168","Dusky Pipefish","Syngnathus floridae",1,0.48
"202307160946-168","Dwarf Seahorse","Hippocampus zosterae",8,0.33
"202307160946-168","Flatback Mud Crab","Eurypanopeus depressus",2,0.82
"202307160946-168","Florida Blenny","Chasmodes saburrae",1,0.48
"202307160946-168","Fringed Filefish","Monacanthus ciliatus",6,4.38
"202307160946-168","Fringed Pipefish","Anarchopterus criniger",1,0.03
"202307160946-168","Goldspotted Killifish","Floridichthys carpio",2,0.72
"202307160946-168","Gulf Pipefish","Syngnathus scovelli",46,10.06
"202307160946-168","Gulf Toadfish","Opsanus beta",2,0.78
"202307160946-168","Mojarra Spp","Eucinostomus spp",77,34.48
"202307160946-168","Pigfish","Orthopristis chrysoptera",4,19.65
"202307160946-168","Pinfish","Lagodon rhomboides",5,53.18
"202307160946-168","Rainwater Killifish","Lucania parva",208,31.67
"202307160946-168","Sargassum Pipefish","Syngnathus pelagicus",3,0.6
"202307160946-168","Sheepshead","Archosargus probatocephalus",2,9.62
"202307160946-168","Silver Perch","Bairdiella chrysoura",30,67.06
"202307160946-168","Spider Crab Spp","Majidae spp",1,0.1
"202307160946-168","Spotted Dragonet","Diplogrammus pauciradiatus",1,0.55
"202307160946-168","White Grunt","Haemulon plumierii",8,3.13
"202307161134-022","False Arrow Crab","Metoporhaphis calcarata",1,1.14
"202307161134-022","Fringed Pipefish","Anarchopterus criniger",7,0.16
"202307161134-022","Gray Pitho Crab","Pitho mirabilis",1,6.89
"202307161134-022","Mojarra Spp","Eucinostomus spp",2,1.41
"202307161134-022","Mud Crab Spp","Panopeidae spp",1,0.22
"202307161239-123","Dusky Pipefish","Syngnathus floridae",1,0.13
"202307161239-123","Dwarf Seahorse","Hippocampus zosterae",10,0.48
"202307161239-123","Fringed Filefish","Monacanthus ciliatus",1,0.26
"202307161239-123","Fringed Pipefish","Anarchopterus criniger",1,0.15
"202307161239-123","Goldspotted Killifish","Floridichthys carpio",1,0.06
"202307161239-123","Great Barracuda","Sphyraena barracuda",1,0.88
"202307161239-123","Gulf Pipefish","Syngnathus scovelli",7,2.12
"202307161239-123","Marbled Blenny","Paraclinus marmoratus",1,0.42
"202307161239-123","Mojarra Spp","Eucinostomus spp",26,18.28
"202307161239-123","Pinfish","Lagodon rhomboides",7,58.45
"202307161239-123","Rainwater Killifish","Lucania parva",107,11.2
"202307161239-123","Silver Perch","Bairdiella chrysoura",3,14.38
"202307161239-123","Spotted Seatrout","Cynoscion nebulosus",1,1.32
"202307161239-123","White Grunt","Haemulon plumierii",3,16.59
"202307161441-136","Spotted Seatrout","Cynoscion nebulosus",1,1.53
"202307161906-146","Bluestriped Grunt","Haemulon sciurus",4,11.36
"202307161906-146","Code Goby","Gobiosoma robustum",1,0.3
"202307161906-146","Dusky Pipefish","Syngnathus floridae",1,1
"202307161906-146","Dwarf Seahorse","Hippocampus zosterae",5,0.21
"202307161906-146","Fringed Pipefish","Anarchopterus criniger",1,0.03
"202307161906-146","Goldspotted Killifish","Floridichthys carpio",3,1.86
"202307161906-146","Gulf Pipefish","Syngnathus scovelli",5,1.08
"202307161906-146","Gulf Toadfish","Opsanus beta",1,0.38
"202307161906-146","Mojarra Spp","Eucinostomus spp",76,29.68
"202307161906-146","Pinfish","Lagodon rhomboides",7,81.76
"202307161906-146","Rainwater Killifish","Lucania parva",146,23.95
"202307161906-146","Silver Perch","Bairdiella chrysoura",20,68.92
"202307161906-146","Spotted Seatrout","Cynoscion nebulosus",2,0.57
"202307161906-146","White Grunt","Haemulon plumierii",1,3.63
"202307161927-133","Spotted Seatrout","Cynoscion nebulosus",1,5.78
"202308120959-609","Spotted Seatrout","Cynoscion nebulosus",2,3.52
"202308121026-301","Banded Blenny","Paraclinus fasciatus",1,0.55
"202308121026-301","Clown Goby","Microgobius gulosus",2,0.85
"202308121026-301","Fringed Pipefish","Anarchopterus criniger",2,0.18
"202308121026-301","Gulf Toadfish","Opsanus beta",1,0.52
"202308121026-301","Mojarra Spp","Eucinostomus spp",23,69.83
"202308121038-302","Spotted Seatrout","Cynoscion nebulosus",1,0.18
"202308121128-314","Goldspotted Killifish","Floridichthys carpio",1,0.49
"202308121128-314","Mojarra Spp","Eucinostomus spp",64,32.09
"202308121325-618","Dwarf Seahorse","Hippocampus zosterae",1,0.07
"202308121325-618","Fringed Pipefish","Anarchopterus criniger",1,0.07
"202308121325-618","Goldspotted Killifish","Floridichthys carpio",16,7.29
"202308121325-618","Mojarra Spp","Eucinostomus spp",190,429.08
"202308121410-402","Dwarf Seahorse","Hippocampus zosterae",1,0.09
"202308121410-402","Fringed Pipefish","Anarchopterus criniger",5,0.2
"202308121410-402","Goldspotted Killifish","Floridichthys carpio",9,2.89
"202308121410-402","Gulf Toadfish","Opsanus beta",1,0.98
"202308121410-402","Mojarra Spp","Eucinostomus spp",97,282.08
"202308131018-266","Atlantic Bay Scallop","Argopecten irradians",1,0
"202308131018-266","Dwarf Seahorse","Hippocampus zosterae",10,0.39
"202308131018-266","Fringed Pipefish","Anarchopterus criniger",4,0.23
"202308131018-266","Great Barracuda","Sphyraena barracuda",2,2.22
"202308131018-266","Gulf Pipefish","Syngnathus scovelli",5,0.69
"202308131018-266","Gulf Toadfish","Opsanus beta",2,0.98
"202308131018-266","Mojarra Spp","Eucinostomus spp",116,161.89
"202308131018-266","Oyster Mud Crab","Panopeus simpsoni",1,0.5
"202308131018-266","Rainwater Killifish","Lucania parva",69,9.97
"202308131018-266","Spotted Seatrout","Cynoscion nebulosus",2,0.68
"202308131045-278","Spotted Seatrout","Cynoscion nebulosus",5,0.94
"202308131059-265","Spotted Seatrout","Cynoscion nebulosus",2,0.2
"202308131113-280","Spotted Seatrout","Cynoscion nebulosus",1,0.11
"202308131131-241","Dwarf Seahorse","Hippocampus zosterae",10,0.69
"202308131131-241","Great Barracuda","Sphyraena barracuda",4,3.71
"202308131131-241","Gulf Pipefish","Syngnathus scovelli",2,0.95
"202308131131-241","Mojarra Spp","Eucinostomus spp",206,336.75
"202308131131-241","Rainwater Killifish","Lucania parva",36,6.15
"202308131131-241","Spotted Seatrout","Cynoscion nebulosus",2,0.18
"202308131207-240","Spotted Seatrout","Cynoscion nebulosus",1,0.12
"202308131343-224","Spotted Seatrout","Cynoscion nebulosus",1,0.24
"202308131522-270","Brittle Star Spp","Ophiuroidea spp",2,1.25
"202308131522-270","Dwarf Seahorse","Hippocampus zosterae",5,0.42
"202308131522-270","Fringed Pipefish","Anarchopterus criniger",1,0.07
"202308131522-270","Goldspotted Killifish","Floridichthys carpio",1,2.77
"202308131522-270","Great Barracuda","Sphyraena barracuda",4,3.17
"202308131522-270","Gulf Pipefish","Syngnathus scovelli",1,0.66
"202308131522-270","Gulf Toadfish","Opsanus beta",1,0.79
"202308131522-270","Mojarra Spp","Eucinostomus spp",81,226.22
"202308131522-270","Rainwater Killifish","Lucania parva",4,0.77
"202308131522-270","Sea Cucumber Spp","Holothuroidea spp",1,1.5
"202308131522-270","Sea Star Spp","Asteroidea spp",1,0.04
"202308131522-270","Spotted Dragonet","Diplogrammus pauciradiatus",1,0.16
"202308131730-237","Spotted Seatrout","Cynoscion nebulosus",1,0.32
"202308140744-070","Anchovy Spp","Anchoa spp",1,0.04
"202308140744-070","Barred Searobin","Prionotus martis",1,1.33
"202308140744-070","Bay Anchovy","Anchoa mitchilli",81,10.13
"202308140744-070","Blue Crab Spp","Callinectes spp",2,0.53
"202308140744-070","Code Goby","Gobiosoma robustum",3,1.22
"202308140744-070","Dwarf Seahorse","Hippocampus zosterae",1,0.05
"202308140744-070","Fringed Pipefish","Anarchopterus criniger",3,0.28
"202308140744-070","Gulf Pipefish","Syngnathus scovelli",2,0.39
"202308140744-070","Harris Mud Crab","Rhithropanopeus harrisii",1,0.12
"202308140744-070","Mojarra Spp","Eucinostomus spp",58,130.81
"202308140744-070","Mud Crab Spp","Panopeidae spp",2,0.02
"202308140744-070","Porcelain Crab Spp","Petrolisthes spp",2,0.69
"202308140744-070","Rainwater Killifish","Lucania parva",1,0.03
"202308140744-070","Spanish Sardine","Sardinella aurita",1,0.17
"202308140821-167","Spotted Seatrout","Cynoscion nebulosus",2,0.21
"202308140848-176","Spotted Seatrout","Cynoscion nebulosus",2,5.75
"202308140937-168","Lane Snapper","Lutjanus synagris",4,4.04
"202308140937-168","Spotted Seatrout","Cynoscion nebulosus",6,1.41
"202308141022-143","Spotted Seatrout","Cynoscion nebulosus",1,0.23
"202308141601-022","Anchovy Spp","Anchoa spp",4,0.24
"202308141601-022","Blue Crab Spp","Callinectes spp",1,0.02
"202308141601-022","Green Porcelain Crab","Petrolisthes armatus",1,0.63
"202308141601-022","Grunt Spp","Haemulon spp",1,0.21
"202308141601-022","Gulf Stone Crab","Menippe adina",1,2.23
"202308141601-022","Lane Snapper","Lutjanus synagris",2,1.9
"202308141601-022","Marbled Blenny","Paraclinus marmoratus",1,0.38
"202308141601-022","Mojarra Spp","Eucinostomus spp",1,3.36
"202308141601-022","Oyster Mud Crab","Panopeus simpsoni",2,1.73
"202308141624-105","Spotted Seatrout","Cynoscion nebulosus",1,6.27
"202308141701-123","Dusky Pipefish","Syngnathus floridae",1,0.41
"202308141701-123","Dwarf Seahorse","Hippocampus zosterae",6,0.3
"202308141701-123","Great Barracuda","Sphyraena barracuda",1,0
"202308141701-123","Gulf Pipefish","Syngnathus scovelli",8,1.75
"202308141701-123","Mojarra Spp","Eucinostomus spp",35,36.4
"202308141701-123","Pinfish","Lagodon rhomboides",1,9.65
"202308141701-123","Rainwater Killifish","Lucania parva",139,18.57
"202308141701-123","Spotted Seatrout","Cynoscion nebulosus",2,3.13
"202308141701-123","White Grunt","Haemulon plumierii",1,2.44
"202308141800-146","Dwarf Seahorse","Hippocampus zosterae",8,0.33
"202308141800-146","Grass Porgy","Calamus arctifrons",1,0
"202308141800-146","Great Barracuda","Sphyraena barracuda",2,1.43
"202308141800-146","Gulf Pipefish","Syngnathus scovelli",6,0.88
"202308141800-146","Mojarra Spp","Eucinostomus spp",89,64.16
"202308141800-146","Pinfish","Lagodon rhomboides",2,17.02
"202308141800-146","Rainwater Killifish","Lucania parva",318,37.28
"202308141800-146","Silver Perch","Bairdiella chrysoura",8,46.01
"202308141800-146","Spotted Seatrout","Cynoscion nebulosus",5,1.06
"202309090900-291","Spotted Seatrout","Cynoscion nebulosus",3,6.7
"202309090910-290","Spotted Seatrout","Cynoscion nebulosus",1,3.56
"202309090920-609","Spotted Seatrout","Cynoscion nebulosus",2,4.99
"202309090941-301","Dwarf Seahorse","Hippocampus zosterae",1,0.08
"202309090941-301","Gulf Pipefish","Syngnathus scovelli",2,1.01
"202309090941-301","Lined Sole","Achirus lineatus",1,7.25
"202309090941-301","Mojarra Spp","Eucinostomus spp",26,82.47
"202309090941-301","Mud Crab Spp","Panopeidae spp",2,0.13
"202309090941-301","Rainwater Killifish","Lucania parva",1,0.06
"202309091036-314","Fringed Pipefish","Anarchopterus criniger",3,0.23
"202309091036-314","Mojarra Spp","Eucinostomus spp",57,198.52
"202309091036-314","Mud Crab Spp","Panopeidae spp",1,0.1
"202309091047-313","Spotted Seatrout","Cynoscion nebulosus",1,1.62
"202309091101-323","Spotted Seatrout","Cynoscion nebulosus",3,12.6
"202309091139-401","Spotted Seatrout","Cynoscion nebulosus",1,5.48
"202309091155-618","Dwarf Seahorse","Hippocampus zosterae",3,0.18
"202309091155-618","Fringed Pipefish","Anarchopterus criniger",2,0.15
"202309091155-618","Goldspotted Killifish","Floridichthys carpio",5,1.74
"202309091155-618","Gulf Toadfish","Opsanus beta",1,0.72
"202309091155-618","Mojarra Spp","Eucinostomus spp",73,166.86
"202309091214-621","Spotted Seatrout","Cynoscion nebulosus",1,2.26
"202309091222-622","Spotted Seatrout","Cynoscion nebulosus",1,5.32
"202309091252-402","Fringed Pipefish","Anarchopterus criniger",1,0.17
"202309091252-402","Goldspotted Killifish","Floridichthys carpio",22,9.28
"202309091252-402","Gray Snapper","Lutjanus griseus",2,9.39
"202309091252-402","Halfbeak Spp","Beloniformes spp",1,0.01
"202309091252-402","Mojarra Spp","Eucinostomus spp",648,226.68
"202309091503-270","Dwarf Seahorse","Hippocampus zosterae",6,0.42
"202309091503-270","Great Barracuda","Sphyraena barracuda",4,4.59
"202309091503-270","Gulf Pipefish","Syngnathus scovelli",1,0.38
"202309091503-270","Mojarra Spp","Eucinostomus spp",67,246.91
"202309091503-270","Rainwater Killifish","Lucania parva",2,0.25
"202309091516-284","Spotted Seatrout","Cynoscion nebulosus",1,2.04
"202309091606-268","Spotted Seatrout","Cynoscion nebulosus",1,4.99
"202309091748-241","Dwarf Seahorse","Hippocampus zosterae",3,0.16
"202309091748-241","Gulf Pipefish","Syngnathus scovelli",3,1.48
"202309091748-241","Lane Snapper","Lutjanus synagris",2,6.69
"202309091748-241","Mojarra Spp","Eucinostomus spp",64,55.97
"202309091748-241","Pinfish","Lagodon rhomboides",1,8.47
"202309091748-241","Rainwater Killifish","Lucania parva",351,60.63
"202309091748-241","Silver Perch","Bairdiella chrysoura",1,11.12
"202309091748-241","Spotted Seatrout","Cynoscion nebulosus",6,0.5
"202309091811-255","Spotted Seatrout","Cynoscion nebulosus",1,0.11
"202309091819-240","Spotted Seatrout","Cynoscion nebulosus",1,0.16
"202309091907-266","Dwarf Seahorse","Hippocampus zosterae",1,0.08
"202309091907-266","Fringed Pipefish","Anarchopterus criniger",2,0.09
"202309091907-266","Goldspotted Killifish","Floridichthys carpio",1,0.25
"202309091907-266","Gulf Pipefish","Syngnathus scovelli",3,1.03
"202309091907-266","Mojarra Spp","Eucinostomus spp",75,214.52
"202309091907-266","Rainwater Killifish","Lucania parva",30,4.75
"202309100837-070","Bay Anchovy","Anchoa mitchilli",1,0.08
"202309100837-070","Blue Crab","Callinectes sapidus",1,4.75
"202309100837-070","Blue Crab Spp","Callinectes spp",1,0.32
"202309100837-070","Cuban Anchovy","Anchoa cubana",2,0.05
"202309100837-070","Dwarf Seahorse","Hippocampus zosterae",2,0.09
"202309100837-070","Gulf Pipefish","Syngnathus scovelli",10,2.54
"202309100837-070","Harris Mud Crab","Rhithropanopeus harrisii",4,0.25
"202309100837-070","Lane Snapper","Lutjanus synagris",2,0.21
"202309100837-070","Mojarra Spp","Eucinostomus spp",31,65.14
"202309100837-070","Mud Crab Spp","Panopeidae spp",1,0.05
"202309100837-070","Oyster Mud Crab","Panopeus simpsoni",1,0.1
"202309100837-070","Rainwater Killifish","Lucania parva",4,0.7
"202309100837-070","Silver Perch","Bairdiella chrysoura",3,16.54
"202309100837-070","White Grunt","Haemulon plumierii",1,2.78
"202309101044-168","Dusky Pipefish","Syngnathus floridae",1,0.42
"202309101044-168","Dwarf Seahorse","Hippocampus zosterae",3,0.11
"202309101044-168","Florida Blenny","Chasmodes saburrae",1,8.71
"202309101044-168","Florida Grassflat Crab","Neopanope packardii",1,0.33
"202309101044-168","Fringed Filefish","Monacanthus ciliatus",3,5.6
"202309101044-168","Gulf Pipefish","Syngnathus scovelli",4,0.57
"202309101044-168","Lane Snapper","Lutjanus synagris",10,26.77
"202309101044-168","Mojarra Spp","Eucinostomus spp",69,36.19
"202309101044-168","Pigfish","Orthopristis chrysoptera",4,45.93
"202309101044-168","Pinfish","Lagodon rhomboides",2,33.67
"202309101044-168","Rainwater Killifish","Lucania parva",165,24.74
"202309101044-168","Sea Star Spp","Asteroidea spp",1,0.22
"202309101044-168","Silver Perch","Bairdiella chrysoura",5,23.94
"202309101119-176","Spotted Seatrout","Cynoscion nebulosus",1,1.8
"202309101232-265","Spotted Seatrout","Cynoscion nebulosus",1,2.31
"202309101431-146","Dwarf Seahorse","Hippocampus zosterae",2,0.1
"202309101431-146","Goldspotted Killifish","Floridichthys carpio",4,0.91
"202309101431-146","Great Barracuda","Sphyraena barracuda",2,2.76
"202309101431-146","Gulf Pipefish","Syngnathus scovelli",2,0.88
"202309101431-146","Mojarra Spp","Eucinostomus spp",10,6.42
"202309101431-146","Pinfish","Lagodon rhomboides",6,77.81
"202309101431-146","Rainwater Killifish","Lucania parva",400,57.89
"202309101431-146","Silver Perch","Bairdiella chrysoura",4,34.39
"202309101538-123","Dwarf Seahorse","Hippocampus zosterae",3,0.15
"202309101538-123","Fringed Filefish","Monacanthus ciliatus",1,3.6
"202309101538-123","Gulf Pipefish","Syngnathus scovelli",3,0.75
"202309101538-123","Mojarra Spp","Eucinostomus spp",7,1.99
"202309101538-123","Rainwater Killifish","Lucania parva",10,1.5
"202309101538-123","White Grunt","Haemulon plumierii",2,4.08
"202309101617-022","Mud Crab Spp","Panopeidae spp",1,0.04
"202309101617-022","Rainwater Killifish","Lucania parva",1,0.11
"202309101617-022","Spotted Seatrout","Cynoscion nebulosus",1,0.64
"202310070854-304","Spotted Seatrout","Cynoscion nebulosus",1,2.55
"202310070915-314","Florida Grassflat Crab","Neopanope packardii",1,0.09
"202310070915-314","Fringed Pipefish","Anarchopterus criniger",1,0.08
"202310070915-314","Mojarra Spp","Eucinostomus spp",23,48.94
"202310071047-618","Goldspotted Killifish","Floridichthys carpio",7,2.02
"202310071047-618","Gray Snapper","Lutjanus griseus",2,9.06
"202310071047-618","Mojarra Spp","Eucinostomus spp",90,99.99
"202310071047-618","Rainwater Killifish","Lucania parva",27,4.87
"202310071158-402","Goldspotted Killifish","Floridichthys carpio",21,8.83
"202310071158-402","Gulf Pipefish","Syngnathus scovelli",1,0.54
"202310071158-402","Mojarra Spp","Eucinostomus spp",57,69.52
"202310071158-402","Rainwater Killifish","Lucania parva",15,2.18
"202310071211-407","Spotted Seatrout","Cynoscion nebulosus",1,0.77
"202310071624-301","Florida Grassflat Crab","Neopanope packardii",1,0.18
"202310071624-301","Mojarra Spp","Eucinostomus spp",39,112.72
"202310071707-281","Spotted Seatrout","Cynoscion nebulosus",8,26.42
"202310071730-280","Spotted Seatrout","Cynoscion nebulosus",2,6.67
"202310080110-268","Spotted Seatrout","Cynoscion nebulosus",4,13.39
"202310080803-265","Spotted Seatrout","Cynoscion nebulosus",2,7.12
"202310080830-266","Atlantic Bay Scallop","Argopecten irradians",1,0
"202310080830-266","Bay Anchovy","Anchoa mitchilli",1,0.39
"202310080830-266","Dwarf Seahorse","Hippocampus zosterae",4,0.19
"202310080830-266","Florida Grassflat Crab","Neopanope packardii",1,0.17
"202310080830-266","Goldspotted Killifish","Floridichthys carpio",1,0.38
"202310080830-266","Gulf Pipefish","Syngnathus scovelli",3,0.35
"202310080830-266","Mojarra Spp","Eucinostomus spp",120,254.75
"202310080830-266","Pinfish","Lagodon rhomboides",1,19.16
"202310080830-266","Rainwater Killifish","Lucania parva",48,11.54
"202310080830-266","Spotted Seatrout","Cynoscion nebulosus",5,8.68
"202310080855-254","Spotted Seatrout","Cynoscion nebulosus",1,2.98
"202310080932-241","Dwarf Seahorse","Hippocampus zosterae",2,0.05
"202310080932-241","Gulf Pipefish","Syngnathus scovelli",2,0.55
"202310080932-241","Mojarra Spp","Eucinostomus spp",48,65.43
"202310080932-241","Rainwater Killifish","Lucania parva",290,59.11
"202310080932-241","Silver Perch","Bairdiella chrysoura",1,0.11
"202310080932-241","Spotted Seatrout","Cynoscion nebulosus",2,0.21
"202310081022-269","Spotted Seatrout","Cynoscion nebulosus",3,7.81
"202310081048-270","Dwarf Seahorse","Hippocampus zosterae",2,0.11
"202310081048-270","Mojarra Spp","Eucinostomus spp",27,130.77
"202310081100-283","Spotted Seatrout","Cynoscion nebulosus",1,3.98
"202310090729-070","Bay Anchovy","Anchoa mitchilli",4,0.98
"202310090729-070","Grass Squid","Pickfordiateuthis pulchella",2,0.3
"202310090729-070","Lane Snapper","Lutjanus synagris",2,14.39
"202310090729-070","Rainwater Killifish","Lucania parva",4,0.36
"202310090840-168","Bay Anchovy","Anchoa mitchilli",1,0.07
"202310090840-168","Code Goby","Gobiosoma robustum",1,0.04
"202310090840-168","Dusky Pipefish","Syngnathus floridae",2,0.36
"202310090840-168","Fringed Filefish","Monacanthus ciliatus",8,37.74
"202310090840-168","Fringed Pipefish","Anarchopterus criniger",1,0.1
"202310090840-168","Goldspotted Killifish","Floridichthys carpio",1,0.05
"202310090840-168","Grass Porgy","Calamus arctifrons",1,9.26
"202310090840-168","Gulf Pipefish","Syngnathus scovelli",5,0.87
"202310090840-168","Inshore Lizardfish","Synodus foetens",1,1.96
"202310090840-168","Lane Snapper","Lutjanus synagris",3,1.52
"202310090840-168","Mojarra Spp","Eucinostomus spp",346,109.59
"202310090840-168","Pigfish","Orthopristis chrysoptera",1,11.58
"202310090840-168","Rainwater Killifish","Lucania parva",546,57.07
"202310090840-168","Sargassum Pipefish","Syngnathus pelagicus",1,0.14
"202310090840-168","Silver Perch","Bairdiella chrysoura",4,35.85
"202310090840-168","White Grunt","Haemulon plumierii",5,14.27
"202310090950-146","Goldspotted Killifish","Floridichthys carpio",1,0.07
"202310090950-146","Gulf Pipefish","Syngnathus scovelli",2,0.2
"202310090950-146","Mojarra Spp","Eucinostomus spp",243,158.63
"202310090950-146","Rainwater Killifish","Lucania parva",306,36.59
"202310090950-146","Silver Perch","Bairdiella chrysoura",1,9.16
"202310091321-022","Green Porcelain Crab","Petrolisthes armatus",37,1.72
"202310091321-022","Porcelain Crab Spp","Petrolisthes spp",8,0.87
"202310091321-022","Rainwater Killifish","Lucania parva",2,0.16
"202310091321-022","White Grunt","Haemulon plumierii",1,0.16
"202310091407-123","Fringed Filefish","Monacanthus ciliatus",2,7.48
"202310091407-123","Grass Porgy","Calamus arctifrons",1,0
"202310091407-123","Gray Snapper","Lutjanus griseus",1,0
"202310091407-123","Grunt Spp","Haemulon spp",1,0.53
"202310091407-123","Mojarra Spp","Eucinostomus spp",42,50.69
"202310091407-123","Rainwater Killifish","Lucania parva",78,13.54
"202311270733-279","Spotted Seatrout","Cynoscion nebulosus",1,1.07
"202311270744-266","Bay Anchovy","Anchoa mitchilli",5,2.4
"202311270744-266","Clown Goby","Microgobius gulosus",1,0.38
"202311270744-266","Gulf Pipefish","Syngnathus scovelli",2,0.32
"202311270744-266","Mojarra Spp","Eucinostomus spp",45,141.3
"202311270744-266","Rainwater Killifish","Lucania parva",4,1.49
"202311270846-240","Spotted Seatrout","Cynoscion nebulosus",1,0.7
"202311270929-241","Brown Spiny Sea Star","Echinaster spinulosus",1,0.95
"202311270929-241","Chain Pipefish","Syngnathus louisianae",1,0.21
"202311270929-241","Dusky Pipefish","Syngnathus floridae",1,0.06
"202311270929-241","Dwarf Seahorse","Hippocampus zosterae",2,0.19
"202311270929-241","Gulf Pipefish","Syngnathus scovelli",2,1.13
"202311270929-241","Mojarra Spp","Eucinostomus spp",15,7.35
"202311270929-241","Rainwater Killifish","Lucania parva",3,0.96
"202311271053-270","Dwarf Seahorse","Hippocampus zosterae",4,0.34
"202311271053-270","Great Barracuda","Sphyraena barracuda",2,2.96
"202311271053-270","Gulf Pipefish","Syngnathus scovelli",3,1.51
"202311271053-270","Lesser Blue Crab","Callinectes similis",1,7.37
"202311271053-270","Mojarra Spp","Eucinostomus spp",9,12.6
"202311271053-270","Rainwater Killifish","Lucania parva",7,3.35
"202311271415-314","Dwarf Seahorse","Hippocampus zosterae",1,0.06
"202311271415-314","Florida Grassflat Crab","Neopanope packardii",1,0.82
"202311271415-314","Goldspotted Killifish","Floridichthys carpio",24,7.87
"202311271415-314","Mojarra Spp","Eucinostomus spp",15,11.16
"202311271453-618","Chain Pipefish","Syngnathus louisianae",1,0.16
"202311271453-618","Clown Goby","Microgobius gulosus",3,0.21
"202311271453-618","Dwarf Seahorse","Hippocampus zosterae",6,0.35
"202311271453-618","Fringed Pipefish","Anarchopterus criniger",3,0.33
"202311271453-618","Goldspotted Killifish","Floridichthys carpio",4,1
"202311271453-618","Great Barracuda","Sphyraena barracuda",2,1.28
"202311271453-618","Gulf Pipefish","Syngnathus scovelli",1,0.73
"202311271453-618","Mojarra Spp","Eucinostomus spp",9,15.81
"202311271453-618","Rainwater Killifish","Lucania parva",1,0.08
"202311271620-402","Gulf Pipefish","Syngnathus scovelli",1,1
"202311271620-402","Mojarra Spp","Eucinostomus spp",5,8.22
"202311271700-301","Dwarf Seahorse","Hippocampus zosterae",1,0.07
"202311271700-301","Goldspotted Killifish","Floridichthys carpio",1,0.06
"202311271700-301","Mojarra Spp","Eucinostomus spp",3,12.79
"202311280752-070","Goldspotted Killifish","Floridichthys carpio",1,0.14
"202311280946-168","Dusky Pipefish","Syngnathus floridae",1,0.05
"202311280946-168","Dwarf Seahorse","Hippocampus zosterae",2,0.07
"202311280946-168","Gulf Pipefish","Syngnathus scovelli",7,0.46
"202311280946-168","Mojarra Spp","Eucinostomus spp",29,13.53
"202311280946-168","Rainwater Killifish","Lucania parva",265,38.89
"202311280946-168","Silver Perch","Bairdiella chrysoura",1,0.09
"202311281112-146","Dusky Pipefish","Syngnathus floridae",1,0.74
"202311281112-146","Dwarf Seahorse","Hippocampus zosterae",3,0.12
"202311281112-146","Goldspotted Killifish","Floridichthys carpio",3,0.53
"202311281112-146","Grunt Spp","Haemulon spp",1,0.34
"202311281112-146","Gulf Pipefish","Syngnathus scovelli",14,2.8
"202311281112-146","Mojarra Spp","Eucinostomus spp",43,60.35
"202311281112-146","Pinfish","Lagodon rhomboides",1,14.52
"202311281112-146","Rainwater Killifish","Lucania parva",227,38.92
"202311281112-146","Sargassum Pipefish","Syngnathus pelagicus",2,0.14
"202311291515-022","Speck-Claw Decorator Crab","Microphrys bicornutus",1,0.05
"202311291547-123","Dusky Pipefish","Syngnathus floridae",2,0.19
"202311291547-123","Dwarf Seahorse","Hippocampus zosterae",4,0.12
"202311291547-123","Fringed Filefish","Monacanthus ciliatus",1,6.17
"202311291547-123","Gulf Pipefish","Syngnathus scovelli",1,0.26
"202311291547-123","Mojarra Spp","Eucinostomus spp",24,20.81
"202311291547-123","Rainwater Killifish","Lucania parva",10,2.35
"202405011416-241","Atlantic Bay Scallop","Argopecten irradians",1,0.74
"202405011416-241","Atlantic Mud Crab","Panopeus herbstii",1,0.72
"202405011416-241","Dwarf Seahorse","Hippocampus zosterae",1,0.03
"202405011416-241","Fringed Pipefish","Anarchopterus criniger",1,0.1
"202405011416-241","Gulf Toadfish","Opsanus beta",2,5.82
"202405011416-241","Mojarra Spp","Eucinostomus spp",1,10.86
"202405011416-241","Rainwater Killifish","Lucania parva",1,0.04
"202405011608-270","Dwarf Seahorse","Hippocampus zosterae",4,0.26
"202405011608-270","Florida Grassflat Crab","Neopanope packardii",1,0.65
"202405011608-270","Gulf Pipefish","Syngnathus scovelli",3,1.66
"202405011722-266","Gulf Pipefish","Syngnathus scovelli",1,0.5
"202405011722-266","Gulf Toadfish","Opsanus beta",2,19.88
"202405011722-266","Mojarra Spp","Eucinostomus spp",1,2.47
"202405011722-266","Rainwater Killifish","Lucania parva",3,0.72
"202405011722-266","Silver Perch","Bairdiella chrysoura",2,3.2
"202405030758-301","Mojarra Spp","Eucinostomus spp",5,27.38
"202405030758-301","Rainwater Killifish","Lucania parva",1,0.07
"202405030857-314","Atlantic Mud Crab","Panopeus herbstii",4,2.3
"202405030857-314","Flatback Mud Crab","Eurypanopeus depressus",1,0.19
"202405030857-314","Fringed Pipefish","Anarchopterus criniger",1,0.05
"202405030857-314","Gulf Pipefish","Syngnathus scovelli",2,0.85
"202405030857-314","Marbled Blenny","Paraclinus marmoratus",1,0.73
"202405030857-314","Mojarra Spp","Eucinostomus spp",4,16.36
"202405031026-618","Clown Goby","Microgobius gulosus",2,0.56
"202405031026-618","Dwarf Seahorse","Hippocampus zosterae",3,0.27
"202405031026-618","Fringed Pipefish","Anarchopterus criniger",1,0.13
"202405031026-618","Goldspotted Killifish","Floridichthys carpio",4,1.11
"202405031026-618","Gulf Pipefish","Syngnathus scovelli",4,1.85
"202405031026-618","Mojarra Spp","Eucinostomus spp",30,52.35
"202405031026-618","Rainwater Killifish","Lucania parva",2,0.17
"202405031120-402","Clown Goby","Microgobius gulosus",1,0.04
"202405031120-402","Goldspotted Killifish","Floridichthys carpio",2,0.93
"202405031120-402","Gulf Pipefish","Syngnathus scovelli",2,0.72
"202405040727-071","Bay Anchovy","Anchoa mitchilli",1,0
"202405041002-070","Bay Anchovy","Anchoa mitchilli",317,5.91
"202405041002-070","Blue Crab","Callinectes sapidus",2,1.89
"202405041002-070","Flase Pilchard","Harengula clupeola",1,0.23
"202405041002-070","Grass Squid","Pickfordiateuthis pulchella",1,0.12
"202405041002-070","Gulf Pipefish","Syngnathus scovelli",1,0.2
"202405041002-070","Inshore Lizardfish","Synodus foetens",1,2.56
"202405041002-070","Longnose Spider Crab","Libinia dubia",2,2.55
"202405041002-070","Mojarra Spp","Eucinostomus spp",4,15.28
"202405041002-070","Pigfish","Orthopristis chrysoptera",3,16.34
"202405041141-022","Dusky Pipefish","Syngnathus floridae",2,0.27
"202405041141-022","Flatback Mud Crab","Eurypanopeus depressus",1,0.26
"202405041141-022","Gray Pitho Crab","Pitho mirabilis",2,8.43
"202405041141-022","Grunt Spp","Haemulon spp",2,1.13
"202405041141-022","Gulf Pipefish","Syngnathus scovelli",2,0.83
"202405041141-022","Mojarra Spp","Eucinostomus spp",11,15.94
"202405041141-022","Pinfish","Lagodon rhomboides",15,39.88
"202405041141-022","Sargassum Pipefish","Syngnathus pelagicus",2,1.45
"202405041141-022","Speck-Claw Decorator Crab","Microphrys bicornutus",1,4.99
"202405041141-022","White Grunt","Haemulon plumierii",4,24.73
"202405041251-123","Dusky Pipefish","Syngnathus floridae",1,0.18
"202405041251-123","Dwarf Seahorse","Hippocampus zosterae",1,0.03
"202405041251-123","Fringed Filefish","Monacanthus ciliatus",1,4.36
"202405041251-123","Gulf Pipefish","Syngnathus scovelli",4,0.65
"202405041251-123","Mojarra Spp","Eucinostomus spp",20,14.69
"202405041251-123","Rainwater Killifish","Lucania parva",15,1.66
"202405041251-123","Sargassum Pipefish","Syngnathus pelagicus",1,0.06
"202405041447-146","Code Goby","Gobiosoma robustum",1,0.33
"202405041447-146","Dusky Pipefish","Syngnathus floridae",1,0.07
"202405041447-146","Mojarra Spp","Eucinostomus spp",1,0.85
"202405041447-146","Pinfish","Lagodon rhomboides",1,2.77
"202405041447-146","Rainwater Killifish","Lucania parva",17,2.32
"202405041447-146","Sargassum Pipefish","Syngnathus pelagicus",1,0.24
"202405041447-146","Silver Perch","Bairdiella chrysoura",1,0.05
"202405041700-168","Atlantic Bay Scallop","Argopecten irradians",1,4.96
"202405041700-168","Bay Anchovy","Anchoa mitchilli",8,3.3
"202405041700-168","Code Goby","Gobiosoma robustum",30,11.17
"202405041700-168","Dwarf Seahorse","Hippocampus zosterae",12,0.63
"202405041700-168","False Arrow Crab","Metoporhaphis calcarata",2,0.43
"202405041700-168","Flatback Mud Crab","Eurypanopeus depressus",56,9.61
"202405041700-168","Florida Blenny","Chasmodes saburrae",1,0.47
"202405041700-168","Florida Grassflat Crab","Neopanope packardii",45,15.85
"202405041700-168","Fringed Pipefish","Anarchopterus criniger",11,0.86
"202405041700-168","Gray Pitho Crab","Pitho mirabilis",1,4.27
"202405041700-168","Grunt Spp","Haemulon spp",29,7.81
"202405041700-168","Gulf Pipefish","Syngnathus scovelli",8,1.03
"202405041700-168","Gulf Toadfish","Opsanus beta",9,20.34
"202405041700-168","Inshore Lizardfish","Synodus foetens",1,4.01
"202405041700-168","Longnose Spider Crab","Libinia dubia",7,43.13
"202405041700-168","Mojarra Spp","Eucinostomus spp",15,24.04
"202405041700-168","Pigfish","Orthopristis chrysoptera",12,53.58
"202405041700-168","Pinfish","Lagodon rhomboides",36,106.76
"202405041700-168","Rainwater Killifish","Lucania parva",74,6.57
"202405041700-168","Sargassum Pipefish","Syngnathus pelagicus",1,0.53
"202405041700-168","Sheepshead","Archosargus probatocephalus",6,6.08
"202405041700-168","Silver Perch","Bairdiella chrysoura",19,42.12
"202405041700-168","Spanish Sardine","Sardinella aurita",1,0.32
"202405041700-168","Striped Burrfish","Chilomycterus schoepfi",1,7.04
"202405041700-168","White Grunt","Haemulon plumierii",4,41.75
"202406090909-241","Dwarf Seahorse","Hippocampus zosterae",11,0.84
"202406090909-241","Fringed Pipefish","Anarchopterus criniger",1,0.05
"202406090909-241","Gulf Pipefish","Syngnathus scovelli",9,1.45
"202406090909-241","Gulf Toadfish","Opsanus beta",5,1.18
"202406090909-241","Mojarra Spp","Eucinostomus spp",26,16.61
"202406090909-241","Pinfish","Lagodon rhomboides",2,12.04
"202406090909-241","Rainwater Killifish","Lucania parva",25,2.85
"202406091049-270","Dwarf Seahorse","Hippocampus zosterae",7,0.73
"202406091049-270","Mojarra Spp","Eucinostomus spp",2,6.97
"202406091254-314","Clown Goby","Microgobius gulosus",1,0.01
"202406091254-314","Dwarf Seahorse","Hippocampus zosterae",1,0.09
"202406091254-314","Florida Grassflat Crab","Neopanope packardii",1,1.13
"202406091423-618","Dusky Pipefish","Syngnathus floridae",2,0.52
"202406091423-618","Dwarf Seahorse","Hippocampus zosterae",2,0.05
"202406091423-618","Florida Grassflat Crab","Neopanope packardii",1,1.34
"202406091423-618","Fringed Pipefish","Anarchopterus criniger",2,0.12
"202406091423-618","Goldspotted Killifish","Floridichthys carpio",7,4.06
"202406091423-618","Gulf Toadfish","Opsanus beta",1,0.38
"202406091423-618","Jack Spp","Caranx spp",1,0.18
"202406091423-618","Mojarra Spp","Eucinostomus spp",25,80.3
"202406091423-618","Rainwater Killifish","Lucania parva",6,0.87
"202406091423-618","Redfin Needlefish","Strongylura notata",1,0.26
"202406091423-618","Sargassum Pipefish","Syngnathus pelagicus",1,0.3
"202406091525-402","Clown Goby","Microgobius gulosus",2,0.76
"202406091525-402","Dwarf Seahorse","Hippocampus zosterae",4,0.25
"202406091525-402","Florida Grassflat Crab","Neopanope packardii",2,1.58
"202406091525-402","Fringed Pipefish","Anarchopterus criniger",5,1.47
"202406091525-402","Goldspotted Killifish","Floridichthys carpio",21,8.66
"202406091525-402","Gulf Pipefish","Syngnathus scovelli",7,2.31
"202406091525-402","Gulf Toadfish","Opsanus beta",1,0.18
"202406091525-402","Mojarra Spp","Eucinostomus spp",25,38.62
"202406091525-402","Rainwater Killifish","Lucania parva",2,0.2
"202406091525-402","Redfin Needlefish","Strongylura notata",2,1.03
"202406091714-301","Dwarf Seahorse","Hippocampus zosterae",9,0.53
"202406091714-301","Fringed Pipefish","Anarchopterus criniger",1,0.05
"202406091714-301","Gulf Pipefish","Syngnathus scovelli",3,1.21
"202406091714-301","Mojarra Spp","Eucinostomus spp",18,76.76
"202406091714-301","Spotted Dragonet","Diplogrammus pauciradiatus",2,0.28
"202406091815-266","Dwarf Seahorse","Hippocampus zosterae",3,0.22
"202406100824-070","Bay Anchovy","Anchoa mitchilli",25,5.08
"202406100824-070","Gulf Pipefish","Syngnathus scovelli",1,0.27
"202406100824-070","Longnose Spider Crab","Libinia dubia",1,1.04
"202406100824-070","Mojarra Spp","Eucinostomus spp",9,7.26
"202406100914-168","Dusky Pipefish","Syngnathus floridae",1,0.46
"202406100914-168","Dwarf Seahorse","Hippocampus zosterae",7,0.36
"202406100914-168","Gulf Pipefish","Syngnathus scovelli",5,0.51
"202406100914-168","Gulf Toadfish","Opsanus beta",1,6.53
"202406100914-168","Mojarra Spp","Eucinostomus spp",23,7.24
"202406100914-168","Pigfish","Orthopristis chrysoptera",2,9.48
"202406100914-168","Pinfish","Lagodon rhomboides",21,101.76
"202406100914-168","Rainwater Killifish","Lucania parva",25,5.62
"202406100914-168","Silver Perch","Bairdiella chrysoura",6,21.25
"202406100914-168","White Grunt","Haemulon plumierii",4,30.64
"202406101020-146","Code Goby","Gobiosoma robustum",6,1.49
"202406101020-146","Dusky Pipefish","Syngnathus floridae",3,1.11
"202406101020-146","Dwarf Seahorse","Hippocampus zosterae",4,0.19
"202406101020-146","Florida Blenny","Chasmodes saburrae",1,0.96
"202406101020-146","Fringed Pipefish","Anarchopterus criniger",4,0.2
"202406101020-146","Gulf Pipefish","Syngnathus scovelli",24,1.91
"202406101020-146","Gulf Toadfish","Opsanus beta",4,0.66
"202406101020-146","Mojarra Spp","Eucinostomus spp",11,1.62
"202406101020-146","Pigfish","Orthopristis chrysoptera",2,13.98
"202406101020-146","Pinfish","Lagodon rhomboides",16,49.19
"202406101020-146","Rainwater Killifish","Lucania parva",25,3.19
"202406101020-146","Silver Perch","Bairdiella chrysoura",3,4.71
"202406101020-146","White Grunt","Haemulon plumierii",2,13.28
"202406101211-123","Atlantic Bay Scallop","Argopecten irradians",1,1.6
"202406101211-123","Dusky Pipefish","Syngnathus floridae",3,1.55
"202406101211-123","Dwarf Seahorse","Hippocampus zosterae",1,0.02
"202406101211-123","Flatback Mud Crab","Eurypanopeus depressus",1,0.21
"202406101211-123","Florida Grassflat Crab","Neopanope packardii",1,0.22
"202406101211-123","Fringed Filefish","Monacanthus ciliatus",1,0.86
"202406101211-123","Fringed Pipefish","Anarchopterus criniger",4,0.47
"202406101211-123","Gulf Pipefish","Syngnathus scovelli",8,0.91
"202406101211-123","Inshore Lizardfish","Synodus foetens",1,0.06
"202406101211-123","Mojarra Spp","Eucinostomus spp",6,13.06
"202406101211-123","Pinfish","Lagodon rhomboides",4,24.94
"202406101211-123","Rainwater Killifish","Lucania parva",25,1.76
"202406101211-123","Silver Perch","Bairdiella chrysoura",1,1.85
"202406101211-123","Speck-Claw Decorator Crab","Microphrys bicornutus",1,2.97
"202406101211-123","White Grunt","Haemulon plumierii",1,14.56
"202406101412-022","Florida Grassflat Crab","Neopanope packardii",1,0.32
"202406101412-022","Mojarra Spp","Eucinostomus spp",19,27.72
"202406101412-022","Pinfish","Lagodon rhomboides",3,4.57
"202406101412-022","White Grunt","Haemulon plumierii",1,0.36
"202407111144-301","Bay Anchovy","Anchoa mitchilli",1,0.79
"202407111144-301","Dwarf Seahorse","Hippocampus zosterae",4,0.21
"202407111144-301","Fringed Pipefish","Anarchopterus criniger",1,0.15
"202407111144-301","Mojarra Spp","Eucinostomus spp",11,31.3
"202407111144-301","Spotted Dragonet","Diplogrammus pauciradiatus",1,0.1
"202407111600-402","Clown Goby","Microgobius gulosus",1,0.24
"202407111600-402","Dwarf Seahorse","Hippocampus zosterae",3,0.2
"202407111600-402","Goldspotted Killifish","Floridichthys carpio",28,5.6
"202407111600-402","Gulf Pipefish","Syngnathus scovelli",4,1.18
"202407111600-402","Mojarra Spp","Eucinostomus spp",8,10.18
"202407111600-402","Rainwater Killifish","Lucania parva",7,0.77
"202407111600-402","Spotted Dragonet","Diplogrammus pauciradiatus",1,0.1
"202407111740-618","Dwarf Seahorse","Hippocampus zosterae",12,0.63
"202407111740-618","Goldspotted Killifish","Floridichthys carpio",2,1.48
"202407111740-618","Gulf Pipefish","Syngnathus scovelli",4,1.55
"202407111740-618","Gulf Toadfish","Opsanus beta",2,0.56
"202407111740-618","Mojarra Spp","Eucinostomus spp",49,59.7
"202407111740-618","Rainwater Killifish","Lucania parva",3,0.28
"202407111740-618","Redfin Needlefish","Strongylura notata",1,0.03
"202407111834-314","Clown Goby","Microgobius gulosus",2,0.32
"202407111834-314","Florida Grassflat Crab","Neopanope packardii",2,0.17
"202407111834-314","Mojarra Spp","Eucinostomus spp",5,26.94
"202407111834-314","Spotted Dragonet","Diplogrammus pauciradiatus",1,0.03
"202407120730-070","Bay Anchovy","Anchoa mitchilli",9,0.11
"202407120730-070","Code Goby","Gobiosoma robustum",1,0.1
"202407120730-070","Dwarf Seahorse","Hippocampus zosterae",1,0.03
"202407120730-070","Gulf Pipefish","Syngnathus scovelli",1,0.13
"202407120730-070","Mojarra Spp","Eucinostomus spp",26,8.62
"202407120730-070","Mud Crab Spp","Panopeidae spp",1,0.09
"202407120730-070","Sea Star Spp","Asteroidea spp",1,0.46
"202407120859-168","Dwarf Seahorse","Hippocampus zosterae",4,0.15
"202407120859-168","Florida Blenny","Chasmodes saburrae",2,1.76
"202407120859-168","Florida Grassflat Crab","Neopanope packardii",3,1.36
"202407120859-168","Fringed Filefish","Monacanthus ciliatus",4,5.59
"202407120859-168","Fringed Pipefish","Anarchopterus criniger",6,0.38
"202407120859-168","Gulf Pipefish","Syngnathus scovelli",13,1.84
"202407120859-168","Longnose Spider Crab","Libinia dubia",1,8.36
"202407120859-168","Mojarra Spp","Eucinostomus spp",115,16.48
"202407120859-168","Pigfish","Orthopristis chrysoptera",11,53.12
"202407120859-168","Pinfish","Lagodon rhomboides",22,100.91
"202407120859-168","Rainwater Killifish","Lucania parva",441,6.02
"202407120859-168","Silver Perch","Bairdiella chrysoura",8,22.96
"202407120859-168","Striped Burrfish","Chilomycterus schoepfi",1,13.66
"202407120859-168","White Grunt","Haemulon plumierii",1,4.29
"202407121037-146","Dwarf Seahorse","Hippocampus zosterae",5,0.34
"202407121037-146","Florida Blenny","Chasmodes saburrae",1,0.94
"202407121037-146","Fringed Filefish","Monacanthus ciliatus",1,2.04
"202407121037-146","Gulf Pipefish","Syngnathus scovelli",13,1.59
"202407121037-146","Gulf Toadfish","Opsanus beta",2,0.9
"202407121037-146","Mojarra Spp","Eucinostomus spp",42,8.26
"202407121037-146","Pinfish","Lagodon rhomboides",10,42.34
"202407121037-146","Rainwater Killifish","Lucania parva",599,3.43
"202407121037-146","Speck-Claw Decorator Crab","Microphrys bicornutus",1,1.03
"202407121037-146","White Grunt","Haemulon plumierii",1,7.22
"202407121248-123","Blue Crab Spp","Callinectes spp",1,0.21
"202407121248-123","Fringed Filefish","Monacanthus ciliatus",2,2.41
"202407121248-123","Fringed Pipefish","Anarchopterus criniger",2,0.08
"202407121248-123","Gulf Pipefish","Syngnathus scovelli",5,0.79
"202407121248-123","Mojarra Spp","Eucinostomus spp",6,0.36
"202407121248-123","Pinfish","Lagodon rhomboides",3,23.66
"202407121248-123","Rainwater Killifish","Lucania parva",48,2
"202407121248-123","Striped Burrfish","Chilomycterus schoepfi",1,2.62
"202407121248-123","White Grunt","Haemulon plumierii",1,12.39
"202407121326-022","Brittle Star Spp","Ophiuroidea spp",1,0.06
"202407121326-022","Florida Grassflat Crab","Neopanope packardii",9,1.15
"202407121326-022","Fringed Pipefish","Anarchopterus criniger",5,0.23
"202407121326-022","Gulf Pipefish","Syngnathus scovelli",1,0.04
"202407121326-022","Gulf Toadfish","Opsanus beta",2,0.13
"202407121326-022","Mojarra Spp","Eucinostomus spp",4,6.66
"202407121326-022","Mud Crab Spp","Panopeidae spp",6,0.33
"202407121326-022","White Grunt","Haemulon plumierii",1,0.53
"202407131058-266","Code Goby","Gobiosoma robustum",1,0.25
"202407131058-266","Dwarf Seahorse","Hippocampus zosterae",4,0.17
"202407131058-266","Gulf Pipefish","Syngnathus scovelli",6,0.72
"202407131058-266","Mojarra Spp","Eucinostomus spp",13,17.24
"202407131058-266","Pigfish","Orthopristis chrysoptera",1,4.82
"202407131058-266","Rainwater Killifish","Lucania parva",29,1.92
"202407131058-266","Silver Perch","Bairdiella chrysoura",2,15.38
"202407131131-241","Code Goby","Gobiosoma robustum",3,0.39
"202407131131-241","Dwarf Seahorse","Hippocampus zosterae",10,0.55
"202407131131-241","Fringed Pipefish","Anarchopterus criniger",1,0.02
"202407131131-241","Gulf Pipefish","Syngnathus scovelli",2,1.59
"202407131131-241","Mojarra Spp","Eucinostomus spp",44,55.56
"202407131131-241","Pinfish","Lagodon rhomboides",1,11.16
"202407131131-241","Rainwater Killifish","Lucania parva",2,0.16
"202407131510-270","Bay Anchovy","Anchoa mitchilli",2,0.77
"202407131510-270","Code Goby","Gobiosoma robustum",1,0.42
"202407131510-270","Dwarf Seahorse","Hippocampus zosterae",4,0.44
"202407131510-270","Fringed Pipefish","Anarchopterus criniger",2,0.1
"202407131510-270","Mojarra Spp","Eucinostomus spp",9,26.77
"202407131510-270","Rainwater Killifish","Lucania parva",1,0.15
"202408100907-301","Bay Anchovy","Anchoa mitchilli",21,8.35
"202408100907-301","Clown Goby","Microgobius gulosus",1,0.04
"202408100907-301","Dwarf Seahorse","Hippocampus zosterae",2,0.1
"202408100907-301","Gulf Toadfish","Opsanus beta",1,0.25
"202408100907-301","Mojarra Spp","Eucinostomus spp",25,45.58
"202408100907-301","Rainwater Killifish","Lucania parva",2,0.21
"202408101056-314","Bay Anchovy","Anchoa mitchilli",4,0.33
"202408101056-314","Clown Goby","Microgobius gulosus",3,0.19
"202408101056-314","Dwarf Seahorse","Hippocampus zosterae",1,0.04
"202408101056-314","Mojarra Spp","Eucinostomus spp",25,69.32
"202408101151-618","Clown Goby","Microgobius gulosus",1,0.18
"202408101151-618","Dusky Pipefish","Syngnathus floridae",1,0.64
"202408101151-618","Dwarf Seahorse","Hippocampus zosterae",8,0.54
"202408101151-618","Goldspotted Killifish","Floridichthys carpio",1,0.63
"202408101151-618","Gulf Pipefish","Syngnathus scovelli",1,0.34
"202408101151-618","Gulf Toadfish","Opsanus beta",1,0.97
"202408101151-618","Mojarra Spp","Eucinostomus spp",25,46.51
"202408101151-618","Rainwater Killifish","Lucania parva",7,1.29
"202408101431-402","Clown Goby","Microgobius gulosus",1,0.05
"202408101431-402","Dwarf Seahorse","Hippocampus zosterae",5,0.2
"202408101431-402","Fringed Pipefish","Anarchopterus criniger",1,0.04
"202408101431-402","Goldspotted Killifish","Floridichthys carpio",11,3.14
"202408101431-402","Mojarra Spp","Eucinostomus spp",25,43.62
"202408101431-402","Spotted Dragonet","Diplogrammus pauciradiatus",1,0.2
"202408110850-266","Bay Anchovy","Anchoa mitchilli",1,0.39
"202408110850-266","Dwarf Seahorse","Hippocampus zosterae",1,0.02
"202408110850-266","Florida Grassflat Crab","Neopanope packardii",1,2.6
"202408110850-266","Fringed Pipefish","Anarchopterus criniger",5,0.22
"202408110850-266","Mojarra Spp","Eucinostomus spp",9,7.82
"202408110850-266","Rainwater Killifish","Lucania parva",3,0.34
"202408110953-241","Clown Goby","Microgobius gulosus",1,0.06
"202408110953-241","Dwarf Seahorse","Hippocampus zosterae",1,0.03
"202408110953-241","Mojarra Spp","Eucinostomus spp",18,30.13
"202408111334-270","Bay Anchovy","Anchoa mitchilli",1,0.22
"202408111334-270","Dwarf Seahorse","Hippocampus zosterae",14,1.32
"202408111334-270","Mojarra Spp","Eucinostomus spp",25,72.63
"202408111334-270","Pinfish","Lagodon rhomboides",1,12.23
"202408120810-070","Bay Anchovy","Anchoa mitchilli",17,3.31
"202408120810-070","Dwarf Seahorse","Hippocampus zosterae",1,0.16
"202408120810-070","Mojarra Spp","Eucinostomus spp",25,31.13
"202408120810-070","Sargassum Pipefish","Syngnathus pelagicus",1,0.15
"202408121001-022","Brittle Star Spp","Ophiuroidea spp",1,0.03
"202408121001-022","Dusky Pipefish","Syngnathus floridae",1,0.28
"202408121001-022","Dwarf Seahorse","Hippocampus zosterae",1,0.03
"202408121001-022","Flatback Mud Crab","Eurypanopeus depressus",3,0.35
"202408121001-022","Fringed Filefish","Monacanthus ciliatus",6,8.73
"202408121001-022","Fringed Pipefish","Anarchopterus criniger",1,0.19
"202408121001-022","Grass Porgy","Calamus arctifrons",1,3.9
"202408121001-022","Gray Pitho Crab","Pitho mirabilis",1,2.47
"202408121001-022","Gulf Pipefish","Syngnathus scovelli",1,0.6
"202408121001-022","Mojarra Spp","Eucinostomus spp",25,18.76
"202408121001-022","Pinfish","Lagodon rhomboides",5,45.31
"202408121001-022","Spotted Dragonet","Diplogrammus pauciradiatus",1,0.13
"202408121001-022","White Grunt","Haemulon plumierii",5,19.95
"202408121127-123","Dwarf Seahorse","Hippocampus zosterae",1,0.06
"202408121127-123","Fringed Filefish","Monacanthus ciliatus",2,5.95
"202408121127-123","Great Barracuda","Sphyraena barracuda",1,0.22
"202408121127-123","Gulf Pipefish","Syngnathus scovelli",8,2.01
"202408121127-123","Marbled Blenny","Paraclinus marmoratus",1,0.46
"202408121127-123","Mojarra Spp","Eucinostomus spp",11,11.12
"202408121127-123","Pinfish","Lagodon rhomboides",6,55.39
"202408121127-123","Rainwater Killifish","Lucania parva",25,2.54
"202408121127-123","Silver Perch","Bairdiella chrysoura",1,10.26
"202408121127-123","Striped Burrfish","Chilomycterus schoepfi",1,3.86
"202408121127-123","White Grunt","Haemulon plumierii",3,6.85
"202408121226-146","Dwarf Seahorse","Hippocampus zosterae",2,0.1
"202408121226-146","Mojarra Spp","Eucinostomus spp",2,0.08
"202408121226-146","Pinfish","Lagodon rhomboides",1,6.34
"202408121226-146","Rainwater Killifish","Lucania parva",25,2.78
"202408121252-168","Bay Anchovy","Anchoa mitchilli",2,0.32
"202408121252-168","Dwarf Seahorse","Hippocampus zosterae",2,0.06
"202408121252-168","Fringed Filefish","Monacanthus ciliatus",4,2.57
"202408121252-168","Fringed Pipefish","Anarchopterus criniger",1,0.09
"202408121252-168","Grunt Spp","Haemulon spp",2,0.74
"202408121252-168","Gulf Pipefish","Syngnathus scovelli",1,0.09
"202408121252-168","Mojarra Spp","Eucinostomus spp",25,18.9
"202408121252-168","Rainwater Killifish","Lucania parva",3,0.15
"202408121252-168","Sargassum Pipefish","Syngnathus pelagicus",1,0.09
"202409071000-314","Dwarf Seahorse","Hippocampus zosterae",1,0.06
"202409071000-314","Flatback Mud Crab","Eurypanopeus depressus",4,0.98
"202409071000-314","Florida Grassflat Crab","Neopanope packardii",12,5.69
"202409071000-314","Fringed Pipefish","Anarchopterus criniger",2,0.15
"202409071000-314","Marbled Blenny","Paraclinus marmoratus",3,0.7
"202409071000-314","Mojarra Spp","Eucinostomus spp",25,73.18
"202409071000-314","Spotted Dragonet","Diplogrammus pauciradiatus",1,0.06
"202409071249-618","Dwarf Seahorse","Hippocampus zosterae",4,0.16
"202409071249-618","Goldspotted Killifish","Floridichthys carpio",12,3.76
"202409071249-618","Gulf Pipefish","Syngnathus scovelli",1,0.16
"202409071249-618","Mojarra Spp","Eucinostomus spp",25,38.03
"202409071249-618","Rainwater Killifish","Lucania parva",4,0.38
"202409071249-618","Spotted Dragonet","Diplogrammus pauciradiatus",1,0.05
"202409071334-402","Clown Goby","Microgobius gulosus",1,0.41
"202409071334-402","Dwarf Seahorse","Hippocampus zosterae",3,0.2
"202409071334-402","Goldspotted Killifish","Floridichthys carpio",12,4.94
"202409071334-402","Mojarra Spp","Eucinostomus spp",25,40.67
"202409071334-402","Redfin Needlefish","Strongylura notata",1,0.46
"202409080831-266","Bay Anchovy","Anchoa mitchilli",16,6.34
"202409080831-266","Gulf Pipefish","Syngnathus scovelli",2,0.22
"202409080831-266","Mojarra Spp","Eucinostomus spp",18,46.25
"202409080831-266","Rainwater Killifish","Lucania parva",1,0.11
"202409080945-241","Mojarra Spp","Eucinostomus spp",6,14.33
"202409080945-241","Pinfish","Lagodon rhomboides",1,11.69
"202409080945-241","Rainwater Killifish","Lucania parva",2,0.4
"202409081021-270","Bay Anchovy","Anchoa mitchilli",16,4.52
"202409081021-270","Dwarf Seahorse","Hippocampus zosterae",2,0.12
"202409081021-270","Gulf Pipefish","Syngnathus scovelli",1,0.04
"202409081021-270","Mojarra Spp","Eucinostomus spp",17,87.67
"202409081154-301","Bay Anchovy","Anchoa mitchilli",1,0.28
"202409081154-301","Dwarf Seahorse","Hippocampus zosterae",2,0.05
"202409081154-301","Mojarra Spp","Eucinostomus spp",17,23.46
"202409081154-301","Spotted Dragonet","Diplogrammus pauciradiatus",1,0.18
"202409081646-168","Dwarf Seahorse","Hippocampus zosterae",4,0.07
"202409081646-168","Fringed Filefish","Monacanthus ciliatus",23,53.06
"202409081646-168","Goldspotted Killifish","Floridichthys carpio",1,0.11
"202409081646-168","Gulf Pipefish","Syngnathus scovelli",8,1.94
"202409081646-168","Mojarra Spp","Eucinostomus spp",25,15.52
"202409081646-168","Pigfish","Orthopristis chrysoptera",2,24.25
"202409081646-168","Pinfish","Lagodon rhomboides",7,96.17
"202409081646-168","Rainwater Killifish","Lucania parva",25,3.77
"202409081646-168","Sargassum Pipefish","Syngnathus pelagicus",1,0.56
"202409081646-168","Silver Perch","Bairdiella chrysoura",2,11.24
"202409081646-168","White Grunt","Haemulon plumierii",3,4.3
"202409081729-146","Dwarf Seahorse","Hippocampus zosterae",2,0.04
"202409081729-146","Gulf Pipefish","Syngnathus scovelli",3,0.77
"202409081729-146","Mojarra Spp","Eucinostomus spp",3,1.63
"202409081729-146","Pinfish","Lagodon rhomboides",2,21.32
"202409081729-146","Rainwater Killifish","Lucania parva",25,3.47
"202409081801-070","Bay Anchovy","Anchoa mitchilli",25,5.24
"202409081801-070","Dusky Pipefish","Syngnathus floridae",3,2.03
"202409081801-070","Dwarf Seahorse","Hippocampus zosterae",2,0.04
"202409081801-070","False Arrow Crab","Metoporhaphis calcarata",1,0.32
"202409081801-070","Flase Pilchard","Harengula clupeola",1,1.6
"202409081801-070","Flatback Mud Crab","Eurypanopeus depressus",1,0.39
"202409081801-070","Fringed Filefish","Monacanthus ciliatus",7,12.52
"202409081801-070","Gray Pitho Crab","Pitho mirabilis",1,5.41
"202409081801-070","Gulf Pipefish","Syngnathus scovelli",7,0.57
"202409081801-070","Mojarra Spp","Eucinostomus spp",25,56.68
"202409081801-070","Pigfish","Orthopristis chrysoptera",3,28.38
"202409081801-070","Pinfish","Lagodon rhomboides",25,265.37
"202409081801-070","Rainwater Killifish","Lucania parva",1,0.28
"202409081801-070","Sargassum Pipefish","Syngnathus pelagicus",1,0.61
"202409081801-070","Silver Perch","Bairdiella chrysoura",19,113.01
"202409091015-022","Brittle Star Spp","Ophiuroidea spp",2,0.22
"202409091015-022","Dwarf Seahorse","Hippocampus zosterae",5,0.21
"202409091015-022","Florida Grassflat Crab","Neopanope packardii",2,0.45
"202409091015-022","Fringed Filefish","Monacanthus ciliatus",25,35.21
"202409091015-022","Mojarra Spp","Eucinostomus spp",25,33.07
"202409091015-022","Mud Crab Spp","Panopeidae spp",4,0.19
"202409091015-022","Pinfish","Lagodon rhomboides",25,219.84
"202409091015-022","Rainwater Killifish","Lucania parva",18,3.53
"202409091015-022","Sargassum Swimming Crab","Portunus sayi",2,1.91
"202409091015-022","Silver Perch","Bairdiella chrysoura",6,37.19
"202409091015-022","Spotted Dragonet","Diplogrammus pauciradiatus",1,0.26
"202409091015-022","White Grunt","Haemulon plumierii",25,51.03
"202409091205-123","Dwarf Seahorse","Hippocampus zosterae",6,0.28
"202409091205-123","Fringed Filefish","Monacanthus ciliatus",2,5.77
"202409091205-123","Gulf Pipefish","Syngnathus scovelli",8,2.06
"202409091205-123","Mojarra Spp","Eucinostomus spp",12,21.65
"202409091205-123","Pinfish","Lagodon rhomboides",4,42.07
"202409091205-123","Rainwater Killifish","Lucania parva",25,3.06
"202409091205-123","White Grunt","Haemulon plumierii",3,15.24
"202410051115-402","Clown Goby","Microgobius gulosus",1,0.16
"202410051115-402","Dwarf Seahorse","Hippocampus zosterae",1,0.06
"202410051115-402","Fringed Pipefish","Anarchopterus criniger",1,0.16
"202410051115-402","Goldspotted Killifish","Floridichthys carpio",12,2.67
"202410051115-402","Gulf Pipefish","Syngnathus scovelli",2,0.56
"202410051115-402","Gulf Toadfish","Opsanus beta",1,0.91
"202410051115-402","Mojarra Spp","Eucinostomus spp",25,53.84
"202410051115-402","Rainwater Killifish","Lucania parva",1,0.14
"202410051224-618","Clown Goby","Microgobius gulosus",5,0.46
"202410051224-618","Dwarf Seahorse","Hippocampus zosterae",1,0.07
"202410051224-618","Fringed Pipefish","Anarchopterus criniger",2,0.24
"202410051224-618","Goldspotted Killifish","Floridichthys carpio",2,0.06
"202410051224-618","Gulf Pipefish","Syngnathus scovelli",1,0.16
"202410051224-618","Mojarra Spp","Eucinostomus spp",25,41.32
"202410051224-618","Rainwater Killifish","Lucania parva",4,0.48
"202410051458-270","Bay Anchovy","Anchoa mitchilli",24,8.31
"202410051458-270","Clown Goby","Microgobius gulosus",1,0.03
"202410051458-270","Mojarra Spp","Eucinostomus spp",25,118.83
"202410051458-270","Spotted Dragonet","Diplogrammus pauciradiatus",1,0.09
"202410060822-070","Bay Anchovy","Anchoa mitchilli",25,8.45
"202410060822-070","Blue Crab Spp","Callinectes spp",3,0.72
"202410060822-070","Flatback Mud Crab","Eurypanopeus depressus",1,0.16
"202410060822-070","Florida Grassflat Crab","Neopanope packardii",1,0.16
"202410060822-070","Gulf Pipefish","Syngnathus scovelli",3,0.56
"202410060822-070","Mojarra Spp","Eucinostomus spp",18,59.91
"202410061011-168","Bay Anchovy","Anchoa mitchilli",4,0.86
"202410061011-168","Code Goby","Gobiosoma robustum",1,0.12
"202410061011-168","Dwarf Seahorse","Hippocampus zosterae",1,0.06
"202410061011-168","Fringed Filefish","Monacanthus ciliatus",2,0.51
"202410061011-168","Goldspotted Killifish","Floridichthys carpio",1,0.11
"202410061011-168","Grass Porgy","Calamus arctifrons",2,13.82
"202410061011-168","Mojarra Spp","Eucinostomus spp",25,63.59
"202410061011-168","Pinfish","Lagodon rhomboides",4,48.54
"202410061011-168","Rainwater Killifish","Lucania parva",23,4.79
"202410061011-168","Spotted Dragonet","Diplogrammus pauciradiatus",1,0.27
"202410061011-168","White Grunt","Haemulon plumierii",3,7.21
"202410061359-146","Dwarf Seahorse","Hippocampus zosterae",4,0.13
"202410061359-146","Mojarra Spp","Eucinostomus spp",10,5.13
"202410061359-146","Pinfish","Lagodon rhomboides",14,172.83
"202410061359-146","Rainwater Killifish","Lucania parva",25,3.88
"202410061431-123","Dusky Pipefish","Syngnathus floridae",1,0.29
"202410061431-123","Dwarf Seahorse","Hippocampus zosterae",1,0.03
"202410061431-123","Fringed Filefish","Monacanthus ciliatus",1,4.91
"202410061431-123","Gulf Pipefish","Syngnathus scovelli",4,1.35
"202410061431-123","Lane Snapper","Lutjanus synagris",1,9.01
"202410061431-123","Mojarra Spp","Eucinostomus spp",14,13.07
"202410061431-123","Pinfish","Lagodon rhomboides",2,19.54
"202410061431-123","Rainwater Killifish","Lucania parva",25,4.11
"202410061534-022","Atlantic Spadefish","Chaetodipterus faber",14,256.34
"202410061534-022","Fringed Filefish","Monacanthus ciliatus",1,3.59
"202410061534-022","Lane Snapper","Lutjanus synagris",2,10.15
"202410061534-022","Mojarra Spp","Eucinostomus spp",25,130.08
"202410061534-022","White Grunt","Haemulon plumierii",2,12.44
"202410071045-241","Bay Anchovy","Anchoa mitchilli",2,1.16
"202410071045-241","Dwarf Seahorse","Hippocampus zosterae",4,0.26
"202410071045-241","Gulf Pipefish","Syngnathus scovelli",4,0.88
"202410071045-241","Mojarra Spp","Eucinostomus spp",25,43.23
"202410071045-241","Rainwater Killifish","Lucania parva",2,0.26
"202410071045-241","Striped Burrfish","Chilomycterus schoepfi",1,26.21
"202410071237-301","Bay Anchovy","Anchoa mitchilli",6,1.28
"202410071237-301","Brittle Star Spp","Ophiuroidea spp",1,0.04
"202410071237-301","Code Goby","Gobiosoma robustum",1,0.14
"202410071237-301","Florida Blenny","Chasmodes saburrae",1,1.98
"202410071237-301","Mojarra Spp","Eucinostomus spp",25,56.94
"202410071237-301","Rainwater Killifish","Lucania parva",2,0.55
"202410071323-266","Bay Anchovy","Anchoa mitchilli",1,0.28
"202410071323-266","Dwarf Seahorse","Hippocampus zosterae",2,0.06
"202410071323-266","Gulf Pipefish","Syngnathus scovelli",1,0.04
"202410071323-266","Mojarra Spp","Eucinostomus spp",17,30.01
"202410071323-266","Pinfish","Lagodon rhomboides",2,19.06
"202410071323-266","Rainwater Killifish","Lucania parva",23,2.87
"202410090944-314","Dwarf Seahorse","Hippocampus zosterae",2,0.07
"202410090944-314","Marbled Blenny","Paraclinus marmoratus",1,0.15
"202410090944-314","Mojarra Spp","Eucinostomus spp",16,72
"202411020908-266","Mojarra Spp","Eucinostomus spp",10,38.39
"202411020908-266","Rainwater Killifish","Lucania parva",1,0.19
"202411021029-270","Mojarra Spp","Eucinostomus spp",4,19.57
"202411021129-301","Gulf Pipefish","Syngnathus scovelli",1,0.21
"202411021129-301","Mojarra Spp","Eucinostomus spp",25,106.27
"202411021232-314","Clown Goby","Microgobius gulosus",1,0.05
"202411021232-314","Dwarf Seahorse","Hippocampus zosterae",1,0.02
"202411021232-314","Spotted Dragonet","Diplogrammus pauciradiatus",1,0.08
"202411021446-402","Clown Goby","Microgobius gulosus",2,0.37
"202411021446-402","Dwarf Seahorse","Hippocampus zosterae",3,0.2
"202411021446-402","Goldspotted Killifish","Floridichthys carpio",2,0.49
"202411021446-402","Mojarra Spp","Eucinostomus spp",10,16.97
"202411021446-402","Rainwater Killifish","Lucania parva",2,0.34
"202411021535-618","Dwarf Seahorse","Hippocampus zosterae",3,0.22
"202411021535-618","Fringed Pipefish","Anarchopterus criniger",7,0.82
"202411021822-241","Bay Anchovy","Anchoa mitchilli",3,1.37
"202411021822-241","Florida Grassflat Crab","Neopanope packardii",1,0.33
"202411021822-241","Fringed Pipefish","Anarchopterus criniger",1,0.07
"202411021822-241","Mojarra Spp","Eucinostomus spp",3,8.44
"202411030744-070","Clown Goby","Microgobius gulosus",3,0.32
"202411030744-070","Dwarf Seahorse","Hippocampus zosterae",2,0.08
"202411030744-070","Gulf Pipefish","Syngnathus scovelli",2,0.59
"202411030744-070","Lined Sole","Achirus lineatus",2,1.18
"202411030744-070","Longnose Spider Crab","Libinia dubia",3,6.43
"202411030744-070","Mojarra Spp","Eucinostomus spp",6,24.75
"202411030744-070","Mud Crab Spp","Panopeidae spp",1,0.09
"202411030832-168","Dwarf Seahorse","Hippocampus zosterae",2,0.06
"202411030832-168","Fringed Filefish","Monacanthus ciliatus",5,27.62
"202411030832-168","Gulf Pipefish","Syngnathus scovelli",2,0.36
"202411030832-168","Mojarra Spp","Eucinostomus spp",26,22.41
"202411030832-168","Pinfish","Lagodon rhomboides",1,15.01
"202411030832-168","Rainwater Killifish","Lucania parva",17,2.79
"202411030832-168","White Grunt","Haemulon plumierii",2,9.87
"202411031006-022","Dusky Pipefish","Syngnathus floridae",8,1.86
"202411031006-022","Dwarf Seahorse","Hippocampus zosterae",1,0.05
"202411031006-022","Fringed Pipefish","Anarchopterus criniger",1,0.09
"202411031006-022","Gray Pitho Crab","Pitho mirabilis",1,0.08
"202411031006-022","Sargassum Pipefish","Syngnathus pelagicus",2,0.51
"202411031129-123","Bay Anchovy","Anchoa mitchilli",1,0.06
"202411031129-123","Dwarf Seahorse","Hippocampus zosterae",3,0.11
"202411031129-123","Gulf Pipefish","Syngnathus scovelli",4,0.77
"202411031129-123","Mojarra Spp","Eucinostomus spp",25,29.61
"202411031129-123","Pinfish","Lagodon rhomboides",3,43.21
"202411031129-123","Rainwater Killifish","Lucania parva",7,1.32
"202411031129-123","Sargassum Pipefish","Syngnathus pelagicus",1,0.17
"202411031129-123","White Grunt","Haemulon plumierii",4,30.44
"202411031221-146","Bay Anchovy","Anchoa mitchilli",2,0.08
"202411031221-146","Blue Crab","Callinectes sapidus",1,0.14
"202411031221-146","Dwarf Seahorse","Hippocampus zosterae",1,0
"202411031221-146","Gulf Pipefish","Syngnathus scovelli",3,0.25
"202411031221-146","Mojarra Spp","Eucinostomus spp",15,14.48
"202411031221-146","Pinfish","Lagodon rhomboides",1,11.54
"202411031221-146","Rainwater Killifish","Lucania parva",12,1.73
"202412190859-168","Dwarf Seahorse","Hippocampus zosterae",5,0.25
"202412190859-168","Flatback Mud Crab","Eurypanopeus depressus",1,0.19
"202412190859-168","Fringed Filefish","Monacanthus ciliatus",6,30.4
"202412190859-168","Grass Squid","Pickfordiateuthis pulchella",1,0.15
"202412190859-168","Lane Snapper","Lutjanus synagris",3,14.77
"202412190859-168","Mojarra Spp","Eucinostomus spp",21,44.93
"202412190859-168","Pinfish","Lagodon rhomboides",1,13.17
"202412190859-168","Rainwater Killifish","Lucania parva",4,1.17
"202412190859-168","Sea Star Spp","Asteroidea spp",6,0.23
"202412190859-168","Silver Perch","Bairdiella chrysoura",6,1.65
"202412190859-168","White Grunt","Haemulon plumierii",2,19.43
"202412191011-146","Rainwater Killifish","Lucania parva",5,0.73
"202412191011-146","Scrawled Cowfish","Acanthostracion quadricornis",1,1.25
"202412191041-123","Dwarf Seahorse","Hippocampus zosterae",7,0.38
"202412191041-123","Marbled Blenny","Paraclinus marmoratus",1,1.92
"202412191041-123","Mojarra Spp","Eucinostomus spp",25,21.76
"202412191041-123","Rainwater Killifish","Lucania parva",25,5.74
"202412191406-022","Florida Grassflat Crab","Neopanope packardii",1,0.09
"202412191406-022","Lane Snapper","Lutjanus synagris",1,9.35
"202412191406-022","Mojarra Spp","Eucinostomus spp",5,25.98
"202412191406-022","Scrawled Cowfish","Acanthostracion quadricornis",1,10.67
"202412191406-022","White Grunt","Haemulon plumierii",2,10.87
"202412191522-070","Blue Crab","Callinectes sapidus",2,3.28
"202412191522-070","Brittle Star Spp","Ophiuroidea spp",3,0.66
"202412191522-070","Code Goby","Gobiosoma robustum",1,0.07
"202412191522-070","False Arrow Crab","Metoporhaphis calcarata",3,0.66
"202412191522-070","Flatback Mud Crab","Eurypanopeus depressus",11,2.83
"202412191522-070","Florida Grassflat Crab","Neopanope packardii",3,1.27
"202412191522-070","Inshore Lizardfish","Synodus foetens",2,0.83
"202412191522-070","Lane Snapper","Lutjanus synagris",2,4.69
"202412191522-070","Mojarra Spp","Eucinostomus spp",5,12.77
"202412191522-070","Pinfish","Lagodon rhomboides",2,12.35
"202412191522-070","Pink Purse Crab","Persephona crinita",1,0.13
"202412191522-070","Planehead Filefish","Stephanolepis hispidus",1,0.26
"202412191522-070","Speck-Claw Decorator Crab","Microphrys bicornutus",3,2.93
"202412200846-241","Code Goby","Gobiosoma robustum",1,0.25
"202412200846-241","Dwarf Seahorse","Hippocampus zosterae",7,0.47
"202412200846-241","Mojarra Spp","Eucinostomus spp",25,31.06
"202412200846-241","Rainwater Killifish","Lucania parva",3,1.09
"202412201029-270","Mojarra Spp","Eucinostomus spp",2,6.59
"202412201408-314","Clown Goby","Microgobius gulosus",1,0.04
"202412201521-402","Banded Blenny","Paraclinus fasciatus",1,0.83
"202412201521-402","Dwarf Seahorse","Hippocampus zosterae",6,0.3
"202412201521-402","Goldspotted Killifish","Floridichthys carpio",1,0.4
"202412201521-402","Mojarra Spp","Eucinostomus spp",6,6.88
"202412201521-402","Rainwater Killifish","Lucania parva",3,0.77
"202412201647-618","Bay Anchovy","Anchoa mitchilli",2,0.12
"202412201647-618","Mojarra Spp","Eucinostomus spp",1,0.83
"202412201720-301","Florida Grassflat Crab","Neopanope packardii",1,0.31
"202412201720-301","Lined Sole","Achirus lineatus",1,0.71
"202412201720-301","Mojarra Spp","Eucinostomus spp",2,7.46
"202412201754-266","Code Goby","Gobiosoma robustum",1,0.24
"202412201754-266","Dwarf Seahorse","Hippocampus zosterae",1,0.07
"202412201754-266","Mojarra Spp","Eucinostomus spp",12,14.94
"202412201754-266","Sea Star Spp","Asteroidea spp",2,0.75
"202412201754-266","Silver Perch","Bairdiella chrysoura",1,0.32
"202505231413-266","Code Goby","Gobiosoma robustum",1,0.03
"202505231413-266","Dwarf Seahorse","Hippocampus zosterae",5,0.2
"202505231413-266","Gulf Pipefish","Syngnathus scovelli",2,0.45
"202505231413-266","Gulf Toadfish","Opsanus beta",1,0.24
"202505231413-266","Mojarra Spp","Eucinostomus spp",5,9.03
"202505231413-266","Rainwater Killifish","Lucania parva",6,0.42
"202505231413-266","Spotted Dragonet","Diplogrammus pauciradiatus",1,0.21
"202505231504-070","Code Goby","Gobiosoma robustum",3,1.38
"202505231504-070","Dwarf Seahorse","Hippocampus zosterae",1,0.02
"202505231504-070","Florida Blenny","Chasmodes saburrae",1,1.19
"202505231504-070","Grunt Spp","Haemulon spp",3,0.83
"202505231504-070","Inshore Lizardfish","Synodus foetens",1,3.57
"202505231504-070","Mojarra Spp","Eucinostomus spp",36,17.933
"202505231504-070","Pigfish","Orthopristis chrysoptera",7,19.68
"202505231504-070","Pinfish","Lagodon rhomboides",54,114.346
"202505231504-070","Rainwater Killifish","Lucania parva",4,0.97
"202505231504-070","Sheepshead","Archosargus probatocephalus",1,2.07
"202505231504-070","Silver Perch","Bairdiella chrysoura",14,19.39
"202505231504-070","Striped Burrfish","Chilomycterus schoepfi",1,6.81
"202505231504-070","Dusky Pipefish","Syngnathus floridae",2,0.6
"202505231504-070","Gulf Pipefish","Syngnathus scovelli",17,6.66
"202505231504-070","Pipefish Spp","Syngnathidae spp",1,0
"202505231504-070","Sargassum Pipefish","Syngnathus pelagicus",1,0.29
"202505240915-168","Dusky Pipefish","Syngnathus floridae",1,0.34
"202505240915-168","Dwarf Seahorse","Hippocampus zosterae",2,0.18
"202505240915-168","Gulf Pipefish","Syngnathus scovelli",4,0.88
"202505240915-168","Inshore Lizardfish","Synodus foetens",1,2.02
"202505240915-168","Mojarra Spp","Eucinostomus spp",25,8.3
"202505240915-168","Pigfish","Orthopristis chrysoptera",11,45.03
"202505240915-168","Pinfish","Lagodon rhomboides",23,58.38
"202505240915-168","Rainwater Killifish","Lucania parva",86,16.828
"202505240915-168","Sheepshead","Archosargus probatocephalus",1,1.42
"202505240915-168","Silver Perch","Bairdiella chrysoura",15,14.6
"202505241014-146","Fringed Pipefish","Anarchopterus criniger",1,0.11
"202505241014-146","Gulf Pipefish","Syngnathus scovelli",2,0.24
"202505241015-146","Pinfish","Lagodon rhomboides",2,11.28
"202505241015-146","Rainwater Killifish","Lucania parva",17,3.28
"202505241015-146","Silver Perch","Bairdiella chrysoura",2,1.05
"202505241107-123","Florida Blenny","Chasmodes saburrae",1,0.18
"202505241107-123","Gulf Toadfish","Opsanus beta",1,0.25
"202505241107-123","Marbled Blenny","Paraclinus marmoratus",1,1
"202505241107-123","Mojarra Spp","Eucinostomus spp",1,0.21
"202505241107-123","Rainwater Killifish","Lucania parva",23,2.04
"202505241107-123","Silver Perch","Bairdiella chrysoura",5,6.63
"202505241107-123","White Grunt","Haemulon plumierii",2,13.39
"202505241322-022","Atlantic Needlefish","Strongylura marina",1,0.17
"202505241322-022","Silver Perch","Bairdiella chrysoura",1,0.41
"202505250855-314","Dwarf Seahorse","Hippocampus zosterae",4,0.16
"202505250855-314","Rainwater Killifish","Lucania parva",2,0.22
"202505250947-618","Brotula Spp","Brotula spp",2,0.1
"202505250947-618","Code Goby","Gobiosoma robustum",1,0.49
"202505250947-618","Dusky Pipefish","Syngnathus floridae",2,0.42
"202505250947-618","Dwarf Seahorse","Hippocampus zosterae",3,0.08
"202505250947-618","Goldspotted Killifish","Floridichthys carpio",1,0.7
"202505250947-618","Gulf Toadfish","Opsanus beta",2,0.16
"202505250947-618","Mojarra Spp","Eucinostomus spp",3,13.45
"202505250947-618","Rainwater Killifish","Lucania parva",2,0.62
"202505251027-402","Atlantic Needlefish","Strongylura marina",1,0.03
"202505251027-402","Clown Goby","Microgobius gulosus",2,0.35
"202505251027-402","Dusky Pipefish","Syngnathus floridae",1,0.18
"202505251027-402","Dwarf Seahorse","Hippocampus zosterae",1,0.03
"202505251027-402","Fringed Pipefish","Anarchopterus criniger",1,0.01
"202505251027-402","Goldspotted Killifish","Floridichthys carpio",15,3.88
"202505251027-402","Gulf Pipefish","Syngnathus scovelli",1,0.35
"202505251027-402","Rainwater Killifish","Lucania parva",1,0.14
"202505251027-402","Spotted Dragonet","Diplogrammus pauciradiatus",1,0.28
"202505251502-270","Dusky Pipefish","Syngnathus floridae",1,0.73
"202505251502-270","Dwarf Seahorse","Hippocampus zosterae",4,0.4
"202505251502-270","Gulf Toadfish","Opsanus beta",1,1.63
"202505251502-270","Mojarra Spp","Eucinostomus spp",26,75.615
"202505260949-301","Dwarf Seahorse","Hippocampus zosterae",4,0.18
"202505260949-301","Florida Grassflat Crab","Neopanope packardii",1,1.88
"202505260949-301","Fringed Pipefish","Anarchopterus criniger",1,0.24
"202505260949-301","Gulf Pipefish","Syngnathus scovelli",1,0.37
"202505260949-301","Halfbeak Spp","Beloniformes spp",1,0.01
"202505260949-301","Mojarra Spp","Eucinostomus spp",2,5.04
"202505260949-301","Silver Perch","Bairdiella chrysoura",1,2.59
"202505261232-241","Dwarf Seahorse","Hippocampus zosterae",4,0.26
"202505261232-241","Gulf Pipefish","Syngnathus scovelli",3,0.91
"202505261232-241","Pipefish Spp","Syngnathidae spp",1,0
"202505261232-241","Rainwater Killifish","Lucania parva",16,3.47
"202506161417-301","Clown Goby","Microgobius gulosus",1,0
"202506161417-301","Code Goby","Gobiosoma robustum",1,0.13
"202506161417-301","Dwarf Seahorse","Hippocampus zosterae",1,0.09
"202506161417-301","Florida Grassflat Crab","Neopanope packardii",1,0.35
"202506161417-301","Fringed Pipefish","Anarchopterus criniger",1,0.06
"202506161417-301","Gulf Pipefish","Syngnathus scovelli",3,0.73
"202506161417-301","Sargassum Pipefish","Syngnathus pelagicus",1,0.26
"202506171254-402","Atlantic Needlefish","Strongylura marina",2,0.06
"202506171254-402","Clown Goby","Microgobius gulosus",2,0.21
"202506171254-402","Dwarf Seahorse","Hippocampus zosterae",19,0.95
"202506171254-402","Florida Grassflat Crab","Neopanope packardii",1,0.69
"202506171254-402","Fringed Pipefish","Anarchopterus criniger",3,0.45
"202506171254-402","Goldspotted Killifish","Floridichthys carpio",37,9.988
"202506171254-402","Gulf Pipefish","Syngnathus scovelli",7,3.01
"202506171254-402","Mojarra Spp","Eucinostomus spp",1,0.94
"202506171254-402","Rainwater Killifish","Lucania parva",1,0.16
"202506171254-402","Spotted Dragonet","Diplogrammus pauciradiatus",1,0.3
"202506171343-618","Clown Goby","Microgobius gulosus",2,0.31
"202506171343-618","Dwarf Seahorse","Hippocampus zosterae",18,0.65
"202506171343-618","Florida Grassflat Crab","Neopanope packardii",1,1.11
"202506171343-618","Fringed Pipefish","Anarchopterus criniger",2,0.05
"202506171343-618","Gulf Toadfish","Opsanus beta",4,0.72
"202506171343-618","Mojarra Spp","Eucinostomus spp",2,6.58
"202506171343-618","Needlefish Spp","Belonidae spp",1,0.01
"202506171343-618","Rainwater Killifish","Lucania parva",1,0.06
"202506180821-070","Dwarf Seahorse","Hippocampus zosterae",3,0.07
"202506180821-070","Fringed Filefish","Monacanthus ciliatus",6,2.84
"202506180821-070","Grunt Spp","Haemulon spp",3,1
"202506180821-070","Mojarra Spp","Eucinostomus spp",65,83.353
"202506180821-070","Pigfish","Orthopristis chrysoptera",11,42.32
"202506180821-070","Silver Perch","Bairdiella chrysoura",12,2.13
"202506180821-070","Dusky Pipefish","Syngnathus floridae",2,0.38
"202506180821-070","Gulf Pipefish","Syngnathus scovelli",3,0.35
"202506180821-070","Sargassum Pipefish","Syngnathus pelagicus",2,0.27
"202506181008-168","Code Goby","Gobiosoma robustum",4,1.47
"202506181008-168","Dwarf Seahorse","Hippocampus zosterae",6,0.21
"202506181008-168","Fringed Filefish","Monacanthus ciliatus",2,0.95
"202506181008-168","Fringed Pipefish","Anarchopterus criniger",2,0.1
"202506181008-168","Gulf Pipefish","Syngnathus scovelli",3,0.25
"202506181008-168","Gulf Toadfish","Opsanus beta",1,0.2
"202506181008-168","Inshore Lizardfish","Synodus foetens",1,2.74
"202506181008-168","Mojarra Spp","Eucinostomus spp",12,4.32
"202506181008-168","Pigfish","Orthopristis chrysoptera",2,11.89
"202506181008-168","Pinfish","Lagodon rhomboides",3,13.37
"202506181008-168","Rainwater Killifish","Lucania parva",54,5.436
"202506181008-168","Sheepshead","Archosargus probatocephalus",2,3.61
"202506181008-168","Silver Perch","Bairdiella chrysoura",17,41.66
"202506181132-146","Bluestriped Grunt","Haemulon sciurus",1,6.13
"202506181132-146","Dwarf Seahorse","Hippocampus zosterae",8,0.54
"202506181132-146","Gulf Pipefish","Syngnathus scovelli",7,0.65
"202506181132-146","Mojarra Spp","Eucinostomus spp",1,0.06
"202506181132-146","Pigfish","Orthopristis chrysoptera",2,9.2
"202506181132-146","Pinfish","Lagodon rhomboides",5,24.6
"202506181132-146","Rainwater Killifish","Lucania parva",149,20.805
"202506181132-146","Silver Perch","Bairdiella chrysoura",15,44.41
"202506181132-146","Speck-Claw Decorator Crab","Microphrys bicornutus",1,0.06
"202506181132-146","White Grunt","Haemulon plumierii",1,9.07
"202506181250-123","Mojarra Spp","Eucinostomus spp",4,0.23
"202506181250-123","Pinfish","Lagodon rhomboides",2,7.97
"202506181250-123","Rainwater Killifish","Lucania parva",35,3.674
"202506181250-123","Silver Perch","Bairdiella chrysoura",5,13.27
"202506181250-123","Gulf Pipefish","Syngnathus scovelli",5,0.902
"202506181250-123","Fringed Pipefish","Anarchopterus criniger",1,0.007
"202506181436-022","Fringed Filefish","Monacanthus ciliatus",8,2.74
"202506181436-022","Grunt Spp","Haemulon spp",8,1.76
"202506181436-022","Mojarra Spp","Eucinostomus spp",10,7.64
"202506181436-022","Pigfish","Orthopristis chrysoptera",2,4.71
"202506190908-241","Dwarf Seahorse","Hippocampus zosterae",5,0.37
"202506190908-241","Fringed Pipefish","Anarchopterus criniger",2,0.37
"202506190908-241","Gulf Pipefish","Syngnathus scovelli",13,3.31
"202506190908-241","Mojarra Spp","Eucinostomus spp",13,17.41
"202506190908-241","Rainwater Killifish","Lucania parva",56,8.565
"202506190908-241","Silver Perch","Bairdiella chrysoura",1,7.5
"202506191051-270","Dwarf Seahorse","Hippocampus zosterae",11,0.92
"202506191051-270","Mojarra Spp","Eucinostomus spp",25,37.9
"202506191051-270","Spotted Dragonet","Diplogrammus pauciradiatus",1,0.21
"202506191316-266","Dwarf Seahorse","Hippocampus zosterae",6,0.33
"202506191316-266","Gulf Pipefish","Syngnathus scovelli",2,0.67
"202506191316-266","Mojarra Spp","Eucinostomus spp",24,27.54
"202506191316-266","Rainwater Killifish","Lucania parva",6,0.79
"202506191316-266","Spotted Dragonet","Diplogrammus pauciradiatus",1,0.16
"202507071440-301","Dwarf Seahorse","Hippocampus zosterae",2,0.1
"202507071440-301","Florida Grassflat Crab","Neopanope packardii",2,1.18
"202507071440-301","Gulf Pipefish","Syngnathus scovelli",2,0.4
"202507071440-301","Mojarra Spp","Eucinostomus spp",8,8.38
"202507071440-301","Rainwater Killifish","Lucania parva",1,0.05
"202507071440-301","Sargassum Pipefish","Syngnathus pelagicus",1,0.1
"202507080944-314","Dwarf Seahorse","Hippocampus zosterae",5,0.27
"202507080944-314","Mojarra Spp","Eucinostomus spp",1,0.28
"202507080944-314","Rainwater Killifish","Lucania parva",2,0.05
"202507080944-314","Spotted Dragonet","Diplogrammus pauciradiatus",2,0.29
"202507081106-618","Dwarf Seahorse","Hippocampus zosterae",5,0.27
"202507081106-618","Fringed Pipefish","Anarchopterus criniger",1,0.03
"202507081106-618","Mojarra Spp","Eucinostomus spp",2,2.43
"202507081106-618","Banded Blenny","Paraclinus fasciatus",1,0.7
"202507081106-618","Great Barracuda","Sphyraena barracuda",1,1.26
"202507081158-402","Atlantic Needlefish","Strongylura marina",1,0.07
"202507081158-402","Dwarf Seahorse","Hippocampus zosterae",8,0.37
"202507081158-402","Gulf Pipefish","Syngnathus scovelli",1,0.31
"202507081158-402","Mojarra Spp","Eucinostomus spp",27,5.24
"202507081158-402","Rainwater Killifish","Lucania parva",1,0
"202507090939-266","Code Goby","Gobiosoma robustum",3,0.61
"202507090939-266","Dwarf Seahorse","Hippocampus zosterae",10,0.5
"202507090939-266","Florida Blenny","Chasmodes saburrae",1,0.48
"202507090939-266","Fringed Pipefish","Anarchopterus criniger",2,0.09
"202507090939-266","Gulf Pipefish","Syngnathus scovelli",6,1.33
"202507090939-266","Mojarra Spp","Eucinostomus spp",66,88.632
"202507090939-266","Pinfish","Lagodon rhomboides",1,9.92
"202507090939-266","Rainwater Killifish","Lucania parva",35,4.208
"202507091118-241","Dwarf Seahorse","Hippocampus zosterae",8,0.27
"202507091118-241","Gulf Pipefish","Syngnathus scovelli",1,0.3
"202507091118-241","Mojarra Spp","Eucinostomus spp",79,49.041
"202507091118-241","Rainwater Killifish","Lucania parva",22,3.95
"202507091159-270","Dusky Pipefish","Syngnathus floridae",1,0.67
"202507091159-270","Dwarf Seahorse","Hippocampus zosterae",45,4.296
"202507091159-270","Mojarra Spp","Eucinostomus spp",50,59.223
"202507091159-270","Rainwater Killifish","Lucania parva",4,0.5
"202507091159-270","Spotted Dragonet","Diplogrammus pauciradiatus",2,0.44
"202507100918-070","Dwarf Seahorse","Hippocampus zosterae",2,0.14
"202507100918-070","Florida Grassflat Crab","Neopanope packardii",1,0.06
"202507100918-070","Gulf Toadfish","Opsanus beta",1,0.13
"202507100918-070","Longnose Spider Crab","Libinia dubia",1,0.06
"202507100918-070","Porcelain Crab Spp","Petrolisthes spp",8,1.9
"202507100918-070","Gulf Stone Crab","Menippe adina",1,2.41
"202507101108-168","Code Goby","Gobiosoma robustum",5,1.18
"202507101108-168","Dusky Pipefish","Syngnathus floridae",1,0.58
"202507101108-168","Dwarf Seahorse","Hippocampus zosterae",15,0.74
"202507101108-168","Florida Grassflat Crab","Neopanope packardii",4,1.73
"202507101108-168","Fringed Filefish","Monacanthus ciliatus",11,21.16
"202507101108-168","Fringed Pipefish","Anarchopterus criniger",12,0.81
"202507101108-168","Gray Pitho Crab","Pitho mirabilis",1,6.83
"202507101108-168","Grunt Spp","Haemulon spp",18,16.96
"202507101108-168","Gulf Pipefish","Syngnathus scovelli",6,1.72
"202507101108-168","Gulf Toadfish","Opsanus beta",3,0.53
"202507101108-168","Mojarra Spp","Eucinostomus spp",27,18.488
"202507101108-168","Pigfish","Orthopristis chrysoptera",2,17.93
"202507101108-168","Pinfish","Lagodon rhomboides",1,8.12
"202507101108-168","Rainwater Killifish","Lucania parva",77,8.871
"202507101108-168","Silver Perch","Bairdiella chrysoura",14,53.36
"202507101209-146","Dwarf Seahorse","Hippocampus zosterae",8,0.36
"202507101209-146","Goldspotted Killifish","Floridichthys carpio",2,0.42
"202507101209-146","Gulf Pipefish","Syngnathus scovelli",6,1.2
"202507101209-146","Mojarra Spp","Eucinostomus spp",22,7.69
"202507101209-146","Pinfish","Lagodon rhomboides",2,25.01
"202507101209-146","Rainwater Killifish","Lucania parva",447,45.277
"202507101209-146","Silver Perch","Bairdiella chrysoura",8,37.8
"202507101354-123","Dusky Pipefish","Syngnathus floridae",1,0.45
"202507101354-123","Dwarf Seahorse","Hippocampus zosterae",6,0.31
"202507101354-123","Fringed Filefish","Monacanthus ciliatus",2,1.17
"202507101354-123","Fringed Pipefish","Anarchopterus criniger",1,0.02
"202507101354-123","Great Barracuda","Sphyraena barracuda",1,0.22
"202507101354-123","Gulf Pipefish","Syngnathus scovelli",4,1.13
"202507101354-123","Marbled Blenny","Paraclinus marmoratus",3,1.23
"202507101354-123","Mojarra Spp","Eucinostomus spp",11,1.93
"202507101354-123","Pinfish","Lagodon rhomboides",1,7.54
"202507101354-123","Rainwater Killifish","Lucania parva",108,10.234
"202507101354-123","Silver Perch","Bairdiella chrysoura",8,55.91
"202507101544-022","False Arrow Crab","Metoporhaphis calcarata",1,0.3
"202507101544-022","Florida Grassflat Crab","Neopanope packardii",2,0.46
"202507101544-022","Grass Porgy","Calamus arctifrons",1,1.4
"202507101544-022","Gray Pitho Crab","Pitho mirabilis",1,5.24
"202507101544-022","Grunt Spp","Haemulon spp",11,7.95
"202507101544-022","Mojarra Spp","Eucinostomus spp",10,2.47
"202507101544-022","Rainwater Killifish","Lucania parva",1,0.1
"202507101544-022","Fringed Pipefish","Anarchopterus criniger",1,0.01
"202508011522-266","Brittle Star Spp","Ophiuroidea spp",1,0.437
"202508011522-266","Dwarf Seahorse","Hippocampus zosterae",7,0.421
"202508011522-266","Gulf Pipefish","Syngnathus scovelli",1,0.045
"202508011522-266","Mojarra Spp","Eucinostomus spp",1,1.351
"202508011522-266","Rainwater Killifish","Lucania parva",3,0.456
"202508020923-314","Dwarf Seahorse","Hippocampus zosterae",2,0.064
"202508020923-314","Goldspotted Killifish","Floridichthys carpio",1,0.079
"202508020923-314","Mojarra Spp","Eucinostomus spp",30,79.777
"202508020923-314","Spotted Dragonet","Diplogrammus pauciradiatus",1,0.116
"202508021039-618","Clown Goby","Microgobius gulosus",1,0.022
"202508021039-618","Dusky Pipefish","Syngnathus floridae",1,0.374
"202508021039-618","Dwarf Seahorse","Hippocampus zosterae",6,0.241
"202508021039-618","Fringed Pipefish","Anarchopterus criniger",2,0.075
"202508021039-618","Goldspotted Killifish","Floridichthys carpio",2,0.549
"202508021039-618","Mojarra Spp","Eucinostomus spp",20,43.89
"202508021129-402","Atlantic Needlefish","Strongylura marina",1,0.18
"202508021129-402","Dwarf Seahorse","Hippocampus zosterae",7,0.253
"202508021129-402","Fringed Pipefish","Anarchopterus criniger",1,0.061
"202508021129-402","Goldspotted Killifish","Floridichthys carpio",13,2.048
"202508021129-402","Gulf Pipefish","Syngnathus scovelli",1,0.355
"202508021129-402","Mojarra Spp","Eucinostomus spp",9,6.065
"202508021129-402","Nudibranch Spp","Nudibranchia spp",1,0.05
"202508021459-301","Clown Goby","Microgobius gulosus",1,0.349
"202508021459-301","Dwarf Seahorse","Hippocampus zosterae",4,0.243
"202508021459-301","Florida Grassflat Crab","Neopanope packardii",1,0.045
"202508021459-301","Mojarra Spp","Eucinostomus spp",74,112.048
"202508021459-301","Spotted Dragonet","Diplogrammus pauciradiatus",1,0.083
"202508030955-070","False Arrow Crab","Metoporhaphis calcarata",1,0.935
"202508030955-070","Fringed Pipefish","Anarchopterus criniger",1,0.052
"202508030955-070","Mojarra Spp","Eucinostomus spp",7,7.814
"202508031141-168","Dusky Pipefish","Syngnathus floridae",1,0.312
"202508031141-168","Dwarf Seahorse","Hippocampus zosterae",13,0.556
"202508031141-168","Fringed Filefish","Monacanthus ciliatus",15,11.742
"202508031141-168","Fringed Pipefish","Anarchopterus criniger",1,0.051
"202508031141-168","Grunt Spp","Haemulon spp",11,14.849
"202508031141-168","Gulf Pipefish","Syngnathus scovelli",7,0.734
"202508031141-168","Gulf Toadfish","Opsanus beta",1,14.537
"202508031141-168","Lane Snapper","Lutjanus synagris",5,14.691
"202508031141-168","Mojarra Spp","Eucinostomus spp",108,30.895
"202508031141-168","Pigfish","Orthopristis chrysoptera",1,6.329
"202508031141-168","Pinfish","Lagodon rhomboides",1,9.895
"202508031141-168","Pipefish Spp","Syngnathidae spp",1,0.085
"202508031141-168","Rainwater Killifish","Lucania parva",196,25.065
"202508031141-168","Sargassum Pipefish","Syngnathus pelagicus",1,0.247
"202508031141-168","Silver Perch","Bairdiella chrysoura",4,13.658
"202508031141-168","Spotted Seatrout","Cynoscion nebulosus",3,0.868
"202508031441-146","Dusky Pipefish","Syngnathus floridae",1,0.278
"202508031441-146","Dwarf Seahorse","Hippocampus zosterae",7,0.235
"202508031441-146","Great Barracuda","Sphyraena barracuda",1,1.215
"202508031441-146","Gulf Pipefish","Syngnathus scovelli",8,0.964
"202508031441-146","Mojarra Spp","Eucinostomus spp",41,4.556
"202508031441-146","Pinfish","Lagodon rhomboides",2,14.644
"202508031441-146","Rainwater Killifish","Lucania parva",992,101.86
"202508031441-146","Sea Star Spp","Asteroidea spp",1,0.041
"202508031441-146","Silver Perch","Bairdiella chrysoura",4,23.951
"202508031511-123","Dwarf Seahorse","Hippocampus zosterae",8,0.309
"202508031511-123","Fringed Filefish","Monacanthus ciliatus",1,2.416
"202508031511-123","Fringed Pipefish","Anarchopterus criniger",1,0.034
"202508031511-123","Mojarra Spp","Eucinostomus spp",8,3.868
"202508031511-123","Rainwater Killifish","Lucania parva",256,35.592
"202508031511-123","Silver Perch","Bairdiella chrysoura",5,38.648
"202508031511-123","White Grunt","Haemulon plumierii",4,23.507
"202508031711-022","Dusky Pipefish","Syngnathus floridae",1,0.147
"202508031711-022","Florida Grassflat Crab","Neopanope packardii",1,0.323
"202508031711-022","Fringed Filefish","Monacanthus ciliatus",1,0.96
"202508031711-022","Grass Porgy","Calamus arctifrons",3,18.539
"202508031711-022","Gray Pitho Crab","Pitho mirabilis",1,3.024
"202508031711-022","Grunt Spp","Haemulon spp",25,15.142
"202508031711-022","Gulf Pipefish","Syngnathus scovelli",1,0.026
"202508031711-022","Mithrax spp","Mithracidae spp",1,0.287
"202508031711-022","Mojarra Spp","Eucinostomus spp",93,198.52
"202508031711-022","Rainwater Killifish","Lucania parva",5,0.402
"202508040917-241","Dwarf Seahorse","Hippocampus zosterae",42,1.769
"202508040917-241","Gulf Pipefish","Syngnathus scovelli",4,0.779
"202508040917-241","Mojarra Spp","Eucinostomus spp",11,11.82
"202508040917-241","Rainwater Killifish","Lucania parva",368,56.831
"202508041354-270","Code Goby","Gobiosoma robustum",3,0.501
"202508041354-270","Dwarf Seahorse","Hippocampus zosterae",6,0.299
"202508041354-270","Florida Grassflat Crab","Neopanope packardii",1,0.403
"202508041354-270","Green Goby","Microgobius thalassinus",1,0.315
"202508041354-270","Gulf Pipefish","Syngnathus scovelli",1,0.199
"202508041354-270","Mojarra Spp","Eucinostomus spp",65,96.707
"202508041354-270","Spotted Dragonet","Diplogrammus pauciradiatus",8,1.646
"202509080850-314","Clown Goby","Microgobius gulosus",2,0.262
"202509080850-314","Dwarf Seahorse","Hippocampus zosterae",3,0.279
"202509080850-314","Goldspotted Killifish","Floridichthys carpio",1,0.252
"202509080850-314","Mojarra Spp","Eucinostomus spp",41,26.122
"202509081047-618","Code Goby","Gobiosoma robustum",1,0.016
"202509081047-618","Dwarf Seahorse","Hippocampus zosterae",9,0.336
"202509081047-618","Florida Grassflat Crab","Neopanope packardii",1,0.163
"202509081047-618","Fringed Pipefish","Anarchopterus criniger",3,0.299
"202509081047-618","Goldspotted Killifish","Floridichthys carpio",2,0.685
"202509081047-618","Mojarra Spp","Eucinostomus spp",8,11.25
"202509081047-618","Rainwater Killifish","Lucania parva",2,0.173
"202509081127-402","Clown Goby","Microgobius gulosus",2,0.535
"202509081127-402","Dwarf Seahorse","Hippocampus zosterae",5,0.356
"202509081127-402","Goldspotted Killifish","Floridichthys carpio",4,0.739
"202509081127-402","Mojarra Spp","Eucinostomus spp",141,127.08
"202509081416-301","Mojarra Spp","Eucinostomus spp",3,1.545
"202509090902-241","Code Goby","Gobiosoma robustum",1,0.174
"202509090902-241","Dwarf Seahorse","Hippocampus zosterae",13,0.564
"202509090902-241","Fringed Pipefish","Anarchopterus criniger",1,0.153
"202509090902-241","Goldspotted Killifish","Floridichthys carpio",2,0.349
"202509090902-241","Gulf Pipefish","Syngnathus scovelli",5,1.286
"202509090902-241","Mojarra Spp","Eucinostomus spp",459,285.38
"202509090902-241","Rainwater Killifish","Lucania parva",249,36.131
"202509090902-241","Sea Star Spp","Asteroidea spp",1,0.138
"202509091052-270","Banded Blenny","Paraclinus fasciatus",1,0.588
"202509091052-270","Dwarf Seahorse","Hippocampus zosterae",17,1.444
"202509091052-270","Florida Grassflat Crab","Neopanope packardii",3,3.465
"202509091052-270","Fringed Pipefish","Anarchopterus criniger",1,0.072
"202509091052-270","Mojarra Spp","Eucinostomus spp",53,68.02
"202509091052-270","Rainwater Killifish","Lucania parva",6,1.017
"202509091431-266","Dwarf Seahorse","Hippocampus zosterae",1,0.019
"202509091431-266","Gulf Pipefish","Syngnathus scovelli",5,1.032
"202509091431-266","Mojarra Spp","Eucinostomus spp",46,53.11
"202509091431-266","Rainwater Killifish","Lucania parva",258,27.891
"202509091431-266","Unknown","Unknown",1,0.002
"202509100748-070","Code Goby","Gobiosoma robustum",1,0.303
"202509100748-070","Fringed Filefish","Monacanthus ciliatus",8,14.285
"202509100748-070","Fringed Pipefish","Anarchopterus criniger",2,0.183
"202509100748-070","Gulf Pipefish","Syngnathus scovelli",5,0.676
"202509100748-070","Lane Snapper","Lutjanus synagris",1,0.974
"202509100748-070","Mojarra Spp","Eucinostomus spp",109,103.09
"202509100748-070","Pigfish","Orthopristis chrysoptera",2,12.867
"202509100748-070","Rainwater Killifish","Lucania parva",3,0.289
"202509100748-070","Sheepshead","Archosargus probatocephalus",1,8.982
"202509100748-070","Silver Perch","Bairdiella chrysoura",4,24.572
"202509100748-070","White Grunt","Haemulon plumierii",8,24.04
"202509101023-022","Fringed Pipefish","Anarchopterus criniger",2,0.201
"202509101023-022","Gulf Pipefish","Syngnathus scovelli",1,0.314
"202509101023-022","Gulf Toadfish","Opsanus beta",1,1.127
"202509101023-022","Mojarra Spp","Eucinostomus spp",5,10.522
"202509101023-022","Rainwater Killifish","Lucania parva",2,0.089
"202509101126-123","Dusky Pipefish","Syngnathus floridae",1,0.086
"202509101126-123","Dwarf Seahorse","Hippocampus zosterae",4,0.143
"202509101126-123","Gulf Pipefish","Syngnathus scovelli",1,0.24
"202509101126-123","Mojarra Spp","Eucinostomus spp",23,12.407
"202509101126-123","Rainwater Killifish","Lucania parva",115,12.78
"202509101204-146","Bluestriped Grunt","Haemulon sciurus",1,4.867
"202509101204-146","Dwarf Seahorse","Hippocampus zosterae",4,0.098
"202509101204-146","Gulf Pipefish","Syngnathus scovelli",2,0.183
"202509101204-146","Mojarra Spp","Eucinostomus spp",16,11.291
"202509101204-146","Rainwater Killifish","Lucania parva",287,40.13
"202509101204-146","Sheepshead","Archosargus probatocephalus",1,11.599
"202509101204-146","Silver Perch","Bairdiella chrysoura",2,13.424
"202509101541-168","Dusky Pipefish","Syngnathus floridae",1,0.813
"202509101541-168","Dwarf Seahorse","Hippocampus zosterae",5,0.332
"202509101541-168","Fringed Filefish","Monacanthus ciliatus",2,10.426
"202509101541-168","Gulf Pipefish","Syngnathus scovelli",4,1.134
"202509101541-168","Mojarra Spp","Eucinostomus spp",10,21.123
"202509101541-168","Rainwater Killifish","Lucania parva",321,49.17
"202509101541-168","Sea Star Spp","Asteroidea spp",1,0.036
"202511151053-266","Clown Goby","Microgobius gulosus",2,0.159
"202511151053-266","Code Goby","Gobiosoma robustum",3,0.645
"202511151053-266","Dwarf Seahorse","Hippocampus zosterae",7,0.37
"202511151053-266","Gulf Pipefish","Syngnathus scovelli",4,0.538
"202511151053-266","Mojarra Spp","Eucinostomus spp",87,134.06
"202511151053-266","Rainwater Killifish","Lucania parva",15,3.712
"202511151207-241","Chain Pipefish","Syngnathus louisianae",1,0.247
"202511151207-241","Clown Goby","Microgobius gulosus",5,0.725
"202511151207-241","Code Goby","Gobiosoma robustum",1,0.176
"202511151207-241","Dwarf Seahorse","Hippocampus zosterae",3,0.203
"202511151207-241","Fringed Pipefish","Anarchopterus criniger",1,0.081
"202511151207-241","Gulf Pipefish","Syngnathus scovelli",15,2.931
"202511151207-241","Mojarra Spp","Eucinostomus spp",13,32.464
"202511151207-241","Rainwater Killifish","Lucania parva",272,52.28
"202511151440-070","Code Goby","Gobiosoma robustum",1,0.222
"202511151440-070","Dusky Pipefish","Syngnathus floridae",1,0.412
"202511151440-070","Florida Blenny","Chasmodes saburrae",1,0.277
"202511151440-070","Fringed Filefish","Monacanthus ciliatus",5,12.749
"202511151440-070","Fringed Pipefish","Anarchopterus criniger",2,0.138
"202511151440-070","Gulf Pipefish","Syngnathus scovelli",7,1.451
"202511151440-070","Mojarra Spp","Eucinostomus spp",44,36.68
"202511151440-070","Mud Crab Spp","Panopeidae spp",9,0.535
"202511151440-070","Rainwater Killifish","Lucania parva",7,2.469
"202511151440-070","Silver Perch","Bairdiella chrysoura",3,1.486
"202511151440-070","White Grunt","Haemulon plumierii",2,11.804
"202511161001-168","Dusky Pipefish","Syngnathus floridae",1,0.489
"202511161001-168","Dwarf Seahorse","Hippocampus zosterae",6,0.234
"202511161001-168","Fringed Filefish","Monacanthus ciliatus",2,3.403
"202511161001-168","Mojarra Spp","Eucinostomus spp",58,38.268
"202511161001-168","Rainwater Killifish","Lucania parva",52,13.229
"202511161001-168","White Grunt","Haemulon plumierii",4,1.827
"202511161200-146","Checkered Puffer","Sphoeroides testudineus",1,0.266
"202511161200-146","Dwarf Seahorse","Hippocampus zosterae",1,0.059
"202511161200-146","Fringed Pipefish","Anarchopterus criniger",1,0.175
"202511161200-146","Grunt Spp","Haemulon spp",1,0.097
"202511161200-146","Gulf Pipefish","Syngnathus scovelli",8,1.724
"202511161200-146","Mojarra Spp","Eucinostomus spp",4,2.804
"202511161200-146","Rainwater Killifish","Lucania parva",85,13.733
"202511161351-123","Dwarf Seahorse","Hippocampus zosterae",2,0.055
"202511161351-123","Gulf Pipefish","Syngnathus scovelli",2,0.513
"202511161351-123","Mojarra Spp","Eucinostomus spp",13,19.623
"202511161351-123","Rainwater Killifish","Lucania parva",18,1.779
"202511170822-022","Green Porcelain Crab","Petrolisthes armatus",1,0.048
"202511170822-022","Mud Crab Spp","Panopeidae spp",2,0.052
"202511170822-022","White Grunt","Haemulon plumierii",1,0.797
"202511171231-314","Gulf Pipefish","Syngnathus scovelli",1,0.119
"202511171332-618","Dusky Pipefish","Syngnathus floridae",1,0.061
"202511171332-618","Dwarf Seahorse","Hippocampus zosterae",3,0.098
"202511171332-618","Florida Grassflat Crab","Neopanope packardii",2,1.944
"202511171332-618","Fringed Pipefish","Anarchopterus criniger",6,0.783
"202511171332-618","Green Goby","Microgobius thalassinus",1,0.202
"202511171332-618","Gulf Toadfish","Opsanus beta",1,4.917
"202511171332-618","Mojarra Spp","Eucinostomus spp",5,9.01
"202511171332-618","Rainwater Killifish","Lucania parva",3,0.798
"202511171439-402","Clown Goby","Microgobius gulosus",1,0.326
"202511171439-402","Dwarf Seahorse","Hippocampus zosterae",2,0.236
"202511171439-402","Fringed Pipefish","Anarchopterus criniger",2,0.516
"202511171439-402","Goby Spp","Gobiidae spp",1,0.058
"202511171439-402","Goldspotted Killifish","Floridichthys carpio",2,0.413
"202511171439-402","Mojarra Spp","Eucinostomus spp",44,143.51
"202511171439-402","Rainwater Killifish","Lucania parva",3,0.444
"202511181002-301","Code Goby","Gobiosoma robustum",1,0.161
"202511181002-301","Dwarf Seahorse","Hippocampus zosterae",4,0.198
"202511181002-301","Flatback Mud Crab","Eurypanopeus depressus",1,0.375
"202511181002-301","Fringed Pipefish","Anarchopterus criniger",1,0.242
"202511181002-301","Mojarra Spp","Eucinostomus spp",26,58.948
"202511181002-301","Spotted Dragonet","Diplogrammus pauciradiatus",1,0.316
"202511181155-270","Clown Goby","Microgobius gulosus",1,0.116
"202511181155-270","Dusky Pipefish","Syngnathus floridae",1,0.391
"202511181155-270","Dwarf Seahorse","Hippocampus zosterae",17,2.292
"202511181155-270","Fringed Pipefish","Anarchopterus criniger",1,0.193
"202511181155-270","Mojarra Spp","Eucinostomus spp",22,52.705
"202511181155-270","Mud Crab Spp","Panopeidae spp",1,0.028
"202511181155-270","Sargassum Pipefish","Syngnathus pelagicus",2,0.216
