"keyfield","com_nm","sci_nm","length","tot_count"
"200409211045-324","Spotted Seatrout","Cynoscion nebulosus",43,1
"200409211140-325","Great Barracuda","Sphyraena barracuda",36,2
"200409211140-325","Great Barracuda","Sphyraena barracuda",90,2
"200409211243-408","Great Barracuda","Sphyraena barracuda",149,1
"200409211623-271","Bluestriped Grunt","Haemulon sciurus",92,1
"200409211623-271","Great Barracuda","Sphyraena barracuda",135,1
"200409221105-107","Atlantic Bay Scallop","Argopecten irradians",55,3
"200409221105-107","Atlantic Bay Scallop","Argopecten irradians",56,3
"200409221105-107","Atlantic Bay Scallop","Argopecten irradians",58,3
"200409221234-021","Schoolmaster Snapper","Lutjanus apodus",100,1
"200409221234-021","Yellowtail Snapper","Ocyurus chrysurus",67,1
"200409230942-227","Bluestriped Grunt","Haemulon sciurus",166,1
"200409230942-227","Great Barracuda","Sphyraena barracuda",41,1
"200409231205-239","Great Barracuda","Sphyraena barracuda",87,2
"200409231205-239","Great Barracuda","Sphyraena barracuda",97,2
"200409231311-176","Spotted Seatrout","Cynoscion nebulosus",39,1
"200409231544-280","Spotted Seatrout","Cynoscion nebulosus",70,1
"200409240912-124","Atlantic Bay Scallop","Argopecten irradians",40,5
"200409240912-124","Atlantic Bay Scallop","Argopecten irradians",45,5
"200409240912-124","Atlantic Bay Scallop","Argopecten irradians",48,5
"200409240912-124","Atlantic Bay Scallop","Argopecten irradians",52,5
"200409240912-124","Atlantic Bay Scallop","Argopecten irradians",55,5
"200409240912-124","Barred Hamlet","Hypoplectrus puella",60,1
"200409241130-146","Spotted Seatrout","Cynoscion nebulosus",39,2
"200409241130-146","Spotted Seatrout","Cynoscion nebulosus",39,2
"200409241345-145","Bluestriped Grunt","Haemulon sciurus",70,1
"200410171627-283","Spotted Seatrout","Cynoscion nebulosus",33,1
"200410181240-622","Great Barracuda","Sphyraena barracuda",120,1
"200410181346-621","Spotted Seatrout","Cynoscion nebulosus",56,1
"200410181346-621","Bluestriped Grunt","Haemulon sciurus",113,1
"200410191000-021","Blue Croaker","Corvula batabana",130,2
"200410191000-021","Blue Croaker","Corvula batabana",145,2
"200410191000-021","Gag Grouper","Mycteroperca microlepis",212,1
"200410191000-021","Caribbean Spiny Lobster","Panulirus argus",125,1
"200410191000-021","Barbfish","Scorpaena brasiliensis",155,1
"200410191108-101","Barred Hamlet","Hypoplectrus puella",62,1
"200410191401-023","Bluestriped Grunt","Haemulon sciurus",58,1
"200410191401-023","Hogfish","Lachnolaimus maximus",70,2
"200410191401-023","Hogfish","Lachnolaimus maximus",76,2
"200410191445-024","Atlantic Spadefish","Chaetodipterus faber",55,11
"200410191445-024","Atlantic Spadefish","Chaetodipterus faber",57,11
"200410191445-024","Atlantic Spadefish","Chaetodipterus faber",57,11
"200410191445-024","Atlantic Spadefish","Chaetodipterus faber",60,11
"200410191445-024","Atlantic Spadefish","Chaetodipterus faber",70,11
"200410191445-024","Atlantic Spadefish","Chaetodipterus faber",71,11
"200410191445-024","Atlantic Spadefish","Chaetodipterus faber",74,11
"200410191445-024","Atlantic Spadefish","Chaetodipterus faber",78,11
"200410191445-024","Atlantic Spadefish","Chaetodipterus faber",80,11
"200410191445-024","Atlantic Spadefish","Chaetodipterus faber",85,11
"200410191445-024","Atlantic Spadefish","Chaetodipterus faber",100,11
"200410191445-024","Caribbean Spiny Lobster","Panulirus argus",135,2
"200410191445-024","Caribbean Spiny Lobster","Panulirus argus",145,2
"200410200933-105","Bluestriped Grunt","Haemulon sciurus",70,1
"200410200933-105","Barred Hamlet","Hypoplectrus puella",60,1
"200410201048-040","Barred Hamlet","Hypoplectrus puella",50,2
"200410201048-040","Barred Hamlet","Hypoplectrus puella",55,2
"200410201253-123","Barred Hamlet","Hypoplectrus puella",47,1
"200410201340-136","Spotted Seatrout","Cynoscion nebulosus",40,1
"200410201445-124","Atlantic Bay Scallop","Argopecten irradians",49,1
"200410201445-124","Lined Seahorse","Hippocampus erectus",115,1
"200410201445-124","Yellowtail Snapper","Ocyurus chrysurus",86,1
"200410210934-144","Atlantic Bay Scallop","Argopecten irradians",50,1
"200410211053-145","Bluestriped Grunt","Haemulon sciurus",83,1
"200410211203-133","Atlantic Bay Scallop","Argopecten irradians",40,1
"200410211203-133","Spotted Seatrout","Cynoscion nebulosus",73,1
"200410211546-135","Atlantic Bay Scallop","Argopecten irradians",59,1
"200410230930-130","Atlantic Bay Scallop","Argopecten irradians",54,1
"200410231038-143","Barred Hamlet","Hypoplectrus puella",68,1
"200410231140-157","Barred Hamlet","Hypoplectrus puella",60,1
"200410231621-254","Atlantic Bay Scallop","Argopecten irradians",46,1
"200410241200-068","Spotted Seatrout","Cynoscion nebulosus",82,1
"200410241200-068","Barred Hamlet","Hypoplectrus puella",41,2
"200410241200-068","Barred Hamlet","Hypoplectrus puella",55,2
"200410241432-071","Gag Grouper","Mycteroperca microlepis",61,1
"200410250851-304","Great Barracuda","Sphyraena barracuda",134,1
"200410251600-271","Atlantic Bay Scallop","Argopecten irradians",47,1
"200410251600-271","Spotted Seatrout","Cynoscion nebulosus",54,2
"200410251600-271","Spotted Seatrout","Cynoscion nebulosus",122,2
"200410261530-279","Spotted Seatrout","Cynoscion nebulosus",165,1
"200410261530-279","Bluestriped Grunt","Haemulon sciurus",90,1
"200411111019-106","Barred Hamlet","Hypoplectrus puella",63,1
"200411111019-106","Gag Grouper","Mycteroperca microlepis",230,1
"200411111019-106","Great Barracuda","Sphyraena barracuda",95,1
"200411111218-118","Atlantic Bay Scallop","Argopecten irradians",50,1
"200411111330-119","Atlantic Bay Scallop","Argopecten irradians",50,3
"200411111330-119","Atlantic Bay Scallop","Argopecten irradians",55,3
"200411111330-119","Atlantic Bay Scallop","Argopecten irradians",60,3
"200411121301-172","Bluestriped Grunt","Haemulon sciurus",140,1
"200411131149-124","Barred Hamlet","Hypoplectrus puella",69,1
"200411131314-123","Lined Seahorse","Hippocampus erectus",125,1
"200411131314-123","Barred Hamlet","Hypoplectrus puella",67,1
"200411131400-122","Yellowtail Snapper","Ocyurus chrysurus",92,1
"200411131615-068","Spotted Seatrout","Cynoscion nebulosus",46,1
"200411141038-265","Atlantic Spadefish","Chaetodipterus faber",91,1
"200411141121-279","Spotted Seatrout","Cynoscion nebulosus",108,3
"200411141121-279","Spotted Seatrout","Cynoscion nebulosus",148,3
"200411141121-279","Spotted Seatrout","Cynoscion nebulosus",177,3
"200411141228-280","Great Barracuda","Sphyraena barracuda",78,1
"20041114NA-278","Spotted Seatrout","Cynoscion nebulosus",137,1
"200411160940-621","Bluestriped Grunt","Haemulon sciurus",93,2
"200411160940-621","Bluestriped Grunt","Haemulon sciurus",115,2
"200411160940-621","Great Barracuda","Sphyraena barracuda",125,1
"200411161038-618","Great Barracuda","Sphyraena barracuda",120,1
"200506150946-147","Spotted Seatrout","Cynoscion nebulosus",70,1
"200506151312-111","Yellowtail Snapper","Ocyurus chrysurus",123,1
"200506151605-137","Lined Seahorse","Hippocampus erectus",145,1
"200506161120-117","Lined Seahorse","Hippocampus erectus",130,1
"200506161212-143","Sheepshead","Archosargus probatocephalus",28,3
"200506161212-143","Sheepshead","Archosargus probatocephalus",39,3
"200506161212-143","Sheepshead","Archosargus probatocephalus",43,3
"200506161212-143","Lined Seahorse","Hippocampus erectus",80,1
"200506161330-157","Sheepshead","Archosargus probatocephalus",28,2
"200506161330-157","Sheepshead","Archosargus probatocephalus",40,2
"200506161500-071","Lined Seahorse","Hippocampus erectus",51,1
"200506171215-156","Atlantic Bay Scallop","Argopecten irradians",30,2
"200506171215-156","Atlantic Bay Scallop","Argopecten irradians",33,2
"200506171215-156","Hogfish","Lachnolaimus maximus",30,1
"200506171328-167","Sheepshead","Archosargus probatocephalus",30,2
"200506171328-167","Sheepshead","Archosargus probatocephalus",34,2
"200506191100-280","Lined Seahorse","Hippocampus erectus",73,1
"200506191145-278","Atlantic Spadefish","Chaetodipterus faber",178,1
"200506191145-278","Spotted Seatrout","Cynoscion nebulosus",31,1
"200506201335-281","Lined Seahorse","Hippocampus erectus",140,1
"200507131009-616","Bluestriped Grunt","Haemulon sciurus",115,1
"200507141234-258","Great Barracuda","Sphyraena barracuda",26,3
"200507141234-258","Great Barracuda","Sphyraena barracuda",65,3
"200507141234-258","Great Barracuda","Sphyraena barracuda",72,3
"200507150947-145","Bluestriped Grunt","Haemulon sciurus",65,1
"200507151530-124","Atlantic Bay Scallop","Argopecten irradians",29,1
"200507151530-124","Bluestriped Grunt","Haemulon sciurus",57,7
"200507151530-124","Bluestriped Grunt","Haemulon sciurus",61,7
"200507151530-124","Bluestriped Grunt","Haemulon sciurus",112,7
"200507151530-124","Bluestriped Grunt","Haemulon sciurus",120,7
"200507151530-124","Bluestriped Grunt","Haemulon sciurus",120,7
"200507151530-124","Bluestriped Grunt","Haemulon sciurus",178,7
"200507151530-124","Bluestriped Grunt","Haemulon sciurus",180,7
"200507161030-108","Atlantic Bay Scallop","Argopecten irradians",56,1
"200507161030-108","Lined Seahorse","Hippocampus erectus",95,1
"200507161030-108","Great Barracuda","Sphyraena barracuda",34,1
"200507161145-107","Atlantic Bay Scallop","Argopecten irradians",39,1
"200507161440-022","Lined Seahorse","Hippocampus erectus",91,1
"200507161440-022","Hogfish","Lachnolaimus maximus",34,1
"200507170839-266","Spotted Seatrout","Cynoscion nebulosus",80,1
"200507171050-278","Spotted Seatrout","Cynoscion nebulosus",62,2
"200507171050-278","Spotted Seatrout","Cynoscion nebulosus",72,2
"200507171215-175","Spotted Seatrout","Cynoscion nebulosus",78,1
"200507191139-073","Spotted Seatrout","Cynoscion nebulosus",38,1
"200510180934-619","Spotted Seatrout","Cynoscion nebulosus",60,2
"200510180934-619","Spotted Seatrout","Cynoscion nebulosus",65,2
"200510181430-324","Spotted Seatrout","Cynoscion nebulosus",59,1
"200510181430-324","Great Barracuda","Sphyraena barracuda",123,1
"200510190845-278","Spotted Seatrout","Cynoscion nebulosus",35,4
"200510190845-278","Spotted Seatrout","Cynoscion nebulosus",55,4
"200510190845-278","Spotted Seatrout","Cynoscion nebulosus",56,4
"200510190845-278","Spotted Seatrout","Cynoscion nebulosus",76,4
"200510191117-279","Spotted Seatrout","Cynoscion nebulosus",56,1
"200510191350-267","Spotted Seatrout","Cynoscion nebulosus",76,2
"200510191350-267","Spotted Seatrout","Cynoscion nebulosus",143,2
"200510191350-267","Great Barracuda","Sphyraena barracuda",110,1
"200510191427-291","Spotted Seatrout","Cynoscion nebulosus",60,1
"200510191504-290","Great Barracuda","Sphyraena barracuda",122,1
"200510191600-609","Spotted Seatrout","Cynoscion nebulosus",57,1
"200510201037-159","Spotted Seatrout","Cynoscion nebulosus",107,1
"200510201420-283","Spotted Seatrout","Cynoscion nebulosus",33,3
"200510201420-283","Spotted Seatrout","Cynoscion nebulosus",65,3
"200510201420-283","Spotted Seatrout","Cynoscion nebulosus",68,3
"200511091037-226","Spotted Seatrout","Cynoscion nebulosus",32,2
"200511091037-226","Spotted Seatrout","Cynoscion nebulosus",135,2
"200511091037-226","Great Barracuda","Sphyraena barracuda",35,1
"200511091605-241","Spotted Seatrout","Cynoscion nebulosus",88,1
"200511100752-244","Spotted Seatrout","Cynoscion nebulosus",90,2
"200511100752-244","Spotted Seatrout","Cynoscion nebulosus",112,2
"200511100841-243","Spotted Seatrout","Cynoscion nebulosus",90,1
"200511100841-243","Great Barracuda","Sphyraena barracuda",200,1
"200511101017-266","Atlantic Spadefish","Chaetodipterus faber",60,1
"200511101017-266","Yellowtail Snapper","Ocyurus chrysurus",114,1
"200511101017-266","Great Barracuda","Sphyraena barracuda",133,1
"200511101052-265","Spotted Seatrout","Cynoscion nebulosus",33,2
"200511101052-265","Spotted Seatrout","Cynoscion nebulosus",128,2
"200511101137-278","Spotted Seatrout","Cynoscion nebulosus",47,1
"200511101137-278","Schoolmaster Snapper","Lutjanus apodus",98,1
"200511101137-278","Great Barracuda","Sphyraena barracuda",185,1
"200511101416-280","Spotted Seatrout","Cynoscion nebulosus",81,1
"200511101416-280","Great Barracuda","Sphyraena barracuda",169,2
"200511101416-280","Great Barracuda","Sphyraena barracuda",172,2
"200511101523-282","Great Barracuda","Sphyraena barracuda",195,1
"200511111232-073","Spotted Seatrout","Cynoscion nebulosus",80,2
"200511111232-073","Spotted Seatrout","Cynoscion nebulosus",95,2
"200511111506-174","Lane Snapper","Lutjanus synagris",17,8
"200511111506-174","Lane Snapper","Lutjanus synagris",17,8
"200511111506-174","Lane Snapper","Lutjanus synagris",17,8
"200511111506-174","Lane Snapper","Lutjanus synagris",17,8
"200511111506-174","Lane Snapper","Lutjanus synagris",17,8
"200511111506-174","Lane Snapper","Lutjanus synagris",17,8
"200511111506-174","Lane Snapper","Lutjanus synagris",17,8
"200511111506-174","Lane Snapper","Lutjanus synagris",17,8
"200511111549-237","Spotted Seatrout","Cynoscion nebulosus",145,1
"200511120848-117","Bluestriped Grunt","Haemulon sciurus",94,1
"200511121038-108","Bluestriped Grunt","Haemulon sciurus",98,1
"200511121545-251","Spotted Seatrout","Cynoscion nebulosus",93,2
"200511121545-251","Spotted Seatrout","Cynoscion nebulosus",102,2
"200511131323-408","Great Barracuda","Sphyraena barracuda",100,1
"200511131411-407","Great Barracuda","Sphyraena barracuda",94,1
"200511141148-609","Spotted Seatrout","Cynoscion nebulosus",40,1
"200511141148-609","Bluestriped Grunt","Haemulon sciurus",95,1
"200511141334-301","Great Barracuda","Sphyraena barracuda",125,1
"200511151000-101","Blue Croaker","Corvula batabana",118,3
"200511151000-101","Blue Croaker","Corvula batabana",130,3
"200511151000-101","Blue Croaker","Corvula batabana",134,3
"200511151000-101","Atlantic Spadefish","Chaetodipterus faber",44,5
"200511151000-101","Atlantic Spadefish","Chaetodipterus faber",53,5
"200511151000-101","Atlantic Spadefish","Chaetodipterus faber",54,5
"200511151000-101","Atlantic Spadefish","Chaetodipterus faber",65,5
"200511151000-101","Atlantic Spadefish","Chaetodipterus faber",78,5
"200511151048-020","Blue Croaker","Corvula batabana",98,5
"200511151048-020","Blue Croaker","Corvula batabana",115,5
"200511151048-020","Blue Croaker","Corvula batabana",137,5
"200511151048-020","Blue Croaker","Corvula batabana",144,5
"200511151048-020","Blue Croaker","Corvula batabana",150,5
"200511151048-020","Atlantic Spadefish","Chaetodipterus faber",100,1
"200511151048-020","Barred Hamlet","Hypoplectrus puella",51,1
"200511151048-020","Hogfish","Lachnolaimus maximus",81,1
"200511151048-020","Caribbean Spiny Lobster","Panulirus argus",100,1
"200511151124-021","Blue Croaker","Corvula batabana",144,1
"200511151124-021","Atlantic Spadefish","Chaetodipterus faber",96,2
"200511151124-021","Atlantic Spadefish","Chaetodipterus faber",98,2
"200511151124-021","Barred Hamlet","Hypoplectrus puella",63,1
"200511180815-304","Spotted Seatrout","Cynoscion nebulosus",37,2
"200511180815-304","Spotted Seatrout","Cynoscion nebulosus",84,2
"200511181000-291","Sheepshead","Archosargus probatocephalus",150,1
"200511181000-291","Atlantic Spadefish","Chaetodipterus faber",34,1
"200511181000-291","Great Barracuda","Sphyraena barracuda",170,1
"200511181040-292","Spotted Seatrout","Cynoscion nebulosus",87,1
"200511181040-292","Great Barracuda","Sphyraena barracuda",130,1
"200511181335-257","Great Barracuda","Sphyraena barracuda",120,1
"200511181410-258","Great Barracuda","Sphyraena barracuda",153,1
"200511190815-271","Great Barracuda","Sphyraena barracuda",137,1
"200606171303-229","Lined Seahorse","Hippocampus erectus",115,2
"200606171303-229","Lined Seahorse","Hippocampus erectus",115,2
"200606181027-107","Atlantic Bay Scallop","Argopecten irradians",37,1
"200606181027-107","Spotted Seatrout","Cynoscion nebulosus",47,1
"200606181300-054","Spotted Seatrout","Cynoscion nebulosus",30,2
"200606181300-054","Spotted Seatrout","Cynoscion nebulosus",30,2
"200606181300-054","Gag Grouper","Mycteroperca microlepis",87,1
"200606181543-112","Atlantic Bay Scallop","Argopecten irradians",38,1
"200606190929-067","Spotted Seatrout","Cynoscion nebulosus",38,8
"200606190929-067","Spotted Seatrout","Cynoscion nebulosus",38,8
"200606190929-067","Spotted Seatrout","Cynoscion nebulosus",38,8
"200606190929-067","Spotted Seatrout","Cynoscion nebulosus",40,8
"200606190929-067","Spotted Seatrout","Cynoscion nebulosus",46,8
"200606190929-067","Spotted Seatrout","Cynoscion nebulosus",54,8
"200606190929-067","Spotted Seatrout","Cynoscion nebulosus",60,8
"200606190929-067","Spotted Seatrout","Cynoscion nebulosus",60,8
"200606191105-068","Spotted Seatrout","Cynoscion nebulosus",30,6
"200606191105-068","Spotted Seatrout","Cynoscion nebulosus",32,6
"200606191105-068","Spotted Seatrout","Cynoscion nebulosus",33,6
"200606191105-068","Spotted Seatrout","Cynoscion nebulosus",33,6
"200606191105-068","Spotted Seatrout","Cynoscion nebulosus",35,6
"200606191105-068","Spotted Seatrout","Cynoscion nebulosus",48,6
"200606191206-070","Atlantic Bay Scallop","Argopecten irradians",45,1
"200606191251-073","Atlantic Bay Scallop","Argopecten irradians",38,1
"200606191600-124","Atlantic Bay Scallop","Argopecten irradians",23,7
"200606191600-124","Atlantic Bay Scallop","Argopecten irradians",32,7
"200606191600-124","Atlantic Bay Scallop","Argopecten irradians",32,7
"200606191600-124","Atlantic Bay Scallop","Argopecten irradians",32,7
"200606191600-124","Atlantic Bay Scallop","Argopecten irradians",35,7
"200606191600-124","Atlantic Bay Scallop","Argopecten irradians",35,7
"200606191600-124","Atlantic Bay Scallop","Argopecten irradians",38,7
"200606191600-124","Lined Seahorse","Hippocampus erectus",120,1
"200606191600-124","Gag Grouper","Mycteroperca microlepis",162,1
"200606191700-137","Spotted Seatrout","Cynoscion nebulosus",34,1
"200606200904-136","Spotted Seatrout","Cynoscion nebulosus",31,2
"200606200904-136","Spotted Seatrout","Cynoscion nebulosus",36,2
"200606201007-135","Bluestriped Grunt","Haemulon sciurus",70,1
"200606201112-144","Atlantic Bay Scallop","Argopecten irradians",35,1
"200606201238-156","Spotted Seatrout","Cynoscion nebulosus",30,1
"200606201320-171","Spotted Seatrout","Cynoscion nebulosus",34,2
"200606201320-171","Spotted Seatrout","Cynoscion nebulosus",34,2
"200606201538-175","Spotted Seatrout","Cynoscion nebulosus",31,8
"200606201538-175","Spotted Seatrout","Cynoscion nebulosus",32,8
"200606201538-175","Spotted Seatrout","Cynoscion nebulosus",34,8
"200606201538-175","Spotted Seatrout","Cynoscion nebulosus",35,8
"200606201538-175","Spotted Seatrout","Cynoscion nebulosus",38,8
"200606201538-175","Spotted Seatrout","Cynoscion nebulosus",40,8
"200606201538-175","Spotted Seatrout","Cynoscion nebulosus",43,8
"200606201538-175","Spotted Seatrout","Cynoscion nebulosus",58,8
"200606210928-146","Spotted Seatrout","Cynoscion nebulosus",37,3
"200606210928-146","Spotted Seatrout","Cynoscion nebulosus",38,3
"200606210928-146","Spotted Seatrout","Cynoscion nebulosus",42,3
"200606210928-146","Lined Seahorse","Hippocampus erectus",110,1
"200606211043-159","Atlantic Bay Scallop","Argopecten irradians",30,1
"200606211138-134","Spotted Seatrout","Cynoscion nebulosus",30,3
"200606211138-134","Spotted Seatrout","Cynoscion nebulosus",33,3
"200606211138-134","Spotted Seatrout","Cynoscion nebulosus",34,3
"200606211253-133","Atlantic Bay Scallop","Argopecten irradians",34,4
"200606211253-133","Atlantic Bay Scallop","Argopecten irradians",36,4
"200606211253-133","Atlantic Bay Scallop","Argopecten irradians",37,4
"200606211253-133","Atlantic Bay Scallop","Argopecten irradians",42,4
"200606211253-133","Spotted Seatrout","Cynoscion nebulosus",46,2
"200606211253-133","Spotted Seatrout","Cynoscion nebulosus",52,2
"200606211253-133","Lined Seahorse","Hippocampus erectus",115,1
"200606211522-167","Gag Grouper","Mycteroperca microlepis",145,2
"200606211522-167","Gag Grouper","Mycteroperca microlepis",160,2
"200606211522-167","Yellowtail Snapper","Ocyurus chrysurus",24,1
"200606220925-280","Atlantic Bay Scallop","Argopecten irradians",34,1
"200606221113-265","Atlantic Bay Scallop","Argopecten irradians",30,1
"200606221251-254","Atlantic Bay Scallop","Argopecten irradians",29,1
"200606221425-241","Spotted Seatrout","Cynoscion nebulosus",50,2
"200606221425-241","Spotted Seatrout","Cynoscion nebulosus",200,2
"200606221520-225","Atlantic Bay Scallop","Argopecten irradians",22,2
"200606221520-225","Atlantic Bay Scallop","Argopecten irradians",23,2
"200606231336-326","Lined Seahorse","Hippocampus erectus",90,1
"200606241128-312","Spotted Seatrout","Cynoscion nebulosus",68,1
"200606241128-312","Lined Seahorse","Hippocampus erectus",88,2
"200606241128-312","Lined Seahorse","Hippocampus erectus",110,2
"200606261044-282","Spotted Seatrout","Cynoscion nebulosus",59,1
"200606261044-282","Lined Seahorse","Hippocampus erectus",75,2
"200606261044-282","Lined Seahorse","Hippocampus erectus",100,2
"200607150948-228","Lined Seahorse","Hippocampus erectus",90,1
"200607151206-255","Atlantic Bay Scallop","Argopecten irradians",32,2
"200607151206-255","Atlantic Bay Scallop","Argopecten irradians",40,2
"200607151516-224","Atlantic Bay Scallop","Argopecten irradians",30,1
"200607160949-117","Spotted Seatrout","Cynoscion nebulosus",39,1
"200607161039-106","Atlantic Bay Scallop","Argopecten irradians",45,1
"200607161039-106","Spotted Seatrout","Cynoscion nebulosus",46,2
"200607161039-106","Spotted Seatrout","Cynoscion nebulosus",113,2
"200607161200-101","Great Barracuda","Sphyraena barracuda",50,1
"200607161342-022","Atlantic Spadefish","Chaetodipterus faber",105,1
"200607161342-022","Caribbean Spiny Lobster","Panulirus argus",230,1
"200607161500-023","Lined Seahorse","Hippocampus erectus",110,2
"200607161500-023","Lined Seahorse","Hippocampus erectus",115,2
"200607161500-023","Hogfish","Lachnolaimus maximus",40,1
"200607161500-023","Gag Grouper","Mycteroperca microlepis",185,1
"200607161500-023","Yellowtail Snapper","Ocyurus chrysurus",130,1
"200607161500-023","Caribbean Spiny Lobster","Panulirus argus",220,1
"200607171059-621","Spotted Seatrout","Cynoscion nebulosus",203,1
"200607181032-108","Spotted Seatrout","Cynoscion nebulosus",44,2
"200607181032-108","Spotted Seatrout","Cynoscion nebulosus",53,2
"200607181138-119","Spotted Seatrout","Cynoscion nebulosus",118,1
"200607181245-118","Atlantic Bay Scallop","Argopecten irradians",40,1
"200607181530-145","Atlantic Bay Scallop","Argopecten irradians",39,1
"200607181530-145","Spotted Seatrout","Cynoscion nebulosus",49,2
"200607181530-145","Spotted Seatrout","Cynoscion nebulosus",62,2
"200607190916-065","Spotted Seatrout","Cynoscion nebulosus",63,1
"200607190916-065","Great Barracuda","Sphyraena barracuda",40,4
"200607190916-065","Great Barracuda","Sphyraena barracuda",42,4
"200607190916-065","Great Barracuda","Sphyraena barracuda",43,4
"200607190916-065","Great Barracuda","Sphyraena barracuda",62,4
"200607191047-071","Spotted Seatrout","Cynoscion nebulosus",30,2
"200607191047-071","Spotted Seatrout","Cynoscion nebulosus",33,2
"200607191154-156","Spotted Seatrout","Cynoscion nebulosus",65,1
"200607201232-265","Spotted Seatrout","Cynoscion nebulosus",98,1
"200607201438-237","Atlantic Bay Scallop","Argopecten irradians",40,1
"200607201438-237","Gag Grouper","Mycteroperca microlepis",205,1
"200607201600-267","Atlantic Bay Scallop","Argopecten irradians",40,1
"200607220956-135","Atlantic Bay Scallop","Argopecten irradians",39,1
"200607220956-135","Spotted Seatrout","Cynoscion nebulosus",36,1
"200607221111-122","Atlantic Bay Scallop","Argopecten irradians",36,1
"200607221111-122","Spotted Seatrout","Cynoscion nebulosus",31,2
"200607221111-122","Spotted Seatrout","Cynoscion nebulosus",133,2
"200607221111-122","Gag Grouper","Mycteroperca microlepis",150,1
"200607221220-111","Atlantic Bay Scallop","Argopecten irradians",42,2
"200607221220-111","Atlantic Bay Scallop","Argopecten irradians",42,2
"200607221338-123","Atlantic Bay Scallop","Argopecten irradians",40,5
"200607221338-123","Atlantic Bay Scallop","Argopecten irradians",44,5
"200607221338-123","Atlantic Bay Scallop","Argopecten irradians",50,5
"200607221338-123","Atlantic Bay Scallop","Argopecten irradians",52,5
"200607221338-123","Atlantic Bay Scallop","Argopecten irradians",53,5
"200607221338-123","Spotted Seatrout","Cynoscion nebulosus",32,1
"200607221338-123","Great Barracuda","Sphyraena barracuda",64,1
"200607221439-124","Atlantic Bay Scallop","Argopecten irradians",35,3
"200607221439-124","Atlantic Bay Scallop","Argopecten irradians",38,3
"200607221439-124","Atlantic Bay Scallop","Argopecten irradians",38,3
"200607221439-124","Spotted Seatrout","Cynoscion nebulosus",32,2
"200607221439-124","Spotted Seatrout","Cynoscion nebulosus",39,2
"200607221439-124","Gag Grouper","Mycteroperca microlepis",133,1
"200607221551-133","Spotted Seatrout","Cynoscion nebulosus",95,1
"200607230954-312","Lined Seahorse","Hippocampus erectus",115,1
"200607231304-280","Lined Seahorse","Hippocampus erectus",168,1
"200607231400-281","Spotted Seatrout","Cynoscion nebulosus",32,2
"200607231400-281","Spotted Seatrout","Cynoscion nebulosus",70,2
"200607240915-283","Spotted Seatrout","Cynoscion nebulosus",32,4
"200607240915-283","Spotted Seatrout","Cynoscion nebulosus",34,4
"200607240915-283","Spotted Seatrout","Cynoscion nebulosus",39,4
"200607240915-283","Spotted Seatrout","Cynoscion nebulosus",44,4
"200607240915-283","Lined Seahorse","Hippocampus erectus",125,2
"200607240915-283","Lined Seahorse","Hippocampus erectus",125,2
"200607241005-269","Spotted Seatrout","Cynoscion nebulosus",30,7
"200607241005-269","Spotted Seatrout","Cynoscion nebulosus",30,7
"200607241005-269","Spotted Seatrout","Cynoscion nebulosus",31,7
"200607241005-269","Spotted Seatrout","Cynoscion nebulosus",31,7
"200607241005-269","Spotted Seatrout","Cynoscion nebulosus",33,7
"200607241005-269","Spotted Seatrout","Cynoscion nebulosus",37,7
"200607241005-269","Spotted Seatrout","Cynoscion nebulosus",78,7
"200607241059-270","Spotted Seatrout","Cynoscion nebulosus",31,1
"200607241147-257","Spotted Seatrout","Cynoscion nebulosus",30,3
"200607241147-257","Spotted Seatrout","Cynoscion nebulosus",32,3
"200607241147-257","Spotted Seatrout","Cynoscion nebulosus",34,3
"200607241241-271","Lined Seahorse","Hippocampus erectus",100,3
"200607241241-271","Lined Seahorse","Hippocampus erectus",100,3
"200607241241-271","Lined Seahorse","Hippocampus erectus",115,3
"200608160906-130","Spotted Seatrout","Cynoscion nebulosus",35,1
"200608160906-130","Bluestriped Grunt","Haemulon sciurus",73,1
"200608161010-054","Spotted Seatrout","Cynoscion nebulosus",36,1
"200608161010-054","Sailor's Grunt","Haemulon parra",34,1
"200608161010-054","Great Barracuda","Sphyraena barracuda",29,1
"200608161244-119","Schoolmaster Snapper","Lutjanus apodus",120,1
"200608161434-067","Sailor's Grunt","Haemulon parra",28,1
"200608170945-123","Atlantic Bay Scallop","Argopecten irradians",39,4
"200608170945-123","Atlantic Bay Scallop","Argopecten irradians",46,4
"200608170945-123","Atlantic Bay Scallop","Argopecten irradians",50,4
"200608170945-123","Atlantic Bay Scallop","Argopecten irradians",54,4
"200608171106-124","Atlantic Bay Scallop","Argopecten irradians",45,1
"200608171106-124","Spotted Seatrout","Cynoscion nebulosus",31,1
"200608171206-112","Atlantic Bay Scallop","Argopecten irradians",52,4
"200608171206-112","Atlantic Bay Scallop","Argopecten irradians",55,4
"200608171206-112","Atlantic Bay Scallop","Argopecten irradians",55,4
"200608171206-112","Atlantic Bay Scallop","Argopecten irradians",56,4
"200608171206-112","Spotted Seatrout","Cynoscion nebulosus",52,1
"200608171206-112","Great Barracuda","Sphyraena barracuda",80,1
"200608171344-040","Atlantic Bay Scallop","Argopecten irradians",51,2
"200608171344-040","Atlantic Bay Scallop","Argopecten irradians",53,2
"200608171344-040","Lined Seahorse","Hippocampus erectus",160,1
"200608171454-023","Atlantic Spadefish","Chaetodipterus faber",116,1
"200608171454-023","Bluestriped Grunt","Haemulon sciurus",75,2
"200608171454-023","Bluestriped Grunt","Haemulon sciurus",85,2
"200608171540-022","Atlantic Spadefish","Chaetodipterus faber",122,1
"200608180924-147","Spotted Seatrout","Cynoscion nebulosus",33,4
"200608180924-147","Spotted Seatrout","Cynoscion nebulosus",33,4
"200608180924-147","Spotted Seatrout","Cynoscion nebulosus",77,4
"200608180924-147","Spotted Seatrout","Cynoscion nebulosus",93,4
"200608180924-147","Lined Seahorse","Hippocampus erectus",115,1
"200608180924-147","Great Barracuda","Sphyraena barracuda",50,3
"200608180924-147","Great Barracuda","Sphyraena barracuda",65,3
"200608180924-147","Great Barracuda","Sphyraena barracuda",66,3
"200608181319-158","Spotted Seatrout","Cynoscion nebulosus",38,3
"200608181319-158","Spotted Seatrout","Cynoscion nebulosus",40,3
"200608181319-158","Spotted Seatrout","Cynoscion nebulosus",51,3
"200608181455-175","Spotted Seatrout","Cynoscion nebulosus",67,1
"200608181600-172","Atlantic Bay Scallop","Argopecten irradians",50,1
"200608190923-146","Spotted Seatrout","Cynoscion nebulosus",65,1
"200608191029-145","Spotted Seatrout","Cynoscion nebulosus",102,1
"200608191623-174","Gag Grouper","Mycteroperca microlepis",169,1
"200608220830-255","Spotted Seatrout","Cynoscion nebulosus",30,2
"200608220830-255","Spotted Seatrout","Cynoscion nebulosus",55,2
"200608220923-241","Great Barracuda","Sphyraena barracuda",90,1
"200608221104-226","Spotted Seatrout","Cynoscion nebulosus",71,1
"200608221349-254","Spotted Seatrout","Cynoscion nebulosus",89,1
"200608231104-312","Spotted Seatrout","Cynoscion nebulosus",38,3
"200608231104-312","Spotted Seatrout","Cynoscion nebulosus",59,3
"200608231104-312","Spotted Seatrout","Cynoscion nebulosus",91,3
"200608231158-290","Spotted Seatrout","Cynoscion nebulosus",48,2
"200608231158-290","Spotted Seatrout","Cynoscion nebulosus",72,2
"200608231301-291","Spotted Seatrout","Cynoscion nebulosus",33,5
"200608231301-291","Spotted Seatrout","Cynoscion nebulosus",34,5
"200608231301-291","Spotted Seatrout","Cynoscion nebulosus",34,5
"200608231301-291","Spotted Seatrout","Cynoscion nebulosus",36,5
"200608231301-291","Spotted Seatrout","Cynoscion nebulosus",50,5
"200608231352-292","Spotted Seatrout","Cynoscion nebulosus",30,7
"200608231352-292","Spotted Seatrout","Cynoscion nebulosus",30,7
"200608231352-292","Spotted Seatrout","Cynoscion nebulosus",38,7
"200608231352-292","Spotted Seatrout","Cynoscion nebulosus",60,7
"200608231352-292","Spotted Seatrout","Cynoscion nebulosus",65,7
"200608231352-292","Spotted Seatrout","Cynoscion nebulosus",65,7
"200608231352-292","Spotted Seatrout","Cynoscion nebulosus",69,7
"200608231352-292","Lined Seahorse","Hippocampus erectus",115,2
"200608231352-292","Lined Seahorse","Hippocampus erectus",125,2
"200608241257-280","Spotted Seatrout","Cynoscion nebulosus",31,1
"200608241411-267","Spotted Seatrout","Cynoscion nebulosus",35,2
"200608241411-267","Spotted Seatrout","Cynoscion nebulosus",36,2
"200608250812-283","Spotted Seatrout","Cynoscion nebulosus",31,4
"200608250812-283","Spotted Seatrout","Cynoscion nebulosus",34,4
"200608250812-283","Spotted Seatrout","Cynoscion nebulosus",82,4
"200608250812-283","Spotted Seatrout","Cynoscion nebulosus",82,4
"200608250858-269","Lined Seahorse","Hippocampus erectus",100,2
"200608250858-269","Lined Seahorse","Hippocampus erectus",110,2
"200608251015-270","Atlantic Bay Scallop","Argopecten irradians",50,1
"200608251015-270","Spotted Seatrout","Cynoscion nebulosus",52,1
"200609120851-251","Spotted Seatrout","Cynoscion nebulosus",43,2
"200609120851-251","Spotted Seatrout","Cynoscion nebulosus",55,2
"200609120958-237","Spotted Seatrout","Cynoscion nebulosus",56,1
"200609121149-172","Spotted Seatrout","Cynoscion nebulosus",33,1
"200609121239-173","Atlantic Bay Scallop","Argopecten irradians",48,1
"200609121239-173","Spotted Seatrout","Cynoscion nebulosus",32,3
"200609121239-173","Spotted Seatrout","Cynoscion nebulosus",34,3
"200609121239-173","Spotted Seatrout","Cynoscion nebulosus",37,3
"200609121342-168","Atlantic Bay Scallop","Argopecten irradians",48,2
"200609121342-168","Atlantic Bay Scallop","Argopecten irradians",58,2
"200609121342-168","Spotted Seatrout","Cynoscion nebulosus",33,4
"200609121342-168","Spotted Seatrout","Cynoscion nebulosus",37,4
"200609121342-168","Spotted Seatrout","Cynoscion nebulosus",42,4
"200609121342-168","Spotted Seatrout","Cynoscion nebulosus",57,4
"200609121453-146","Spotted Seatrout","Cynoscion nebulosus",31,1
"200609121453-146","Lined Seahorse","Hippocampus erectus",125,1
"200609121555-137","Spotted Seatrout","Cynoscion nebulosus",36,1
"200609130842-157","Spotted Seatrout","Cynoscion nebulosus",32,2
"200609130842-157","Spotted Seatrout","Cynoscion nebulosus",33,2
"200609131125-022","Gag Grouper","Mycteroperca microlepis",154,1
"200609131125-022","Great Barracuda","Sphyraena barracuda",45,1
"200609131328-040","Spotted Seatrout","Cynoscion nebulosus",31,2
"200609131328-040","Spotted Seatrout","Cynoscion nebulosus",35,2
"200609131328-040","Lined Seahorse","Hippocampus erectus",140,1
"200609131328-040","Great Barracuda","Sphyraena barracuda",62,1
"200609131435-112","Atlantic Bay Scallop","Argopecten irradians",50,1
"200609131435-112","Spotted Seatrout","Cynoscion nebulosus",34,1
"200609131536-124","Atlantic Bay Scallop","Argopecten irradians",59,1
"200609131536-124","Great Barracuda","Sphyraena barracuda",59,1
"200609140842-108","Spotted Seatrout","Cynoscion nebulosus",31,1
"200609140922-107","Spotted Seatrout","Cynoscion nebulosus",32,1
"200609140922-107","Great Barracuda","Sphyraena barracuda",38,1
"200609141018-106","Spotted Seatrout","Cynoscion nebulosus",43,3
"200609141018-106","Spotted Seatrout","Cynoscion nebulosus",44,3
"200609141018-106","Spotted Seatrout","Cynoscion nebulosus",51,3
"200609141018-106","Caribbean Spiny Lobster","Panulirus argus",165,1
"200609141018-106","Great Barracuda","Sphyraena barracuda",56,1
"200609141202-229","Atlantic Bay Scallop","Argopecten irradians",28,1
"200609141202-229","Great Barracuda","Sphyraena barracuda",55,1
"200609141511-241","Atlantic Bay Scallop","Argopecten irradians",41,2
"200609141511-241","Atlantic Bay Scallop","Argopecten irradians",41,2
"200609150842-068","Spotted Seatrout","Cynoscion nebulosus",30,8
"200609150842-068","Spotted Seatrout","Cynoscion nebulosus",31,8
"200609150842-068","Spotted Seatrout","Cynoscion nebulosus",31,8
"200609150842-068","Spotted Seatrout","Cynoscion nebulosus",40,8
"200609150842-068","Spotted Seatrout","Cynoscion nebulosus",46,8
"200609150842-068","Spotted Seatrout","Cynoscion nebulosus",46,8
"200609150842-068","Spotted Seatrout","Cynoscion nebulosus",52,8
"200609150842-068","Spotted Seatrout","Cynoscion nebulosus",134,8
"200609150921-070","Atlantic Bay Scallop","Argopecten irradians",58,1
"200609150921-070","Spotted Seatrout","Cynoscion nebulosus",30,2
"200609150921-070","Spotted Seatrout","Cynoscion nebulosus",36,2
"200609151020-071","Spotted Seatrout","Cynoscion nebulosus",45,2
"200609151020-071","Spotted Seatrout","Cynoscion nebulosus",77,2
"200609151130-054","Spotted Seatrout","Cynoscion nebulosus",30,4
"200609151130-054","Spotted Seatrout","Cynoscion nebulosus",36,4
"200609151130-054","Spotted Seatrout","Cynoscion nebulosus",38,4
"200609151130-054","Spotted Seatrout","Cynoscion nebulosus",135,4
"200609151230-117","Spotted Seatrout","Cynoscion nebulosus",173,1
"200609151230-117","Hogfish","Lachnolaimus maximus",93,1
"200609151325-130","Spotted Seatrout","Cynoscion nebulosus",155,2
"200609151325-130","Spotted Seatrout","Cynoscion nebulosus",160,2
"200609170823-136","Atlantic Bay Scallop","Argopecten irradians",50,2
"200609170823-136","Atlantic Bay Scallop","Argopecten irradians",52,2
"200609170823-136","Spotted Seatrout","Cynoscion nebulosus",43,1
"200609170907-147","Atlantic Bay Scallop","Argopecten irradians",58,1
"200609170907-147","Great Barracuda","Sphyraena barracuda",46,1
"200609171108-174","Spotted Seatrout","Cynoscion nebulosus",43,3
"200609171108-174","Spotted Seatrout","Cynoscion nebulosus",57,3
"200609171108-174","Spotted Seatrout","Cynoscion nebulosus",118,3
"200609171322-240","Atlantic Bay Scallop","Argopecten irradians",24,1
"200609171322-240","Spotted Seatrout","Cynoscion nebulosus",75,1
"200609181124-292","Spotted Seatrout","Cynoscion nebulosus",38,8
"200609181124-292","Spotted Seatrout","Cynoscion nebulosus",40,8
"200609181124-292","Spotted Seatrout","Cynoscion nebulosus",43,8
"200609181124-292","Spotted Seatrout","Cynoscion nebulosus",45,8
"200609181124-292","Spotted Seatrout","Cynoscion nebulosus",52,8
"200609181124-292","Spotted Seatrout","Cynoscion nebulosus",53,8
"200609181124-292","Spotted Seatrout","Cynoscion nebulosus",61,8
"200609181124-292","Spotted Seatrout","Cynoscion nebulosus",65,8
"200609181124-292","Lined Seahorse","Hippocampus erectus",110,1
"200609181243-268","Atlantic Spadefish","Chaetodipterus faber",51,1
"200609181243-268","Spotted Seatrout","Cynoscion nebulosus",30,3
"200609181243-268","Spotted Seatrout","Cynoscion nebulosus",56,3
"200609181243-268","Spotted Seatrout","Cynoscion nebulosus",59,3
"200609181243-268","Lined Seahorse","Hippocampus erectus",100,2
"200609181243-268","Lined Seahorse","Hippocampus erectus",135,2
"200609191021-324","Spotted Seatrout","Cynoscion nebulosus",135,1
"200609191143-326","Great Barracuda","Sphyraena barracuda",130,1
"200609191217-403","Great Barracuda","Sphyraena barracuda",145,1
"200609200951-302","Spotted Seatrout","Cynoscion nebulosus",50,1
"200609201054-609","Spotted Seatrout","Cynoscion nebulosus",205,1
"200609201136-283","Spotted Seatrout","Cynoscion nebulosus",49,2
"200609201136-283","Spotted Seatrout","Cynoscion nebulosus",50,2
"200609201207-294","Spotted Seatrout","Cynoscion nebulosus",56,1
"200609201327-256","Spotted Seatrout","Cynoscion nebulosus",64,2
"200609201327-256","Spotted Seatrout","Cynoscion nebulosus",65,2
"200609210949-280","Lined Seahorse","Hippocampus erectus",110,2
"200609210949-280","Lined Seahorse","Hippocampus erectus",135,2
"200609210949-280","Great Barracuda","Sphyraena barracuda",75,1
"200609211152-282","Spotted Seatrout","Cynoscion nebulosus",32,5
"200609211152-282","Spotted Seatrout","Cynoscion nebulosus",57,5
"200609211152-282","Spotted Seatrout","Cynoscion nebulosus",63,5
"200609211152-282","Spotted Seatrout","Cynoscion nebulosus",67,5
"200609211152-282","Spotted Seatrout","Cynoscion nebulosus",125,5
"200610100950-070","Spotted Seatrout","Cynoscion nebulosus",76,1
"200610101040-156","Blue Croaker","Corvula batabana",128,1
"200610101118-130","Blue Croaker","Corvula batabana",89,1
"200610101118-130","Hogfish","Lachnolaimus maximus",75,2
"200610101118-130","Hogfish","Lachnolaimus maximus",100,2
"200610101202-117","Spotted Seatrout","Cynoscion nebulosus",30,3
"200610101202-117","Spotted Seatrout","Cynoscion nebulosus",30,3
"200610101202-117","Spotted Seatrout","Cynoscion nebulosus",45,3
"200610101202-117","Lined Seahorse","Hippocampus erectus",135,1
"200610101252-106","Atlantic Bay Scallop","Argopecten irradians",52,1
"200610101357-101","Spotted Seatrout","Cynoscion nebulosus",128,1
"200610101357-101","Hogfish","Lachnolaimus maximus",95,1
"200610101444-020","Blue Croaker","Corvula batabana",109,1
"200610101444-020","Atlantic Spadefish","Chaetodipterus faber",75,3
"200610101444-020","Atlantic Spadefish","Chaetodipterus faber",77,3
"200610101444-020","Atlantic Spadefish","Chaetodipterus faber",82,3
"200610101444-020","Spotted Seatrout","Cynoscion nebulosus",51,1
"200610101444-020","Hogfish","Lachnolaimus maximus",82,1
"200610120936-119","Atlantic Bay Scallop","Argopecten irradians",53,1
"200610121041-024","Lined Seahorse","Hippocampus erectus",140,1
"200610121151-111","Spotted Seatrout","Cynoscion nebulosus",46,1
"200610121151-111","Lined Seahorse","Hippocampus erectus",130,1
"200610121241-112","Atlantic Bay Scallop","Argopecten irradians",51,1
"200610121353-122","Atlantic Bay Scallop","Argopecten irradians",37,4
"200610121353-122","Atlantic Bay Scallop","Argopecten irradians",46,4
"200610121353-122","Atlantic Bay Scallop","Argopecten irradians",49,4
"200610121353-122","Atlantic Bay Scallop","Argopecten irradians",51,4
"200610121353-122","Lined Seahorse","Hippocampus erectus",150,1
"200610121450-136","Spotted Seatrout","Cynoscion nebulosus",56,1
"200610130853-175","Spotted Seatrout","Cynoscion nebulosus",55,2
"200610130853-175","Spotted Seatrout","Cynoscion nebulosus",62,2
"200610130956-172","Spotted Seatrout","Cynoscion nebulosus",95,2
"200610130956-172","Spotted Seatrout","Cynoscion nebulosus",107,2
"200610131150-158","Spotted Seatrout","Cynoscion nebulosus",46,1
"200610131407-147","Spotted Seatrout","Cynoscion nebulosus",83,1
"200610140918-068","Spotted Seatrout","Cynoscion nebulosus",55,1
"200610141125-174","Spotted Seatrout","Cynoscion nebulosus",42,7
"200610141125-174","Spotted Seatrout","Cynoscion nebulosus",47,7
"200610141125-174","Spotted Seatrout","Cynoscion nebulosus",48,7
"200610141125-174","Spotted Seatrout","Cynoscion nebulosus",51,7
"200610141125-174","Spotted Seatrout","Cynoscion nebulosus",52,7
"200610141125-174","Spotted Seatrout","Cynoscion nebulosus",53,7
"200610141125-174","Spotted Seatrout","Cynoscion nebulosus",56,7
"200610141428-254","Lined Seahorse","Hippocampus erectus",110,1
"200610141516-266","Gag Grouper","Mycteroperca microlepis",245,1
"200610150838-325","Great Barracuda","Sphyraena barracuda",82,2
"200610150838-325","Great Barracuda","Sphyraena barracuda",94,2
"200610150919-324","Great Barracuda","Sphyraena barracuda",123,1
"200610160919-271","Spotted Seatrout","Cynoscion nebulosus",79,1
"200610160919-271","Great Barracuda","Sphyraena barracuda",133,1
"200610161304-242","Spotted Seatrout","Cynoscion nebulosus",79,1
"200610170915-278","Spotted Seatrout","Cynoscion nebulosus",46,1
"200610171012-265","Spotted Seatrout","Cynoscion nebulosus",83,1
"200610171058-279","Spotted Seatrout","Cynoscion nebulosus",45,6
"200610171058-279","Spotted Seatrout","Cynoscion nebulosus",47,6
"200610171058-279","Spotted Seatrout","Cynoscion nebulosus",51,6
"200610171058-279","Spotted Seatrout","Cynoscion nebulosus",52,6
"200610171058-279","Spotted Seatrout","Cynoscion nebulosus",92,6
"200610171058-279","Spotted Seatrout","Cynoscion nebulosus",145,6
"200610171152-280","Spotted Seatrout","Cynoscion nebulosus",75,3
"200610171152-280","Spotted Seatrout","Cynoscion nebulosus",82,3
"200610171152-280","Spotted Seatrout","Cynoscion nebulosus",124,3
"200610171335-269","Atlantic Spadefish","Chaetodipterus faber",72,4
"200610171335-269","Atlantic Spadefish","Chaetodipterus faber",104,4
"200610171335-269","Atlantic Spadefish","Chaetodipterus faber",105,4
"200610171335-269","Atlantic Spadefish","Chaetodipterus faber",108,4
"200610171335-269","Spotted Seatrout","Cynoscion nebulosus",31,2
"200610171335-269","Spotted Seatrout","Cynoscion nebulosus",31,2
"200610171446-283","Spotted Seatrout","Cynoscion nebulosus",72,3
"200610171446-283","Spotted Seatrout","Cynoscion nebulosus",78,3
"200610171446-283","Spotted Seatrout","Cynoscion nebulosus",84,3
"200610180926-312","Spotted Seatrout","Cynoscion nebulosus",130,1
"200610180926-312","Black Drum","Pogonias cromis",212,1
"200610181042-268","Atlantic Bay Scallop","Argopecten irradians",45,1
"200610181042-268","Spotted Seatrout","Cynoscion nebulosus",79,2
"200610181042-268","Spotted Seatrout","Cynoscion nebulosus",87,2
"200610181042-268","Caribbean Spiny Lobster","Panulirus argus",145,1
"200610181115-282","Spotted Seatrout","Cynoscion nebulosus",87,1
"200611090904-130","Blue Croaker","Corvula batabana",125,1
"200611090904-130","Gag Grouper","Mycteroperca microlepis",200,1
"200611091034-107","Blue Croaker","Corvula batabana",85,1
"200611091034-107","Lined Seahorse","Hippocampus erectus",126,3
"200611091034-107","Lined Seahorse","Hippocampus erectus",126,3
"200611091034-107","Lined Seahorse","Hippocampus erectus",170,3
"200611091136-106","Blue Croaker","Corvula batabana",95,1
"200611091218-020","Blue Croaker","Corvula batabana",115,1
"200611091218-020","Atlantic Spadefish","Chaetodipterus faber",63,1
"200611091308-021","Blue Croaker","Corvula batabana",94,1
"200611091439-112","Hogfish","Lachnolaimus maximus",135,1
"200611091520-124","Atlantic Bay Scallop","Argopecten irradians",43,1
"200611091520-124","Lined Seahorse","Hippocampus erectus",145,1
"200611091520-124","Great Barracuda","Sphyraena barracuda",65,1
"200611100815-251","Lined Seahorse","Hippocampus erectus",140,1
"200611100908-237","Spotted Seatrout","Cynoscion nebulosus",120,1
"200611101050-071","Spotted Seatrout","Cynoscion nebulosus",165,1
"200611101325-136","Great Barracuda","Sphyraena barracuda",121,1
"200611101449-123","Atlantic Bay Scallop","Argopecten irradians",56,1
"200611110904-159","Great Barracuda","Sphyraena barracuda",65,2
"200611110904-159","Great Barracuda","Sphyraena barracuda",110,2
"200611110951-143","Spotted Seatrout","Cynoscion nebulosus",92,1
"200611111052-158","Lined Seahorse","Hippocampus erectus",140,1
"200611111333-173","Lined Seahorse","Hippocampus erectus",135,1
"200611111333-173","Lane Snapper","Lutjanus synagris",135,1
"200611111333-173","Gag Grouper","Mycteroperca microlepis",260,1
"200611130850-067","Spotted Seatrout","Cynoscion nebulosus",83,3
"200611130850-067","Spotted Seatrout","Cynoscion nebulosus",90,3
"200611130850-067","Spotted Seatrout","Cynoscion nebulosus",132,3
"200611130850-067","Gray Snapper","Lutjanus griseus",63,1
"200611131044-156","Spotted Seatrout","Cynoscion nebulosus",195,1
"200611131144-176","Atlantic Bay Scallop","Argopecten irradians",64,1
"200611131144-176","Spotted Seatrout","Cynoscion nebulosus",124,2
"200611131144-176","Spotted Seatrout","Cynoscion nebulosus",138,2
"200611131246-253","Spotted Seatrout","Cynoscion nebulosus",91,2
"200611131246-253","Spotted Seatrout","Cynoscion nebulosus",96,2
"200611150820-278","Spotted Seatrout","Cynoscion nebulosus",122,1
"200611150940-266","Great Barracuda","Sphyraena barracuda",119,1
"200611151020-267","Spotted Seatrout","Cynoscion nebulosus",103,2
"200611151020-267","Spotted Seatrout","Cynoscion nebulosus",205,2
"200611151057-281","Spotted Seatrout","Cynoscion nebulosus",90,1
"200611151133-268","Spotted Seatrout","Cynoscion nebulosus",94,1
"200611151219-269","Lined Seahorse","Hippocampus erectus",115,1
"200611151407-284","Great Barracuda","Sphyraena barracuda",115,1
"200611160921-609","Spotted Seatrout","Cynoscion nebulosus",108,1
"200611161038-323","Spotted Seatrout","Cynoscion nebulosus",105,4
"200611161038-323","Spotted Seatrout","Cynoscion nebulosus",111,4
"200611161038-323","Spotted Seatrout","Cynoscion nebulosus",130,4
"200611161038-323","Spotted Seatrout","Cynoscion nebulosus",142,4
"200611161143-304","Great Barracuda","Sphyraena barracuda",298,1
"200611170911-619","Hogchoker","Trinectes maculatus",78,1
"200706071113-020","Atlantic Spadefish","Chaetodipterus faber",125,1
"200706071113-020","Caribbean Spiny Lobster","Panulirus argus",200,1
"200706071205-022","Lined Seahorse","Hippocampus erectus",65,3
"200706071205-022","Lined Seahorse","Hippocampus erectus",90,3
"200706071205-022","Lined Seahorse","Hippocampus erectus",98,3
"200706071313-024","Spotted Seatrout","Cynoscion nebulosus",36,1
"200706071313-024","Lined Seahorse","Hippocampus erectus",125,1
"200706071313-024","Hogfish","Lachnolaimus maximus",27,2
"200706071313-024","Hogfish","Lachnolaimus maximus",37,2
"200706071419-040","Atlantic Bay Scallop","Argopecten irradians",32,1
"200706071419-040","Lined Seahorse","Hippocampus erectus",165,1
"200706071419-040","Barred Hamlet","Hypoplectrus puella",86,2
"200706071419-040","Barred Hamlet","Hypoplectrus puella",95,2
"200706071419-040","Hogfish","Lachnolaimus maximus",32,5
"200706071419-040","Hogfish","Lachnolaimus maximus",32,5
"200706071419-040","Hogfish","Lachnolaimus maximus",37,5
"200706071419-040","Hogfish","Lachnolaimus maximus",80,5
"200706071419-040","Hogfish","Lachnolaimus maximus",82,5
"200706071500-111","Hogfish","Lachnolaimus maximus",32,1
"200706071500-111","Caribbean Spiny Lobster","Panulirus argus",230,1
"200706080927-067","Great Barracuda","Sphyraena barracuda",50,1
"200706081014-071","Sheepshead","Archosargus probatocephalus",37,1
"200706081014-071","Spotted Seatrout","Cynoscion nebulosus",45,1
"200706081115-171","Hogfish","Lachnolaimus maximus",72,1
"200706081441-146","Spotted Seatrout","Cynoscion nebulosus",36,1
"200706101025-118","Atlantic Bay Scallop","Argopecten irradians",34,4
"200706101025-118","Atlantic Bay Scallop","Argopecten irradians",38,4
"200706101025-118","Atlantic Bay Scallop","Argopecten irradians",39,4
"200706101025-118","Atlantic Bay Scallop","Argopecten irradians",42,4
"200706101338-158","Atlantic Bay Scallop","Argopecten irradians",29,5
"200706101338-158","Atlantic Bay Scallop","Argopecten irradians",34,5
"200706101338-158","Atlantic Bay Scallop","Argopecten irradians",34,5
"200706101338-158","Atlantic Bay Scallop","Argopecten irradians",36,5
"200706101338-158","Atlantic Bay Scallop","Argopecten irradians",38,5
"200706101338-158","Lined Seahorse","Hippocampus erectus",120,2
"200706101338-158","Lined Seahorse","Hippocampus erectus",181,2
"200706101425-168","Spotted Seatrout","Cynoscion nebulosus",30,1
"200706101506-169","Spotted Seatrout","Cynoscion nebulosus",41,2
"200706101506-169","Spotted Seatrout","Cynoscion nebulosus",43,2
"200706110838-244","Lined Seahorse","Hippocampus erectus",90,2
"200706110838-244","Lined Seahorse","Hippocampus erectus",100,2
"200706110916-243","Atlantic Bay Scallop","Argopecten irradians",18,12
"200706110916-243","Atlantic Bay Scallop","Argopecten irradians",19,12
"200706110916-243","Atlantic Bay Scallop","Argopecten irradians",19,12
"200706110916-243","Atlantic Bay Scallop","Argopecten irradians",19,12
"200706110916-243","Atlantic Bay Scallop","Argopecten irradians",19,12
"200706110916-243","Atlantic Bay Scallop","Argopecten irradians",23,12
"200706110916-243","Atlantic Bay Scallop","Argopecten irradians",23,12
"200706110916-243","Atlantic Bay Scallop","Argopecten irradians",25,12
"200706110916-243","Atlantic Bay Scallop","Argopecten irradians",26,12
"200706110916-243","Atlantic Bay Scallop","Argopecten irradians",30,12
"200706110916-243","Atlantic Bay Scallop","Argopecten irradians",35,12
"200706110916-243","Atlantic Bay Scallop","Argopecten irradians",38,12
"200706111032-227","Atlantic Bay Scallop","Argopecten irradians",19,5
"200706111032-227","Atlantic Bay Scallop","Argopecten irradians",25,5
"200706111032-227","Atlantic Bay Scallop","Argopecten irradians",26,5
"200706111032-227","Atlantic Bay Scallop","Argopecten irradians",30,5
"200706111032-227","Atlantic Bay Scallop","Argopecten irradians",35,5
"200706111032-227","Great Barracuda","Sphyraena barracuda",42,1
"200706111115-242","Atlantic Bay Scallop","Argopecten irradians",26,1
"200706111151-241","Atlantic Bay Scallop","Argopecten irradians",28,2
"200706111151-241","Atlantic Bay Scallop","Argopecten irradians",41,2
"200706111151-241","Spotted Seatrout","Cynoscion nebulosus",78,1
"200706111300-226","Atlantic Spadefish","Chaetodipterus faber",175,1
"200706111300-226","Lined Seahorse","Hippocampus erectus",141,1
"200706120855-255","Atlantic Bay Scallop","Argopecten irradians",32,4
"200706120855-255","Atlantic Bay Scallop","Argopecten irradians",35,4
"200706120855-255","Atlantic Bay Scallop","Argopecten irradians",37,4
"200706120855-255","Atlantic Bay Scallop","Argopecten irradians",40,4
"200706121205-268","Lined Seahorse","Hippocampus erectus",89,1
"200706130845-294","Lined Seahorse","Hippocampus erectus",75,1
"200706130921-292","Atlantic Bay Scallop","Argopecten irradians",31,1
"200706130921-292","Lined Seahorse","Hippocampus erectus",100,2
"200706130921-292","Lined Seahorse","Hippocampus erectus",125,2
"200706130921-292","Great Barracuda","Sphyraena barracuda",61,1
"200706130956-291","Atlantic Bay Scallop","Argopecten irradians",23,1
"200706130956-291","Lined Seahorse","Hippocampus erectus",112,2
"200706130956-291","Lined Seahorse","Hippocampus erectus",122,2
"200706131029-290","Atlantic Bay Scallop","Argopecten irradians",24,1
"200706131029-290","Lined Seahorse","Hippocampus erectus",80,2
"200706131029-290","Lined Seahorse","Hippocampus erectus",118,2
"200706131108-609","Atlantic Bay Scallop","Argopecten irradians",25,2
"200706131108-609","Atlantic Bay Scallop","Argopecten irradians",30,2
"200706131108-609","Lined Seahorse","Hippocampus erectus",115,1
"200706131245-304","Atlantic Bay Scallop","Argopecten irradians",27,1
"200706131245-304","Lined Seahorse","Hippocampus erectus",110,1
"200706131245-304","Caribbean Spiny Lobster","Panulirus argus",69,1
"200706151204-133","Spotted Seatrout","Cynoscion nebulosus",30,1
"200706151204-133","Bluestriped Grunt","Haemulon sciurus",141,1
"200706151410-239","Sheepshead","Archosargus probatocephalus",34,1
"200706151410-239","Spotted Seatrout","Cynoscion nebulosus",66,1
"200706151525-254","Atlantic Bay Scallop","Argopecten irradians",43,1
"200707101403-021","Hogfish","Lachnolaimus maximus",65,1
"200707101444-022","Barred Hamlet","Hypoplectrus puella",90,1
"200707101444-022","Hogfish","Lachnolaimus maximus",64,2
"200707101444-022","Hogfish","Lachnolaimus maximus",83,2
"200707110909-156","Hogfish","Lachnolaimus maximus",70,2
"200707110909-156","Hogfish","Lachnolaimus maximus",85,2
"200707110956-068","Lined Seahorse","Hippocampus erectus",53,1
"200707110956-068","Great Barracuda","Sphyraena barracuda",162,1
"200707111059-065","Hogfish","Lachnolaimus maximus",37,1
"200707111152-130","Atlantic Bay Scallop","Argopecten irradians",45,1
"200707111315-143","Spotted Seatrout","Cynoscion nebulosus",32,1
"200707111414-144","Atlantic Bay Scallop","Argopecten irradians",43,1
"200707121253-158","Atlantic Bay Scallop","Argopecten irradians",43,1
"200707131245-168","Atlantic Bay Scallop","Argopecten irradians",32,6
"200707131245-168","Atlantic Bay Scallop","Argopecten irradians",32,6
"200707131245-168","Atlantic Bay Scallop","Argopecten irradians",33,6
"200707131245-168","Atlantic Bay Scallop","Argopecten irradians",35,6
"200707131245-168","Atlantic Bay Scallop","Argopecten irradians",36,6
"200707131245-168","Atlantic Bay Scallop","Argopecten irradians",39,6
"200707151147-159","Bluestriped Grunt","Haemulon sciurus",53,2
"200707151147-159","Bluestriped Grunt","Haemulon sciurus",64,2
"200707151430-279","Atlantic Bay Scallop","Argopecten irradians",27,1
"200707151525-266","Lined Seahorse","Hippocampus erectus",130,1
"200707160915-258","Atlantic Bay Scallop","Argopecten irradians",32,1
"200707160915-258","Caribbean Spiny Lobster","Panulirus argus",97,2
"200707160915-258","Caribbean Spiny Lobster","Panulirus argus",100,2
"200707160956-244","Atlantic Bay Scallop","Argopecten irradians",32,2
"200707160956-244","Atlantic Bay Scallop","Argopecten irradians",34,2
"200707161045-243","Atlantic Bay Scallop","Argopecten irradians",22,2
"200707161045-243","Atlantic Bay Scallop","Argopecten irradians",28,2
"200707161145-242","Atlantic Bay Scallop","Argopecten irradians",19,8
"200707161145-242","Atlantic Bay Scallop","Argopecten irradians",35,8
"200707161145-242","Atlantic Bay Scallop","Argopecten irradians",35,8
"200707161145-242","Atlantic Bay Scallop","Argopecten irradians",35,8
"200707161145-242","Atlantic Bay Scallop","Argopecten irradians",36,8
"200707161145-242","Atlantic Bay Scallop","Argopecten irradians",40,8
"200707161145-242","Atlantic Bay Scallop","Argopecten irradians",40,8
"200707161145-242","Atlantic Bay Scallop","Argopecten irradians",41,8
"200707161247-241","Atlantic Bay Scallop","Argopecten irradians",38,1
"200707161404-255","Atlantic Bay Scallop","Argopecten irradians",41,1
"200707161446-254","Atlantic Bay Scallop","Argopecten irradians",38,2
"200707161446-254","Atlantic Bay Scallop","Argopecten irradians",40,2
"200707171313-291","Spotted Seatrout","Cynoscion nebulosus",39,1
"200707171313-291","Lined Seahorse","Hippocampus erectus",105,2
"200707171313-291","Lined Seahorse","Hippocampus erectus",154,2
"200707190851-304","Spotted Seatrout","Cynoscion nebulosus",45,1
"200707190851-304","Caribbean Spiny Lobster","Panulirus argus",100,1
"200707190851-304","Great Barracuda","Sphyraena barracuda",42,1
"200707190948-314","Caribbean Spiny Lobster","Panulirus argus",97,2
"200707190948-314","Caribbean Spiny Lobster","Panulirus argus",138,2
"200707191027-292","Atlantic Bay Scallop","Argopecten irradians",22,2
"200707191027-292","Atlantic Bay Scallop","Argopecten irradians",29,2
"200707191027-292","Spotted Seatrout","Cynoscion nebulosus",34,3
"200707191027-292","Spotted Seatrout","Cynoscion nebulosus",82,3
"200707191027-292","Spotted Seatrout","Cynoscion nebulosus",99,3
"200707191027-292","Lined Seahorse","Hippocampus erectus",105,3
"200707191027-292","Lined Seahorse","Hippocampus erectus",112,3
"200707191027-292","Lined Seahorse","Hippocampus erectus",120,3
"200707191129-282","Spotted Seatrout","Cynoscion nebulosus",34,7
"200707191129-282","Spotted Seatrout","Cynoscion nebulosus",36,7
"200707191129-282","Spotted Seatrout","Cynoscion nebulosus",36,7
"200707191129-282","Spotted Seatrout","Cynoscion nebulosus",38,7
"200707191129-282","Spotted Seatrout","Cynoscion nebulosus",41,7
"200707191129-282","Spotted Seatrout","Cynoscion nebulosus",42,7
"200707191129-282","Spotted Seatrout","Cynoscion nebulosus",50,7
"200707191237-283","Spotted Seatrout","Cynoscion nebulosus",36,2
"200707191237-283","Spotted Seatrout","Cynoscion nebulosus",50,2
"200707191322-269","Atlantic Bay Scallop","Argopecten irradians",29,2
"200707191322-269","Atlantic Bay Scallop","Argopecten irradians",30,2
"200707191322-269","Spotted Seatrout","Cynoscion nebulosus",31,2
"200707191322-269","Spotted Seatrout","Cynoscion nebulosus",45,2
"200707191322-269","Lined Seahorse","Hippocampus erectus",90,1
"200707191405-256","Spotted Seatrout","Cynoscion nebulosus",47,3
"200707191405-256","Spotted Seatrout","Cynoscion nebulosus",48,3
"200707191405-256","Spotted Seatrout","Cynoscion nebulosus",48,3
"200707191445-271","Spotted Seatrout","Cynoscion nebulosus",112,1
"200708070913-020","Hogfish","Lachnolaimus maximus",130,1
"200708071005-021","Hogfish","Lachnolaimus maximus",78,1
"200708071147-024","Bluestriped Grunt","Haemulon sciurus",72,1
"200708071147-024","Hogfish","Lachnolaimus maximus",64,2
"200708071147-024","Hogfish","Lachnolaimus maximus",68,2
"200708081030-119","Spotted Seatrout","Cynoscion nebulosus",30,1
"200708081225-106","Atlantic Bay Scallop","Argopecten irradians",48,1
"200708081225-106","Spotted Seatrout","Cynoscion nebulosus",37,1
"200708091115-156","Spotted Seatrout","Cynoscion nebulosus",54,1
"200708091115-156","Goliath Grouper","Epinephelus itajara",275,1
"200708091115-156","Caribbean Spiny Lobster","Panulirus argus",120,1
"200708091230-167","Spotted Seatrout","Cynoscion nebulosus",41,1
"200708091230-167","Hogfish","Lachnolaimus maximus",68,1
"200708101515-158","Spotted Seatrout","Cynoscion nebulosus",74,1
"200708101515-158","Lined Seahorse","Hippocampus erectus",120,1
"200708111350-315","Great Barracuda","Sphyraena barracuda",79,2
"200708111350-315","Great Barracuda","Sphyraena barracuda",175,2
"200708120940-292","Atlantic Bay Scallop","Argopecten irradians",30,12
"200708120940-292","Atlantic Bay Scallop","Argopecten irradians",31,12
"200708120940-292","Atlantic Bay Scallop","Argopecten irradians",31,12
"200708120940-292","Atlantic Bay Scallop","Argopecten irradians",35,12
"200708120940-292","Atlantic Bay Scallop","Argopecten irradians",35,12
"200708120940-292","Atlantic Bay Scallop","Argopecten irradians",37,12
"200708120940-292","Atlantic Bay Scallop","Argopecten irradians",37,12
"200708120940-292","Atlantic Bay Scallop","Argopecten irradians",38,12
"200708120940-292","Atlantic Bay Scallop","Argopecten irradians",38,12
"200708120940-292","Atlantic Bay Scallop","Argopecten irradians",38,12
"200708120940-292","Atlantic Bay Scallop","Argopecten irradians",42,12
"200708120940-292","Atlantic Bay Scallop","Argopecten irradians",47,12
"200708120940-292","Spotted Seatrout","Cynoscion nebulosus",55,1
"200708120940-292","Lined Seahorse","Hippocampus erectus",115,1
"200708121035-290","Atlantic Bay Scallop","Argopecten irradians",36,3
"200708121035-290","Atlantic Bay Scallop","Argopecten irradians",38,3
"200708121035-290","Atlantic Bay Scallop","Argopecten irradians",43,3
"200708121035-290","Lined Seahorse","Hippocampus erectus",115,2
"200708121035-290","Lined Seahorse","Hippocampus erectus",130,2
"200708131250-282","Atlantic Bay Scallop","Argopecten irradians",31,1
"200708131250-282","Atlantic Spadefish","Chaetodipterus faber",100,1
"200708131250-282","Spotted Seatrout","Cynoscion nebulosus",49,1
"200708150850-258","Spotted Seatrout","Cynoscion nebulosus",83,1
"200709090928-106","Atlantic Bay Scallop","Argopecten irradians",50,1
"200709090928-106","Hogfish","Lachnolaimus maximus",100,1
"200709091102-101","Bluestriped Grunt","Haemulon sciurus",73,1
"200709091102-101","Gray Snapper","Lutjanus griseus",31,4
"200709091102-101","Gray Snapper","Lutjanus griseus",34,4
"200709091102-101","Gray Snapper","Lutjanus griseus",35,4
"200709091102-101","Gray Snapper","Lutjanus griseus",50,4
"200709091102-101","Great Barracuda","Sphyraena barracuda",60,1
"200709091211-021","Atlantic Bay Scallop","Argopecten irradians",31,1
"200709091211-021","Sailor's Grunt","Haemulon parra",40,1
"200709091211-021","Gray Snapper","Lutjanus griseus",45,1
"200709091211-021","Great Barracuda","Sphyraena barracuda",41,2
"200709091211-021","Great Barracuda","Sphyraena barracuda",46,2
"200709091453-143","Great Barracuda","Sphyraena barracuda",65,1
"200709100847-040","Spotted Seatrout","Cynoscion nebulosus",51,1
"200709100847-040","Hogfish","Lachnolaimus maximus",120,1
"200709100847-040","Yellowtail Snapper","Ocyurus chrysurus",64,1
"200709100955-024","Lined Seahorse","Hippocampus erectus",115,1
"200709100955-024","Hogfish","Lachnolaimus maximus",110,2
"200709100955-024","Hogfish","Lachnolaimus maximus",135,2
"200709101136-107","Goliath Grouper","Epinephelus itajara",171,1
"200709110849-112","Spotted Seatrout","Cynoscion nebulosus",32,1
"200709110849-112","Great Barracuda","Sphyraena barracuda",24,1
"200709110942-123","Great Barracuda","Sphyraena barracuda",55,2
"200709110942-123","Great Barracuda","Sphyraena barracuda",70,2
"200709111157-135","Bluestriped Grunt","Haemulon sciurus",60,1
"200709111157-135","Great Barracuda","Sphyraena barracuda",44,2
"200709111157-135","Great Barracuda","Sphyraena barracuda",73,2
"200709111421-159","Spotted Seatrout","Cynoscion nebulosus",57,1
"200709120852-174","Barred Hamlet","Hypoplectrus puella",34,1
"200709120852-174","Gray Snapper","Lutjanus griseus",35,1
"200709121010-071","Goliath Grouper","Epinephelus itajara",181,1
"200709121058-168","Spotted Seatrout","Cynoscion nebulosus",31,1
"200709121153-169","Spotted Seatrout","Cynoscion nebulosus",110,1
"200709121418-240","Great Barracuda","Sphyraena barracuda",108,1
"200709130946-279","Atlantic Bay Scallop","Argopecten irradians",34,1
"200709131032-266","Spotted Seatrout","Cynoscion nebulosus",140,1
"200709131305-254","Spotted Seatrout","Cynoscion nebulosus",99,1
"200709131401-226","Atlantic Bay Scallop","Argopecten irradians",35,1
"200709131401-226","Caribbean Spiny Lobster","Panulirus argus",135,1
"200709140927-243","Great Barracuda","Sphyraena barracuda",45,2
"200709140927-243","Great Barracuda","Sphyraena barracuda",65,2
"200709141101-258","Great Barracuda","Sphyraena barracuda",75,1
"200709141138-257","Spotted Seatrout","Cynoscion nebulosus",93,1
"200709141227-256","Lined Seahorse","Hippocampus erectus",102,1
"200709141227-256","Great Barracuda","Sphyraena barracuda",86,1
"200709141341-291","Atlantic Bay Scallop","Argopecten irradians",35,2
"200709141341-291","Atlantic Bay Scallop","Argopecten irradians",42,2
"200709141341-291","Lined Seahorse","Hippocampus erectus",120,1
"200709141341-291","Great Barracuda","Sphyraena barracuda",186,1
"200709141420-290","Spotted Seatrout","Cynoscion nebulosus",110,1
"200709150835-304","Atlantic Bay Scallop","Argopecten irradians",36,1
"200709150835-304","Atlantic Spadefish","Chaetodipterus faber",83,1
"200709150835-304","Spotted Seatrout","Cynoscion nebulosus",80,1
"200709150835-304","Caribbean Spiny Lobster","Panulirus argus",120,2
"200709150835-304","Caribbean Spiny Lobster","Panulirus argus",130,2
"200709150947-302","Spotted Seatrout","Cynoscion nebulosus",66,1
"200709151004-407","Great Barracuda","Sphyraena barracuda",235,1
"200709151026-292","Atlantic Bay Scallop","Argopecten irradians",31,1
"200709151026-292","Spotted Seatrout","Cynoscion nebulosus",33,1
"200709151106-301","Spotted Seatrout","Cynoscion nebulosus",35,1
"200709151106-301","Great Barracuda","Sphyraena barracuda",130,1
"200710041115-073","Spotted Seatrout","Cynoscion nebulosus",140,1
"200710041115-073","Gray Snapper","Lutjanus griseus",32,2
"200710041115-073","Gray Snapper","Lutjanus griseus",51,2
"200710041418-117","Hogfish","Lachnolaimus maximus",100,2
"200710041418-117","Hogfish","Lachnolaimus maximus",125,2
"200710041418-117","Gray Snapper","Lutjanus griseus",46,1
"200710041530-054","Great Barracuda","Sphyraena barracuda",66,1
"200710050915-068","Gray Snapper","Lutjanus griseus",41,6
"200710050915-068","Gray Snapper","Lutjanus griseus",42,6
"200710050915-068","Gray Snapper","Lutjanus griseus",43,6
"200710050915-068","Gray Snapper","Lutjanus griseus",45,6
"200710050915-068","Gray Snapper","Lutjanus griseus",46,6
"200710050915-068","Gray Snapper","Lutjanus griseus",50,6
"200710050915-068","Great Barracuda","Sphyraena barracuda",57,2
"200710050915-068","Great Barracuda","Sphyraena barracuda",107,2
"200710051015-065","Spotted Seatrout","Cynoscion nebulosus",40,2
"200710051015-065","Spotted Seatrout","Cynoscion nebulosus",55,2
"200710051015-065","Great Barracuda","Sphyraena barracuda",43,2
"200710051015-065","Great Barracuda","Sphyraena barracuda",112,2
"200710051232-158","Great Barracuda","Sphyraena barracuda",93,1
"200710051455-173","Great Barracuda","Sphyraena barracuda",90,1
"200710051553-224","Great Barracuda","Sphyraena barracuda",109,1
"200710070840-324","Great Barracuda","Sphyraena barracuda",70,3
"200710070840-324","Great Barracuda","Sphyraena barracuda",126,3
"200710070840-324","Great Barracuda","Sphyraena barracuda",145,3
"200710071048-401","Great Barracuda","Sphyraena barracuda",160,1
"200710071129-619","Great Barracuda","Sphyraena barracuda",160,1
"200710080853-304","Spotted Seatrout","Cynoscion nebulosus",195,1
"200710080853-304","Great Barracuda","Sphyraena barracuda",150,1
"200710080947-292","Atlantic Bay Scallop","Argopecten irradians",41,4
"200710080947-292","Atlantic Bay Scallop","Argopecten irradians",42,4
"200710080947-292","Atlantic Bay Scallop","Argopecten irradians",44,4
"200710080947-292","Atlantic Bay Scallop","Argopecten irradians",46,4
"200710080947-292","Spotted Seatrout","Cynoscion nebulosus",130,1
"200710080947-292","Great Barracuda","Sphyraena barracuda",84,3
"200710080947-292","Great Barracuda","Sphyraena barracuda",119,3
"200710080947-292","Great Barracuda","Sphyraena barracuda",150,3
"200710081036-282","Lined Seahorse","Hippocampus erectus",100,1
"200710081127-290","Lined Seahorse","Hippocampus erectus",120,1
"200710081127-290","Great Barracuda","Sphyraena barracuda",123,1
"200710081223-609","Spotted Seatrout","Cynoscion nebulosus",66,1
"200710081327-312","Great Barracuda","Sphyraena barracuda",90,1
"200710081420-313","Spotted Seatrout","Cynoscion nebulosus",92,1
"200710091030-243","Great Barracuda","Sphyraena barracuda",60,1
"200710091114-227","Great Barracuda","Sphyraena barracuda",73,2
"200710091114-227","Great Barracuda","Sphyraena barracuda",140,2
"200710091249-240","Great Barracuda","Sphyraena barracuda",120,1
"200710091450-255","Caribbean Spiny Lobster","Panulirus argus",72,1
"200710091450-255","Great Barracuda","Sphyraena barracuda",68,1
"200710101032-106","Lined Seahorse","Hippocampus erectus",150,1
"200710101032-106","Hogfish","Lachnolaimus maximus",104,3
"200710101032-106","Hogfish","Lachnolaimus maximus",107,3
"200710101032-106","Hogfish","Lachnolaimus maximus",128,3
"200710101130-101","Atlantic Bay Scallop","Argopecten irradians",46,1
"200710101130-101","Gray Snapper","Lutjanus griseus",53,1
"200710101130-101","Great Barracuda","Sphyraena barracuda",25,1
"200710110858-124","Spotted Seatrout","Cynoscion nebulosus",78,1
"200710111048-111","Spotted Seatrout","Cynoscion nebulosus",37,1
"200710111048-111","Gray Snapper","Lutjanus griseus",55,1
"200710111151-040","Blue Croaker","Corvula batabana",160,1
"200710111151-040","Hogfish","Lachnolaimus maximus",118,1
"200710111319-136","Great Barracuda","Sphyraena barracuda",99,1
"200710111416-122","Great Barracuda","Sphyraena barracuda",135,1
"200710111515-159","Gray Snapper","Lutjanus griseus",58,2
"200710111515-159","Gray Snapper","Lutjanus griseus",78,2
"200710111515-159","Great Barracuda","Sphyraena barracuda",43,2
"200710111515-159","Great Barracuda","Sphyraena barracuda",135,2
"200710120910-134","Great Barracuda","Sphyraena barracuda",70,2
"200710120910-134","Great Barracuda","Sphyraena barracuda",103,2
"200710121017-168","Lined Seahorse","Hippocampus erectus",130,1
"200710121128-172","Atlantic Spadefish","Chaetodipterus faber",210,1
"200710121128-172","Goliath Grouper","Epinephelus itajara",410,1
"200710121128-172","Hogfish","Lachnolaimus maximus",120,1
"200710121128-172","Great Barracuda","Sphyraena barracuda",116,1
"200710121238-265","Great Barracuda","Sphyraena barracuda",88,1
"200710121357-278","Great Barracuda","Sphyraena barracuda",88,1
"200710130859-270","Great Barracuda","Sphyraena barracuda",78,2
"200710130859-270","Great Barracuda","Sphyraena barracuda",130,2
"200710131027-267","Caribbean Spiny Lobster","Panulirus argus",170,1
"200710131132-283","Great Barracuda","Sphyraena barracuda",28,1
"200711041212-326","Great Barracuda","Sphyraena barracuda",136,1
"200711041411-312","Great Barracuda","Sphyraena barracuda",151,1
"200711050917-156","Great Barracuda","Sphyraena barracuda",204,1
"200711051110-067","Spotted Seatrout","Cynoscion nebulosus",87,1
"200711051110-067","Gray Snapper","Lutjanus griseus",63,1
"200711051110-067","Great Barracuda","Sphyraena barracuda",40,2
"200711051110-067","Great Barracuda","Sphyraena barracuda",49,2
"200711051153-065","Atlantic Spadefish","Chaetodipterus faber",78,1
"200711051415-158","Lined Seahorse","Hippocampus erectus",135,1
"200711051415-158","Great Barracuda","Sphyraena barracuda",152,1
"200711060901-130","Blue Croaker","Corvula batabana",152,1
"200711060901-130","Hogfish","Lachnolaimus maximus",100,1
"200711061123-023","Great Barracuda","Sphyraena barracuda",176,1
"200711061209-024","Bluestriped Grunt","Haemulon sciurus",71,1
"200711061209-024","Gray Snapper","Lutjanus griseus",59,1
"200711061209-024","Great Barracuda","Sphyraena barracuda",92,1
"200711070842-137","Great Barracuda","Sphyraena barracuda",60,2
"200711070842-137","Great Barracuda","Sphyraena barracuda",116,2
"200711071306-159","Gray Snapper","Lutjanus griseus",66,1
"200711071343-145","Spotted Seatrout","Cynoscion nebulosus",30,2
"200711071343-145","Spotted Seatrout","Cynoscion nebulosus",31,2
"200711071436-176","Spotted Seatrout","Cynoscion nebulosus",57,2
"200711071436-176","Spotted Seatrout","Cynoscion nebulosus",87,2
"200711071436-176","Great Barracuda","Sphyraena barracuda",122,1
"200711101012-133","Gray Snapper","Lutjanus griseus",61,1
"200711101106-134","Great Barracuda","Sphyraena barracuda",118,1
"200711120930-267","Spotted Seatrout","Cynoscion nebulosus",175,1
"200711121105-280","Lined Seahorse","Hippocampus erectus",120,1
"200711121105-280","Great Barracuda","Sphyraena barracuda",55,1
"200711121159-291","Lined Seahorse","Hippocampus erectus",130,1
"200711130945-257","Great Barracuda","Sphyraena barracuda",85,1
"200711131035-268","Lined Seahorse","Hippocampus erectus",125,1
"200711131035-268","Great Barracuda","Sphyraena barracuda",178,1
"200711131116-269","Sheepshead","Archosargus probatocephalus",100,1
"200711131116-269","Atlantic Spadefish","Chaetodipterus faber",90,1
"200711131159-283","Great Barracuda","Sphyraena barracuda",98,1
"200711131234-284","Great Barracuda","Sphyraena barracuda",106,1
"200711131309-271","Bluestriped Grunt","Haemulon sciurus",73,2
"200711131309-271","Bluestriped Grunt","Haemulon sciurus",93,2
"200711131309-271","Gray Snapper","Lutjanus griseus",71,1
"200711131309-271","Caribbean Spiny Lobster","Panulirus argus",142,1
"200711131309-271","Great Barracuda","Sphyraena barracuda",125,1
"200806091141-054","Lined Seahorse","Hippocampus erectus",100,1
"200806091245-101","Spotted Seatrout","Cynoscion nebulosus",50,1
"200806091433-023","Spotted Seatrout","Cynoscion nebulosus",30,4
"200806091433-023","Spotted Seatrout","Cynoscion nebulosus",30,4
"200806091433-023","Spotted Seatrout","Cynoscion nebulosus",35,4
"200806091433-023","Spotted Seatrout","Cynoscion nebulosus",50,4
"200806091433-023","Hogfish","Lachnolaimus maximus",25,3
"200806091433-023","Hogfish","Lachnolaimus maximus",31,3
"200806091433-023","Hogfish","Lachnolaimus maximus",34,3
"200806091547-024","Atlantic Bay Scallop","Argopecten irradians",40,1
"200806091547-024","Lined Seahorse","Hippocampus erectus",75,1
"200806100855-071","Spotted Seatrout","Cynoscion nebulosus",41,1
"200806101050-157","Atlantic Bay Scallop","Argopecten irradians",28,1
"200806101410-146","Atlantic Bay Scallop","Argopecten irradians",24,2
"200806101410-146","Atlantic Bay Scallop","Argopecten irradians",26,2
"200806101410-146","Spotted Seatrout","Cynoscion nebulosus",45,1
"200806101554-124","Atlantic Bay Scallop","Argopecten irradians",20,2
"200806101554-124","Atlantic Bay Scallop","Argopecten irradians",35,2
"200806101554-124","Lined Seahorse","Hippocampus erectus",102,1
"200806101554-124","Caribbean Spiny Lobster","Panulirus argus",200,1
"200806110933-172","Atlantic Bay Scallop","Argopecten irradians",32,3
"200806110933-172","Atlantic Bay Scallop","Argopecten irradians",34,3
"200806110933-172","Atlantic Bay Scallop","Argopecten irradians",35,3
"200806110933-172","Sheepshead","Archosargus probatocephalus",40,1
"200806111035-176","Atlantic Bay Scallop","Argopecten irradians",35,4
"200806111035-176","Atlantic Bay Scallop","Argopecten irradians",36,4
"200806111035-176","Atlantic Bay Scallop","Argopecten irradians",40,4
"200806111035-176","Atlantic Bay Scallop","Argopecten irradians",41,4
"200806111035-176","Spotted Seatrout","Cynoscion nebulosus",58,1
"200806111035-176","Lined Seahorse","Hippocampus erectus",115,1
"200806111352-123","Spotted Seatrout","Cynoscion nebulosus",62,1
"200806120900-111","Atlantic Bay Scallop","Argopecten irradians",30,2
"200806120900-111","Atlantic Bay Scallop","Argopecten irradians",38,2
"200806120947-040","Atlantic Bay Scallop","Argopecten irradians",20,1
"200806121200-118","Atlantic Bay Scallop","Argopecten irradians",39,1
"200806121200-118","Spotted Seatrout","Cynoscion nebulosus",60,1
"200806121440-251","Sheepshead","Archosargus probatocephalus",55,1
"200806130904-243","Great Barracuda","Sphyraena barracuda",64,2
"200806130904-243","Great Barracuda","Sphyraena barracuda",78,2
"200806131448-254","Lined Seahorse","Hippocampus erectus",135,1
"200806141220-281","Lined Seahorse","Hippocampus erectus",70,3
"200806141220-281","Lined Seahorse","Hippocampus erectus",85,3
"200806141220-281","Lined Seahorse","Hippocampus erectus",133,3
"200806150807-271","Great Barracuda","Sphyraena barracuda",57,1
"200806160905-323","Caribbean Spiny Lobster","Panulirus argus",47,1
"200807080855-070","Spotted Seatrout","Cynoscion nebulosus",40,3
"200807080855-070","Spotted Seatrout","Cynoscion nebulosus",48,3
"200807080855-070","Spotted Seatrout","Cynoscion nebulosus",56,3
"200807080945-073","Spotted Seatrout","Cynoscion nebulosus",99,1
"200807081118-067","Spotted Seatrout","Cynoscion nebulosus",35,1
"200807081241-130","Caribbean Spiny Lobster","Panulirus argus",240,1
"200807091000-173","Caribbean Spiny Lobster","Panulirus argus",75,1
"200807091040-172","Spotted Seatrout","Cynoscion nebulosus",33,2
"200807091040-172","Spotted Seatrout","Cynoscion nebulosus",55,2
"200807091130-168","Atlantic Bay Scallop","Argopecten irradians",47,1
"200807091130-168","Spotted Seatrout","Cynoscion nebulosus",70,1
"200807091453-156","Gag Grouper","Mycteroperca microlepis",165,1
"200807100850-023","Spotted Seatrout","Cynoscion nebulosus",47,5
"200807100850-023","Spotted Seatrout","Cynoscion nebulosus",48,5
"200807100850-023","Spotted Seatrout","Cynoscion nebulosus",71,5
"200807100850-023","Spotted Seatrout","Cynoscion nebulosus",85,5
"200807100850-023","Spotted Seatrout","Cynoscion nebulosus",90,5
"200807100850-023","Hogfish","Lachnolaimus maximus",52,1
"200807101000-022","Hogfish","Lachnolaimus maximus",88,1
"200807101000-022","Great Barracuda","Sphyraena barracuda",115,1
"200807101100-021","Atlantic Bay Scallop","Argopecten irradians",55,1
"200807101100-021","Hogfish","Lachnolaimus maximus",52,2
"200807101100-021","Hogfish","Lachnolaimus maximus",75,2
"200807101100-021","Yellowtail Snapper","Ocyurus chrysurus",83,1
"200807101155-020","Mutton Snapper","Lutjanus analis",112,1
"200807101230-101","Spotted Seatrout","Cynoscion nebulosus",46,1
"200807101230-101","Goliath Grouper","Epinephelus itajara",480,1
"200807101230-101","Hogfish","Lachnolaimus maximus",48,3
"200807101230-101","Hogfish","Lachnolaimus maximus",55,3
"200807101230-101","Hogfish","Lachnolaimus maximus",160,3
"200807101230-101","Yellowtail Snapper","Ocyurus chrysurus",45,1
"200807120830-137","Great Barracuda","Sphyraena barracuda",60,2
"200807120830-137","Great Barracuda","Sphyraena barracuda",61,2
"200807120910-124","Great Barracuda","Sphyraena barracuda",70,2
"200807120910-124","Great Barracuda","Sphyraena barracuda",87,2
"200807121030-123","Great Barracuda","Sphyraena barracuda",57,1
"200807121105-136","Spotted Seatrout","Cynoscion nebulosus",77,1
"200807121332-609","Lined Seahorse","Hippocampus erectus",120,1
"200807130830-268","Lined Seahorse","Hippocampus erectus",125,1
"200807130855-291","Lined Seahorse","Hippocampus erectus",100,3
"200807130855-291","Lined Seahorse","Hippocampus erectus",105,3
"200807130855-291","Lined Seahorse","Hippocampus erectus",130,3
"200807130855-291","Caribbean Spiny Lobster","Panulirus argus",190,1
"200807131050-323","Southern Flounder","Paralichthys lethostigma",84,1
"200808090835-119","Mutton Snapper","Lutjanus analis",114,1
"200808090835-119","Great Barracuda","Sphyraena barracuda",110,2
"200808090835-119","Great Barracuda","Sphyraena barracuda",110,2
"200808090920-108","Spotted Seatrout","Cynoscion nebulosus",115,1
"200808090920-108","Mutton Snapper","Lutjanus analis",20,2
"200808090920-108","Mutton Snapper","Lutjanus analis",30,2
"200808090950-106","Hogfish","Lachnolaimus maximus",80,1
"200808090950-106","Mutton Snapper","Lutjanus analis",96,1
"200808091110-021","Spotted Seatrout","Cynoscion nebulosus",45,1
"200808091110-021","Hogfish","Lachnolaimus maximus",80,5
"200808091110-021","Hogfish","Lachnolaimus maximus",80,5
"200808091110-021","Hogfish","Lachnolaimus maximus",80,5
"200808091110-021","Hogfish","Lachnolaimus maximus",90,5
"200808091110-021","Hogfish","Lachnolaimus maximus",100,5
"200808091110-021","Yellowtail Snapper","Ocyurus chrysurus",75,1
"200808091200-022","Barred Hamlet","Hypoplectrus puella",55,1
"200808091200-022","Hogfish","Lachnolaimus maximus",66,1
"200808091252-024","Atlantic Bay Scallop","Argopecten irradians",52,1
"200808091252-024","Spotted Seatrout","Cynoscion nebulosus",43,1
"200808091252-024","Barred Hamlet","Hypoplectrus puella",45,2
"200808091252-024","Barred Hamlet","Hypoplectrus puella",45,2
"200808100820-137","Spotted Seatrout","Cynoscion nebulosus",109,1
"200808100945-122","Great Barracuda","Sphyraena barracuda",54,2
"200808100945-122","Great Barracuda","Sphyraena barracuda",90,2
"200808101240-147","Great Barracuda","Sphyraena barracuda",40,1
"200808101400-070","Spotted Seatrout","Cynoscion nebulosus",90,2
"200808101400-070","Spotted Seatrout","Cynoscion nebulosus",128,2
"200808111440-280","Lined Seahorse","Hippocampus erectus",120,2
"200808111440-280","Lined Seahorse","Hippocampus erectus",145,2
"200808121355-270","Lined Seahorse","Hippocampus erectus",115,1
"200808121355-270","Caribbean Spiny Lobster","Panulirus argus",115,2
"200808121355-270","Caribbean Spiny Lobster","Panulirus argus",220,2
"200808121630-269","Lined Seahorse","Hippocampus erectus",100,1
"200808121700-268","Lined Seahorse","Hippocampus erectus",110,1
"200808121728-282","Caribbean Spiny Lobster","Panulirus argus",145,1
"200808121800-283","Great Barracuda","Sphyraena barracuda",135,1
"200809130842-024","Spotted Seatrout","Cynoscion nebulosus",40,1
"200809130842-024","Barred Hamlet","Hypoplectrus puella",52,6
"200809130842-024","Barred Hamlet","Hypoplectrus puella",67,6
"200809130842-024","Barred Hamlet","Hypoplectrus puella",68,6
"200809130842-024","Barred Hamlet","Hypoplectrus puella",69,6
"200809130842-024","Barred Hamlet","Hypoplectrus puella",70,6
"200809130842-024","Barred Hamlet","Hypoplectrus puella",74,6
"200809130842-024","Great Barracuda","Sphyraena barracuda",62,1
"200809130930-023","Atlantic Bay Scallop","Argopecten irradians",56,1
"200809130930-023","Barred Hamlet","Hypoplectrus puella",110,3
"200809130930-023","Barred Hamlet","Hypoplectrus puella",114,3
"200809130930-023","Barred Hamlet","Hypoplectrus puella",115,3
"200809130930-023","Hogfish","Lachnolaimus maximus",65,8
"200809130930-023","Hogfish","Lachnolaimus maximus",73,8
"200809130930-023","Hogfish","Lachnolaimus maximus",77,8
"200809130930-023","Hogfish","Lachnolaimus maximus",80,8
"200809130930-023","Hogfish","Lachnolaimus maximus",82,8
"200809130930-023","Hogfish","Lachnolaimus maximus",88,8
"200809130930-023","Hogfish","Lachnolaimus maximus",95,8
"200809130930-023","Hogfish","Lachnolaimus maximus",101,8
"200809130930-023","Yellowtail Snapper","Ocyurus chrysurus",80,4
"200809130930-023","Yellowtail Snapper","Ocyurus chrysurus",95,4
"200809130930-023","Yellowtail Snapper","Ocyurus chrysurus",101,4
"200809130930-023","Yellowtail Snapper","Ocyurus chrysurus",110,4
"200809131010-021","Spotted Seatrout","Cynoscion nebulosus",38,1
"200809131010-021","Hogfish","Lachnolaimus maximus",95,3
"200809131010-021","Hogfish","Lachnolaimus maximus",105,3
"200809131010-021","Hogfish","Lachnolaimus maximus",115,3
"200809131055-106","Barred Hamlet","Hypoplectrus puella",115,1
"200809131055-106","Gag Grouper","Mycteroperca microlepis",220,1
"200809131055-106","Yellowtail Snapper","Ocyurus chrysurus",62,1
"200809131150-108","Lane Snapper","Lutjanus synagris",13,1
"200809131220-119","Great Barracuda","Sphyraena barracuda",85,1
"200809131255-118","Barred Hamlet","Hypoplectrus puella",49,1
"200809131255-118","Great Barracuda","Sphyraena barracuda",110,1
"200809131340-067","Spotted Seatrout","Cynoscion nebulosus",47,1
"200809131340-067","Great Barracuda","Sphyraena barracuda",50,1
"200809131415-070","Atlantic Spadefish","Chaetodipterus faber",56,2
"200809131415-070","Atlantic Spadefish","Chaetodipterus faber",166,2
"200809131415-070","Spotted Seatrout","Cynoscion nebulosus",33,2
"200809131415-070","Spotted Seatrout","Cynoscion nebulosus",34,2
"200809131415-070","Great Barracuda","Sphyraena barracuda",48,1
"200809131530-073","Barred Hamlet","Hypoplectrus puella",60,1
"200809131530-073","Hogfish","Lachnolaimus maximus",88,1
"200809131530-073","Great Barracuda","Sphyraena barracuda",84,1
"200809140855-136","Spotted Seatrout","Cynoscion nebulosus",42,1
"200809140855-136","Great Barracuda","Sphyraena barracuda",65,1
"200809141205-147","Spotted Seatrout","Cynoscion nebulosus",45,1
"200809141205-147","Great Barracuda","Sphyraena barracuda",60,4
"200809141205-147","Great Barracuda","Sphyraena barracuda",62,4
"200809141205-147","Great Barracuda","Sphyraena barracuda",81,4
"200809141205-147","Great Barracuda","Sphyraena barracuda",125,4
"200809141300-145","Atlantic Bay Scallop","Argopecten irradians",45,1
"200809141415-156","Spotted Seatrout","Cynoscion nebulosus",145,1
"200809141450-168","Atlantic Bay Scallop","Argopecten irradians",46,1
"200809141525-176","Great Barracuda","Sphyraena barracuda",55,1
"200809150845-172","Hogfish","Lachnolaimus maximus",95,3
"200809150845-172","Hogfish","Lachnolaimus maximus",104,3
"200809150845-172","Hogfish","Lachnolaimus maximus",135,3
"200809150845-172","Caribbean Spiny Lobster","Panulirus argus",130,1
"200809150930-174","Barred Hamlet","Hypoplectrus puella",48,1
"200809150930-174","Hogfish","Lachnolaimus maximus",73,1
"200809151035-279","Great Barracuda","Sphyraena barracuda",109,1
"200809151100-280","Caribbean Spiny Lobster","Panulirus argus",149,1
"200809151145-281","Lined Seahorse","Hippocampus erectus",120,1
"200809151145-281","Caribbean Spiny Lobster","Panulirus argus",135,1
"200809151145-281","Great Barracuda","Sphyraena barracuda",90,1
"200809151210-291","Great Barracuda","Sphyraena barracuda",195,1
"200809151240-290","Great Barracuda","Sphyraena barracuda",65,1
"200809151430-256","Lined Seahorse","Hippocampus erectus",105,2
"200809151430-256","Lined Seahorse","Hippocampus erectus",110,2
"200809160810-224","Caribbean Spiny Lobster","Panulirus argus",120,1
"200809160945-240","Great Barracuda","Sphyraena barracuda",98,1
"200809161110-227","Great Barracuda","Sphyraena barracuda",104,2
"200809161110-227","Great Barracuda","Sphyraena barracuda",125,2
"200809161135-242","Great Barracuda","Sphyraena barracuda",95,1
"200809161220-243","Great Barracuda","Sphyraena barracuda",100,2
"200809161220-243","Great Barracuda","Sphyraena barracuda",130,2
"200809161250-229","Lined Seahorse","Hippocampus erectus",92,1
"200809161320-244","Great Barracuda","Sphyraena barracuda",105,1
"200809161420-270","Lined Seahorse","Hippocampus erectus",90,4
"200809161420-270","Lined Seahorse","Hippocampus erectus",95,4
"200809161420-270","Lined Seahorse","Hippocampus erectus",115,4
"200809161420-270","Lined Seahorse","Hippocampus erectus",125,4
"200809161420-270","Great Barracuda","Sphyraena barracuda",43,2
"200809161420-270","Great Barracuda","Sphyraena barracuda",54,2
"200809161455-294","Great Barracuda","Sphyraena barracuda",105,1
"200809170815-315","Great Barracuda","Sphyraena barracuda",50,1
"200809170900-324","Great Barracuda","Sphyraena barracuda",75,1
"200809170934-323","Great Barracuda","Sphyraena barracuda",84,1
"200809171005-616","Great Barracuda","Sphyraena barracuda",247,1
"200809171040-621","Southern Flounder","Paralichthys lethostigma",120,1
"200809171040-621","Great Barracuda","Sphyraena barracuda",66,4
"200809171040-621","Great Barracuda","Sphyraena barracuda",68,4
"200809171040-621","Great Barracuda","Sphyraena barracuda",70,4
"200809171040-621","Great Barracuda","Sphyraena barracuda",100,4
"200809171135-403","Great Barracuda","Sphyraena barracuda",103,1
"200809171155-326","Great Barracuda","Sphyraena barracuda",53,2
"200809171155-326","Great Barracuda","Sphyraena barracuda",55,2
"200810110900-024","Hogfish","Lachnolaimus maximus",76,3
"200810110900-024","Hogfish","Lachnolaimus maximus",84,3
"200810110900-024","Hogfish","Lachnolaimus maximus",140,3
"200810110900-024","Caribbean Spiny Lobster","Panulirus argus",93,1
"200810110940-022","Hogfish","Lachnolaimus maximus",77,5
"200810110940-022","Hogfish","Lachnolaimus maximus",94,5
"200810110940-022","Hogfish","Lachnolaimus maximus",94,5
"200810110940-022","Hogfish","Lachnolaimus maximus",94,5
"200810110940-022","Hogfish","Lachnolaimus maximus",156,5
"200810110940-022","Yellowtail Snapper","Ocyurus chrysurus",73,5
"200810110940-022","Yellowtail Snapper","Ocyurus chrysurus",77,5
"200810110940-022","Yellowtail Snapper","Ocyurus chrysurus",78,5
"200810110940-022","Yellowtail Snapper","Ocyurus chrysurus",101,5
"200810110940-022","Yellowtail Snapper","Ocyurus chrysurus",103,5
"200810111045-106","Barred Hamlet","Hypoplectrus puella",82,1
"200810111045-106","Yellowtail Snapper","Ocyurus chrysurus",61,2
"200810111045-106","Yellowtail Snapper","Ocyurus chrysurus",100,2
"200810111045-106","Great Barracuda","Sphyraena barracuda",268,1
"200810111120-107","Yellowtail Snapper","Ocyurus chrysurus",92,1
"200810111245-118","Atlantic Bay Scallop","Argopecten irradians",52,1
"200810111245-118","Barred Hamlet","Hypoplectrus puella",69,3
"200810111245-118","Barred Hamlet","Hypoplectrus puella",80,3
"200810111245-118","Barred Hamlet","Hypoplectrus puella",89,3
"200810111315-117","Barred Hamlet","Hypoplectrus puella",63,4
"200810111315-117","Barred Hamlet","Hypoplectrus puella",65,4
"200810111315-117","Barred Hamlet","Hypoplectrus puella",73,4
"200810111315-117","Barred Hamlet","Hypoplectrus puella",76,4
"200810111315-117","Hogfish","Lachnolaimus maximus",68,3
"200810111315-117","Hogfish","Lachnolaimus maximus",70,3
"200810111315-117","Hogfish","Lachnolaimus maximus",75,3
"200810111315-117","Yellowtail Snapper","Ocyurus chrysurus",76,4
"200810111315-117","Yellowtail Snapper","Ocyurus chrysurus",76,4
"200810111315-117","Yellowtail Snapper","Ocyurus chrysurus",79,4
"200810111315-117","Yellowtail Snapper","Ocyurus chrysurus",99,4
"200810111440-070","Spotted Seatrout","Cynoscion nebulosus",52,3
"200810111440-070","Spotted Seatrout","Cynoscion nebulosus",56,3
"200810111440-070","Spotted Seatrout","Cynoscion nebulosus",99,3
"200810111440-070","Southern Flounder","Paralichthys lethostigma",255,1
"200810111440-070","Great Barracuda","Sphyraena barracuda",91,1
"200810111520-073","Great Barracuda","Sphyraena barracuda",88,2
"200810111520-073","Great Barracuda","Sphyraena barracuda",173,2
"200810120825-171","Barred Hamlet","Hypoplectrus puella",77,1
"200810120825-171","Hogfish","Lachnolaimus maximus",95,2
"200810120825-171","Hogfish","Lachnolaimus maximus",130,2
"200810120925-159","Spotted Seatrout","Cynoscion nebulosus",64,2
"200810120925-159","Spotted Seatrout","Cynoscion nebulosus",84,2
"200810120925-159","Great Barracuda","Sphyraena barracuda",115,1
"200810121250-067","Spotted Seatrout","Cynoscion nebulosus",99,1
"200810121325-156","Great Barracuda","Sphyraena barracuda",85,1
"200810131050-267","Great Barracuda","Sphyraena barracuda",165,1
"200810131335-226","Great Barracuda","Sphyraena barracuda",140,1
"200810140935-294","Great Barracuda","Sphyraena barracuda",140,1
"200810141105-281","Atlantic Spadefish","Chaetodipterus faber",180,1
"200810141105-281","Spotted Seatrout","Cynoscion nebulosus",60,2
"200810141105-281","Spotted Seatrout","Cynoscion nebulosus",64,2
"200810141136-291","Lined Seahorse","Hippocampus erectus",162,1
"200810141330-302","Great Barracuda","Sphyraena barracuda",110,1
"200810141405-292","Great Barracuda","Sphyraena barracuda",122,1
"200810141515-314","Lined Seahorse","Hippocampus erectus",100,1
"200810141540-315","Great Barracuda","Sphyraena barracuda",112,1
"200810150915-401","Caribbean Spiny Lobster","Panulirus argus",280,1
"200810150940-619","Great Barracuda","Sphyraena barracuda",105,3
"200810150940-619","Great Barracuda","Sphyraena barracuda",105,3
"200810150940-619","Great Barracuda","Sphyraena barracuda",300,3
"200811080940-105","Barred Hamlet","Hypoplectrus puella",76,1
"200811080940-105","Hogfish","Lachnolaimus maximus",85,1
"200811081015-022","Hogfish","Lachnolaimus maximus",185,1
"200811081045-021","Barred Hamlet","Hypoplectrus puella",84,3
"200811081045-021","Barred Hamlet","Hypoplectrus puella",88,3
"200811081045-021","Barred Hamlet","Hypoplectrus puella",93,3
"200811081045-021","Hogfish","Lachnolaimus maximus",75,5
"200811081045-021","Hogfish","Lachnolaimus maximus",90,5
"200811081045-021","Hogfish","Lachnolaimus maximus",100,5
"200811081045-021","Hogfish","Lachnolaimus maximus",109,5
"200811081045-021","Hogfish","Lachnolaimus maximus",114,5
"200811081045-021","Yellowtail Snapper","Ocyurus chrysurus",100,2
"200811081045-021","Yellowtail Snapper","Ocyurus chrysurus",110,2
"200811081120-020","Barred Hamlet","Hypoplectrus puella",50,10
"200811081120-020","Barred Hamlet","Hypoplectrus puella",68,10
"200811081120-020","Barred Hamlet","Hypoplectrus puella",73,10
"200811081120-020","Barred Hamlet","Hypoplectrus puella",75,10
"200811081120-020","Barred Hamlet","Hypoplectrus puella",77,10
"200811081120-020","Barred Hamlet","Hypoplectrus puella",78,10
"200811081120-020","Barred Hamlet","Hypoplectrus puella",88,10
"200811081120-020","Barred Hamlet","Hypoplectrus puella",90,10
"200811081120-020","Barred Hamlet","Hypoplectrus puella",90,10
"200811081120-020","Barred Hamlet","Hypoplectrus puella",90,10
"200811081120-020","Hogfish","Lachnolaimus maximus",87,6
"200811081120-020","Hogfish","Lachnolaimus maximus",87,6
"200811081120-020","Hogfish","Lachnolaimus maximus",88,6
"200811081120-020","Hogfish","Lachnolaimus maximus",101,6
"200811081120-020","Hogfish","Lachnolaimus maximus",115,6
"200811081120-020","Hogfish","Lachnolaimus maximus",150,6
"200811081120-020","Caribbean Spiny Lobster","Panulirus argus",230,1
"200811081500-068","Barred Hamlet","Hypoplectrus puella",70,3
"200811081500-068","Barred Hamlet","Hypoplectrus puella",84,3
"200811081500-068","Barred Hamlet","Hypoplectrus puella",94,3
"200811081535-171","Barred Hamlet","Hypoplectrus puella",68,2
"200811081535-171","Barred Hamlet","Hypoplectrus puella",70,2
"200811091235-147","Great Barracuda","Sphyraena barracuda",100,1
"200811091340-158","Blue Croaker","Corvula batabana",135,1
"200811091405-168","Great Barracuda","Sphyraena barracuda",123,1
"200811120800-404","Great Barracuda","Sphyraena barracuda",62,1
"200811120825-407","Great Barracuda","Sphyraena barracuda",155,1
"200811120935-618","Great Barracuda","Sphyraena barracuda",190,1
"200811120955-616","Great Barracuda","Sphyraena barracuda",180,1
"200906061500-618","Lined Seahorse","Hippocampus erectus",7,1
"200906070900-040","Gray Snapper","Lutjanus griseus",180,1
"200906071010-021","Gray Snapper","Lutjanus griseus",150,5
"200906071010-021","Gray Snapper","Lutjanus griseus",160,5
"200906071010-021","Gray Snapper","Lutjanus griseus",180,5
"200906071010-021","Gray Snapper","Lutjanus griseus",200,5
"200906071010-021","Gray Snapper","Lutjanus griseus",200,5
"200906071045-108","Gray Snapper","Lutjanus griseus",100,5
"200906071045-108","Gray Snapper","Lutjanus griseus",110,5
"200906071045-108","Gray Snapper","Lutjanus griseus",110,5
"200906071045-108","Gray Snapper","Lutjanus griseus",110,5
"200906071045-108","Gray Snapper","Lutjanus griseus",210,5
"200906071110-119","Great Barracuda","Sphyraena barracuda",72,3
"200906071110-119","Great Barracuda","Sphyraena barracuda",80,3
"200906071110-119","Great Barracuda","Sphyraena barracuda",105,3
"200906071142-067","Gray Snapper","Lutjanus griseus",193,2
"200906071142-067","Gray Snapper","Lutjanus griseus",200,2
"200906071203-070","Sheepshead","Archosargus probatocephalus",24,1
"200906071355-159","Sheepshead","Archosargus probatocephalus",35,1
"200906071427-134","Gray Snapper","Lutjanus griseus",190,1
"200906071427-134","Caribbean Spiny Lobster","Panulirus argus",200,1
"200906071451-147","Spotted Seatrout","Cynoscion nebulosus",66,1
"200906081002-176","Spotted Seatrout","Cynoscion nebulosus",47,1
"200906081440-256","Lined Seahorse","Hippocampus erectus",125,1
"200906091307-229","Gray Snapper","Lutjanus griseus",95,2
"200906091307-229","Gray Snapper","Lutjanus griseus",102,2
"200906091433-257","Lined Seahorse","Hippocampus erectus",160,1
"200906101126-290","Lined Seahorse","Hippocampus erectus",150,1
"200906101208-292","Lined Seahorse","Hippocampus erectus",155,1
"200907110915-147","Great Barracuda","Sphyraena barracuda",85,1
"200907111213-021","Spotted Seatrout","Cynoscion nebulosus",48,1
"200907111213-021","Barred Hamlet","Hypoplectrus puella",120,1
"200907111213-021","Gray Snapper","Lutjanus griseus",200,1
"200907111316-101","Gray Snapper","Lutjanus griseus",128,6
"200907111316-101","Gray Snapper","Lutjanus griseus",130,6
"200907111316-101","Gray Snapper","Lutjanus griseus",130,6
"200907111316-101","Gray Snapper","Lutjanus griseus",135,6
"200907111316-101","Gray Snapper","Lutjanus griseus",135,6
"200907111316-101","Gray Snapper","Lutjanus griseus",200,6
"200907111350-107","Spotted Seatrout","Cynoscion nebulosus",31,4
"200907111350-107","Spotted Seatrout","Cynoscion nebulosus",32,4
"200907111350-107","Spotted Seatrout","Cynoscion nebulosus",37,4
"200907111350-107","Spotted Seatrout","Cynoscion nebulosus",59,4
"200907111350-107","Barred Hamlet","Hypoplectrus puella",46,1
"200907111350-107","Gray Snapper","Lutjanus griseus",188,2
"200907111350-107","Gray Snapper","Lutjanus griseus",210,2
"200907111428-119","Spotted Seatrout","Cynoscion nebulosus",41,1
"200907111428-119","Gray Snapper","Lutjanus griseus",115,6
"200907111428-119","Gray Snapper","Lutjanus griseus",200,6
"200907111428-119","Gray Snapper","Lutjanus griseus",200,6
"200907111428-119","Gray Snapper","Lutjanus griseus",210,6
"200907111428-119","Gray Snapper","Lutjanus griseus",210,6
"200907111428-119","Gray Snapper","Lutjanus griseus",230,6
"200907111459-117","Gray Snapper","Lutjanus griseus",140,4
"200907111459-117","Gray Snapper","Lutjanus griseus",200,4
"200907111459-117","Gray Snapper","Lutjanus griseus",200,4
"200907111459-117","Gray Snapper","Lutjanus griseus",215,4
"200907111525-130","Gray Snapper","Lutjanus griseus",220,2
"200907111525-130","Gray Snapper","Lutjanus griseus",230,2
"200907111550-067","Spotted Seatrout","Cynoscion nebulosus",32,6
"200907111550-067","Spotted Seatrout","Cynoscion nebulosus",36,6
"200907111550-067","Spotted Seatrout","Cynoscion nebulosus",44,6
"200907111550-067","Spotted Seatrout","Cynoscion nebulosus",55,6
"200907111550-067","Spotted Seatrout","Cynoscion nebulosus",59,6
"200907111550-067","Spotted Seatrout","Cynoscion nebulosus",70,6
"200907111550-067","Gray Snapper","Lutjanus griseus",190,3
"200907111550-067","Gray Snapper","Lutjanus griseus",190,3
"200907111550-067","Gray Snapper","Lutjanus griseus",215,3
"200907111550-067","Southern Flounder","Paralichthys lethostigma",72,1
"200907111616-068","Spotted Seatrout","Cynoscion nebulosus",34,2
"200907111616-068","Spotted Seatrout","Cynoscion nebulosus",53,2
"200907111616-068","Hogfish","Lachnolaimus maximus",35,1
"200907111616-068","Gray Snapper","Lutjanus griseus",210,2
"200907111616-068","Gray Snapper","Lutjanus griseus",218,2
"200907111645-070","Sheepshead","Archosargus probatocephalus",42,1
"200907111645-070","Spotted Seatrout","Cynoscion nebulosus",36,3
"200907111645-070","Spotted Seatrout","Cynoscion nebulosus",38,3
"200907111645-070","Spotted Seatrout","Cynoscion nebulosus",42,3
"200907111645-070","Gray Snapper","Lutjanus griseus",140,6
"200907111645-070","Gray Snapper","Lutjanus griseus",150,6
"200907111645-070","Gray Snapper","Lutjanus griseus",200,6
"200907111645-070","Gray Snapper","Lutjanus griseus",210,6
"200907111645-070","Gray Snapper","Lutjanus griseus",225,6
"200907111645-070","Gray Snapper","Lutjanus griseus",230,6
"200907120825-251","Gray Snapper","Lutjanus griseus",150,1
"200907120938-071","Spotted Seatrout","Cynoscion nebulosus",46,1
"200907120938-071","Hogfish","Lachnolaimus maximus",75,1
"200907120938-071","Gray Snapper","Lutjanus griseus",100,12
"200907120938-071","Gray Snapper","Lutjanus griseus",113,12
"200907120938-071","Gray Snapper","Lutjanus griseus",130,12
"200907120938-071","Gray Snapper","Lutjanus griseus",130,12
"200907120938-071","Gray Snapper","Lutjanus griseus",144,12
"200907120938-071","Gray Snapper","Lutjanus griseus",185,12
"200907120938-071","Gray Snapper","Lutjanus griseus",210,12
"200907120938-071","Gray Snapper","Lutjanus griseus",220,12
"200907120938-071","Gray Snapper","Lutjanus griseus",225,12
"200907120938-071","Gray Snapper","Lutjanus griseus",230,12
"200907120938-071","Gray Snapper","Lutjanus griseus",230,12
"200907120938-071","Gray Snapper","Lutjanus griseus",240,12
"200907121007-073","Spotted Seatrout","Cynoscion nebulosus",30,4
"200907121007-073","Spotted Seatrout","Cynoscion nebulosus",34,4
"200907121007-073","Spotted Seatrout","Cynoscion nebulosus",44,4
"200907121007-073","Spotted Seatrout","Cynoscion nebulosus",72,4
"200907121007-073","Gray Snapper","Lutjanus griseus",100,2
"200907121007-073","Gray Snapper","Lutjanus griseus",155,2
"200907121032-171","Gray Snapper","Lutjanus griseus",120,8
"200907121032-171","Gray Snapper","Lutjanus griseus",135,8
"200907121032-171","Gray Snapper","Lutjanus griseus",140,8
"200907121032-171","Gray Snapper","Lutjanus griseus",140,8
"200907121032-171","Gray Snapper","Lutjanus griseus",140,8
"200907121032-171","Gray Snapper","Lutjanus griseus",160,8
"200907121032-171","Gray Snapper","Lutjanus griseus",200,8
"200907121032-171","Gray Snapper","Lutjanus griseus",240,8
"200907121145-279","Gray Snapper","Lutjanus griseus",140,1
"200907121251-267","Gray Snapper","Lutjanus griseus",100,3
"200907121251-267","Gray Snapper","Lutjanus griseus",130,3
"200907121251-267","Gray Snapper","Lutjanus griseus",145,3
"200907121515-302","Gray Snapper","Lutjanus griseus",165,1
"200907121602-291","Gray Snapper","Lutjanus griseus",121,2
"200907121602-291","Gray Snapper","Lutjanus griseus",220,2
"200907130942-239","Great Barracuda","Sphyraena barracuda",110,1
"200907131016-254","Gray Snapper","Lutjanus griseus",230,1
"200907131117-226","Gray Snapper","Lutjanus griseus",240,1
"200907131400-257","Caribbean Spiny Lobster","Panulirus argus",110,1
"200907131446-268","Gray Snapper","Lutjanus griseus",230,1
"200907131530-270","Gray Snapper","Lutjanus griseus",210,1
"200907140810-271","Great Barracuda","Sphyraena barracuda",71,2
"200907140810-271","Great Barracuda","Sphyraena barracuda",71,2
"200907140944-281","Gray Snapper","Lutjanus griseus",120,2
"200907140944-281","Gray Snapper","Lutjanus griseus",130,2
"200907141139-323","Spotted Seatrout","Cynoscion nebulosus",51,1
"200907141422-402","Great Barracuda","Sphyraena barracuda",80,1
"200907150824-326","Great Barracuda","Sphyraena barracuda",85,1
"200908080845-133","Gray Snapper","Lutjanus griseus",230,1
"200908080920-135","Great Barracuda","Sphyraena barracuda",65,1
"200908081049-023","Hogfish","Lachnolaimus maximus",90,2
"200908081049-023","Hogfish","Lachnolaimus maximus",170,2
"200908081049-023","Gray Snapper","Lutjanus griseus",115,1
"200908081049-023","Yellowtail Snapper","Ocyurus chrysurus",55,1
"200908081111-022","Barred Hamlet","Hypoplectrus puella",110,2
"200908081111-022","Barred Hamlet","Hypoplectrus puella",115,2
"200908081111-022","Hogfish","Lachnolaimus maximus",105,2
"200908081111-022","Hogfish","Lachnolaimus maximus",115,2
"200908081111-022","Gray Snapper","Lutjanus griseus",155,1
"200908081134-021","Spotted Seatrout","Cynoscion nebulosus",84,1
"200908081134-021","Barred Hamlet","Hypoplectrus puella",70,3
"200908081134-021","Barred Hamlet","Hypoplectrus puella",74,3
"200908081134-021","Barred Hamlet","Hypoplectrus puella",115,3
"200908081134-021","Hogfish","Lachnolaimus maximus",41,1
"200908081134-021","Gray Snapper","Lutjanus griseus",123,3
"200908081134-021","Gray Snapper","Lutjanus griseus",140,3
"200908081134-021","Gray Snapper","Lutjanus griseus",230,3
"200908081232-101","Barred Hamlet","Hypoplectrus puella",55,2
"200908081232-101","Barred Hamlet","Hypoplectrus puella",55,2
"200908081232-101","Hogfish","Lachnolaimus maximus",55,1
"200908081232-101","Great Barracuda","Sphyraena barracuda",65,1
"200908081253-106","Spotted Seatrout","Cynoscion nebulosus",43,1
"200908081253-106","Gray Snapper","Lutjanus griseus",135,2
"200908081253-106","Gray Snapper","Lutjanus griseus",140,2
"200908081323-119","Gray Snapper","Lutjanus griseus",140,1
"200908081357-130","Barred Hamlet","Hypoplectrus puella",45,1
"200908081357-130","Hogfish","Lachnolaimus maximus",50,1
"200908081357-130","Gray Snapper","Lutjanus griseus",135,5
"200908081357-130","Gray Snapper","Lutjanus griseus",135,5
"200908081357-130","Gray Snapper","Lutjanus griseus",150,5
"200908081357-130","Gray Snapper","Lutjanus griseus",230,5
"200908081357-130","Gray Snapper","Lutjanus griseus",230,5
"200908081425-068","Spotted Seatrout","Cynoscion nebulosus",59,1
"200908081531-071","Spotted Seatrout","Cynoscion nebulosus",150,1
"200908081531-071","Gray Snapper","Lutjanus griseus",125,4
"200908081531-071","Gray Snapper","Lutjanus griseus",155,4
"200908081531-071","Gray Snapper","Lutjanus griseus",225,4
"200908081531-071","Gray Snapper","Lutjanus griseus",230,4
"200908081531-071","Caribbean Spiny Lobster","Panulirus argus",155,1
"200908081537-073","Gray Snapper","Lutjanus griseus",140,6
"200908081537-073","Gray Snapper","Lutjanus griseus",145,6
"200908081537-073","Gray Snapper","Lutjanus griseus",150,6
"200908081537-073","Gray Snapper","Lutjanus griseus",155,6
"200908081537-073","Gray Snapper","Lutjanus griseus",165,6
"200908081537-073","Gray Snapper","Lutjanus griseus",185,6
"200908090838-144","Barred Hamlet","Hypoplectrus puella",40,2
"200908090838-144","Barred Hamlet","Hypoplectrus puella",60,2
"200908090838-144","Gray Snapper","Lutjanus griseus",130,6
"200908090838-144","Gray Snapper","Lutjanus griseus",130,6
"200908090838-144","Gray Snapper","Lutjanus griseus",140,6
"200908090838-144","Gray Snapper","Lutjanus griseus",140,6
"200908090838-144","Gray Snapper","Lutjanus griseus",145,6
"200908090838-144","Gray Snapper","Lutjanus griseus",215,6
"200908090944-172","Gray Snapper","Lutjanus griseus",110,1
"200908091043-278","Spotted Seatrout","Cynoscion nebulosus",69,1
"200908091101-279","Gray Snapper","Lutjanus griseus",130,1
"200908091138-267","Caribbean Spiny Lobster","Panulirus argus",105,1
"200908091156-280","Gray Snapper","Lutjanus griseus",140,2
"200908091156-280","Gray Snapper","Lutjanus griseus",145,2
"200908091439-609","Spotted Seatrout","Cynoscion nebulosus",120,1
"200908091538-283","Lined Seahorse","Hippocampus erectus",120,1
"200908091538-283","Great Barracuda","Sphyraena barracuda",65,1
"200908100813-244","Great Barracuda","Sphyraena barracuda",120,1
"200908101022-240","Gray Snapper","Lutjanus griseus",140,1
"200908101341-268","Gray Snapper","Lutjanus griseus",160,1
"200908110829-324","Gray Snapper","Lutjanus griseus",120,1
"200908110933-304","Great Barracuda","Sphyraena barracuda",75,1
"200908111113-622","Gray Snapper","Lutjanus griseus",160,1
"200908111342-407","Great Barracuda","Sphyraena barracuda",145,1
"200909121038-040","Gray Snapper","Lutjanus griseus",150,2
"200909121038-040","Gray Snapper","Lutjanus griseus",155,2
"200909121104-023","Gray Snapper","Lutjanus griseus",140,4
"200909121104-023","Gray Snapper","Lutjanus griseus",140,4
"200909121104-023","Gray Snapper","Lutjanus griseus",144,4
"200909121104-023","Gray Snapper","Lutjanus griseus",155,4
"200909121136-021","Gray Snapper","Lutjanus griseus",170,1
"200909121222-101","Gray Snapper","Lutjanus griseus",150,1
"200909121222-101","Great Barracuda","Sphyraena barracuda",50,1
"200909121248-065","Hogfish","Lachnolaimus maximus",72,1
"200909121248-065","Gray Snapper","Lutjanus griseus",168,1
"200909121310-130","Barred Hamlet","Hypoplectrus puella",60,1
"200909121310-130","Gray Snapper","Lutjanus griseus",145,5
"200909121310-130","Gray Snapper","Lutjanus griseus",160,5
"200909121310-130","Gray Snapper","Lutjanus griseus",215,5
"200909121310-130","Gray Snapper","Lutjanus griseus",225,5
"200909121310-130","Gray Snapper","Lutjanus griseus",235,5
"200909121328-143","Gray Snapper","Lutjanus griseus",140,3
"200909121328-143","Gray Snapper","Lutjanus griseus",150,3
"200909121328-143","Gray Snapper","Lutjanus griseus",190,3
"200909121348-144","Gray Snapper","Lutjanus griseus",72,19
"200909121348-144","Gray Snapper","Lutjanus griseus",74,19
"200909121348-144","Gray Snapper","Lutjanus griseus",85,19
"200909121348-144","Gray Snapper","Lutjanus griseus",101,19
"200909121348-144","Gray Snapper","Lutjanus griseus",105,19
"200909121348-144","Gray Snapper","Lutjanus griseus",132,19
"200909121348-144","Gray Snapper","Lutjanus griseus",140,19
"200909121348-144","Gray Snapper","Lutjanus griseus",142,19
"200909121348-144","Gray Snapper","Lutjanus griseus",152,19
"200909121348-144","Gray Snapper","Lutjanus griseus",154,19
"200909121348-144","Gray Snapper","Lutjanus griseus",160,19
"200909121348-144","Gray Snapper","Lutjanus griseus",174,19
"200909121348-144","Gray Snapper","Lutjanus griseus",175,19
"200909121348-144","Gray Snapper","Lutjanus griseus",188,19
"200909121348-144","Gray Snapper","Lutjanus griseus",230,19
"200909121348-144","Gray Snapper","Lutjanus griseus",240,19
"200909121348-144","Gray Snapper","Lutjanus griseus",245,19
"200909121348-144","Gray Snapper","Lutjanus griseus",250,19
"200909121348-144","Gray Snapper","Lutjanus griseus",255,19
"200909121412-158","Gray Snapper","Lutjanus griseus",155,1
"200909121545-073","Gray Snapper","Lutjanus griseus",160,2
"200909121545-073","Gray Snapper","Lutjanus griseus",230,2
"200909131010-171","Gray Snapper","Lutjanus griseus",145,5
"200909131010-171","Gray Snapper","Lutjanus griseus",160,5
"200909131010-171","Gray Snapper","Lutjanus griseus",165,5
"200909131010-171","Gray Snapper","Lutjanus griseus",240,5
"200909131010-171","Gray Snapper","Lutjanus griseus",250,5
"200909131057-278","Gray Snapper","Lutjanus griseus",155,1
"200909131128-266","Great Barracuda","Sphyraena barracuda",100,1
"200909131203-282","Gray Snapper","Lutjanus griseus",160,1
"200909131249-271","Great Barracuda","Sphyraena barracuda",85,1
"200909131724-324","Gray Snapper","Lutjanus griseus",165,1
"200909131800-408","Great Barracuda","Sphyraena barracuda",155,1
"200909140816-294","Great Barracuda","Sphyraena barracuda",70,2
"200909140816-294","Great Barracuda","Sphyraena barracuda",75,2
"200909140853-281","Gray Snapper","Lutjanus griseus",150,2
"200909140853-281","Gray Snapper","Lutjanus griseus",180,2
"200909140853-281","Caribbean Spiny Lobster","Panulirus argus",115,1
"200909140911-280","Gray Snapper","Lutjanus griseus",180,2
"200909140911-280","Gray Snapper","Lutjanus griseus",195,2
"200909141056-225","Great Barracuda","Sphyraena barracuda",75,1
"200909141314-244","Great Barracuda","Sphyraena barracuda",215,1
"200909141401-268","Great Barracuda","Sphyraena barracuda",105,1
"200909141419-269","Spotted Seatrout","Cynoscion nebulosus",160,1
"200909141437-291","Atlantic Spadefish","Chaetodipterus faber",160,1
"200909141437-291","Great Barracuda","Sphyraena barracuda",80,1
"200909141500-292","Gray Snapper","Lutjanus griseus",170,1
"200909141500-292","Great Barracuda","Sphyraena barracuda",55,2
"200909141500-292","Great Barracuda","Sphyraena barracuda",155,2
"200909150920-302","Spotted Seatrout","Cynoscion nebulosus",84,1
"200909150920-302","Great Barracuda","Sphyraena barracuda",160,1
"200909150944-301","Gray Snapper","Lutjanus griseus",160,1
"200909151020-609","Gray Snapper","Lutjanus griseus",135,3
"200909151020-609","Gray Snapper","Lutjanus griseus",145,3
"200909151020-609","Gray Snapper","Lutjanus griseus",160,3
"200909151043-312","Gray Snapper","Lutjanus griseus",190,1
"200909151043-312","Great Barracuda","Sphyraena barracuda",80,2
"200909151043-312","Great Barracuda","Sphyraena barracuda",85,2
"200909151058-313","Atlantic Spadefish","Chaetodipterus faber",95,1
"200909151058-313","Spotted Seatrout","Cynoscion nebulosus",125,2
"200909151058-313","Spotted Seatrout","Cynoscion nebulosus",145,2
"200909151058-313","Gray Snapper","Lutjanus griseus",185,2
"200909151058-313","Gray Snapper","Lutjanus griseus",210,2
"200909151058-313","Great Barracuda","Sphyraena barracuda",185,1
"200909151122-323","Great Barracuda","Sphyraena barracuda",275,1
"200909151300-619","Lined Seahorse","Hippocampus erectus",100,1
"200909151315-401","Caribbean Spiny Lobster","Panulirus argus",200,1
"200909151329-402","Gray Snapper","Lutjanus griseus",125,1
"20090915NA-315","Great Barracuda","Sphyraena barracuda",75,1
"200910100957-325","Great Barracuda","Sphyraena barracuda",110,1
"200910101032-618","Great Barracuda","Sphyraena barracuda",128,1
"200910101033-616","Great Barracuda","Sphyraena barracuda",100,4
"200910101033-616","Great Barracuda","Sphyraena barracuda",105,4
"200910101033-616","Great Barracuda","Sphyraena barracuda",115,4
"200910101033-616","Great Barracuda","Sphyraena barracuda",120,4
"200910101247-408","Great Barracuda","Sphyraena barracuda",120,1
"200910101420-315","Atlantic Spadefish","Chaetodipterus faber",118,1
"200910101420-315","Gray Snapper","Lutjanus griseus",245,1
"200910101420-315","Yellowtail Snapper","Ocyurus chrysurus",245,1
"200910101501-323","Gray Snapper","Lutjanus griseus",162,1
"200910101501-323","Yellowtail Snapper","Ocyurus chrysurus",162,1
"200910101501-323","Great Barracuda","Sphyraena barracuda",80,1
"200910101533-303","Spotted Seatrout","Cynoscion nebulosus",160,1
"200910110924-292","Great Barracuda","Sphyraena barracuda",219,1
"200910110928-022","Gray Snapper","Lutjanus griseus",52,6
"200910110928-022","Gray Snapper","Lutjanus griseus",68,6
"200910110928-022","Gray Snapper","Lutjanus griseus",145,6
"200910110928-022","Gray Snapper","Lutjanus griseus",168,6
"200910110928-022","Gray Snapper","Lutjanus griseus",175,6
"200910110928-022","Gray Snapper","Lutjanus griseus",225,6
"200910110928-022","Yellowtail Snapper","Ocyurus chrysurus",145,5
"200910110928-022","Yellowtail Snapper","Ocyurus chrysurus",168,5
"200910110928-022","Yellowtail Snapper","Ocyurus chrysurus",175,5
"200910110928-022","Yellowtail Snapper","Ocyurus chrysurus",225,5
"200910110928-022","Yellowtail Snapper","Ocyurus chrysurus",265,5
"200910111001-020","Atlantic Bay Scallop","Argopecten irradians",60,1
"200910111001-020","Barred Hamlet","Hypoplectrus puella",85,2
"200910111001-020","Barred Hamlet","Hypoplectrus puella",105,2
"200910111001-020","Hogfish","Lachnolaimus maximus",100,2
"200910111001-020","Hogfish","Lachnolaimus maximus",195,2
"200910111001-020","Gray Snapper","Lutjanus griseus",208,2
"200910111001-020","Gray Snapper","Lutjanus griseus",240,2
"200910111001-020","Yellowtail Snapper","Ocyurus chrysurus",208,2
"200910111001-020","Yellowtail Snapper","Ocyurus chrysurus",240,2
"200910111032-108","Gray Snapper","Lutjanus griseus",55,1
"200910111048-119","Gray Snapper","Lutjanus griseus",155,2
"200910111048-119","Gray Snapper","Lutjanus griseus",165,2
"200910111202-167","Gray Snapper","Lutjanus griseus",178,1
"200910111242-157","Gray Snapper","Lutjanus griseus",160,2
"200910111242-157","Gray Snapper","Lutjanus griseus",180,2
"200910111301-143","Gray Snapper","Lutjanus griseus",120,2
"200910111301-143","Gray Snapper","Lutjanus griseus",170,2
"200910111325-068","Gray Snapper","Lutjanus griseus",55,2
"200910111325-068","Gray Snapper","Lutjanus griseus",180,2
"200910111347-156","Barred Hamlet","Hypoplectrus puella",75,1
"200910111347-156","Gray Snapper","Lutjanus griseus",160,7
"200910111347-156","Gray Snapper","Lutjanus griseus",160,7
"200910111347-156","Gray Snapper","Lutjanus griseus",170,7
"200910111347-156","Gray Snapper","Lutjanus griseus",215,7
"200910111347-156","Gray Snapper","Lutjanus griseus",230,7
"200910111347-156","Gray Snapper","Lutjanus griseus",240,7
"200910111347-156","Gray Snapper","Lutjanus griseus",245,7
"200910111408-071","Gray Snapper","Lutjanus griseus",142,25
"200910111408-071","Gray Snapper","Lutjanus griseus",145,25
"200910111408-071","Gray Snapper","Lutjanus griseus",150,25
"200910111408-071","Gray Snapper","Lutjanus griseus",153,25
"200910111408-071","Gray Snapper","Lutjanus griseus",160,25
"200910111408-071","Gray Snapper","Lutjanus griseus",160,25
"200910111408-071","Gray Snapper","Lutjanus griseus",165,25
"200910111408-071","Gray Snapper","Lutjanus griseus",165,25
"200910111408-071","Gray Snapper","Lutjanus griseus",170,25
"200910111408-071","Gray Snapper","Lutjanus griseus",170,25
"200910111408-071","Gray Snapper","Lutjanus griseus",175,25
"200910111408-071","Gray Snapper","Lutjanus griseus",180,25
"200910111408-071","Gray Snapper","Lutjanus griseus",182,25
"200910111408-071","Gray Snapper","Lutjanus griseus",185,25
"200910111408-071","Gray Snapper","Lutjanus griseus",185,25
"200910111408-071","Gray Snapper","Lutjanus griseus",198,25
"200910111408-071","Gray Snapper","Lutjanus griseus",200,25
"200910111408-071","Gray Snapper","Lutjanus griseus",200,25
"200910111408-071","Gray Snapper","Lutjanus griseus",215,25
"200910111408-071","Gray Snapper","Lutjanus griseus",215,25
"200910111408-071","Gray Snapper","Lutjanus griseus",222,25
"200910111408-071","Gray Snapper","Lutjanus griseus",230,25
"200910111408-071","Gray Snapper","Lutjanus griseus",235,25
"200910111408-071","Gray Snapper","Lutjanus griseus",238,25
"200910111408-071","Gray Snapper","Lutjanus griseus",240,25
"200910111435-171","Gray Snapper","Lutjanus griseus",150,9
"200910111435-171","Gray Snapper","Lutjanus griseus",155,9
"200910111435-171","Gray Snapper","Lutjanus griseus",158,9
"200910111435-171","Gray Snapper","Lutjanus griseus",158,9
"200910111435-171","Gray Snapper","Lutjanus griseus",165,9
"200910111435-171","Gray Snapper","Lutjanus griseus",180,9
"200910111435-171","Gray Snapper","Lutjanus griseus",195,9
"200910111435-171","Gray Snapper","Lutjanus griseus",232,9
"200910111435-171","Gray Snapper","Lutjanus griseus",252,9
"200910111457-174","Gray Snapper","Lutjanus griseus",160,5
"200910111457-174","Gray Snapper","Lutjanus griseus",170,5
"200910111457-174","Gray Snapper","Lutjanus griseus",175,5
"200910111457-174","Gray Snapper","Lutjanus griseus",178,5
"200910111457-174","Gray Snapper","Lutjanus griseus",192,5
"200910121018-312","Spotted Seatrout","Cynoscion nebulosus",34,1
"200910121332-267","Gray Snapper","Lutjanus griseus",165,1
"200910121350-281","Gray Snapper","Lutjanus griseus",195,1
"200910121405-268","Gray Snapper","Lutjanus griseus",155,2
"200910121405-268","Gray Snapper","Lutjanus griseus",165,2
"200910121422-256","Spotted Seatrout","Cynoscion nebulosus",130,1
"200910121422-256","Gray Snapper","Lutjanus griseus",150,1
"200910121505-282","Great Barracuda","Sphyraena barracuda",45,2
"200910121505-282","Great Barracuda","Sphyraena barracuda",123,2
"200910121526-283","Gray Snapper","Lutjanus griseus",90,1
"200910121545-294","Gray Snapper","Lutjanus griseus",185,1
"200910121604-284","Spotted Seatrout","Cynoscion nebulosus",47,1
"200910121604-284","Gray Snapper","Lutjanus griseus",145,1
"200910121604-284","Caribbean Spiny Lobster","Panulirus argus",105,1
"200910130755-271","Gray Snapper","Lutjanus griseus",180,1
"200910130755-271","Great Barracuda","Sphyraena barracuda",70,1
"200910130835-257","Spotted Seatrout","Cynoscion nebulosus",132,1
"200910130859-258","Gray Snapper","Lutjanus griseus",165,2
"200910130859-258","Gray Snapper","Lutjanus griseus",170,2
"200910130916-244","Gray Snapper","Lutjanus griseus",180,1
"200910130949-242","Gray Snapper","Lutjanus griseus",165,1
"200910131022-255","Gray Snapper","Lutjanus griseus",145,2
"200910131022-255","Gray Snapper","Lutjanus griseus",165,2
"200910131043-254","Gray Snapper","Lutjanus griseus",180,1
"200910131056-253","Gray Snapper","Lutjanus griseus",200,1
"200910131115-239","Gray Snapper","Lutjanus griseus",155,1
"200910131334-229","Great Barracuda","Sphyraena barracuda",80,1
"200911071149-616","Great Barracuda","Sphyraena barracuda",125,1
"200911071335-622","Spotted Seatrout","Cynoscion nebulosus",205,1
"200911071352-619","Great Barracuda","Sphyraena barracuda",220,1
"200911080830-258","Gray Snapper","Lutjanus griseus",170,1
"200911080855-257","Gray Snapper","Lutjanus griseus",160,1
"200911080855-257","Great Barracuda","Sphyraena barracuda",65,1
"200911080911-256","Great Barracuda","Sphyraena barracuda",150,1
"200911080931-269","Gray Snapper","Lutjanus griseus",170,1
"200911080948-270","Atlantic Spadefish","Chaetodipterus faber",165,1
"200911081006-271","Gray Snapper","Lutjanus griseus",160,2
"200911081006-271","Gray Snapper","Lutjanus griseus",163,2
"200911140842-244","Great Barracuda","Sphyraena barracuda",122,1
"200911140945-136","Gray Snapper","Lutjanus griseus",170,1
"200911141002-227","Gray Snapper","Lutjanus griseus",180,1
"200911141225-239","Gray Snapper","Lutjanus griseus",180,1
"200911141410-172","Gray Snapper","Lutjanus griseus",185,1
"200911141433-171","Gray Snapper","Lutjanus griseus",160,2
"200911141433-171","Gray Snapper","Lutjanus griseus",165,2
"200911141433-171","Mutton Snapper","Lutjanus analis",90,1
"200911141433-171","Great Barracuda","Sphyraena barracuda",195,1
"200911141514-237","Sheepshead","Archosargus probatocephalus",95,1
"200911151011-135","Gray Snapper","Lutjanus griseus",205,1
"200911151100-040","Gray Snapper","Lutjanus griseus",150,1
"200911151128-023","Gray Snapper","Lutjanus griseus",52,2
"200911151128-023","Gray Snapper","Lutjanus griseus",220,2
"200911151225-101","Gray Snapper","Lutjanus griseus",105,2
"200911151225-101","Gray Snapper","Lutjanus griseus",155,2
"200911151247-106","Gray Snapper","Lutjanus griseus",165,22
"200911151247-106","Gray Snapper","Lutjanus griseus",170,22
"200911151247-106","Gray Snapper","Lutjanus griseus",170,22
"200911151247-106","Gray Snapper","Lutjanus griseus",170,22
"200911151247-106","Gray Snapper","Lutjanus griseus",170,22
"200911151247-106","Gray Snapper","Lutjanus griseus",175,22
"200911151247-106","Gray Snapper","Lutjanus griseus",175,22
"200911151247-106","Gray Snapper","Lutjanus griseus",180,22
"200911151247-106","Gray Snapper","Lutjanus griseus",190,22
"200911151247-106","Gray Snapper","Lutjanus griseus",200,22
"200911151247-106","Gray Snapper","Lutjanus griseus",200,22
"200911151247-106","Gray Snapper","Lutjanus griseus",205,22
"200911151247-106","Gray Snapper","Lutjanus griseus",210,22
"200911151247-106","Gray Snapper","Lutjanus griseus",220,22
"200911151247-106","Gray Snapper","Lutjanus griseus",220,22
"200911151247-106","Gray Snapper","Lutjanus griseus",220,22
"200911151247-106","Gray Snapper","Lutjanus griseus",230,22
"200911151247-106","Gray Snapper","Lutjanus griseus",230,22
"200911151247-106","Gray Snapper","Lutjanus griseus",230,22
"200911151247-106","Gray Snapper","Lutjanus griseus",240,22
"200911151247-106","Gray Snapper","Lutjanus griseus",250,22
"200911151247-106","Gray Snapper","Lutjanus griseus",260,22
"200911151327-117","Barred Hamlet","Hypoplectrus puella",80,2
"200911151327-117","Barred Hamlet","Hypoplectrus puella",92,2
"200911151327-117","Gray Snapper","Lutjanus griseus",135,11
"200911151327-117","Gray Snapper","Lutjanus griseus",140,11
"200911151327-117","Gray Snapper","Lutjanus griseus",140,11
"200911151327-117","Gray Snapper","Lutjanus griseus",150,11
"200911151327-117","Gray Snapper","Lutjanus griseus",155,11
"200911151327-117","Gray Snapper","Lutjanus griseus",160,11
"200911151327-117","Gray Snapper","Lutjanus griseus",175,11
"200911151327-117","Gray Snapper","Lutjanus griseus",200,11
"200911151327-117","Gray Snapper","Lutjanus griseus",210,11
"200911151327-117","Gray Snapper","Lutjanus griseus",210,11
"200911151327-117","Gray Snapper","Lutjanus griseus",220,11
"200911151327-117","Hogchoker","Trinectes maculatus",122,2
"200911151327-117","Hogchoker","Trinectes maculatus",135,2
"200911151357-065","Gray Snapper","Lutjanus griseus",155,2
"200911151357-065","Gray Snapper","Lutjanus griseus",178,2
"200911151410-067","Sheepshead","Archosargus probatocephalus",70,1
"200911151410-067","Gray Snapper","Lutjanus griseus",215,1
"200911151441-068","Gray Snapper","Lutjanus griseus",58,2
"200911151441-068","Gray Snapper","Lutjanus griseus",180,2
"200911151532-145","Gray Snapper","Lutjanus griseus",160,1
"200911151605-159","Great Barracuda","Sphyraena barracuda",110,1
"20091115NA-133","Gray Snapper","Lutjanus griseus",155,1
"200911160815-292","Spotted Seatrout","Cynoscion nebulosus",42,1
"200911160836-291","Spotted Seatrout","Cynoscion nebulosus",82,1
"200911160922-279","Great Barracuda","Sphyraena barracuda",170,1
"200911160940-278","Gray Snapper","Lutjanus griseus",170,2
"200911160940-278","Gray Snapper","Lutjanus griseus",225,2
"200911161000-265","Gray Snapper","Lutjanus griseus",175,2
"200911161000-265","Gray Snapper","Lutjanus griseus",175,2
"200911161120-268","Gray Snapper","Lutjanus griseus",155,2
"200911161120-268","Gray Snapper","Lutjanus griseus",180,2
"201005291005-024","Spotted Seatrout","Cynoscion nebulosus",43,1
"201005291005-024","Lined Seahorse","Hippocampus erectus",110,1
"201005291005-024","Gray Snapper","Lutjanus griseus",200,1
"201005291030-022","Spotted Seatrout","Cynoscion nebulosus",34,3
"201005291030-022","Spotted Seatrout","Cynoscion nebulosus",39,3
"201005291030-022","Spotted Seatrout","Cynoscion nebulosus",39,3
"201005291030-022","Gray Snapper","Lutjanus griseus",85,2
"201005291030-022","Gray Snapper","Lutjanus griseus",91,2
"201005291115-054","Spotted Seatrout","Cynoscion nebulosus",41,1
"201005291242-118","Sheepshead","Archosargus probatocephalus",105,1
"201005291242-118","Gray Snapper","Lutjanus griseus",200,2
"201005291242-118","Gray Snapper","Lutjanus griseus",250,2
"201005291330-134","Great Barracuda","Sphyraena barracuda",90,1
"201005291402-145","Great Barracuda","Sphyraena barracuda",100,1
"201005291440-157","Gray Snapper","Lutjanus griseus",105,1
"201005291515-068","Spotted Seatrout","Cynoscion nebulosus",41,3
"201005291515-068","Spotted Seatrout","Cynoscion nebulosus",43,3
"201005291515-068","Spotted Seatrout","Cynoscion nebulosus",49,3
"201005291515-068","Gray Snapper","Lutjanus griseus",75,10
"201005291515-068","Gray Snapper","Lutjanus griseus",82,10
"201005291515-068","Gray Snapper","Lutjanus griseus",88,10
"201005291515-068","Gray Snapper","Lutjanus griseus",98,10
"201005291515-068","Gray Snapper","Lutjanus griseus",108,10
"201005291515-068","Gray Snapper","Lutjanus griseus",109,10
"201005291515-068","Gray Snapper","Lutjanus griseus",110,10
"201005291515-068","Gray Snapper","Lutjanus griseus",110,10
"201005291515-068","Gray Snapper","Lutjanus griseus",120,10
"201005291515-068","Gray Snapper","Lutjanus griseus",120,10
"201005301025-073","Gray Snapper","Lutjanus griseus",90,9
"201005301025-073","Gray Snapper","Lutjanus griseus",90,9
"201005301025-073","Gray Snapper","Lutjanus griseus",112,9
"201005301025-073","Gray Snapper","Lutjanus griseus",140,9
"201005301025-073","Gray Snapper","Lutjanus griseus",205,9
"201005301025-073","Gray Snapper","Lutjanus griseus",205,9
"201005301025-073","Gray Snapper","Lutjanus griseus",225,9
"201005301025-073","Gray Snapper","Lutjanus griseus",230,9
"201005301025-073","Gray Snapper","Lutjanus griseus",230,9
"201005310855-271","Lined Seahorse","Hippocampus erectus",110,1
"201005311200-326","Great Barracuda","Sphyraena barracuda",50,1
"201006011320-621","Spotted Seatrout","Cynoscion nebulosus",60,1
"201007031055-024","Gray Snapper","Lutjanus griseus",122,2
"201007031055-024","Gray Snapper","Lutjanus griseus",170,2
"201007031055-024","Lane Snapper","Lutjanus synagris",42,3
"201007031055-024","Lane Snapper","Lutjanus synagris",45,3
"201007031055-024","Lane Snapper","Lutjanus synagris",48,3
"201007031055-024","Great Barracuda","Sphyraena barracuda",100,1
"201007031120-021","Gray Snapper","Lutjanus griseus",185,3
"201007031120-021","Gray Snapper","Lutjanus griseus",190,3
"201007031120-021","Gray Snapper","Lutjanus griseus",230,3
"201007031205-107","Spotted Seatrout","Cynoscion nebulosus",52,1
"201007031253-119","Atlantic Bay Scallop","Argopecten irradians",44,1
"201007031310-118","Atlantic Bay Scallop","Argopecten irradians",25,4
"201007031310-118","Atlantic Bay Scallop","Argopecten irradians",30,4
"201007031310-118","Atlantic Bay Scallop","Argopecten irradians",35,4
"201007031310-118","Atlantic Bay Scallop","Argopecten irradians",38,4
"201007031310-118","Sheepshead","Archosargus probatocephalus",30,1
"201007031310-118","Gray Snapper","Lutjanus griseus",205,1
"201007031310-118","Lane Snapper","Lutjanus synagris",38,4
"201007031310-118","Lane Snapper","Lutjanus synagris",40,4
"201007031310-118","Lane Snapper","Lutjanus synagris",40,4
"201007031310-118","Lane Snapper","Lutjanus synagris",45,4
"201007031350-117","Atlantic Bay Scallop","Argopecten irradians",30,2
"201007031350-117","Atlantic Bay Scallop","Argopecten irradians",35,2
"201007031350-117","Gray Snapper","Lutjanus griseus",155,1
"201007031410-130","Gray Snapper","Lutjanus griseus",190,1
"201007031410-130","Lane Snapper","Lutjanus synagris",40,5
"201007031410-130","Lane Snapper","Lutjanus synagris",45,5
"201007031410-130","Lane Snapper","Lutjanus synagris",45,5
"201007031410-130","Lane Snapper","Lutjanus synagris",48,5
"201007031410-130","Lane Snapper","Lutjanus synagris",50,5
"201007031455-143","Lane Snapper","Lutjanus synagris",41,6
"201007031455-143","Lane Snapper","Lutjanus synagris",41,6
"201007031455-143","Lane Snapper","Lutjanus synagris",41,6
"201007031455-143","Lane Snapper","Lutjanus synagris",43,6
"201007031455-143","Lane Snapper","Lutjanus synagris",44,6
"201007031455-143","Lane Snapper","Lutjanus synagris",45,6
"201007031542-168","Spotted Seatrout","Cynoscion nebulosus",74,1
"201007031542-168","Gray Snapper","Lutjanus griseus",135,1
"201007040925-144","Atlantic Bay Scallop","Argopecten irradians",28,1
"201007040925-144","Spotted Seatrout","Cynoscion nebulosus",51,1
"201007040925-144","Gray Snapper","Lutjanus griseus",170,1
"201007040945-157","Gray Snapper","Lutjanus griseus",230,1
"201007041030-237","Sheepshead","Archosargus probatocephalus",244,1
"201007060946-324","Great Barracuda","Sphyraena barracuda",42,1
"201007310905-137","Great Barracuda","Sphyraena barracuda",122,1
"201007310945-122","Great Barracuda","Sphyraena barracuda",43,1
"201007311015-040","Great Barracuda","Sphyraena barracuda",75,1
"201007311032-024","Hogfish","Lachnolaimus maximus",70,1
"201007311032-024","Gray Snapper","Lutjanus griseus",123,2
"201007311032-024","Gray Snapper","Lutjanus griseus",130,2
"201007311032-024","Lane Snapper","Lutjanus synagris",50,3
"201007311032-024","Lane Snapper","Lutjanus synagris",74,3
"201007311032-024","Lane Snapper","Lutjanus synagris",80,3
"201007311055-101","Gray Snapper","Lutjanus griseus",195,2
"201007311055-101","Gray Snapper","Lutjanus griseus",205,2
"201007311120-106","Gray Snapper","Lutjanus griseus",145,1
"201007311120-106","Lane Snapper","Lutjanus synagris",30,1
"201007311135-107","Atlantic Bay Scallop","Argopecten irradians",50,1
"201007311150-108","Gray Snapper","Lutjanus griseus",253,1
"201007311310-135","Great Barracuda","Sphyraena barracuda",130,1
"201007311328-159","Spotted Seatrout","Cynoscion nebulosus",41,1
"201007311433-157","Lane Snapper","Lutjanus synagris",70,1
"201007311452-156","Gray Snapper","Lutjanus griseus",160,5
"201007311452-156","Gray Snapper","Lutjanus griseus",165,5
"201007311452-156","Gray Snapper","Lutjanus griseus",170,5
"201007311452-156","Gray Snapper","Lutjanus griseus",190,5
"201007311452-156","Gray Snapper","Lutjanus griseus",205,5
"201007311452-156","Lane Snapper","Lutjanus synagris",70,5
"201007311452-156","Lane Snapper","Lutjanus synagris",75,5
"201007311452-156","Lane Snapper","Lutjanus synagris",75,5
"201007311452-156","Lane Snapper","Lutjanus synagris",80,5
"201007311452-156","Lane Snapper","Lutjanus synagris",82,5
"201007311513-068","Gray Snapper","Lutjanus griseus",160,2
"201007311513-068","Gray Snapper","Lutjanus griseus",180,2
"201007311534-071","Spotted Seatrout","Cynoscion nebulosus",85,2
"201007311534-071","Spotted Seatrout","Cynoscion nebulosus",134,2
"201007311534-071","Gray Snapper","Lutjanus griseus",160,2
"201007311534-071","Gray Snapper","Lutjanus griseus",228,2
"201007311534-071","Lane Snapper","Lutjanus synagris",40,2
"201007311534-071","Lane Snapper","Lutjanus synagris",43,2
"201008011030-280","Great Barracuda","Sphyraena barracuda",105,1
"201008011413-243","Great Barracuda","Sphyraena barracuda",82,1
"201008011425-244","Great Barracuda","Sphyraena barracuda",100,2
"201008011425-244","Great Barracuda","Sphyraena barracuda",100,2
"201008020840-284","Great Barracuda","Sphyraena barracuda",100,1
"201008020920-283","Great Barracuda","Sphyraena barracuda",100,1
"201008021043-301","Great Barracuda","Sphyraena barracuda",105,1
"201008021055-302","Great Barracuda","Sphyraena barracuda",55,1
"201008021108-303","Great Barracuda","Sphyraena barracuda",105,2
"201008021108-303","Great Barracuda","Sphyraena barracuda",115,2
"201009041145-404","Great Barracuda","Sphyraena barracuda",105,1
"201009041503-303","Great Barracuda","Sphyraena barracuda",155,1
"201009041503-326","Great Barracuda","Sphyraena barracuda",160,2
"201009041503-326","Great Barracuda","Sphyraena barracuda",175,2
"201009041620-313","Great Barracuda","Sphyraena barracuda",260,1
"201009050822-137","Great Barracuda","Sphyraena barracuda",160,1
"201009050920-023","Spotted Seatrout","Cynoscion nebulosus",36,4
"201009050920-023","Spotted Seatrout","Cynoscion nebulosus",41,4
"201009050920-023","Spotted Seatrout","Cynoscion nebulosus",44,4
"201009050920-023","Spotted Seatrout","Cynoscion nebulosus",53,4
"201009050920-023","Gray Snapper","Lutjanus griseus",220,3
"201009050920-023","Gray Snapper","Lutjanus griseus",222,3
"201009050920-023","Gray Snapper","Lutjanus griseus",230,3
"201009050920-023","Gag Grouper","Mycteroperca microlepis",210,1
"201009050920-023","Great Barracuda","Sphyraena barracuda",270,1
"201009051010-021","Spotted Seatrout","Cynoscion nebulosus",41,1
"201009051010-021","Gray Snapper","Lutjanus griseus",150,1
"201009051010-021","Lane Snapper","Lutjanus synagris",40,5
"201009051010-021","Lane Snapper","Lutjanus synagris",41,5
"201009051010-021","Lane Snapper","Lutjanus synagris",45,5
"201009051010-021","Lane Snapper","Lutjanus synagris",45,5
"201009051010-021","Lane Snapper","Lutjanus synagris",108,5
"201009051010-021","Red Drum","Sciaenops ocellatus",270,1
"201009051145-159","Great Barracuda","Sphyraena barracuda",87,1
"201009051227-144","Gray Snapper","Lutjanus griseus",145,3
"201009051227-144","Gray Snapper","Lutjanus griseus",160,3
"201009051227-144","Gray Snapper","Lutjanus griseus",175,3
"201009051227-144","Lane Snapper","Lutjanus synagris",45,3
"201009051227-144","Lane Snapper","Lutjanus synagris",105,3
"201009051227-144","Lane Snapper","Lutjanus synagris",105,3
"201009051245-157","Spotted Seatrout","Cynoscion nebulosus",61,1
"201009051245-157","Lane Snapper","Lutjanus synagris",42,1
"201009051304-156","Spotted Seatrout","Cynoscion nebulosus",62,1
"201009051304-156","Gray Snapper","Lutjanus griseus",175,1
"201009051357-171","Gray Snapper","Lutjanus griseus",155,1
"201009051357-171","Lane Snapper","Lutjanus synagris",72,1
"201009051530-176","Spotted Seatrout","Cynoscion nebulosus",51,1
"201009061123-241","Great Barracuda","Sphyraena barracuda",145,1
"201009061350-265","Gray Snapper","Lutjanus griseus",235,1
"201009070910-268","Great Barracuda","Sphyraena barracuda",145,1
"201009071137-609","Great Barracuda","Sphyraena barracuda",85,1
"201009071220-302","Great Barracuda","Sphyraena barracuda",125,1
"201010031005-022","Spotted Seatrout","Cynoscion nebulosus",42,1
"201010031005-022","Great Barracuda","Sphyraena barracuda",155,2
"201010031005-022","Great Barracuda","Sphyraena barracuda",290,2
"201010031035-118","Hogfish","Lachnolaimus maximus",110,1
"201010031035-118","Gray Snapper","Lutjanus griseus",170,1
"201010031035-118","Lane Snapper","Lutjanus synagris",35,1
"201010031054-117","Lane Snapper","Lutjanus synagris",40,9
"201010031054-117","Lane Snapper","Lutjanus synagris",40,9
"201010031054-117","Lane Snapper","Lutjanus synagris",40,9
"201010031054-117","Lane Snapper","Lutjanus synagris",60,9
"201010031054-117","Lane Snapper","Lutjanus synagris",60,9
"201010031054-117","Lane Snapper","Lutjanus synagris",60,9
"201010031054-117","Lane Snapper","Lutjanus synagris",70,9
"201010031054-117","Lane Snapper","Lutjanus synagris",70,9
"201010031054-117","Lane Snapper","Lutjanus synagris",85,9
"201010031113-130","Spotted Seatrout","Cynoscion nebulosus",30,2
"201010031113-130","Spotted Seatrout","Cynoscion nebulosus",44,2
"201010031113-130","Gray Snapper","Lutjanus griseus",35,3
"201010031113-130","Gray Snapper","Lutjanus griseus",190,3
"201010031113-130","Gray Snapper","Lutjanus griseus",225,3
"201010031113-130","Lane Snapper","Lutjanus synagris",110,1
"201010031113-130","Great Barracuda","Sphyraena barracuda",85,3
"201010031113-130","Great Barracuda","Sphyraena barracuda",110,3
"201010031113-130","Great Barracuda","Sphyraena barracuda",165,3
"201010031247-169","Gray Snapper","Lutjanus griseus",240,1
"201010031310-157","Gray Snapper","Lutjanus griseus",195,2
"201010031310-157","Gray Snapper","Lutjanus griseus",200,2
"201010031325-156","Spotted Seatrout","Cynoscion nebulosus",42,1
"201010031325-156","Gray Snapper","Lutjanus griseus",38,5
"201010031325-156","Gray Snapper","Lutjanus griseus",160,5
"201010031325-156","Gray Snapper","Lutjanus griseus",170,5
"201010031325-156","Gray Snapper","Lutjanus griseus",175,5
"201010031325-156","Gray Snapper","Lutjanus griseus",190,5
"201010031325-156","Lane Snapper","Lutjanus synagris",42,3
"201010031325-156","Lane Snapper","Lutjanus synagris",75,3
"201010031325-156","Lane Snapper","Lutjanus synagris",130,3
"201010031350-068","Lane Snapper","Lutjanus synagris",62,1
"201010031410-067","Spotted Seatrout","Cynoscion nebulosus",47,2
"201010031410-067","Spotted Seatrout","Cynoscion nebulosus",68,2
"201010031410-067","Gray Snapper","Lutjanus griseus",50,4
"201010031410-067","Gray Snapper","Lutjanus griseus",52,4
"201010031410-067","Gray Snapper","Lutjanus griseus",60,4
"201010031410-067","Gray Snapper","Lutjanus griseus",75,4
"201010031410-067","Lane Snapper","Lutjanus synagris",45,4
"201010031410-067","Lane Snapper","Lutjanus synagris",68,4
"201010031410-067","Lane Snapper","Lutjanus synagris",72,4
"201010031410-067","Lane Snapper","Lutjanus synagris",90,4
"201010031435-070","Gray Snapper","Lutjanus griseus",190,1
"201010031435-070","Mullet Spp","Mugilidae spp",180,1
"201010031508-071","Lane Snapper","Lutjanus synagris",40,3
"201010031508-071","Lane Snapper","Lutjanus synagris",70,3
"201010031508-071","Lane Snapper","Lutjanus synagris",75,3
"201010031523-073","Atlantic Spadefish","Chaetodipterus faber",100,1
"201010031523-073","Lane Snapper","Lutjanus synagris",35,5
"201010031523-073","Lane Snapper","Lutjanus synagris",40,5
"201010031523-073","Lane Snapper","Lutjanus synagris",50,5
"201010031523-073","Lane Snapper","Lutjanus synagris",75,5
"201010031523-073","Lane Snapper","Lutjanus synagris",115,5
"201010040905-229","Great Barracuda","Sphyraena barracuda",80,1
"201010041150-267","Great Barracuda","Sphyraena barracuda",110,1
"201010041443-268","Great Barracuda","Sphyraena barracuda",65,1
"201010051020-284","Great Barracuda","Sphyraena barracuda",85,1
"201010051043-270","Great Barracuda","Sphyraena barracuda",150,1
"201010051125-282","Atlantic Bay Scallop","Argopecten irradians",45,1
"201011081240-616","Gray Snapper","Lutjanus griseus",175,1
"201011091304-267","Great Barracuda","Sphyraena barracuda",130,1
"201011100857-174","Spotted Seatrout","Cynoscion nebulosus",90,1
"201011100857-174","Lane Snapper","Lutjanus synagris",40,1
"201011100923-172","Gray Snapper","Lutjanus griseus",168,1
"201011100935-167","Spotted Seatrout","Cynoscion nebulosus",84,1
"201011101050-135","Spotted Seatrout","Cynoscion nebulosus",38,1
"201011101110-134","Gray Snapper","Lutjanus griseus",50,1
"201011101140-156","Gray Snapper","Lutjanus griseus",100,1
"201011101140-156","Lane Snapper","Lutjanus synagris",30,7
"201011101140-156","Lane Snapper","Lutjanus synagris",30,7
"201011101140-156","Lane Snapper","Lutjanus synagris",70,7
"201011101140-156","Lane Snapper","Lutjanus synagris",90,7
"201011101140-156","Lane Snapper","Lutjanus synagris",100,7
"201011101140-156","Lane Snapper","Lutjanus synagris",100,7
"201011101140-156","Lane Snapper","Lutjanus synagris",115,7
"201011101250-070","Spotted Seatrout","Cynoscion nebulosus",185,1
"201011101250-070","Gray Snapper","Lutjanus griseus",160,4
"201011101250-070","Gray Snapper","Lutjanus griseus",168,4
"201011101250-070","Gray Snapper","Lutjanus griseus",170,4
"201011101250-070","Gray Snapper","Lutjanus griseus",185,4
"201011101250-070","Lane Snapper","Lutjanus synagris",55,9
"201011101250-070","Lane Snapper","Lutjanus synagris",60,9
"201011101250-070","Lane Snapper","Lutjanus synagris",90,9
"201011101250-070","Lane Snapper","Lutjanus synagris",90,9
"201011101250-070","Lane Snapper","Lutjanus synagris",100,9
"201011101250-070","Lane Snapper","Lutjanus synagris",100,9
"201011101250-070","Lane Snapper","Lutjanus synagris",100,9
"201011101250-070","Lane Snapper","Lutjanus synagris",100,9
"201011101250-070","Lane Snapper","Lutjanus synagris",110,9
"201011101310-068","Gray Snapper","Lutjanus griseus",140,4
"201011101310-068","Gray Snapper","Lutjanus griseus",165,4
"201011101310-068","Gray Snapper","Lutjanus griseus",210,4
"201011101310-068","Gray Snapper","Lutjanus griseus",220,4
"201011101310-068","Lane Snapper","Lutjanus synagris",60,4
"201011101310-068","Lane Snapper","Lutjanus synagris",93,4
"201011101310-068","Lane Snapper","Lutjanus synagris",95,4
"201011101310-068","Lane Snapper","Lutjanus synagris",115,4
"201011101330-130","Gray Snapper","Lutjanus griseus",48,1
"201011101330-130","Lane Snapper","Lutjanus synagris",20,6
"201011101330-130","Lane Snapper","Lutjanus synagris",21,6
"201011101330-130","Lane Snapper","Lutjanus synagris",24,6
"201011101330-130","Lane Snapper","Lutjanus synagris",40,6
"201011101330-130","Lane Snapper","Lutjanus synagris",40,6
"201011101330-130","Lane Snapper","Lutjanus synagris",45,6
"201011101408-106","Gray Snapper","Lutjanus griseus",160,2
"201011101408-106","Gray Snapper","Lutjanus griseus",170,2
"201011101408-106","Lane Snapper","Lutjanus synagris",20,6
"201011101408-106","Lane Snapper","Lutjanus synagris",20,6
"201011101408-106","Lane Snapper","Lutjanus synagris",72,6
"201011101408-106","Lane Snapper","Lutjanus synagris",115,6
"201011101408-106","Lane Snapper","Lutjanus synagris",130,6
"201011101408-106","Lane Snapper","Lutjanus synagris",145,6
"201011101427-020","Blue Croaker","Corvula batabana",150,1
"201011101427-020","Sheepshead Porgy","Calamus penna",135,1
"201011101427-020","Gray Snapper","Lutjanus griseus",160,12
"201011101427-020","Gray Snapper","Lutjanus griseus",170,12
"201011101427-020","Gray Snapper","Lutjanus griseus",180,12
"201011101427-020","Gray Snapper","Lutjanus griseus",180,12
"201011101427-020","Gray Snapper","Lutjanus griseus",185,12
"201011101427-020","Gray Snapper","Lutjanus griseus",185,12
"201011101427-020","Gray Snapper","Lutjanus griseus",190,12
"201011101427-020","Gray Snapper","Lutjanus griseus",190,12
"201011101427-020","Gray Snapper","Lutjanus griseus",200,12
"201011101427-020","Gray Snapper","Lutjanus griseus",205,12
"201011101427-020","Gray Snapper","Lutjanus griseus",230,12
"201011101427-020","Gray Snapper","Lutjanus griseus",240,12
"201011101427-020","Lane Snapper","Lutjanus synagris",35,10
"201011101427-020","Lane Snapper","Lutjanus synagris",55,10
"201011101427-020","Lane Snapper","Lutjanus synagris",65,10
"201011101427-020","Lane Snapper","Lutjanus synagris",90,10
"201011101427-020","Lane Snapper","Lutjanus synagris",95,10
"201011101427-020","Lane Snapper","Lutjanus synagris",102,10
"201011101427-020","Lane Snapper","Lutjanus synagris",120,10
"201011101427-020","Lane Snapper","Lutjanus synagris",128,10
"201011101427-020","Lane Snapper","Lutjanus synagris",130,10
"201011101427-020","Lane Snapper","Lutjanus synagris",155,10
"201011101427-020","Caribbean Spiny Lobster","Panulirus argus",260,1
"201011101445-021","Gray Snapper","Lutjanus griseus",170,4
"201011101445-021","Gray Snapper","Lutjanus griseus",180,4
"201011101445-021","Gray Snapper","Lutjanus griseus",185,4
"201011101445-021","Gray Snapper","Lutjanus griseus",250,4
"201011101445-021","Lane Snapper","Lutjanus synagris",58,3
"201011101445-021","Lane Snapper","Lutjanus synagris",92,3
"201011101445-021","Lane Snapper","Lutjanus synagris",110,3
"201011101500-022","Great Barracuda","Sphyraena barracuda",250,1
"201011110848-294","Atlantic Bay Scallop","Argopecten irradians",50,1
"201105140830-122","Great Barracuda","Sphyraena barracuda",65,1
"201105140935-144","Spotted Seatrout","Cynoscion nebulosus",63,2
"201105140935-144","Spotted Seatrout","Cynoscion nebulosus",190,2
"201105141050-118","Spotted Seatrout","Cynoscion nebulosus",52,1
"201105141122-119","Gray Snapper","Lutjanus griseus",180,2
"201105141122-119","Gray Snapper","Lutjanus griseus",222,2
"201105141222-106","Sheepshead","Archosargus probatocephalus",20,1
"201105141222-106","Spotted Seatrout","Cynoscion nebulosus",46,1
"201105141222-106","Great Barracuda","Sphyraena barracuda",60,1
"201105141250-021","Gray Snapper","Lutjanus griseus",260,1
"201105141313-022","Sheepshead Porgy","Calamus penna",35,1
"201105141345-130","Spotted Seatrout","Cynoscion nebulosus",86,1
"201105141410-070","Spotted Seatrout","Cynoscion nebulosus",34,3
"201105141410-070","Spotted Seatrout","Cynoscion nebulosus",35,3
"201105141410-070","Spotted Seatrout","Cynoscion nebulosus",58,3
"201105141410-070","Gray Snapper","Lutjanus griseus",79,7
"201105141410-070","Gray Snapper","Lutjanus griseus",85,7
"201105141410-070","Gray Snapper","Lutjanus griseus",89,7
"201105141410-070","Gray Snapper","Lutjanus griseus",91,7
"201105141410-070","Gray Snapper","Lutjanus griseus",96,7
"201105141410-070","Gray Snapper","Lutjanus griseus",96,7
"201105141410-070","Gray Snapper","Lutjanus griseus",120,7
"201105141605-173","Sheepshead","Archosargus probatocephalus",38,1
"201105141605-173","Gray Snapper","Lutjanus griseus",190,1
"201105151012-171","Spotted Seatrout","Cynoscion nebulosus",61,1
"201105151352-071","Sheepshead","Archosargus probatocephalus",35,2
"201105151352-071","Sheepshead","Archosargus probatocephalus",45,2
"201105151352-071","Gray Snapper","Lutjanus griseus",135,3
"201105151352-071","Gray Snapper","Lutjanus griseus",175,3
"201105151352-071","Gray Snapper","Lutjanus griseus",185,3
"201105151422-073","Spotted Seatrout","Cynoscion nebulosus",41,3
"201105151422-073","Spotted Seatrout","Cynoscion nebulosus",45,3
"201105151422-073","Spotted Seatrout","Cynoscion nebulosus",50,3
"201105151422-073","Gray Snapper","Lutjanus griseus",70,10
"201105151422-073","Gray Snapper","Lutjanus griseus",85,10
"201105151422-073","Gray Snapper","Lutjanus griseus",95,10
"201105151422-073","Gray Snapper","Lutjanus griseus",100,10
"201105151422-073","Gray Snapper","Lutjanus griseus",105,10
"201105151422-073","Gray Snapper","Lutjanus griseus",110,10
"201105151422-073","Gray Snapper","Lutjanus griseus",120,10
"201105151422-073","Gray Snapper","Lutjanus griseus",150,10
"201105151422-073","Gray Snapper","Lutjanus griseus",210,10
"201105151422-073","Gray Snapper","Lutjanus griseus",235,10
"201105170840-257","Great Barracuda","Sphyraena barracuda",90,1
"201106120841-122","Great Barracuda","Sphyraena barracuda",103,2
"201106120841-122","Great Barracuda","Sphyraena barracuda",120,2
"201106121028-101","Spotted Seatrout","Cynoscion nebulosus",73,1
"201106121050-020","Spotted Seatrout","Cynoscion nebulosus",55,1
"201106121155-065","Barred Hamlet","Hypoplectrus puella",35,1
"201106121155-065","Gray Snapper","Lutjanus griseus",120,1
"201106121155-065","Lookdown","Selene vomer",40,2
"201106121155-065","Lookdown","Selene vomer",50,2
"201106121155-065","Great Barracuda","Sphyraena barracuda",110,1
"201106121220-068","Hardhead Catfish","Ariopsis felis",350,1
"201106121220-068","Spotted Seatrout","Cynoscion nebulosus",37,4
"201106121220-068","Spotted Seatrout","Cynoscion nebulosus",45,4
"201106121220-068","Spotted Seatrout","Cynoscion nebulosus",66,4
"201106121220-068","Spotted Seatrout","Cynoscion nebulosus",110,4
"201106121220-068","Gray Snapper","Lutjanus griseus",110,4
"201106121220-068","Gray Snapper","Lutjanus griseus",110,4
"201106121220-068","Gray Snapper","Lutjanus griseus",130,4
"201106121220-068","Gray Snapper","Lutjanus griseus",150,4
"201106121315-070","Spotted Seatrout","Cynoscion nebulosus",36,2
"201106121315-070","Spotted Seatrout","Cynoscion nebulosus",39,2
"201106121348-071","Spotted Seatrout","Cynoscion nebulosus",34,2
"201106121348-071","Spotted Seatrout","Cynoscion nebulosus",56,2
"201106121410-156","Gray Snapper","Lutjanus griseus",210,1
"201106121550-175","Sheepshead","Archosargus probatocephalus",45,1
"201106121550-175","Hogchoker","Trinectes maculatus",65,1
"201106131113-171","Sheepshead","Archosargus probatocephalus",60,1
"201106131130-073","Gray Snapper","Lutjanus griseus",115,1
"201106140920-269","Lined Seahorse","Hippocampus erectus",160,1
"201106141100-292","Great Barracuda","Sphyraena barracuda",120,1
"201106150828-404","Great Barracuda","Sphyraena barracuda",90,1
"201106151035-621","Honeycomb Moray Eel","Gymnathorax saxicola",375,1
"201107161446-314","Gray Snapper","Lutjanus griseus",155,1
"201107161546-301","Great Barracuda","Sphyraena barracuda",112,1
"201107170836-137","Atlantic Bay Scallop","Argopecten irradians",19,1
"201107170941-023","Lined Seahorse","Hippocampus erectus",130,1
"201107170941-023","Gag Grouper","Mycteroperca microlepis",150,1
"201107171039-065","Spotted Seatrout","Cynoscion nebulosus",160,1
"201107171039-065","Lane Snapper","Lutjanus synagris",85,1
"201107171056-130","Sheepshead Porgy","Calamus penna",60,1
"201107171056-130","Gray Snapper","Lutjanus griseus",235,2
"201107171056-130","Gray Snapper","Lutjanus griseus",240,2
"201107171056-130","Gulf Flounder","Paralichthys albigutta",180,1
"201107171114-143","Gray Snapper","Lutjanus griseus",140,9
"201107171114-143","Gray Snapper","Lutjanus griseus",200,9
"201107171114-143","Gray Snapper","Lutjanus griseus",200,9
"201107171114-143","Gray Snapper","Lutjanus griseus",210,9
"201107171114-143","Gray Snapper","Lutjanus griseus",220,9
"201107171114-143","Gray Snapper","Lutjanus griseus",220,9
"201107171114-143","Gray Snapper","Lutjanus griseus",230,9
"201107171114-143","Gray Snapper","Lutjanus griseus",230,9
"201107171114-143","Gray Snapper","Lutjanus griseus",245,9
"201107171129-144","Gray Snapper","Lutjanus griseus",140,7
"201107171129-144","Gray Snapper","Lutjanus griseus",145,7
"201107171129-144","Gray Snapper","Lutjanus griseus",145,7
"201107171129-144","Gray Snapper","Lutjanus griseus",155,7
"201107171129-144","Gray Snapper","Lutjanus griseus",210,7
"201107171129-144","Gray Snapper","Lutjanus griseus",250,7
"201107171129-144","Gray Snapper","Lutjanus griseus",260,7
"201107171210-133","Spotted Seatrout","Cynoscion nebulosus",130,1
"201107171314-157","Sheepshead","Archosargus probatocephalus",45,1
"201107171314-157","Gray Snapper","Lutjanus griseus",208,1
"201107171334-070","Lined Seahorse","Hippocampus erectus",105,2
"201107171334-070","Lined Seahorse","Hippocampus erectus",125,2
"201107171334-070","Gray Snapper","Lutjanus griseus",105,2
"201107171334-070","Gray Snapper","Lutjanus griseus",235,2
"201107171418-171","Sheepshead","Archosargus probatocephalus",65,3
"201107171418-171","Sheepshead","Archosargus probatocephalus",70,3
"201107171418-171","Sheepshead","Archosargus probatocephalus",80,3
"201107171418-171","Gray Snapper","Lutjanus griseus",180,7
"201107171418-171","Gray Snapper","Lutjanus griseus",180,7
"201107171418-171","Gray Snapper","Lutjanus griseus",200,7
"201107171418-171","Gray Snapper","Lutjanus griseus",220,7
"201107171418-171","Gray Snapper","Lutjanus griseus",220,7
"201107171418-171","Gray Snapper","Lutjanus griseus",220,7
"201107171418-171","Gray Snapper","Lutjanus griseus",230,7
"201107171418-171","Lane Snapper","Lutjanus synagris",20,3
"201107171418-171","Lane Snapper","Lutjanus synagris",30,3
"201107171418-171","Lane Snapper","Lutjanus synagris",30,3
"201107171418-171","Red Drum","Sciaenops ocellatus",270,1
"201107171440-174","Blue Croaker","Corvula batabana",220,1
"201107171440-174","Southern Flounder","Paralichthys lethostigma",180,1
"201107171540-237","Gray Snapper","Lutjanus griseus",145,1
"201107180840-270","Lined Seahorse","Hippocampus erectus",94,1
"201107180858-269","Great Barracuda","Sphyraena barracuda",42,1
"201107180950-258","Caribbean Spiny Lobster","Panulirus argus",120,1
"201107181349-253","Great Barracuda","Sphyraena barracuda",110,1
"201107190935-283","Lined Seahorse","Hippocampus erectus",90,1
"201107190935-283","Great Barracuda","Sphyraena barracuda",75,1
"201107190946-282","Great Barracuda","Sphyraena barracuda",75,1
"201107191049-290","Great Barracuda","Sphyraena barracuda",70,1
"201107191100-291","Lined Seahorse","Hippocampus erectus",120,1
"201108131531-303","Great Barracuda","Sphyraena barracuda",150,1
"201108140912-112","Gray Snapper","Lutjanus griseus",130,1
"201108140912-112","Great Barracuda","Sphyraena barracuda",55,1
"201108140925-111","Atlantic Bay Scallop","Argopecten irradians",50,2
"201108140925-111","Atlantic Bay Scallop","Argopecten irradians",55,2
"201108140946-105","Sheepshead","Archosargus probatocephalus",65,1
"201108140946-105","Gray Snapper","Lutjanus griseus",140,11
"201108140946-105","Gray Snapper","Lutjanus griseus",150,11
"201108140946-105","Gray Snapper","Lutjanus griseus",155,11
"201108140946-105","Gray Snapper","Lutjanus griseus",180,11
"201108140946-105","Gray Snapper","Lutjanus griseus",180,11
"201108140946-105","Gray Snapper","Lutjanus griseus",210,11
"201108140946-105","Gray Snapper","Lutjanus griseus",210,11
"201108140946-105","Gray Snapper","Lutjanus griseus",230,11
"201108140946-105","Gray Snapper","Lutjanus griseus",240,11
"201108140946-105","Gray Snapper","Lutjanus griseus",250,11
"201108140946-105","Gray Snapper","Lutjanus griseus",260,11
"201108140946-105","Lane Snapper","Lutjanus synagris",50,11
"201108140946-105","Lane Snapper","Lutjanus synagris",50,11
"201108140946-105","Lane Snapper","Lutjanus synagris",50,11
"201108140946-105","Lane Snapper","Lutjanus synagris",55,11
"201108140946-105","Lane Snapper","Lutjanus synagris",55,11
"201108140946-105","Lane Snapper","Lutjanus synagris",63,11
"201108140946-105","Lane Snapper","Lutjanus synagris",65,11
"201108140946-105","Lane Snapper","Lutjanus synagris",68,11
"201108140946-105","Lane Snapper","Lutjanus synagris",70,11
"201108140946-105","Lane Snapper","Lutjanus synagris",75,11
"201108140946-105","Lane Snapper","Lutjanus synagris",180,11
"201108141010-023","Sheepshead Porgy","Calamus penna",130,1
"201108141010-023","Hogfish","Lachnolaimus maximus",100,1
"201108141010-023","Lane Snapper","Lutjanus synagris",55,2
"201108141010-023","Lane Snapper","Lutjanus synagris",60,2
"201108141025-022","Sheepshead Porgy","Calamus penna",120,1
"201108141025-022","Gray Snapper","Lutjanus griseus",60,3
"201108141025-022","Gray Snapper","Lutjanus griseus",190,3
"201108141025-022","Gray Snapper","Lutjanus griseus",220,3
"201108141052-020","Sheepshead Porgy","Calamus penna",70,4
"201108141052-020","Sheepshead Porgy","Calamus penna",70,4
"201108141052-020","Sheepshead Porgy","Calamus penna",90,4
"201108141052-020","Sheepshead Porgy","Calamus penna",140,4
"201108141052-020","Barred Hamlet","Hypoplectrus puella",120,1
"201108141052-020","Gray Snapper","Lutjanus griseus",150,9
"201108141052-020","Gray Snapper","Lutjanus griseus",150,9
"201108141052-020","Gray Snapper","Lutjanus griseus",160,9
"201108141052-020","Gray Snapper","Lutjanus griseus",160,9
"201108141052-020","Gray Snapper","Lutjanus griseus",160,9
"201108141052-020","Gray Snapper","Lutjanus griseus",170,9
"201108141052-020","Gray Snapper","Lutjanus griseus",180,9
"201108141052-020","Gray Snapper","Lutjanus griseus",220,9
"201108141052-020","Gray Snapper","Lutjanus griseus",240,9
"201108141052-020","Lane Snapper","Lutjanus synagris",40,8
"201108141052-020","Lane Snapper","Lutjanus synagris",40,8
"201108141052-020","Lane Snapper","Lutjanus synagris",55,8
"201108141052-020","Lane Snapper","Lutjanus synagris",60,8
"201108141052-020","Lane Snapper","Lutjanus synagris",60,8
"201108141052-020","Lane Snapper","Lutjanus synagris",70,8
"201108141052-020","Lane Snapper","Lutjanus synagris",70,8
"201108141052-020","Lane Snapper","Lutjanus synagris",80,8
"201108141113-101","Gray Snapper","Lutjanus griseus",165,2
"201108141113-101","Gray Snapper","Lutjanus griseus",168,2
"201108141113-101","Lane Snapper","Lutjanus synagris",60,1
"201108141131-107","Lane Snapper","Lutjanus synagris",45,1
"201108141335-144","Gray Snapper","Lutjanus griseus",135,16
"201108141335-144","Gray Snapper","Lutjanus griseus",140,16
"201108141335-144","Gray Snapper","Lutjanus griseus",140,16
"201108141335-144","Gray Snapper","Lutjanus griseus",140,16
"201108141335-144","Gray Snapper","Lutjanus griseus",165,16
"201108141335-144","Gray Snapper","Lutjanus griseus",170,16
"201108141335-144","Gray Snapper","Lutjanus griseus",170,16
"201108141335-144","Gray Snapper","Lutjanus griseus",175,16
"201108141335-144","Gray Snapper","Lutjanus griseus",180,16
"201108141335-144","Gray Snapper","Lutjanus griseus",195,16
"201108141335-144","Gray Snapper","Lutjanus griseus",230,16
"201108141335-144","Gray Snapper","Lutjanus griseus",230,16
"201108141335-144","Gray Snapper","Lutjanus griseus",230,16
"201108141335-144","Gray Snapper","Lutjanus griseus",230,16
"201108141335-144","Gray Snapper","Lutjanus griseus",235,16
"201108141335-144","Gray Snapper","Lutjanus griseus",240,16
"201108141428-067","Sheepshead","Archosargus probatocephalus",55,4
"201108141428-067","Sheepshead","Archosargus probatocephalus",60,4
"201108141428-067","Sheepshead","Archosargus probatocephalus",60,4
"201108141428-067","Sheepshead","Archosargus probatocephalus",65,4
"201108141428-067","Spotted Seatrout","Cynoscion nebulosus",47,2
"201108141428-067","Spotted Seatrout","Cynoscion nebulosus",121,2
"201108141428-067","Gray Snapper","Lutjanus griseus",50,3
"201108141428-067","Gray Snapper","Lutjanus griseus",60,3
"201108141428-067","Gray Snapper","Lutjanus griseus",110,3
"201108141428-067","Lane Snapper","Lutjanus synagris",45,7
"201108141428-067","Lane Snapper","Lutjanus synagris",45,7
"201108141428-067","Lane Snapper","Lutjanus synagris",60,7
"201108141428-067","Lane Snapper","Lutjanus synagris",70,7
"201108141428-067","Lane Snapper","Lutjanus synagris",70,7
"201108141428-067","Lane Snapper","Lutjanus synagris",70,7
"201108141428-067","Lane Snapper","Lutjanus synagris",80,7
"201108141428-067","Mullet Spp","Mugilidae spp",320,1
"201108141428-067","Great Barracuda","Sphyraena barracuda",60,2
"201108141428-067","Great Barracuda","Sphyraena barracuda",125,2
"201108141452-068","Gray Snapper","Lutjanus griseus",42,4
"201108141452-068","Gray Snapper","Lutjanus griseus",110,4
"201108141452-068","Gray Snapper","Lutjanus griseus",155,4
"201108141452-068","Gray Snapper","Lutjanus griseus",160,4
"201108151158-174","Gray Snapper","Lutjanus griseus",145,9
"201108151158-174","Gray Snapper","Lutjanus griseus",150,9
"201108151158-174","Gray Snapper","Lutjanus griseus",160,9
"201108151158-174","Gray Snapper","Lutjanus griseus",165,9
"201108151158-174","Gray Snapper","Lutjanus griseus",170,9
"201108151158-174","Gray Snapper","Lutjanus griseus",180,9
"201108151158-174","Gray Snapper","Lutjanus griseus",180,9
"201108151158-174","Gray Snapper","Lutjanus griseus",180,9
"201108151158-174","Gray Snapper","Lutjanus griseus",210,9
"201108151158-174","Pompano","Trachinotus carolinus",160,1
"201108151321-279","Gray Snapper","Lutjanus griseus",140,1
"201108160849-257","Gray Snapper","Lutjanus griseus",230,1
"201108161055-282","Great Barracuda","Sphyraena barracuda",90,1
"201108161305-609","Lined Seahorse","Hippocampus erectus",120,1
"201108161305-609","Great Barracuda","Sphyraena barracuda",75,1
"201109040829-137","Grass Porgy","Calamus arctifrons",60,2
"201109040829-137","Grass Porgy","Calamus arctifrons",65,2
"201109040959-020","Gray Snapper","Lutjanus griseus",180,2
"201109040959-020","Gray Snapper","Lutjanus griseus",230,2
"201109040959-020","Barbfish","Scorpaena brasiliensis",225,1
"201109041119-067","Spotted Seatrout","Cynoscion nebulosus",32,2
"201109041119-067","Spotted Seatrout","Cynoscion nebulosus",210,2
"201109041119-067","Gray Snapper","Lutjanus griseus",67,4
"201109041119-067","Gray Snapper","Lutjanus griseus",67,4
"201109041119-067","Gray Snapper","Lutjanus griseus",151,4
"201109041119-067","Gray Snapper","Lutjanus griseus",205,4
"201109041119-067","Great Barracuda","Sphyraena barracuda",105,1
"201109041227-143","Gray Snapper","Lutjanus griseus",150,2
"201109041227-143","Gray Snapper","Lutjanus griseus",200,2
"201109041227-143","Lane Snapper","Lutjanus synagris",80,2
"201109041227-143","Lane Snapper","Lutjanus synagris",83,2
"201109041243-144","Barred Hamlet","Hypoplectrus puella",75,1
"201109041243-144","Gray Snapper","Lutjanus griseus",140,2
"201109041243-144","Gray Snapper","Lutjanus griseus",200,2
"201109041243-144","Lane Snapper","Lutjanus synagris",45,2
"201109041243-144","Lane Snapper","Lutjanus synagris",90,2
"201109041315-146","Great Barracuda","Sphyraena barracuda",105,1
"201109041348-157","Gray Snapper","Lutjanus griseus",170,2
"201109041348-157","Gray Snapper","Lutjanus griseus",255,2
"201109041348-157","Lane Snapper","Lutjanus synagris",40,3
"201109041348-157","Lane Snapper","Lutjanus synagris",50,3
"201109041348-157","Lane Snapper","Lutjanus synagris",65,3
"201109041411-167","Lane Snapper","Lutjanus synagris",50,1
"201109041425-168","Gray Snapper","Lutjanus griseus",250,1
"201109041519-171","Lane Snapper","Lutjanus synagris",50,1
"201109051116-254","Gray Snapper","Lutjanus griseus",150,1
"201109060816-257","Great Barracuda","Sphyraena barracuda",160,1
"201109060925-284","Gray Snapper","Lutjanus griseus",180,1
"201109060955-282","Lined Seahorse","Hippocampus erectus",110,1
"201110151344-241","Great Barracuda","Sphyraena barracuda",120,1
"201110231020-021","Gray Snapper","Lutjanus griseus",99,1
"201110231045-020","Gray Snapper","Lutjanus griseus",170,3
"201110231045-020","Gray Snapper","Lutjanus griseus",185,3
"201110231045-020","Gray Snapper","Lutjanus griseus",240,3
"201110231045-020","Lane Snapper","Lutjanus synagris",38,1
"201110231123-054","Gray Snapper","Lutjanus griseus",210,1
"201110231129-106","Gray Snapper","Lutjanus griseus",155,1
"201110231257-117","Atlantic Bay Scallop","Argopecten irradians",60,1
"201110231257-117","Sheepshead","Archosargus probatocephalus",72,2
"201110231257-117","Sheepshead","Archosargus probatocephalus",73,2
"201110231257-117","Lined Seahorse","Hippocampus erectus",122,1
"201110231257-117","Gray Snapper","Lutjanus griseus",165,1
"201110231257-117","Lane Snapper","Lutjanus synagris",122,1
"201110231319-065","Sheepshead","Archosargus probatocephalus",80,2
"201110231319-065","Sheepshead","Archosargus probatocephalus",240,2
"201110231319-065","Lane Snapper","Lutjanus synagris",60,2
"201110231319-065","Lane Snapper","Lutjanus synagris",90,2
"201110231319-065","Lookdown","Selene vomer",40,1
"201110231334-067","Sheepshead","Archosargus probatocephalus",70,1
"201110231334-067","Gray Snapper","Lutjanus griseus",190,1
"201110231410-171","Spotted Seatrout","Cynoscion nebulosus",53,2
"201110231410-171","Spotted Seatrout","Cynoscion nebulosus",88,2
"201110231436-168","Spotted Seatrout","Cynoscion nebulosus",31,1
"201110231613-174","Lane Snapper","Lutjanus synagris",95,1
"201110240839-303","Atlantic Spadefish","Chaetodipterus faber",190,1
"201110240855-302","Hardhead Catfish","Ariopsis felis",230,1
"201110240933-609","Spotted Seatrout","Cynoscion nebulosus",140,1
"201110241257-621","Mullet Spp","Mugilidae spp",185,1
"201110241323-619","Great Barracuda","Sphyraena barracuda",235,1
"201111121020-404","Sea Robin","Prionotus rubio",180,1
"201111131013-226","Great Barracuda","Sphyraena barracuda",85,1
"201111131219-255","Gray Snapper","Lutjanus griseus",170,1
"201111131331-237","Gray Snapper","Lutjanus griseus",150,1
"201111131424-279","Spotted Seatrout","Cynoscion nebulosus",125,1
"201111140953-024","Sheepshead","Archosargus probatocephalus",75,2
"201111140953-024","Sheepshead","Archosargus probatocephalus",75,2
"201111140953-024","Gray Snapper","Lutjanus griseus",195,1
"201111140953-024","Lane Snapper","Lutjanus synagris",35,1
"201111141008-023","Barred Hamlet","Hypoplectrus puella",120,1
"201111141008-023","Barbfish","Scorpaena brasiliensis",130,1
"201111141022-022","Sheepshead Porgy","Calamus penna",140,1
"201111141037-021","Hardhead Catfish","Ariopsis felis",250,1
"201111141037-021","Gray Snapper","Lutjanus griseus",60,2
"201111141037-021","Gray Snapper","Lutjanus griseus",80,2
"201111141037-021","Lane Snapper","Lutjanus synagris",50,1
"201111141103-054","Gray Snapper","Lutjanus griseus",160,2
"201111141103-054","Gray Snapper","Lutjanus griseus",175,2
"201111141103-054","Lane Snapper","Lutjanus synagris",55,3
"201111141103-054","Lane Snapper","Lutjanus synagris",65,3
"201111141103-054","Lane Snapper","Lutjanus synagris",95,3
"201111141124-118","Lane Snapper","Lutjanus synagris",40,8
"201111141124-118","Lane Snapper","Lutjanus synagris",40,8
"201111141124-118","Lane Snapper","Lutjanus synagris",40,8
"201111141124-118","Lane Snapper","Lutjanus synagris",45,8
"201111141124-118","Lane Snapper","Lutjanus synagris",45,8
"201111141124-118","Lane Snapper","Lutjanus synagris",65,8
"201111141124-118","Lane Snapper","Lutjanus synagris",85,8
"201111141124-118","Lane Snapper","Lutjanus synagris",100,8
"201111141220-067","Gray Snapper","Lutjanus griseus",96,10
"201111141220-067","Gray Snapper","Lutjanus griseus",105,10
"201111141220-067","Gray Snapper","Lutjanus griseus",105,10
"201111141220-067","Gray Snapper","Lutjanus griseus",120,10
"201111141220-067","Gray Snapper","Lutjanus griseus",140,10
"201111141220-067","Gray Snapper","Lutjanus griseus",140,10
"201111141220-067","Gray Snapper","Lutjanus griseus",155,10
"201111141220-067","Gray Snapper","Lutjanus griseus",160,10
"201111141220-067","Gray Snapper","Lutjanus griseus",170,10
"201111141220-067","Gray Snapper","Lutjanus griseus",180,10
"201111141220-067","Lane Snapper","Lutjanus synagris",120,3
"201111141220-067","Lane Snapper","Lutjanus synagris",130,3
"201111141220-067","Lane Snapper","Lutjanus synagris",130,3
"201111141220-067","Mullet Spp","Mugilidae spp",260,1
"201111141220-067","Great Barracuda","Sphyraena barracuda",265,1
"201111141245-143","Lane Snapper","Lutjanus synagris",50,5
"201111141245-143","Lane Snapper","Lutjanus synagris",65,5
"201111141245-143","Lane Snapper","Lutjanus synagris",80,5
"201111141245-143","Lane Snapper","Lutjanus synagris",80,5
"201111141245-143","Lane Snapper","Lutjanus synagris",85,5
"201111141245-143","Lookdown","Selene vomer",70,1
"201111141307-157","Lane Snapper","Lutjanus synagris",75,1
"201111141420-171","Lane Snapper","Lutjanus synagris",80,1
"201111141435-073","Gray Snapper","Lutjanus griseus",100,3
"201111141435-073","Gray Snapper","Lutjanus griseus",105,3
"201111141435-073","Gray Snapper","Lutjanus griseus",230,3
"201111141435-073","Lane Snapper","Lutjanus synagris",90,2
"201111141435-073","Lane Snapper","Lutjanus synagris",110,2
"201111141435-073","Mullet Spp","Mugilidae spp",240,1
"201111141435-073","Gulf Flounder","Paralichthys albigutta",270,1
"201111141451-174","Sheepshead","Archosargus probatocephalus",135,1
"201111141451-174","Sand Perch","Diplectrum formosum",90,1
"201111141451-174","Lane Snapper","Lutjanus synagris",40,2
"201111141451-174","Lane Snapper","Lutjanus synagris",50,2
"201111141451-174","Batfish","Ogcocephalus spp",150,1
"201111141451-174","Black Drum","Pogonias cromis",370,1
"201111151010-291","Gray Snapper","Lutjanus griseus",165,1
"201205261417-323","Atlantic Bay Scallop","Argopecten irradians",20,1
"201205270822-123","Spotted Seatrout","Cynoscion nebulosus",41,1
"201205270909-111","Lined Seahorse","Hippocampus erectus",75,1
"201205270909-111","Great Barracuda","Sphyraena barracuda",65,1
"201205270938-022","Atlantic Spadefish","Chaetodipterus faber",200,1
"201205270938-022","Spotted Seatrout","Cynoscion nebulosus",32,1
"201205271007-119","Sheepshead","Archosargus probatocephalus",72,1
"201205271025-118","Gray Snapper","Lutjanus griseus",205,1
"201205271045-065","Spotted Seatrout","Cynoscion nebulosus",42,1
"201205271045-065","Gray Snapper","Lutjanus griseus",205,1
"201205271045-065","Lane Snapper","Lutjanus synagris",40,1
"201205271104-067","Spotted Seatrout","Cynoscion nebulosus",41,3
"201205271104-067","Spotted Seatrout","Cynoscion nebulosus",48,3
"201205271104-067","Spotted Seatrout","Cynoscion nebulosus",72,3
"201205271104-067","Gray Snapper","Lutjanus griseus",70,10
"201205271104-067","Gray Snapper","Lutjanus griseus",94,10
"201205271104-067","Gray Snapper","Lutjanus griseus",105,10
"201205271104-067","Gray Snapper","Lutjanus griseus",115,10
"201205271104-067","Gray Snapper","Lutjanus griseus",120,10
"201205271104-067","Gray Snapper","Lutjanus griseus",120,10
"201205271104-067","Gray Snapper","Lutjanus griseus",125,10
"201205271104-067","Gray Snapper","Lutjanus griseus",150,10
"201205271104-067","Gray Snapper","Lutjanus griseus",180,10
"201205271104-067","Gray Snapper","Lutjanus griseus",220,10
"201205271104-067","Mullet Spp","Mugilidae spp",250,3
"201205271104-067","Mullet Spp","Mugilidae spp",275,3
"201205271104-067","Mullet Spp","Mugilidae spp",280,3
"201205271104-067","Gulf Flounder","Paralichthys albigutta",450,1
"201205271140-130","Gray Snapper","Lutjanus griseus",135,1
"201205271218-143","Hogfish","Lachnolaimus maximus",40,1
"201205271218-143","Gray Snapper","Lutjanus griseus",230,1
"201205271218-143","Lane Snapper","Lutjanus synagris",22,1
"201205271238-144","Gray Snapper","Lutjanus griseus",165,1
"201205271338-071","Sheepshead","Archosargus probatocephalus",51,1
"201205271338-071","Gray Snapper","Lutjanus griseus",150,5
"201205271338-071","Gray Snapper","Lutjanus griseus",170,5
"201205271338-071","Gray Snapper","Lutjanus griseus",208,5
"201205271338-071","Gray Snapper","Lutjanus griseus",218,5
"201205271338-071","Gray Snapper","Lutjanus griseus",223,5
"201205271355-167","Gray Snapper","Lutjanus griseus",200,2
"201205271355-167","Gray Snapper","Lutjanus griseus",230,2
"201205271414-174","Sand Perch","Diplectrum formosum",60,1
"201205271414-174","Lane Snapper","Lutjanus synagris",30,1
"201205271414-174","Sea Robin","Prionotus rubio",38,2
"201205271414-174","Sea Robin","Prionotus rubio",50,2
"201205271447-175","Spotted Seatrout","Cynoscion nebulosus",43,1
"201205271447-175","Lined Seahorse","Hippocampus erectus",90,1
"201205271447-175","Gray Snapper","Lutjanus griseus",150,1
"201205290917-268","Atlantic Bay Scallop","Argopecten irradians",27,1
"201206250918-243","Great Barracuda","Sphyraena barracuda",40,1
"201206250948-227","Gray Snapper","Lutjanus griseus",125,1
"201206250948-227","Great Barracuda","Sphyraena barracuda",80,1
"201206261121-291","Great Barracuda","Sphyraena barracuda",40,1
"201206261228-301","Hardhead Catfish","Ariopsis felis",250,1
"201206261228-301","Atlantic Bay Scallop","Argopecten irradians",35,1
"201206261417-158","Spotted Seatrout","Cynoscion nebulosus",66,1
"201206261417-158","Great Barracuda","Sphyraena barracuda",71,1
"201206270850-171","Spotted Seatrout","Cynoscion nebulosus",79,1
"201206270850-171","Gray Snapper","Lutjanus griseus",200,3
"201206270850-171","Gray Snapper","Lutjanus griseus",200,3
"201206270850-171","Gray Snapper","Lutjanus griseus",210,3
"201206270919-071","Gray Snapper","Lutjanus griseus",45,1
"201206270919-071","Lane Snapper","Lutjanus synagris",80,1
"201206270939-070","Gray Snapper","Lutjanus griseus",105,2
"201206270939-070","Gray Snapper","Lutjanus griseus",150,2
"201206271000-068","Honeycomb Moray Eel","Gymnathorax saxicola",350,1
"201206271000-068","Gray Snapper","Lutjanus griseus",170,1
"201206271037-108","Gray Snapper","Lutjanus griseus",140,1
"201206271052-107","Lane Snapper","Lutjanus synagris",105,1
"201206271122-020","Sheepshead","Archosargus probatocephalus",100,1
"201206271122-020","Gray Snapper","Lutjanus griseus",110,4
"201206271122-020","Gray Snapper","Lutjanus griseus",120,4
"201206271122-020","Gray Snapper","Lutjanus griseus",175,4
"201206271122-020","Gray Snapper","Lutjanus griseus",180,4
"201206271139-022","Gray Snapper","Lutjanus griseus",120,5
"201206271139-022","Gray Snapper","Lutjanus griseus",180,5
"201206271139-022","Gray Snapper","Lutjanus griseus",180,5
"201206271139-022","Gray Snapper","Lutjanus griseus",195,5
"201206271139-022","Gray Snapper","Lutjanus griseus",210,5
"201206271139-022","Lane Snapper","Lutjanus synagris",70,1
"201206271305-123","Spotted Seatrout","Cynoscion nebulosus",35,1
"201206271324-134","Great Barracuda","Sphyraena barracuda",60,2
"201206271324-134","Great Barracuda","Sphyraena barracuda",85,2
"201206271358-137","Gray Snapper","Lutjanus griseus",110,1
"201207141040-270","Caribbean Spiny Lobster","Panulirus argus",85,1
"201207141115-268","Gray Snapper","Lutjanus griseus",220,1
"201207141219-282","Atlantic Bay Scallop","Argopecten irradians",40,1
"201207141306-292","Atlantic Bay Scallop","Argopecten irradians",40,1
"201207141350-301","Great Barracuda","Sphyraena barracuda",120,1
"201207141450-314","Lined Seahorse","Hippocampus erectus",140,1
"201207151136-239","Gray Snapper","Lutjanus griseus",230,1
"201207151230-255","Great Barracuda","Sphyraena barracuda",78,1
"201207160854-123","Sheepshead Porgy","Calamus penna",210,1
"201207161027-022","Sheepshead Porgy","Calamus penna",103,1
"201207161048-020","Spotted Seatrout","Cynoscion nebulosus",37,2
"201207161048-020","Spotted Seatrout","Cynoscion nebulosus",51,2
"201207161048-020","Gray Snapper","Lutjanus griseus",130,1
"201207161110-101","Lane Snapper","Lutjanus synagris",47,1
"201207161110-101","Great Barracuda","Sphyraena barracuda",110,1
"201207161142-130","Gray Snapper","Lutjanus griseus",250,1
"201207161159-144","Spotted Seatrout","Cynoscion nebulosus",79,2
"201207161159-144","Spotted Seatrout","Cynoscion nebulosus",90,2
"201207161159-144","Gray Snapper","Lutjanus griseus",155,2
"201207161159-144","Gray Snapper","Lutjanus griseus",200,2
"201207161159-144","Lane Snapper","Lutjanus synagris",80,1
"201207161240-156","Atlantic Bay Scallop","Argopecten irradians",45,1
"201207161240-156","Spotted Seatrout","Cynoscion nebulosus",39,3
"201207161240-156","Spotted Seatrout","Cynoscion nebulosus",60,3
"201207161240-156","Spotted Seatrout","Cynoscion nebulosus",60,3
"201207161240-156","Lane Snapper","Lutjanus synagris",40,5
"201207161240-156","Lane Snapper","Lutjanus synagris",45,5
"201207161240-156","Lane Snapper","Lutjanus synagris",50,5
"201207161240-156","Lane Snapper","Lutjanus synagris",50,5
"201207161240-156","Lane Snapper","Lutjanus synagris",100,5
"201207161304-068","Gray Snapper","Lutjanus griseus",135,2
"201207161304-068","Gray Snapper","Lutjanus griseus",230,2
"201207161304-068","Great Barracuda","Sphyraena barracuda",80,1
"201207161318-067","Gray Snapper","Lutjanus griseus",165,1
"201207161332-070","Spotted Seatrout","Cynoscion nebulosus",40,2
"201207161332-070","Spotted Seatrout","Cynoscion nebulosus",76,2
"201207161332-070","Gray Snapper","Lutjanus griseus",110,7
"201207161332-070","Gray Snapper","Lutjanus griseus",115,7
"201207161332-070","Gray Snapper","Lutjanus griseus",118,7
"201207161332-070","Gray Snapper","Lutjanus griseus",120,7
"201207161332-070","Gray Snapper","Lutjanus griseus",120,7
"201207161332-070","Gray Snapper","Lutjanus griseus",120,7
"201207161332-070","Gray Snapper","Lutjanus griseus",120,7
"201207161359-073","Spotted Seatrout","Cynoscion nebulosus",57,1
"201207161420-168","Sheepshead Porgy","Calamus penna",210,1
"201207161452-175","Gray Snapper","Lutjanus griseus",150,4
"201207161452-175","Gray Snapper","Lutjanus griseus",210,4
"201207161452-175","Gray Snapper","Lutjanus griseus",210,4
"201207161452-175","Gray Snapper","Lutjanus griseus",225,4
"201208111516-303","Atlantic Bay Scallop","Argopecten irradians",20,1
"201208120846-137","Gray Snapper","Lutjanus griseus",105,1
"201208121026-111","Gray Snapper","Lutjanus griseus",130,2
"201208121026-111","Gray Snapper","Lutjanus griseus",148,2
"201208121048-023","Gray Snapper","Lutjanus griseus",160,1
"201208121048-023","Great Barracuda","Sphyraena barracuda",85,2
"201208121048-023","Great Barracuda","Sphyraena barracuda",90,2
"201208121146-020","Spotted Seatrout","Cynoscion nebulosus",61,2
"201208121146-020","Spotted Seatrout","Cynoscion nebulosus",66,2
"201208121146-020","Great Barracuda","Sphyraena barracuda",100,1
"201208121246-068","Spotted Seatrout","Cynoscion nebulosus",79,1
"201208121246-068","Gray Snapper","Lutjanus griseus",140,2
"201208121246-068","Gray Snapper","Lutjanus griseus",245,2
"201208121246-068","Lane Snapper","Lutjanus synagris",50,1
"201208121255-070","Spotted Seatrout","Cynoscion nebulosus",40,3
"201208121255-070","Spotted Seatrout","Cynoscion nebulosus",75,3
"201208121255-070","Spotted Seatrout","Cynoscion nebulosus",86,3
"201208121255-070","Gray Snapper","Lutjanus griseus",138,5
"201208121255-070","Gray Snapper","Lutjanus griseus",145,5
"201208121255-070","Gray Snapper","Lutjanus griseus",146,5
"201208121255-070","Gray Snapper","Lutjanus griseus",170,5
"201208121255-070","Gray Snapper","Lutjanus griseus",175,5
"201208121332-144","Gray Snapper","Lutjanus griseus",148,1
"201208121332-144","Lane Snapper","Lutjanus synagris",42,1
"201208130845-271","Caribbean Spiny Lobster","Panulirus argus",122,2
"201208130845-271","Caribbean Spiny Lobster","Panulirus argus",134,2
"201208131055-239","Gray Snapper","Lutjanus griseus",132,2
"201208131055-239","Gray Snapper","Lutjanus griseus",155,2
"201208131442-290","Lined Seahorse","Hippocampus erectus",130,1
"201208131504-292","Atlantic Bay Scallop","Argopecten irradians",54,1
"201208141003-283","Gray Snapper","Lutjanus griseus",160,1
"201208141018-282","Atlantic Bay Scallop","Argopecten irradians",43,1
"201208141036-281","Great Barracuda","Sphyraena barracuda",125,1
"201208141116-270","Atlantic Bay Scallop","Argopecten irradians",39,1
"201208141146-257","Great Barracuda","Sphyraena barracuda",90,1
"201209011124-408","Great Barracuda","Sphyraena barracuda",155,1
"201209011249-622","Spotted Seatrout","Cynoscion nebulosus",105,1
"201209020915-124","Spotted Seatrout","Cynoscion nebulosus",60,1
"201209021021-146","Great Barracuda","Sphyraena barracuda",165,1
"201209021136-106","Sheepshead Porgy","Calamus penna",93,1
"201209021136-106","Gray Snapper","Lutjanus griseus",175,1
"201209021136-106","Lane Snapper","Lutjanus synagris",28,6
"201209021136-106","Lane Snapper","Lutjanus synagris",32,6
"201209021136-106","Lane Snapper","Lutjanus synagris",32,6
"201209021136-106","Lane Snapper","Lutjanus synagris",35,6
"201209021136-106","Lane Snapper","Lutjanus synagris",70,6
"201209021136-106","Lane Snapper","Lutjanus synagris",96,6
"201209021136-106","Caribbean Spiny Lobster","Panulirus argus",415,1
"201209021136-106","Great Barracuda","Sphyraena barracuda",43,1
"201209021253-118","Gray Snapper","Lutjanus griseus",125,2
"201209021253-118","Gray Snapper","Lutjanus griseus",150,2
"201209021253-118","Lane Snapper","Lutjanus synagris",35,3
"201209021253-118","Lane Snapper","Lutjanus synagris",40,3
"201209021253-118","Lane Snapper","Lutjanus synagris",100,3
"201209021320-068","Gray Snapper","Lutjanus griseus",175,1
"201209021320-068","Lane Snapper","Lutjanus synagris",85,2
"201209021320-068","Lane Snapper","Lutjanus synagris",95,2
"201209021342-070","Spotted Seatrout","Cynoscion nebulosus",38,6
"201209021342-070","Spotted Seatrout","Cynoscion nebulosus",39,6
"201209021342-070","Spotted Seatrout","Cynoscion nebulosus",76,6
"201209021342-070","Spotted Seatrout","Cynoscion nebulosus",83,6
"201209021342-070","Spotted Seatrout","Cynoscion nebulosus",115,6
"201209021342-070","Spotted Seatrout","Cynoscion nebulosus",145,6
"201209021342-070","Gray Snapper","Lutjanus griseus",170,3
"201209021342-070","Gray Snapper","Lutjanus griseus",190,3
"201209021342-070","Gray Snapper","Lutjanus griseus",220,3
"201209021410-156","Spotted Seatrout","Cynoscion nebulosus",38,2
"201209021410-156","Spotted Seatrout","Cynoscion nebulosus",80,2
"201209021410-156","Gray Snapper","Lutjanus griseus",155,2
"201209021410-156","Gray Snapper","Lutjanus griseus",210,2
"201209021410-156","Lane Snapper","Lutjanus synagris",30,18
"201209021410-156","Lane Snapper","Lutjanus synagris",30,18
"201209021410-156","Lane Snapper","Lutjanus synagris",30,18
"201209021410-156","Lane Snapper","Lutjanus synagris",35,18
"201209021410-156","Lane Snapper","Lutjanus synagris",35,18
"201209021410-156","Lane Snapper","Lutjanus synagris",35,18
"201209021410-156","Lane Snapper","Lutjanus synagris",35,18
"201209021410-156","Lane Snapper","Lutjanus synagris",35,18
"201209021410-156","Lane Snapper","Lutjanus synagris",35,18
"201209021410-156","Lane Snapper","Lutjanus synagris",40,18
"201209021410-156","Lane Snapper","Lutjanus synagris",40,18
"201209021410-156","Lane Snapper","Lutjanus synagris",40,18
"201209021410-156","Lane Snapper","Lutjanus synagris",40,18
"201209021410-156","Lane Snapper","Lutjanus synagris",65,18
"201209021410-156","Lane Snapper","Lutjanus synagris",70,18
"201209021410-156","Lane Snapper","Lutjanus synagris",90,18
"201209021410-156","Lane Snapper","Lutjanus synagris",100,18
"201209021410-156","Lane Snapper","Lutjanus synagris",110,18
"201209021434-157","Gray Snapper","Lutjanus griseus",149,1
"201209021434-157","Lane Snapper","Lutjanus synagris",32,2
"201209021434-157","Lane Snapper","Lutjanus synagris",44,2
"201209021449-168","Gray Snapper","Lutjanus griseus",205,1
"201209021528-173","Spotted Seatrout","Cynoscion nebulosus",140,1
"201209021528-173","Great Barracuda","Sphyraena barracuda",72,1
"201209021539-172","Gray Snapper","Lutjanus griseus",120,5
"201209021539-172","Gray Snapper","Lutjanus griseus",125,5
"201209021539-172","Gray Snapper","Lutjanus griseus",130,5
"201209021539-172","Gray Snapper","Lutjanus griseus",150,5
"201209021539-172","Gray Snapper","Lutjanus griseus",160,5
"201209021539-172","Great Barracuda","Sphyraena barracuda",185,1
"201209021555-073","Gray Snapper","Lutjanus griseus",230,1
"201209021555-073","Lane Snapper","Lutjanus synagris",48,2
"201209021555-073","Lane Snapper","Lutjanus synagris",90,2
"201209031213-254","Great Barracuda","Sphyraena barracuda",75,1
"201209031247-266","Gray Snapper","Lutjanus griseus",200,1
"201209031444-290","Spotted Seatrout","Cynoscion nebulosus",34,1
"201209031511-312","Spotted Seatrout","Cynoscion nebulosus",44,1
"201209031511-312","Gray Snapper","Lutjanus griseus",160,1
"201209031511-312","Great Barracuda","Sphyraena barracuda",155,1
"201209031543-302","Gray Snapper","Lutjanus griseus",135,1
"201209040928-284","Pompano","Trachinotus carolinus",280,1
"201209041017-270","Atlantic Bay Scallop","Argopecten irradians",40,1
"201209041102-268","Great Barracuda","Sphyraena barracuda",90,1
"201209041121-282","Gray Snapper","Lutjanus griseus",140,1
"201210061306-618","Great Barracuda","Sphyraena barracuda",230,1
"201210061509-304","Great Barracuda","Sphyraena barracuda",130,1
"201210071001-137","Atlantic Bay Scallop","Argopecten irradians",52,1
"201210071012-123","Gray Snapper","Lutjanus griseus",53,2
"201210071012-123","Gray Snapper","Lutjanus griseus",175,2
"201210071056-022","Gray Snapper","Lutjanus griseus",150,1
"201210071113-101","Sheepshead Porgy","Calamus penna",145,1
"201210071153-118","Gray Snapper","Lutjanus griseus",185,1
"201210071153-118","Lane Snapper","Lutjanus synagris",38,1
"201210071211-130","Barred Hamlet","Hypoplectrus puella",60,1
"201210071211-130","Gray Snapper","Lutjanus griseus",175,1
"201210071211-130","Lane Snapper","Lutjanus synagris",40,3
"201210071211-130","Lane Snapper","Lutjanus synagris",80,3
"201210071211-130","Lane Snapper","Lutjanus synagris",95,3
"201210071259-143","Sheepshead Porgy","Calamus penna",180,1
"201210071259-143","Spotted Seatrout","Cynoscion nebulosus",190,1
"201210071259-143","Barred Hamlet","Hypoplectrus puella",50,1
"201210071259-143","Gray Snapper","Lutjanus griseus",220,1
"201210071259-143","Lane Snapper","Lutjanus synagris",42,6
"201210071259-143","Lane Snapper","Lutjanus synagris",50,6
"201210071259-143","Lane Snapper","Lutjanus synagris",50,6
"201210071259-143","Lane Snapper","Lutjanus synagris",85,6
"201210071259-143","Lane Snapper","Lutjanus synagris",120,6
"201210071259-143","Lane Snapper","Lutjanus synagris",125,6
"201210071321-144","Lane Snapper","Lutjanus synagris",70,2
"201210071321-144","Lane Snapper","Lutjanus synagris",75,2
"201210071358-133","Great Barracuda","Sphyraena barracuda",175,1
"201210071528-176","Spotted Seatrout","Cynoscion nebulosus",103,1
"201210071541-175","Gray Snapper","Lutjanus griseus",230,2
"201210071541-175","Gray Snapper","Lutjanus griseus",260,2
"201210071541-175","Lane Snapper","Lutjanus synagris",90,1
"201210071558-237","Gray Snapper","Lutjanus griseus",190,1
"201210081210-241","Great Barracuda","Sphyraena barracuda",125,1
"201210081233-254","Great Barracuda","Sphyraena barracuda",140,1
"201210081353-280","Great Barracuda","Sphyraena barracuda",160,1
"201210091103-257","Great Barracuda","Sphyraena barracuda",115,1
"201211101120-408","Gray Snapper","Lutjanus griseus",125,1
"201211101209-621","Gray Snapper","Lutjanus griseus",160,2
"201211101209-621","Gray Snapper","Lutjanus griseus",200,2
"201211101355-315","Great Barracuda","Sphyraena barracuda",145,1
"201211101405-303","Gray Snapper","Lutjanus griseus",200,1
"201211110905-284","Great Barracuda","Sphyraena barracuda",140,1
"201211110949-243","Great Barracuda","Sphyraena barracuda",110,1
"201211111108-239","Sailor's Grunt","Haemulon parra",95,1
"201211111108-239","Gray Snapper","Lutjanus griseus",140,4
"201211111108-239","Gray Snapper","Lutjanus griseus",160,4
"201211111108-239","Gray Snapper","Lutjanus griseus",165,4
"201211111108-239","Gray Snapper","Lutjanus griseus",170,4
"201211111336-279","Gray Snapper","Lutjanus griseus",168,1
"201211111351-280","Atlantic Bay Scallop","Argopecten irradians",53,1
"201211111503-302","Great Barracuda","Sphyraena barracuda",220,1
"201211120936-112","Great Barracuda","Sphyraena barracuda",118,1
"201211120958-146","Great Barracuda","Sphyraena barracuda",115,2
"201211120958-146","Great Barracuda","Sphyraena barracuda",130,2
"201211121026-040","Lane Snapper","Lutjanus synagris",95,1
"201211121037-105","Atlantic Bay Scallop","Argopecten irradians",45,1
"201211121037-105","Spotted Seatrout","Cynoscion nebulosus",95,1
"201211121219-117","Sheepshead Porgy","Calamus penna",180,1
"201211121219-117","Lane Snapper","Lutjanus synagris",120,1
"201211121251-070","Great Barracuda","Sphyraena barracuda",105,2
"201211121251-070","Great Barracuda","Sphyraena barracuda",190,2
"201211121314-156","Sheepshead","Archosargus probatocephalus",100,1
"201211121329-071","Great Barracuda","Sphyraena barracuda",165,1
"201211130929-270","Atlantic Bay Scallop","Argopecten irradians",35,1
"201211130950-256","Atlantic Bay Scallop","Argopecten irradians",50,1
"201211131000-269","Great Barracuda","Sphyraena barracuda",240,1
"201211131012-268","Great Barracuda","Sphyraena barracuda",145,1
"201304271155-408","Sand Perch","Diplectrum formosum",38,1
"201304271358-323","Pompano","Trachinotus carolinus",280,1
"201304280905-271","Atlantic Bay Scallop","Argopecten irradians",20,2
"201304280905-271","Atlantic Bay Scallop","Argopecten irradians",28,2
"201304281014-228","Atlantic Bay Scallop","Argopecten irradians",20,1
"201304281310-237","Lane Snapper","Lutjanus synagris",110,1
"201304281405-280","Atlantic Bay Scallop","Argopecten irradians",60,1
"201304281520-312","Atlantic Bay Scallop","Argopecten irradians",28,1
"201304291012-174","Lane Snapper","Lutjanus synagris",114,1
"201304291032-073","Sheepshead","Archosargus probatocephalus",28,2
"201304291032-073","Sheepshead","Archosargus probatocephalus",32,2
"201304291055-172","Atlantic Spadefish","Chaetodipterus faber",105,2
"201304291055-172","Atlantic Spadefish","Chaetodipterus faber",122,2
"201304291055-172","Gray Snapper","Lutjanus griseus",235,1
"201304291055-172","Lane Snapper","Lutjanus synagris",100,2
"201304291055-172","Lane Snapper","Lutjanus synagris",112,2
"201304291115-175","Lined Seahorse","Hippocampus erectus",65,1
"201304291132-168","Web Burrfish","Chilomycterus antillarum",68,2
"201304291132-168","Web Burrfish","Chilomycterus antillarum",70,2
"201304291132-168","Gray Snapper","Lutjanus griseus",110,1
"201304291425-282","Atlantic Bay Scallop","Argopecten irradians",21,3
"201304291425-282","Atlantic Bay Scallop","Argopecten irradians",21,3
"201304291425-282","Atlantic Bay Scallop","Argopecten irradians",28,3
"201304300951-133","Great Barracuda","Sphyraena barracuda",43,1
"201304301054-024","Sheepshead","Archosargus probatocephalus",20,1
"201304301054-024","Gray Snapper","Lutjanus griseus",90,4
"201304301054-024","Gray Snapper","Lutjanus griseus",115,4
"201304301054-024","Gray Snapper","Lutjanus griseus",130,4
"201304301054-024","Gray Snapper","Lutjanus griseus",175,4
"201304301327-284","Atlantic Bay Scallop","Argopecten irradians",20,3
"201304301327-284","Atlantic Bay Scallop","Argopecten irradians",22,3
"201304301327-284","Atlantic Bay Scallop","Argopecten irradians",27,3
"201305251327-621","Gray Snapper","Lutjanus griseus",185,1
"201305251431-313","Atlantic Bay Scallop","Argopecten irradians",22,1
"201305261058-107","Caribbean Spiny Lobster","Panulirus argus",150,1
"201305261157-022","Sheepshead Porgy","Calamus penna",140,1
"201305261210-021","Gray Snapper","Lutjanus griseus",190,2
"201305261210-021","Gray Snapper","Lutjanus griseus",190,2
"201305261304-067","Sheepshead","Archosargus probatocephalus",20,4
"201305261304-067","Sheepshead","Archosargus probatocephalus",20,4
"201305261304-067","Sheepshead","Archosargus probatocephalus",25,4
"201305261304-067","Sheepshead","Archosargus probatocephalus",28,4
"201305261304-067","Spotted Seatrout","Cynoscion nebulosus",45,1
"201305261304-067","Gray Snapper","Lutjanus griseus",122,1
"201305261324-070","Atlantic Spadefish","Chaetodipterus faber",110,1
"201305261324-070","Spotted Seatrout","Cynoscion nebulosus",34,2
"201305261324-070","Spotted Seatrout","Cynoscion nebulosus",36,2
"201305261324-070","Gray Snapper","Lutjanus griseus",120,3
"201305261324-070","Gray Snapper","Lutjanus griseus",135,3
"201305261324-070","Gray Snapper","Lutjanus griseus",215,3
"201305261324-070","Lane Snapper","Lutjanus synagris",90,3
"201305261324-070","Lane Snapper","Lutjanus synagris",90,3
"201305261324-070","Lane Snapper","Lutjanus synagris",100,3
"201305261342-071","Spotted Seatrout","Cynoscion nebulosus",35,1
"201305261342-071","Gray Snapper","Lutjanus griseus",170,3
"201305261342-071","Gray Snapper","Lutjanus griseus",230,3
"201305261342-071","Gray Snapper","Lutjanus griseus",250,3
"201305261405-073","Sheepshead","Archosargus probatocephalus",28,1
"201305270928-271","Atlantic Bay Scallop","Argopecten irradians",25,9
"201305270928-271","Atlantic Bay Scallop","Argopecten irradians",25,9
"201305270928-271","Atlantic Bay Scallop","Argopecten irradians",30,9
"201305270928-271","Atlantic Bay Scallop","Argopecten irradians",30,9
"201305270928-271","Atlantic Bay Scallop","Argopecten irradians",30,9
"201305270928-271","Atlantic Bay Scallop","Argopecten irradians",35,9
"201305270928-271","Atlantic Bay Scallop","Argopecten irradians",35,9
"201305270928-271","Atlantic Bay Scallop","Argopecten irradians",40,9
"201305270928-271","Atlantic Bay Scallop","Argopecten irradians",40,9
"201305270928-271","Lined Seahorse","Hippocampus erectus",70,1
"201305270934-258","Atlantic Bay Scallop","Argopecten irradians",38,1
"201305271327-237","Gray Snapper","Lutjanus griseus",220,1
"201305271413-280","Atlantic Bay Scallop","Argopecten irradians",20,1
"201305271413-280","Gray Snapper","Lutjanus griseus",190,1
"201305281204-284","Atlantic Bay Scallop","Argopecten irradians",35,2
"201305281204-284","Atlantic Bay Scallop","Argopecten irradians",36,2
"201305281211-270","Atlantic Bay Scallop","Argopecten irradians",30,2
"201305281211-270","Atlantic Bay Scallop","Argopecten irradians",35,2
"201305281222-283","Atlantic Bay Scallop","Argopecten irradians",30,3
"201305281222-283","Atlantic Bay Scallop","Argopecten irradians",35,3
"201305281222-283","Atlantic Bay Scallop","Argopecten irradians",35,3
"201305281238-282","Atlantic Bay Scallop","Argopecten irradians",30,2
"201305281238-282","Atlantic Bay Scallop","Argopecten irradians",40,2
"201305281238-282","Lined Seahorse","Hippocampus erectus",110,1
"201306151715-622","Lined Seahorse","Hippocampus erectus",75,1
"201306161044-108","Great Barracuda","Sphyraena barracuda",125,1
"201306161054-022","Gray Snapper","Lutjanus griseus",240,1
"201306161115-101","Great Barracuda","Sphyraena barracuda",110,1
"201306161204-117","Sheepshead Porgy","Calamus penna",190,1
"201306161204-117","Mutton Snapper","Lutjanus analis",25,1
"201306161218-130","Lane Snapper","Lutjanus synagris",104,1
"201306161237-068","Mutton Snapper","Lutjanus analis",122,1
"201306161237-068","Lane Snapper","Lutjanus synagris",100,1
"201306161237-068","Great Barracuda","Sphyraena barracuda",120,1
"201306161345-144","Lane Snapper","Lutjanus synagris",30,2
"201306161345-144","Lane Snapper","Lutjanus synagris",32,2
"201306161400-143","Spotted Seatrout","Cynoscion nebulosus",38,1
"201306161400-143","Lane Snapper","Lutjanus synagris",95,2
"201306161400-143","Lane Snapper","Lutjanus synagris",110,2
"201306170910-271","Atlantic Bay Scallop","Argopecten irradians",18,48
"201306170910-271","Atlantic Bay Scallop","Argopecten irradians",19,48
"201306170910-271","Atlantic Bay Scallop","Argopecten irradians",19,48
"201306170910-271","Atlantic Bay Scallop","Argopecten irradians",20,48
"201306170910-271","Atlantic Bay Scallop","Argopecten irradians",21,48
"201306170910-271","Atlantic Bay Scallop","Argopecten irradians",22,48
"201306170910-271","Atlantic Bay Scallop","Argopecten irradians",24,48
"201306170910-271","Atlantic Bay Scallop","Argopecten irradians",24,48
"201306170910-271","Atlantic Bay Scallop","Argopecten irradians",25,48
"201306170910-271","Atlantic Bay Scallop","Argopecten irradians",25,48
"201306170910-271","Atlantic Bay Scallop","Argopecten irradians",26,48
"201306170910-271","Atlantic Bay Scallop","Argopecten irradians",26,48
"201306170910-271","Atlantic Bay Scallop","Argopecten irradians",26,48
"201306170910-271","Atlantic Bay Scallop","Argopecten irradians",26,48
"201306170910-271","Atlantic Bay Scallop","Argopecten irradians",26,48
"201306170910-271","Atlantic Bay Scallop","Argopecten irradians",27,48
"201306170910-271","Atlantic Bay Scallop","Argopecten irradians",27,48
"201306170910-271","Atlantic Bay Scallop","Argopecten irradians",28,48
"201306170910-271","Atlantic Bay Scallop","Argopecten irradians",28,48
"201306170910-271","Atlantic Bay Scallop","Argopecten irradians",28,48
"201306170910-271","Atlantic Bay Scallop","Argopecten irradians",28,48
"201306170910-271","Atlantic Bay Scallop","Argopecten irradians",28,48
"201306170910-271","Atlantic Bay Scallop","Argopecten irradians",29,48
"201306170910-271","Atlantic Bay Scallop","Argopecten irradians",29,48
"201306170910-271","Atlantic Bay Scallop","Argopecten irradians",29,48
"201306170910-271","Atlantic Bay Scallop","Argopecten irradians",30,48
"201306170910-271","Atlantic Bay Scallop","Argopecten irradians",30,48
"201306170910-271","Atlantic Bay Scallop","Argopecten irradians",30,48
"201306170910-271","Atlantic Bay Scallop","Argopecten irradians",30,48
"201306170910-271","Atlantic Bay Scallop","Argopecten irradians",30,48
"201306170910-271","Atlantic Bay Scallop","Argopecten irradians",30,48
"201306170910-271","Atlantic Bay Scallop","Argopecten irradians",30,48
"201306170910-271","Atlantic Bay Scallop","Argopecten irradians",31,48
"201306170910-271","Atlantic Bay Scallop","Argopecten irradians",31,48
"201306170910-271","Atlantic Bay Scallop","Argopecten irradians",31,48
"201306170910-271","Atlantic Bay Scallop","Argopecten irradians",31,48
"201306170910-271","Atlantic Bay Scallop","Argopecten irradians",32,48
"201306170910-271","Atlantic Bay Scallop","Argopecten irradians",32,48
"201306170910-271","Atlantic Bay Scallop","Argopecten irradians",33,48
"201306170910-271","Atlantic Bay Scallop","Argopecten irradians",34,48
"201306170910-271","Atlantic Bay Scallop","Argopecten irradians",34,48
"201306170910-271","Atlantic Bay Scallop","Argopecten irradians",35,48
"201306170910-271","Atlantic Bay Scallop","Argopecten irradians",35,48
"201306170910-271","Atlantic Bay Scallop","Argopecten irradians",36,48
"201306170910-271","Atlantic Bay Scallop","Argopecten irradians",36,48
"201306170910-271","Atlantic Bay Scallop","Argopecten irradians",36,48
"201306170910-271","Atlantic Bay Scallop","Argopecten irradians",37,48
"201306170910-271","Atlantic Bay Scallop","Argopecten irradians",39,48
"201306170929-258","Great Barracuda","Sphyraena barracuda",58,1
"201306171050-225","Atlantic Bay Scallop","Argopecten irradians",28,1
"201306171257-266","Atlantic Bay Scallop","Argopecten irradians",23,1
"201306171310-279","Atlantic Bay Scallop","Argopecten irradians",26,1
"201306171402-301","Spotted Seatrout","Cynoscion nebulosus",174,1
"201306171402-301","Lined Seahorse","Hippocampus erectus",110,1
"201306171430-312","Atlantic Bay Scallop","Argopecten irradians",43,1
"201306171515-315","Lined Seahorse","Hippocampus erectus",110,1
"201306171526-303","Atlantic Bay Scallop","Argopecten irradians",38,1
"201306171537-304","Atlantic Bay Scallop","Argopecten irradians",30,1
"201306180850-284","Atlantic Bay Scallop","Argopecten irradians",21,20
"201306180850-284","Atlantic Bay Scallop","Argopecten irradians",23,20
"201306180850-284","Atlantic Bay Scallop","Argopecten irradians",24,20
"201306180850-284","Atlantic Bay Scallop","Argopecten irradians",25,20
"201306180850-284","Atlantic Bay Scallop","Argopecten irradians",25,20
"201306180850-284","Atlantic Bay Scallop","Argopecten irradians",26,20
"201306180850-284","Atlantic Bay Scallop","Argopecten irradians",26,20
"201306180850-284","Atlantic Bay Scallop","Argopecten irradians",28,20
"201306180850-284","Atlantic Bay Scallop","Argopecten irradians",28,20
"201306180850-284","Atlantic Bay Scallop","Argopecten irradians",29,20
"201306180850-284","Atlantic Bay Scallop","Argopecten irradians",29,20
"201306180850-284","Atlantic Bay Scallop","Argopecten irradians",30,20
"201306180850-284","Atlantic Bay Scallop","Argopecten irradians",30,20
"201306180850-284","Atlantic Bay Scallop","Argopecten irradians",30,20
"201306180850-284","Atlantic Bay Scallop","Argopecten irradians",31,20
"201306180850-284","Atlantic Bay Scallop","Argopecten irradians",31,20
"201306180850-284","Atlantic Bay Scallop","Argopecten irradians",32,20
"201306180850-284","Atlantic Bay Scallop","Argopecten irradians",32,20
"201306180850-284","Atlantic Bay Scallop","Argopecten irradians",34,20
"201306180850-284","Atlantic Bay Scallop","Argopecten irradians",35,20
"201306180903-294","Atlantic Bay Scallop","Argopecten irradians",22,20
"201306180903-294","Atlantic Bay Scallop","Argopecten irradians",22,20
"201306180903-294","Atlantic Bay Scallop","Argopecten irradians",23,20
"201306180903-294","Atlantic Bay Scallop","Argopecten irradians",26,20
"201306180903-294","Atlantic Bay Scallop","Argopecten irradians",29,20
"201306180903-294","Atlantic Bay Scallop","Argopecten irradians",30,20
"201306180903-294","Atlantic Bay Scallop","Argopecten irradians",31,20
"201306180903-294","Atlantic Bay Scallop","Argopecten irradians",31,20
"201306180903-294","Atlantic Bay Scallop","Argopecten irradians",32,20
"201306180903-294","Atlantic Bay Scallop","Argopecten irradians",34,20
"201306180903-294","Atlantic Bay Scallop","Argopecten irradians",34,20
"201306180903-294","Atlantic Bay Scallop","Argopecten irradians",35,20
"201306180903-294","Atlantic Bay Scallop","Argopecten irradians",35,20
"201306180903-294","Atlantic Bay Scallop","Argopecten irradians",35,20
"201306180903-294","Atlantic Bay Scallop","Argopecten irradians",36,20
"201306180903-294","Atlantic Bay Scallop","Argopecten irradians",36,20
"201306180903-294","Atlantic Bay Scallop","Argopecten irradians",40,20
"201306180903-294","Atlantic Bay Scallop","Argopecten irradians",40,20
"201306180903-294","Atlantic Bay Scallop","Argopecten irradians",41,20
"201306180903-294","Atlantic Bay Scallop","Argopecten irradians",42,20
"201306180903-294","Lined Seahorse","Hippocampus erectus",95,1
"201306180913-283","Atlantic Bay Scallop","Argopecten irradians",28,9
"201306180913-283","Atlantic Bay Scallop","Argopecten irradians",30,9
"201306180913-283","Atlantic Bay Scallop","Argopecten irradians",31,9
"201306180913-283","Atlantic Bay Scallop","Argopecten irradians",34,9
"201306180913-283","Atlantic Bay Scallop","Argopecten irradians",35,9
"201306180913-283","Atlantic Bay Scallop","Argopecten irradians",36,9
"201306180913-283","Atlantic Bay Scallop","Argopecten irradians",36,9
"201306180913-283","Atlantic Bay Scallop","Argopecten irradians",39,9
"201306180913-283","Atlantic Bay Scallop","Argopecten irradians",43,9
"201306180923-270","Atlantic Bay Scallop","Argopecten irradians",21,5
"201306180923-270","Atlantic Bay Scallop","Argopecten irradians",25,5
"201306180923-270","Atlantic Bay Scallop","Argopecten irradians",26,5
"201306180923-270","Atlantic Bay Scallop","Argopecten irradians",30,5
"201306180923-270","Atlantic Bay Scallop","Argopecten irradians",33,5
"201306180934-257","Atlantic Bay Scallop","Argopecten irradians",28,2
"201306180934-257","Atlantic Bay Scallop","Argopecten irradians",30,2
"201306180950-269","Atlantic Bay Scallop","Argopecten irradians",33,2
"201306180950-269","Atlantic Bay Scallop","Argopecten irradians",39,2
"201306181001-282","Atlantic Bay Scallop","Argopecten irradians",32,1
"201307131100-404","Great Barracuda","Sphyraena barracuda",90,1
"201307131112-326","Atlantic Bay Scallop","Argopecten irradians",40,1
"201307131454-303","Gray Snapper","Lutjanus griseus",200,1
"201307141038-022","Gray Snapper","Lutjanus griseus",165,1
"201307141248-156","Sheepshead","Archosargus probatocephalus",50,1
"201307141248-156","Spotted Seatrout","Cynoscion nebulosus",37,1
"201307141248-156","Hogfish","Lachnolaimus maximus",130,1
"201307141248-156","Lane Snapper","Lutjanus synagris",50,4
"201307141248-156","Lane Snapper","Lutjanus synagris",60,4
"201307141248-156","Lane Snapper","Lutjanus synagris",60,4
"201307141248-156","Lane Snapper","Lutjanus synagris",65,4
"201307141308-067","Sheepshead","Archosargus probatocephalus",40,1
"201307141308-067","Spotted Seatrout","Cynoscion nebulosus",45,8
"201307141308-067","Spotted Seatrout","Cynoscion nebulosus",47,8
"201307141308-067","Spotted Seatrout","Cynoscion nebulosus",57,8
"201307141308-067","Spotted Seatrout","Cynoscion nebulosus",65,8
"201307141308-067","Spotted Seatrout","Cynoscion nebulosus",79,8
"201307141308-067","Spotted Seatrout","Cynoscion nebulosus",80,8
"201307141308-067","Spotted Seatrout","Cynoscion nebulosus",90,8
"201307141308-067","Spotted Seatrout","Cynoscion nebulosus",105,8
"201307141308-067","Lined Seahorse","Hippocampus erectus",90,1
"201307141308-067","Gray Snapper","Lutjanus griseus",110,2
"201307141308-067","Gray Snapper","Lutjanus griseus",110,2
"201307141308-067","Mutton Snapper","Lutjanus analis",125,1
"201307141308-067","Lane Snapper","Lutjanus synagris",25,6
"201307141308-067","Lane Snapper","Lutjanus synagris",25,6
"201307141308-067","Lane Snapper","Lutjanus synagris",50,6
"201307141308-067","Lane Snapper","Lutjanus synagris",55,6
"201307141308-067","Lane Snapper","Lutjanus synagris",58,6
"201307141308-067","Lane Snapper","Lutjanus synagris",110,6
"201307141308-067","Yellowtail Snapper","Ocyurus chrysurus",55,1
"201307141308-067","Caribbean Spiny Lobster","Panulirus argus",23,1
"201307141340-070","Spotted Seatrout","Cynoscion nebulosus",55,4
"201307141340-070","Spotted Seatrout","Cynoscion nebulosus",57,4
"201307141340-070","Spotted Seatrout","Cynoscion nebulosus",68,4
"201307141340-070","Spotted Seatrout","Cynoscion nebulosus",84,4
"201307141340-070","Gray Snapper","Lutjanus griseus",215,1
"201307141423-071","Gray Snapper","Lutjanus griseus",210,3
"201307141423-071","Gray Snapper","Lutjanus griseus",240,3
"201307141423-071","Gray Snapper","Lutjanus griseus",250,3
"201307141423-071","Lane Snapper","Lutjanus synagris",130,2
"201307141423-071","Lane Snapper","Lutjanus synagris",145,2
"201307141441-158","Lane Snapper","Lutjanus synagris",58,2
"201307141441-158","Lane Snapper","Lutjanus synagris",66,2
"201307141514-169","Spotted Seatrout","Cynoscion nebulosus",112,1
"201307141533-176","Spotted Seatrout","Cynoscion nebulosus",109,1
"201307151028-258","Atlantic Bay Scallop","Argopecten irradians",30,64
"201307151028-258","Atlantic Bay Scallop","Argopecten irradians",30,64
"201307151028-258","Atlantic Bay Scallop","Argopecten irradians",30,64
"201307151028-258","Atlantic Bay Scallop","Argopecten irradians",30,64
"201307151028-258","Atlantic Bay Scallop","Argopecten irradians",30,64
"201307151028-258","Atlantic Bay Scallop","Argopecten irradians",30,64
"201307151028-258","Atlantic Bay Scallop","Argopecten irradians",35,64
"201307151028-258","Atlantic Bay Scallop","Argopecten irradians",35,64
"201307151028-258","Atlantic Bay Scallop","Argopecten irradians",35,64
"201307151028-258","Atlantic Bay Scallop","Argopecten irradians",35,64
"201307151028-258","Atlantic Bay Scallop","Argopecten irradians",35,64
"201307151028-258","Atlantic Bay Scallop","Argopecten irradians",35,64
"201307151028-258","Atlantic Bay Scallop","Argopecten irradians",35,64
"201307151028-258","Atlantic Bay Scallop","Argopecten irradians",35,64
"201307151028-258","Atlantic Bay Scallop","Argopecten irradians",35,64
"201307151028-258","Atlantic Bay Scallop","Argopecten irradians",35,64
"201307151028-258","Atlantic Bay Scallop","Argopecten irradians",35,64
"201307151028-258","Atlantic Bay Scallop","Argopecten irradians",40,64
"201307151028-258","Atlantic Bay Scallop","Argopecten irradians",40,64
"201307151028-258","Atlantic Bay Scallop","Argopecten irradians",40,64
"201307151028-258","Atlantic Bay Scallop","Argopecten irradians",40,64
"201307151028-258","Atlantic Bay Scallop","Argopecten irradians",40,64
"201307151028-258","Atlantic Bay Scallop","Argopecten irradians",40,64
"201307151028-258","Atlantic Bay Scallop","Argopecten irradians",40,64
"201307151028-258","Atlantic Bay Scallop","Argopecten irradians",40,64
"201307151028-258","Atlantic Bay Scallop","Argopecten irradians",40,64
"201307151028-258","Atlantic Bay Scallop","Argopecten irradians",40,64
"201307151028-258","Atlantic Bay Scallop","Argopecten irradians",40,64
"201307151028-258","Atlantic Bay Scallop","Argopecten irradians",40,64
"201307151028-258","Atlantic Bay Scallop","Argopecten irradians",40,64
"201307151028-258","Atlantic Bay Scallop","Argopecten irradians",40,64
"201307151028-258","Atlantic Bay Scallop","Argopecten irradians",40,64
"201307151028-258","Atlantic Bay Scallop","Argopecten irradians",40,64
"201307151028-258","Atlantic Bay Scallop","Argopecten irradians",40,64
"201307151028-258","Atlantic Bay Scallop","Argopecten irradians",40,64
"201307151028-258","Atlantic Bay Scallop","Argopecten irradians",40,64
"201307151028-258","Atlantic Bay Scallop","Argopecten irradians",40,64
"201307151028-258","Atlantic Bay Scallop","Argopecten irradians",45,64
"201307151028-258","Atlantic Bay Scallop","Argopecten irradians",45,64
"201307151028-258","Atlantic Bay Scallop","Argopecten irradians",45,64
"201307151028-258","Atlantic Bay Scallop","Argopecten irradians",45,64
"201307151028-258","Atlantic Bay Scallop","Argopecten irradians",45,64
"201307151028-258","Atlantic Bay Scallop","Argopecten irradians",45,64
"201307151028-258","Atlantic Bay Scallop","Argopecten irradians",45,64
"201307151028-258","Atlantic Bay Scallop","Argopecten irradians",45,64
"201307151028-258","Atlantic Bay Scallop","Argopecten irradians",45,64
"201307151028-258","Atlantic Bay Scallop","Argopecten irradians",45,64
"201307151028-258","Atlantic Bay Scallop","Argopecten irradians",45,64
"201307151028-258","Atlantic Bay Scallop","Argopecten irradians",45,64
"201307151028-258","Atlantic Bay Scallop","Argopecten irradians",45,64
"201307151028-258","Atlantic Bay Scallop","Argopecten irradians",45,64
"201307151028-258","Atlantic Bay Scallop","Argopecten irradians",45,64
"201307151028-258","Atlantic Bay Scallop","Argopecten irradians",50,64
"201307151028-258","Atlantic Bay Scallop","Argopecten irradians",50,64
"201307151028-258","Atlantic Bay Scallop","Argopecten irradians",50,64
"201307151028-258","Atlantic Bay Scallop","Argopecten irradians",50,64
"201307151028-258","Atlantic Bay Scallop","Argopecten irradians",50,64
"201307151028-258","Atlantic Bay Scallop","Argopecten irradians",50,64
"201307151028-258","Atlantic Bay Scallop","Argopecten irradians",50,64
"201307151028-258","Atlantic Bay Scallop","Argopecten irradians",50,64
"201307151028-258","Atlantic Bay Scallop","Argopecten irradians",50,64
"201307151028-258","Atlantic Bay Scallop","Argopecten irradians",50,64
"201307151028-258","Atlantic Bay Scallop","Argopecten irradians",50,64
"201307151028-258","Atlantic Bay Scallop","Argopecten irradians",50,64
"201307161006-271","Atlantic Bay Scallop","Argopecten irradians",30,5
"201307161006-271","Atlantic Bay Scallop","Argopecten irradians",35,5
"201307161006-271","Atlantic Bay Scallop","Argopecten irradians",40,5
"201307161006-271","Atlantic Bay Scallop","Argopecten irradians",40,5
"201307161006-271","Atlantic Bay Scallop","Argopecten irradians",45,5
"201307161006-271","Lined Seahorse","Hippocampus erectus",90,1
"201307161016-284","Atlantic Bay Scallop","Argopecten irradians",30,7
"201307161016-284","Atlantic Bay Scallop","Argopecten irradians",30,7
"201307161016-284","Atlantic Bay Scallop","Argopecten irradians",35,7
"201307161016-284","Atlantic Bay Scallop","Argopecten irradians",35,7
"201307161016-284","Atlantic Bay Scallop","Argopecten irradians",35,7
"201307161016-284","Atlantic Bay Scallop","Argopecten irradians",40,7
"201307161016-284","Atlantic Bay Scallop","Argopecten irradians",40,7
"201307161025-294","Atlantic Bay Scallop","Argopecten irradians",30,3
"201307161025-294","Atlantic Bay Scallop","Argopecten irradians",35,3
"201307161025-294","Atlantic Bay Scallop","Argopecten irradians",45,3
"201307161033-283","Atlantic Bay Scallop","Argopecten irradians",35,4
"201307161033-283","Atlantic Bay Scallop","Argopecten irradians",40,4
"201307161033-283","Atlantic Bay Scallop","Argopecten irradians",45,4
"201307161033-283","Atlantic Bay Scallop","Argopecten irradians",50,4
"201307161120-256","Atlantic Bay Scallop","Argopecten irradians",20,4
"201307161120-256","Atlantic Bay Scallop","Argopecten irradians",25,4
"201307161120-256","Atlantic Bay Scallop","Argopecten irradians",30,4
"201307161120-256","Atlantic Bay Scallop","Argopecten irradians",40,4
"201307161120-256","Lined Seahorse","Hippocampus erectus",80,1
"201307161140-282","Atlantic Bay Scallop","Argopecten irradians",30,4
"201307161140-282","Atlantic Bay Scallop","Argopecten irradians",35,4
"201307161140-282","Atlantic Bay Scallop","Argopecten irradians",40,4
"201307161140-282","Atlantic Bay Scallop","Argopecten irradians",40,4
"201307161150-292","Atlantic Bay Scallop","Argopecten irradians",35,1
"201308151131-326","Atlantic Bay Scallop","Argopecten irradians",39,1
"201308151319-304","Atlantic Bay Scallop","Argopecten irradians",45,2
"201308151319-304","Atlantic Bay Scallop","Argopecten irradians",45,2
"201308151419-325","Atlantic Bay Scallop","Argopecten irradians",45,1
"201308160920-136","Great Barracuda","Sphyraena barracuda",115,1
"201308160950-159","Great Barracuda","Sphyraena barracuda",56,1
"201308161031-040","Barred Hamlet","Hypoplectrus puella",30,1
"201308161132-054","Lane Snapper","Lutjanus synagris",23,1
"201308161246-117","Barred Hamlet","Hypoplectrus puella",35,1
"201308161246-117","Gray Snapper","Lutjanus griseus",200,1
"201308161246-117","Lane Snapper","Lutjanus synagris",50,2
"201308161246-117","Lane Snapper","Lutjanus synagris",90,2
"201308161246-117","Yellowtail Snapper","Ocyurus chrysurus",45,2
"201308161246-117","Yellowtail Snapper","Ocyurus chrysurus",80,2
"201308161302-065","Gray Snapper","Lutjanus griseus",185,1
"201308161302-065","Great Barracuda","Sphyraena barracuda",85,2
"201308161302-065","Great Barracuda","Sphyraena barracuda",85,2
"201308161322-068","Spotted Seatrout","Cynoscion nebulosus",135,1
"201308161322-068","Lane Snapper","Lutjanus synagris",45,2
"201308161322-068","Lane Snapper","Lutjanus synagris",90,2
"201308161334-070","Grass Porgy","Calamus arctifrons",210,1
"201308161334-070","Spotted Seatrout","Cynoscion nebulosus",31,5
"201308161334-070","Spotted Seatrout","Cynoscion nebulosus",32,5
"201308161334-070","Spotted Seatrout","Cynoscion nebulosus",37,5
"201308161334-070","Spotted Seatrout","Cynoscion nebulosus",50,5
"201308161334-070","Spotted Seatrout","Cynoscion nebulosus",104,5
"201308161334-070","Gray Snapper","Lutjanus griseus",205,3
"201308161334-070","Gray Snapper","Lutjanus griseus",210,3
"201308161334-070","Gray Snapper","Lutjanus griseus",230,3
"201308161415-071","Hogfish","Lachnolaimus maximus",110,1
"201308161415-071","Lane Snapper","Lutjanus synagris",60,1
"201308161450-167","Lane Snapper","Lutjanus synagris",60,4
"201308161450-167","Lane Snapper","Lutjanus synagris",65,4
"201308161450-167","Lane Snapper","Lutjanus synagris",90,4
"201308161450-167","Lane Snapper","Lutjanus synagris",100,4
"201308161458-168","Gray Snapper","Lutjanus griseus",210,1
"201308170901-258","Atlantic Bay Scallop","Argopecten irradians",28,12
"201308170901-258","Atlantic Bay Scallop","Argopecten irradians",30,12
"201308170901-258","Atlantic Bay Scallop","Argopecten irradians",30,12
"201308170901-258","Atlantic Bay Scallop","Argopecten irradians",30,12
"201308170901-258","Atlantic Bay Scallop","Argopecten irradians",32,12
"201308170901-258","Atlantic Bay Scallop","Argopecten irradians",35,12
"201308170901-258","Atlantic Bay Scallop","Argopecten irradians",36,12
"201308170901-258","Atlantic Bay Scallop","Argopecten irradians",40,12
"201308170901-258","Atlantic Bay Scallop","Argopecten irradians",45,12
"201308170901-258","Atlantic Bay Scallop","Argopecten irradians",46,12
"201308170901-258","Atlantic Bay Scallop","Argopecten irradians",48,12
"201308170901-258","Atlantic Bay Scallop","Argopecten irradians",50,12
"201308170929-243","Atlantic Bay Scallop","Argopecten irradians",45,1
"201308170929-243","Great Barracuda","Sphyraena barracuda",85,1
"201308171021-241","Gray Snapper","Lutjanus griseus",110,1
"201308171110-240","Gray Snapper","Lutjanus griseus",230,1
"201308171121-255","Spotted Seatrout","Cynoscion nebulosus",102,1
"201308171143-239","Gray Snapper","Lutjanus griseus",250,1
"201308171306-278","Gray Snapper","Lutjanus griseus",165,1
"201308171341-268","Atlantic Bay Scallop","Argopecten irradians",42,1
"201308171357-269","Atlantic Bay Scallop","Argopecten irradians",45,1
"201308180844-284","Atlantic Bay Scallop","Argopecten irradians",32,27
"201308180844-284","Atlantic Bay Scallop","Argopecten irradians",32,27
"201308180844-284","Atlantic Bay Scallop","Argopecten irradians",32,27
"201308180844-284","Atlantic Bay Scallop","Argopecten irradians",36,27
"201308180844-284","Atlantic Bay Scallop","Argopecten irradians",37,27
"201308180844-284","Atlantic Bay Scallop","Argopecten irradians",38,27
"201308180844-284","Atlantic Bay Scallop","Argopecten irradians",38,27
"201308180844-284","Atlantic Bay Scallop","Argopecten irradians",40,27
"201308180844-284","Atlantic Bay Scallop","Argopecten irradians",40,27
"201308180844-284","Atlantic Bay Scallop","Argopecten irradians",42,27
"201308180844-284","Atlantic Bay Scallop","Argopecten irradians",42,27
"201308180844-284","Atlantic Bay Scallop","Argopecten irradians",45,27
"201308180844-284","Atlantic Bay Scallop","Argopecten irradians",45,27
"201308180844-284","Atlantic Bay Scallop","Argopecten irradians",45,27
"201308180844-284","Atlantic Bay Scallop","Argopecten irradians",47,27
"201308180844-284","Atlantic Bay Scallop","Argopecten irradians",47,27
"201308180844-284","Atlantic Bay Scallop","Argopecten irradians",48,27
"201308180844-284","Atlantic Bay Scallop","Argopecten irradians",49,27
"201308180844-284","Atlantic Bay Scallop","Argopecten irradians",50,27
"201308180844-284","Atlantic Bay Scallop","Argopecten irradians",50,27
"201308180844-284","Atlantic Bay Scallop","Argopecten irradians",50,27
"201308180844-284","Atlantic Bay Scallop","Argopecten irradians",50,27
"201308180844-284","Atlantic Bay Scallop","Argopecten irradians",50,27
"201308180844-284","Atlantic Bay Scallop","Argopecten irradians",50,27
"201308180844-284","Atlantic Bay Scallop","Argopecten irradians",50,27
"201308180844-284","Atlantic Bay Scallop","Argopecten irradians",53,27
"201308180844-284","Atlantic Bay Scallop","Argopecten irradians",55,27
"201308180844-284","Caribbean Spiny Lobster","Panulirus argus",250,2
"201308180844-284","Caribbean Spiny Lobster","Panulirus argus",290,2
"201308180857-271","Atlantic Bay Scallop","Argopecten irradians",40,1
"201308180905-257","Atlantic Bay Scallop","Argopecten irradians",28,1
"201308180929-283","Atlantic Bay Scallop","Argopecten irradians",45,3
"201308180929-283","Atlantic Bay Scallop","Argopecten irradians",45,3
"201308180929-283","Atlantic Bay Scallop","Argopecten irradians",50,3
"201308180945-294","Atlantic Bay Scallop","Argopecten irradians",37,14
"201308180945-294","Atlantic Bay Scallop","Argopecten irradians",43,14
"201308180945-294","Atlantic Bay Scallop","Argopecten irradians",43,14
"201308180945-294","Atlantic Bay Scallop","Argopecten irradians",43,14
"201308180945-294","Atlantic Bay Scallop","Argopecten irradians",44,14
"201308180945-294","Atlantic Bay Scallop","Argopecten irradians",47,14
"201308180945-294","Atlantic Bay Scallop","Argopecten irradians",48,14
"201308180945-294","Atlantic Bay Scallop","Argopecten irradians",49,14
"201308180945-294","Atlantic Bay Scallop","Argopecten irradians",50,14
"201308180945-294","Atlantic Bay Scallop","Argopecten irradians",50,14
"201308180945-294","Atlantic Bay Scallop","Argopecten irradians",51,14
"201308180945-294","Atlantic Bay Scallop","Argopecten irradians",52,14
"201308180945-294","Atlantic Bay Scallop","Argopecten irradians",55,14
"201308180945-294","Atlantic Bay Scallop","Argopecten irradians",58,14
"201308180957-282","Atlantic Bay Scallop","Argopecten irradians",32,25
"201308180957-282","Atlantic Bay Scallop","Argopecten irradians",32,25
"201308180957-282","Atlantic Bay Scallop","Argopecten irradians",33,25
"201308180957-282","Atlantic Bay Scallop","Argopecten irradians",39,25
"201308180957-282","Atlantic Bay Scallop","Argopecten irradians",39,25
"201308180957-282","Atlantic Bay Scallop","Argopecten irradians",40,25
"201308180957-282","Atlantic Bay Scallop","Argopecten irradians",40,25
"201308180957-282","Atlantic Bay Scallop","Argopecten irradians",40,25
"201308180957-282","Atlantic Bay Scallop","Argopecten irradians",40,25
"201308180957-282","Atlantic Bay Scallop","Argopecten irradians",43,25
"201308180957-282","Atlantic Bay Scallop","Argopecten irradians",43,25
"201308180957-282","Atlantic Bay Scallop","Argopecten irradians",44,25
"201308180957-282","Atlantic Bay Scallop","Argopecten irradians",44,25
"201308180957-282","Atlantic Bay Scallop","Argopecten irradians",45,25
"201308180957-282","Atlantic Bay Scallop","Argopecten irradians",46,25
"201308180957-282","Atlantic Bay Scallop","Argopecten irradians",46,25
"201308180957-282","Atlantic Bay Scallop","Argopecten irradians",46,25
"201308180957-282","Atlantic Bay Scallop","Argopecten irradians",46,25
"201308180957-282","Atlantic Bay Scallop","Argopecten irradians",47,25
"201308180957-282","Atlantic Bay Scallop","Argopecten irradians",47,25
"201308180957-282","Atlantic Bay Scallop","Argopecten irradians",47,25
"201308180957-282","Atlantic Bay Scallop","Argopecten irradians",47,25
"201308180957-282","Atlantic Bay Scallop","Argopecten irradians",48,25
"201308180957-282","Atlantic Bay Scallop","Argopecten irradians",48,25
"201308180957-282","Atlantic Bay Scallop","Argopecten irradians",53,25
"201308180957-282","Gray Snapper","Lutjanus griseus",210,1
"201308181012-292","Atlantic Bay Scallop","Argopecten irradians",42,2
"201308181012-292","Atlantic Bay Scallop","Argopecten irradians",55,2
"201308181012-292","Great Barracuda","Sphyraena barracuda",84,1
"201308181036-609","Great Barracuda","Sphyraena barracuda",75,1
"201308181107-302","Atlantic Bay Scallop","Argopecten irradians",48,1
"201309141226-616","Atlantic Bay Scallop","Argopecten irradians",70,1
"201309150933-124","Lane Snapper","Lutjanus synagris",63,1
"201309151104-119","Gray Snapper","Lutjanus griseus",220,1
"201309151121-023","Spotted Seatrout","Cynoscion nebulosus",44,1
"201309151121-023","Gag Grouper","Mycteroperca microlepis",215,1
"201309151138-022","Crevalle Jack","Caranx hippos",105,1
"201309151138-022","Gray Snapper","Lutjanus griseus",240,1
"201309151201-021","Barred Hamlet","Hypoplectrus puella",40,1
"201309151201-021","Lane Snapper","Lutjanus synagris",48,1
"201309151201-021","Great Barracuda","Sphyraena barracuda",120,2
"201309151201-021","Great Barracuda","Sphyraena barracuda",190,2
"201309151250-130","Barred Hamlet","Hypoplectrus puella",38,4
"201309151250-130","Barred Hamlet","Hypoplectrus puella",45,4
"201309151250-130","Barred Hamlet","Hypoplectrus puella",58,4
"201309151250-130","Barred Hamlet","Hypoplectrus puella",62,4
"201309151250-130","Lane Snapper","Lutjanus synagris",38,1
"201309151250-130","Great Barracuda","Sphyraena barracuda",73,3
"201309151250-130","Great Barracuda","Sphyraena barracuda",76,3
"201309151250-130","Great Barracuda","Sphyraena barracuda",78,3
"201309151435-073","Sheepshead Porgy","Calamus penna",80,1
"201309151435-073","Lane Snapper","Lutjanus synagris",90,2
"201309151435-073","Lane Snapper","Lutjanus synagris",125,2
"201309151446-070","Spotted Seatrout","Cynoscion nebulosus",36,2
"201309151446-070","Spotted Seatrout","Cynoscion nebulosus",76,2
"201309151446-070","Lane Snapper","Lutjanus synagris",115,1
"201309151509-067","Sheepshead","Archosargus probatocephalus",50,1
"201309151509-067","Barred Hamlet","Hypoplectrus puella",32,6
"201309151509-067","Barred Hamlet","Hypoplectrus puella",38,6
"201309151509-067","Barred Hamlet","Hypoplectrus puella",42,6
"201309151509-067","Barred Hamlet","Hypoplectrus puella",56,6
"201309151509-067","Barred Hamlet","Hypoplectrus puella",58,6
"201309151509-067","Barred Hamlet","Hypoplectrus puella",145,6
"201309151509-067","Gray Snapper","Lutjanus griseus",165,2
"201309151509-067","Gray Snapper","Lutjanus griseus",170,2
"201309151509-067","Lane Snapper","Lutjanus synagris",25,6
"201309151509-067","Lane Snapper","Lutjanus synagris",40,6
"201309151509-067","Lane Snapper","Lutjanus synagris",64,6
"201309151509-067","Lane Snapper","Lutjanus synagris",64,6
"201309151509-067","Lane Snapper","Lutjanus synagris",68,6
"201309151509-067","Lane Snapper","Lutjanus synagris",98,6
"201309151509-067","Great Barracuda","Sphyraena barracuda",60,1
"201309151545-143","Gray Snapper","Lutjanus griseus",212,2
"201309151545-143","Gray Snapper","Lutjanus griseus",220,2
"201309151545-143","Lane Snapper","Lutjanus synagris",108,2
"201309151545-143","Lane Snapper","Lutjanus synagris",110,2
"201309240954-258","Atlantic Bay Scallop","Argopecten irradians",40,29
"201309240954-258","Atlantic Bay Scallop","Argopecten irradians",41,29
"201309240954-258","Atlantic Bay Scallop","Argopecten irradians",45,29
"201309240954-258","Atlantic Bay Scallop","Argopecten irradians",47,29
"201309240954-258","Atlantic Bay Scallop","Argopecten irradians",47,29
"201309240954-258","Atlantic Bay Scallop","Argopecten irradians",48,29
"201309240954-258","Atlantic Bay Scallop","Argopecten irradians",48,29
"201309240954-258","Atlantic Bay Scallop","Argopecten irradians",49,29
"201309240954-258","Atlantic Bay Scallop","Argopecten irradians",49,29
"201309240954-258","Atlantic Bay Scallop","Argopecten irradians",49,29
"201309240954-258","Atlantic Bay Scallop","Argopecten irradians",50,29
"201309240954-258","Atlantic Bay Scallop","Argopecten irradians",50,29
"201309240954-258","Atlantic Bay Scallop","Argopecten irradians",50,29
"201309240954-258","Atlantic Bay Scallop","Argopecten irradians",50,29
"201309240954-258","Atlantic Bay Scallop","Argopecten irradians",51,29
"201309240954-258","Atlantic Bay Scallop","Argopecten irradians",52,29
"201309240954-258","Atlantic Bay Scallop","Argopecten irradians",52,29
"201309240954-258","Atlantic Bay Scallop","Argopecten irradians",52,29
"201309240954-258","Atlantic Bay Scallop","Argopecten irradians",53,29
"201309240954-258","Atlantic Bay Scallop","Argopecten irradians",53,29
"201309240954-258","Atlantic Bay Scallop","Argopecten irradians",54,29
"201309240954-258","Atlantic Bay Scallop","Argopecten irradians",54,29
"201309240954-258","Atlantic Bay Scallop","Argopecten irradians",55,29
"201309240954-258","Atlantic Bay Scallop","Argopecten irradians",55,29
"201309240954-258","Atlantic Bay Scallop","Argopecten irradians",58,29
"201309240954-258","Atlantic Bay Scallop","Argopecten irradians",60,29
"201309240954-258","Atlantic Bay Scallop","Argopecten irradians",60,29
"201309240954-258","Atlantic Bay Scallop","Argopecten irradians",60,29
"201309240954-258","Atlantic Bay Scallop","Argopecten irradians",61,29
"201309241018-244","Great Barracuda","Sphyraena barracuda",95,1
"201309241125-225","Gray Snapper","Lutjanus griseus",220,1
"201309241155-168","Gray Snapper","Lutjanus griseus",235,1
"201309241155-168","Lane Snapper","Lutjanus synagris",110,1
"201309241315-265","Great Barracuda","Sphyraena barracuda",100,1
"201309241405-253","Great Barracuda","Sphyraena barracuda",115,1
"201309241440-241","Great Barracuda","Sphyraena barracuda",95,1
"201309241507-267","Atlantic Bay Scallop","Argopecten irradians",36,1
"201309241515-280","Atlantic Bay Scallop","Argopecten irradians",37,1
"201309241535-268","Atlantic Bay Scallop","Argopecten irradians",35,1
"201309241546-256","Atlantic Bay Scallop","Argopecten irradians",32,2
"201309241546-256","Atlantic Bay Scallop","Argopecten irradians",45,2
"201309241557-257","Atlantic Bay Scallop","Argopecten irradians",42,2
"201309241557-257","Atlantic Bay Scallop","Argopecten irradians",50,2
"201309241557-257","Gray Snapper","Lutjanus griseus",220,1
"201309241557-257","Great Barracuda","Sphyraena barracuda",165,1
"201309250900-271","Atlantic Bay Scallop","Argopecten irradians",36,31
"201309250900-271","Atlantic Bay Scallop","Argopecten irradians",37,31
"201309250900-271","Atlantic Bay Scallop","Argopecten irradians",37,31
"201309250900-271","Atlantic Bay Scallop","Argopecten irradians",39,31
"201309250900-271","Atlantic Bay Scallop","Argopecten irradians",40,31
"201309250900-271","Atlantic Bay Scallop","Argopecten irradians",40,31
"201309250900-271","Atlantic Bay Scallop","Argopecten irradians",40,31
"201309250900-271","Atlantic Bay Scallop","Argopecten irradians",40,31
"201309250900-271","Atlantic Bay Scallop","Argopecten irradians",40,31
"201309250900-271","Atlantic Bay Scallop","Argopecten irradians",40,31
"201309250900-271","Atlantic Bay Scallop","Argopecten irradians",41,31
"201309250900-271","Atlantic Bay Scallop","Argopecten irradians",41,31
"201309250900-271","Atlantic Bay Scallop","Argopecten irradians",41,31
"201309250900-271","Atlantic Bay Scallop","Argopecten irradians",41,31
"201309250900-271","Atlantic Bay Scallop","Argopecten irradians",42,31
"201309250900-271","Atlantic Bay Scallop","Argopecten irradians",42,31
"201309250900-271","Atlantic Bay Scallop","Argopecten irradians",42,31
"201309250900-271","Atlantic Bay Scallop","Argopecten irradians",42,31
"201309250900-271","Atlantic Bay Scallop","Argopecten irradians",43,31
"201309250900-271","Atlantic Bay Scallop","Argopecten irradians",43,31
"201309250900-271","Atlantic Bay Scallop","Argopecten irradians",44,31
"201309250900-271","Atlantic Bay Scallop","Argopecten irradians",44,31
"201309250900-271","Atlantic Bay Scallop","Argopecten irradians",45,31
"201309250900-271","Atlantic Bay Scallop","Argopecten irradians",45,31
"201309250900-271","Atlantic Bay Scallop","Argopecten irradians",46,31
"201309250900-271","Atlantic Bay Scallop","Argopecten irradians",46,31
"201309250900-271","Atlantic Bay Scallop","Argopecten irradians",48,31
"201309250900-271","Atlantic Bay Scallop","Argopecten irradians",50,31
"201309250900-271","Atlantic Bay Scallop","Argopecten irradians",50,31
"201309250900-271","Atlantic Bay Scallop","Argopecten irradians",52,31
"201309250900-271","Atlantic Bay Scallop","Argopecten irradians",54,31
"201309250900-271","Gray Snapper","Lutjanus griseus",160,1
"201309250913-284","Atlantic Bay Scallop","Argopecten irradians",40,6
"201309250913-284","Atlantic Bay Scallop","Argopecten irradians",43,6
"201309250913-284","Atlantic Bay Scallop","Argopecten irradians",47,6
"201309250913-284","Atlantic Bay Scallop","Argopecten irradians",48,6
"201309250913-284","Atlantic Bay Scallop","Argopecten irradians",48,6
"201309250913-284","Atlantic Bay Scallop","Argopecten irradians",58,6
"201309250926-294","Atlantic Bay Scallop","Argopecten irradians",50,4
"201309250926-294","Atlantic Bay Scallop","Argopecten irradians",51,4
"201309250926-294","Atlantic Bay Scallop","Argopecten irradians",56,4
"201309250926-294","Atlantic Bay Scallop","Argopecten irradians",57,4
"201309250938-283","Atlantic Bay Scallop","Argopecten irradians",40,9
"201309250938-283","Atlantic Bay Scallop","Argopecten irradians",40,9
"201309250938-283","Atlantic Bay Scallop","Argopecten irradians",41,9
"201309250938-283","Atlantic Bay Scallop","Argopecten irradians",42,9
"201309250938-283","Atlantic Bay Scallop","Argopecten irradians",45,9
"201309250938-283","Atlantic Bay Scallop","Argopecten irradians",48,9
"201309250938-283","Atlantic Bay Scallop","Argopecten irradians",48,9
"201309250938-283","Atlantic Bay Scallop","Argopecten irradians",49,9
"201309250938-283","Atlantic Bay Scallop","Argopecten irradians",50,9
"201309251015-282","Atlantic Bay Scallop","Argopecten irradians",47,1
"201309251028-292","Atlantic Bay Scallop","Argopecten irradians",42,3
"201309251028-292","Atlantic Bay Scallop","Argopecten irradians",49,3
"201309251028-292","Atlantic Bay Scallop","Argopecten irradians",53,3
"201309251028-292","Lined Seahorse","Hippocampus erectus",105,1
"201309251028-292","Great Barracuda","Sphyraena barracuda",115,2
"201309251028-292","Great Barracuda","Sphyraena barracuda",145,2
"201309251126-312","Great Barracuda","Sphyraena barracuda",120,1
"201310271359-303","Great Barracuda","Sphyraena barracuda",145,1
"201310280930-123","Spotted Seatrout","Cynoscion nebulosus",63,1
"201310281001-111","Brotula Spp","Brotula spp",215,1
"201310281016-105","Gray Snapper","Lutjanus griseus",155,1
"201310281103-106","Gray Snapper","Lutjanus griseus",245,1
"201310281103-106","Great Barracuda","Sphyraena barracuda",111,2
"201310281103-106","Great Barracuda","Sphyraena barracuda",122,2
"201310281115-117","Lane Snapper","Lutjanus synagris",38,1
"201310281115-117","Yellowtail Snapper","Ocyurus chrysurus",73,1
"201310281133-130","Gray Snapper","Lutjanus griseus",95,1
"201310281149-065","Sheepshead","Archosargus probatocephalus",230,1
"201310281149-065","Lane Snapper","Lutjanus synagris",76,4
"201310281149-065","Lane Snapper","Lutjanus synagris",98,4
"201310281149-065","Lane Snapper","Lutjanus synagris",113,4
"201310281149-065","Lane Snapper","Lutjanus synagris",120,4
"201310281149-065","Great Barracuda","Sphyraena barracuda",72,3
"201310281149-065","Great Barracuda","Sphyraena barracuda",113,3
"201310281149-065","Great Barracuda","Sphyraena barracuda",155,3
"201310281220-067","Barred Hamlet","Hypoplectrus puella",47,2
"201310281220-067","Barred Hamlet","Hypoplectrus puella",64,2
"201310281220-067","Lane Snapper","Lutjanus synagris",46,2
"201310281220-067","Lane Snapper","Lutjanus synagris",86,2
"201310281247-143","Barred Hamlet","Hypoplectrus puella",60,1
"201310281301-070","Barred Hamlet","Hypoplectrus puella",81,1
"201310281301-070","Gray Snapper","Lutjanus griseus",155,5
"201310281301-070","Gray Snapper","Lutjanus griseus",185,5
"201310281301-070","Gray Snapper","Lutjanus griseus",190,5
"201310281301-070","Gray Snapper","Lutjanus griseus",195,5
"201310281301-070","Gray Snapper","Lutjanus griseus",220,5
"201310281301-070","Lane Snapper","Lutjanus synagris",158,1
"201310281407-171","Barred Hamlet","Hypoplectrus puella",46,3
"201310281407-171","Barred Hamlet","Hypoplectrus puella",63,3
"201310281407-171","Barred Hamlet","Hypoplectrus puella",73,3
"201310281407-171","Gray Snapper","Lutjanus griseus",151,1
"201310281407-171","Lane Snapper","Lutjanus synagris",94,4
"201310281407-171","Lane Snapper","Lutjanus synagris",102,4
"201310281407-171","Lane Snapper","Lutjanus synagris",102,4
"201310281407-171","Lane Snapper","Lutjanus synagris",115,4
"201310281450-158","Lined Seahorse","Hippocampus erectus",135,1
"201310281450-158","Gray Snapper","Lutjanus griseus",90,4
"201310281450-158","Gray Snapper","Lutjanus griseus",142,4
"201310281450-158","Gray Snapper","Lutjanus griseus",170,4
"201310281450-158","Gray Snapper","Lutjanus griseus",220,4
"201310281450-158","Lane Snapper","Lutjanus synagris",31,10
"201310281450-158","Lane Snapper","Lutjanus synagris",32,10
"201310281450-158","Lane Snapper","Lutjanus synagris",50,10
"201310281450-158","Lane Snapper","Lutjanus synagris",85,10
"201310281450-158","Lane Snapper","Lutjanus synagris",95,10
"201310281450-158","Lane Snapper","Lutjanus synagris",98,10
"201310281450-158","Lane Snapper","Lutjanus synagris",98,10
"201310281450-158","Lane Snapper","Lutjanus synagris",110,10
"201310281450-158","Lane Snapper","Lutjanus synagris",120,10
"201310281450-158","Lane Snapper","Lutjanus synagris",150,10
"201310281509-145","Gray Snapper","Lutjanus griseus",140,2
"201310281509-145","Gray Snapper","Lutjanus griseus",160,2
"201310281550-135","Great Barracuda","Sphyraena barracuda",105,1
"201310290900-271","Atlantic Bay Scallop","Argopecten irradians",37,2
"201310290900-271","Atlantic Bay Scallop","Argopecten irradians",40,2
"201310290912-258","Atlantic Bay Scallop","Argopecten irradians",58,2
"201310290912-258","Atlantic Bay Scallop","Argopecten irradians",59,2
"201310290924-244","Atlantic Bay Scallop","Argopecten irradians",47,1
"201310290945-229","Atlantic Bay Scallop","Argopecten irradians",34,1
"201310290953-228","Atlantic Bay Scallop","Argopecten irradians",41,1
"201310291002-227","Great Barracuda","Sphyraena barracuda",110,1
"201310291023-226","Great Barracuda","Sphyraena barracuda",52,1
"201310291032-241","Great Barracuda","Sphyraena barracuda",132,2
"201310291032-241","Great Barracuda","Sphyraena barracuda",144,2
"201310291054-224","Atlantic Bay Scallop","Argopecten irradians",53,1
"201310291054-224","Gray Snapper","Lutjanus griseus",150,1
"201310291108-240","Gray Snapper","Lutjanus griseus",150,1
"201310291155-255","Atlantic Bay Scallop","Argopecten irradians",39,1
"201310291226-267","Atlantic Bay Scallop","Argopecten irradians",40,1
"201310291253-237","Gray Snapper","Lutjanus griseus",220,2
"201310291253-237","Gray Snapper","Lutjanus griseus",250,2
"201310291335-279","Lined Seahorse","Hippocampus erectus",120,1
"201310291335-279","Great Barracuda","Sphyraena barracuda",148,1
"201310291358-290","Atlantic Bay Scallop","Argopecten irradians",48,1
"201310291410-609","Atlantic Bay Scallop","Argopecten irradians",53,1
"201310291410-609","Gray Snapper","Lutjanus griseus",142,2
"201310291410-609","Gray Snapper","Lutjanus griseus",150,2
"201310300918-284","Atlantic Bay Scallop","Argopecten irradians",42,11
"201310300918-284","Atlantic Bay Scallop","Argopecten irradians",43,11
"201310300918-284","Atlantic Bay Scallop","Argopecten irradians",45,11
"201310300918-284","Atlantic Bay Scallop","Argopecten irradians",46,11
"201310300918-284","Atlantic Bay Scallop","Argopecten irradians",49,11
"201310300918-284","Atlantic Bay Scallop","Argopecten irradians",50,11
"201310300918-284","Atlantic Bay Scallop","Argopecten irradians",50,11
"201310300918-284","Atlantic Bay Scallop","Argopecten irradians",53,11
"201310300918-284","Atlantic Bay Scallop","Argopecten irradians",54,11
"201310300918-284","Atlantic Bay Scallop","Argopecten irradians",54,11
"201310300918-284","Atlantic Bay Scallop","Argopecten irradians",460,11
"201310300927-294","Atlantic Bay Scallop","Argopecten irradians",49,11
"201310300927-294","Atlantic Bay Scallop","Argopecten irradians",52,11
"201310300927-294","Atlantic Bay Scallop","Argopecten irradians",54,11
"201310300927-294","Atlantic Bay Scallop","Argopecten irradians",55,11
"201310300927-294","Atlantic Bay Scallop","Argopecten irradians",55,11
"201310300927-294","Atlantic Bay Scallop","Argopecten irradians",55,11
"201310300927-294","Atlantic Bay Scallop","Argopecten irradians",56,11
"201310300927-294","Atlantic Bay Scallop","Argopecten irradians",58,11
"201310300927-294","Atlantic Bay Scallop","Argopecten irradians",58,11
"201310300927-294","Atlantic Bay Scallop","Argopecten irradians",59,11
"201310300927-294","Atlantic Bay Scallop","Argopecten irradians",59,11
"201310301009-302","Great Barracuda","Sphyraena barracuda",175,1
"201310301029-281","Gray Snapper","Lutjanus griseus",162,1
"201310301050-269","Atlantic Bay Scallop","Argopecten irradians",58,1
"201310301101-256","Great Barracuda","Sphyraena barracuda",162,1
"201405241350-130","Grass Porgy","Calamus arctifrons",175,1
"201405241350-130","Gray Snapper","Lutjanus griseus",220,1
"201405241350-130","Lane Snapper","Lutjanus synagris",120,1
"201405241429-157","Grass Porgy","Calamus arctifrons",120,1
"201405241429-157","Lane Snapper","Lutjanus synagris",155,1
"201405241656-168","Hogfish","Lachnolaimus maximus",65,1
"201405251127-278","Gray Snapper","Lutjanus griseus",205,1
"201405251318-225","Atlantic Bay Scallop","Argopecten irradians",36,2
"201405251318-225","Atlantic Bay Scallop","Argopecten irradians",40,2
"201405251335-241","Atlantic Bay Scallop","Argopecten irradians",31,5
"201405251335-241","Atlantic Bay Scallop","Argopecten irradians",33,5
"201405251335-241","Atlantic Bay Scallop","Argopecten irradians",35,5
"201405251335-241","Atlantic Bay Scallop","Argopecten irradians",38,5
"201405251335-241","Atlantic Bay Scallop","Argopecten irradians",40,5
"201405251400-227","Atlantic Bay Scallop","Argopecten irradians",29,3
"201405251400-227","Atlantic Bay Scallop","Argopecten irradians",30,3
"201405251400-227","Atlantic Bay Scallop","Argopecten irradians",31,3
"201405251415-228","Atlantic Bay Scallop","Argopecten irradians",30,1
"201405251429-243","Atlantic Bay Scallop","Argopecten irradians",30,3
"201405251429-243","Atlantic Bay Scallop","Argopecten irradians",30,3
"201405251429-243","Atlantic Bay Scallop","Argopecten irradians",32,3
"201405251450-255","Gray Snapper","Lutjanus griseus",195,1
"201405260912-291","Atlantic Bay Scallop","Argopecten irradians",22,3
"201405260912-291","Atlantic Bay Scallop","Argopecten irradians",24,3
"201405260912-291","Atlantic Bay Scallop","Argopecten irradians",26,3
"201405260912-291","Great Barracuda","Sphyraena barracuda",97,1
"201405261342-304","Atlantic Bay Scallop","Argopecten irradians",30,1
"201405261342-304","Lined Seahorse","Hippocampus erectus",88,1
"201405270908-268","Atlantic Bay Scallop","Argopecten irradians",26,4
"201405270908-268","Atlantic Bay Scallop","Argopecten irradians",28,4
"201405270908-268","Atlantic Bay Scallop","Argopecten irradians",35,4
"201405270908-268","Atlantic Bay Scallop","Argopecten irradians",37,4
"201405270917-269","Atlantic Bay Scallop","Argopecten irradians",39,1
"201405270917-269","Great Barracuda","Sphyraena barracuda",55,1
"201405270926-256","Atlantic Bay Scallop","Argopecten irradians",30,7
"201405270926-256","Atlantic Bay Scallop","Argopecten irradians",33,7
"201405270926-256","Atlantic Bay Scallop","Argopecten irradians",35,7
"201405270926-256","Atlantic Bay Scallop","Argopecten irradians",35,7
"201405270926-256","Atlantic Bay Scallop","Argopecten irradians",35,7
"201405270926-256","Atlantic Bay Scallop","Argopecten irradians",36,7
"201405270926-256","Atlantic Bay Scallop","Argopecten irradians",40,7
"201405270936-270","Atlantic Bay Scallop","Argopecten irradians",38,1
"201405270956-258","Atlantic Bay Scallop","Argopecten irradians",33,2
"201405270956-258","Atlantic Bay Scallop","Argopecten irradians",34,2
"201405270956-258","Lined Seahorse","Hippocampus erectus",112,1
"201406211247-240","Atlantic Bay Scallop","Argopecten irradians",41,1
"201406211254-225","Atlantic Bay Scallop","Argopecten irradians",35,4
"201406211254-225","Atlantic Bay Scallop","Argopecten irradians",40,4
"201406211254-225","Atlantic Bay Scallop","Argopecten irradians",40,4
"201406211254-225","Atlantic Bay Scallop","Argopecten irradians",40,4
"201406211331-226","Atlantic Bay Scallop","Argopecten irradians",35,2
"201406211331-226","Atlantic Bay Scallop","Argopecten irradians",45,2
"201406211339-242","Atlantic Bay Scallop","Argopecten irradians",30,3
"201406211339-242","Atlantic Bay Scallop","Argopecten irradians",30,3
"201406211339-242","Atlantic Bay Scallop","Argopecten irradians",45,3
"201406211349-227","Atlantic Bay Scallop","Argopecten irradians",25,2
"201406211349-227","Atlantic Bay Scallop","Argopecten irradians",35,2
"201406220900-171","Hogfish","Lachnolaimus maximus",65,2
"201406220900-171","Hogfish","Lachnolaimus maximus",75,2
"201406220900-171","Gray Snapper","Lutjanus griseus",195,2
"201406220900-171","Gray Snapper","Lutjanus griseus",250,2
"201406220900-171","Lane Snapper","Lutjanus synagris",50,1
"201406220925-168","Gray Snapper","Lutjanus griseus",260,1
"201406221018-134","Great Barracuda","Sphyraena barracuda",120,1
"201406221050-124","Atlantic Bay Scallop","Argopecten irradians",45,1
"201406221102-112","Great Barracuda","Sphyraena barracuda",100,1
"201406221115-040","Great Barracuda","Sphyraena barracuda",65,1
"201406221129-105","Gray Snapper","Lutjanus griseus",220,1
"201406221228-101","Grass Porgy","Calamus arctifrons",50,1
"201406221302-118","Gray Snapper","Lutjanus griseus",240,2
"201406221302-118","Gray Snapper","Lutjanus griseus",280,2
"201406221302-118","Lane Snapper","Lutjanus synagris",40,3
"201406221302-118","Lane Snapper","Lutjanus synagris",46,3
"201406221302-118","Lane Snapper","Lutjanus synagris",60,3
"201406221320-130","Gray Snapper","Lutjanus griseus",200,3
"201406221320-130","Gray Snapper","Lutjanus griseus",210,3
"201406221320-130","Gray Snapper","Lutjanus griseus",225,3
"201406221320-130","Lane Snapper","Lutjanus synagris",45,2
"201406221320-130","Lane Snapper","Lutjanus synagris",55,2
"201406221346-067","Lane Snapper","Lutjanus synagris",50,1
"201406221346-067","Caribbean Spiny Lobster","Panulirus argus",300,1
"201406230909-313","Atlantic Bay Scallop","Argopecten irradians",40,2
"201406230909-313","Atlantic Bay Scallop","Argopecten irradians",44,2
"201406230909-313","Great Barracuda","Sphyraena barracuda",90,1
"201406231141-303","Atlantic Bay Scallop","Argopecten irradians",40,1
"201407191256-291","Atlantic Bay Scallop","Argopecten irradians",22,18
"201407191256-291","Atlantic Bay Scallop","Argopecten irradians",25,18
"201407191256-291","Atlantic Bay Scallop","Argopecten irradians",27,18
"201407191256-291","Atlantic Bay Scallop","Argopecten irradians",27,18
"201407191256-291","Atlantic Bay Scallop","Argopecten irradians",28,18
"201407191256-291","Atlantic Bay Scallop","Argopecten irradians",29,18
"201407191256-291","Atlantic Bay Scallop","Argopecten irradians",30,18
"201407191256-291","Atlantic Bay Scallop","Argopecten irradians",30,18
"201407191256-291","Atlantic Bay Scallop","Argopecten irradians",30,18
"201407191256-291","Atlantic Bay Scallop","Argopecten irradians",31,18
"201407191256-291","Atlantic Bay Scallop","Argopecten irradians",31,18
"201407191256-291","Atlantic Bay Scallop","Argopecten irradians",31,18
"201407191256-291","Atlantic Bay Scallop","Argopecten irradians",32,18
"201407191256-291","Atlantic Bay Scallop","Argopecten irradians",32,18
"201407191256-291","Atlantic Bay Scallop","Argopecten irradians",33,18
"201407191256-291","Atlantic Bay Scallop","Argopecten irradians",34,18
"201407191256-291","Atlantic Bay Scallop","Argopecten irradians",36,18
"201407191256-291","Atlantic Bay Scallop","Argopecten irradians",37,18
"201407191507-282","Atlantic Bay Scallop","Argopecten irradians",25,1
"201407191536-284","Lined Seahorse","Hippocampus erectus",90,1
"201407191658-270","Lined Seahorse","Hippocampus erectus",150,1
"201407191711-256","Atlantic Bay Scallop","Argopecten irradians",38,4
"201407191711-256","Atlantic Bay Scallop","Argopecten irradians",40,4
"201407191711-256","Atlantic Bay Scallop","Argopecten irradians",40,4
"201407191711-256","Atlantic Bay Scallop","Argopecten irradians",40,4
"201407191721-269","Atlantic Bay Scallop","Argopecten irradians",32,10
"201407191721-269","Atlantic Bay Scallop","Argopecten irradians",35,10
"201407191721-269","Atlantic Bay Scallop","Argopecten irradians",38,10
"201407191721-269","Atlantic Bay Scallop","Argopecten irradians",40,10
"201407191721-269","Atlantic Bay Scallop","Argopecten irradians",40,10
"201407191721-269","Atlantic Bay Scallop","Argopecten irradians",40,10
"201407191721-269","Atlantic Bay Scallop","Argopecten irradians",40,10
"201407191721-269","Atlantic Bay Scallop","Argopecten irradians",40,10
"201407191721-269","Atlantic Bay Scallop","Argopecten irradians",42,10
"201407191721-269","Atlantic Bay Scallop","Argopecten irradians",45,10
"201407200921-073","Atlantic Bay Scallop","Argopecten irradians",39,1
"201407201014-268","Atlantic Bay Scallop","Argopecten irradians",42,1
"201407201041-314","Atlantic Bay Scallop","Argopecten irradians",43,1
"201407210914-070","Spotted Seatrout","Cynoscion nebulosus",41,1
"201407210958-168","Lined Seahorse","Hippocampus erectus",110,1
"201407210958-168","Lane Snapper","Lutjanus synagris",38,1
"201407210958-168","Great Barracuda","Sphyraena barracuda",105,1
"201407211114-133","Great Barracuda","Sphyraena barracuda",75,1
"201407211127-134","Great Barracuda","Sphyraena barracuda",62,2
"201407211127-134","Great Barracuda","Sphyraena barracuda",68,2
"201407211330-255","Lined Seahorse","Hippocampus erectus",105,1
"201407211340-241","Lined Seahorse","Hippocampus erectus",65,2
"201407211340-241","Lined Seahorse","Hippocampus erectus",90,2
"201407211419-228","Atlantic Bay Scallop","Argopecten irradians",36,2
"201407211419-228","Atlantic Bay Scallop","Argopecten irradians",45,2
"201407211430-229","Atlantic Bay Scallop","Argopecten irradians",33,3
"201407211430-229","Atlantic Bay Scallop","Argopecten irradians",34,3
"201407211430-229","Atlantic Bay Scallop","Argopecten irradians",34,3
"201407211430-229","Great Barracuda","Sphyraena barracuda",67,1
"201407211451-226","Atlantic Bay Scallop","Argopecten irradians",40,1
"201407211501-225","Atlantic Bay Scallop","Argopecten irradians",45,1
"201407221431-117","Gray Snapper","Lutjanus griseus",165,1
"201407221431-117","Lane Snapper","Lutjanus synagris",33,8
"201407221431-117","Lane Snapper","Lutjanus synagris",38,8
"201407221431-117","Lane Snapper","Lutjanus synagris",39,8
"201407221431-117","Lane Snapper","Lutjanus synagris",40,8
"201407221431-117","Lane Snapper","Lutjanus synagris",42,8
"201407221431-117","Lane Snapper","Lutjanus synagris",43,8
"201407221431-117","Lane Snapper","Lutjanus synagris",44,8
"201407221431-117","Lane Snapper","Lutjanus synagris",65,8
"201407221507-119","Lane Snapper","Lutjanus synagris",46,1
"201407221507-119","Great Barracuda","Sphyraena barracuda",65,1
"201407221527-022","Gray Snapper","Lutjanus griseus",255,1
"201407221527-022","Lane Snapper","Lutjanus synagris",28,5
"201407221527-022","Lane Snapper","Lutjanus synagris",32,5
"201407221527-022","Lane Snapper","Lutjanus synagris",42,5
"201407221527-022","Lane Snapper","Lutjanus synagris",43,5
"201407221527-022","Lane Snapper","Lutjanus synagris",78,5
"201407221550-024","Lane Snapper","Lutjanus synagris",22,12
"201407221550-024","Lane Snapper","Lutjanus synagris",23,12
"201407221550-024","Lane Snapper","Lutjanus synagris",35,12
"201407221550-024","Lane Snapper","Lutjanus synagris",37,12
"201407221550-024","Lane Snapper","Lutjanus synagris",42,12
"201407221550-024","Lane Snapper","Lutjanus synagris",42,12
"201407221550-024","Lane Snapper","Lutjanus synagris",42,12
"201407221550-024","Lane Snapper","Lutjanus synagris",48,12
"201407221550-024","Lane Snapper","Lutjanus synagris",48,12
"201407221550-024","Lane Snapper","Lutjanus synagris",54,12
"201407221550-024","Lane Snapper","Lutjanus synagris",58,12
"201407221550-024","Lane Snapper","Lutjanus synagris",75,12
"201407221623-111","Gray Snapper","Lutjanus griseus",110,1
"201407221623-111","Great Barracuda","Sphyraena barracuda",73,1
"201407221634-112","Great Barracuda","Sphyraena barracuda",58,1
"201407221703-137","Atlantic Bay Scallop","Argopecten irradians",40,1
"201407231002-240","Lined Seahorse","Hippocampus erectus",83,1
"201408161510-292","Atlantic Bay Scallop","Argopecten irradians",40,1
"201408161521-302","Atlantic Bay Scallop","Argopecten irradians",30,2
"201408161521-302","Atlantic Bay Scallop","Argopecten irradians",50,2
"201408161541-290","Great Barracuda","Sphyraena barracuda",140,1
"201408161625-314","Atlantic Bay Scallop","Argopecten irradians",40,1
"201408170940-130","Gray Snapper","Lutjanus griseus",200,1
"201408170940-130","Lane Snapper","Lutjanus synagris",65,1
"201408170940-130","Great Barracuda","Sphyraena barracuda",145,1
"201408171000-117","Grass Porgy","Calamus arctifrons",130,1
"201408171000-117","Lane Snapper","Lutjanus synagris",40,3
"201408171000-117","Lane Snapper","Lutjanus synagris",65,3
"201408171000-117","Lane Snapper","Lutjanus synagris",145,3
"201408171013-118","Grass Porgy","Calamus arctifrons",180,1
"201408171013-118","Gray Snapper","Lutjanus griseus",220,1
"201408171013-118","Great Barracuda","Sphyraena barracuda",75,1
"201408171111-107","Great Barracuda","Sphyraena barracuda",70,1
"201408171147-020","Barred Hamlet","Hypoplectrus puella",40,2
"201408171147-020","Barred Hamlet","Hypoplectrus puella",105,2
"201408171147-020","Lane Snapper","Lutjanus synagris",40,4
"201408171147-020","Lane Snapper","Lutjanus synagris",42,4
"201408171147-020","Lane Snapper","Lutjanus synagris",70,4
"201408171147-020","Lane Snapper","Lutjanus synagris",70,4
"201408171147-020","Yellowtail Snapper","Ocyurus chrysurus",75,1
"201408171206-022","Spotted Seatrout","Cynoscion nebulosus",17,1
"201408171255-024","Gray Snapper","Lutjanus griseus",120,2
"201408171255-024","Gray Snapper","Lutjanus griseus",240,2
"201408171255-024","Lane Snapper","Lutjanus synagris",35,4
"201408171255-024","Lane Snapper","Lutjanus synagris",45,4
"201408171255-024","Lane Snapper","Lutjanus synagris",55,4
"201408171255-024","Lane Snapper","Lutjanus synagris",55,4
"201408171505-147","Great Barracuda","Sphyraena barracuda",90,1
"201408171637-071","Barred Hamlet","Hypoplectrus puella",40,2
"201408171637-071","Barred Hamlet","Hypoplectrus puella",45,2
"201408171637-071","Gray Snapper","Lutjanus griseus",125,19
"201408171637-071","Gray Snapper","Lutjanus griseus",150,19
"201408171637-071","Gray Snapper","Lutjanus griseus",165,19
"201408171637-071","Gray Snapper","Lutjanus griseus",180,19
"201408171637-071","Gray Snapper","Lutjanus griseus",180,19
"201408171637-071","Gray Snapper","Lutjanus griseus",205,19
"201408171637-071","Gray Snapper","Lutjanus griseus",210,19
"201408171637-071","Gray Snapper","Lutjanus griseus",215,19
"201408171637-071","Gray Snapper","Lutjanus griseus",220,19
"201408171637-071","Gray Snapper","Lutjanus griseus",225,19
"201408171637-071","Gray Snapper","Lutjanus griseus",230,19
"201408171637-071","Gray Snapper","Lutjanus griseus",230,19
"201408171637-071","Gray Snapper","Lutjanus griseus",230,19
"201408171637-071","Gray Snapper","Lutjanus griseus",230,19
"201408171637-071","Gray Snapper","Lutjanus griseus",245,19
"201408171637-071","Gray Snapper","Lutjanus griseus",260,19
"201408171637-071","Gray Snapper","Lutjanus griseus",265,19
"201408171637-071","Gray Snapper","Lutjanus griseus",275,19
"201408171637-071","Gray Snapper","Lutjanus griseus",290,19
"201408171637-071","Lane Snapper","Lutjanus synagris",40,26
"201408171637-071","Lane Snapper","Lutjanus synagris",40,26
"201408171637-071","Lane Snapper","Lutjanus synagris",40,26
"201408171637-071","Lane Snapper","Lutjanus synagris",45,26
"201408171637-071","Lane Snapper","Lutjanus synagris",45,26
"201408171637-071","Lane Snapper","Lutjanus synagris",50,26
"201408171637-071","Lane Snapper","Lutjanus synagris",55,26
"201408171637-071","Lane Snapper","Lutjanus synagris",60,26
"201408171637-071","Lane Snapper","Lutjanus synagris",62,26
"201408171637-071","Lane Snapper","Lutjanus synagris",65,26
"201408171637-071","Lane Snapper","Lutjanus synagris",65,26
"201408171637-071","Lane Snapper","Lutjanus synagris",65,26
"201408171637-071","Lane Snapper","Lutjanus synagris",70,26
"201408171637-071","Lane Snapper","Lutjanus synagris",90,26
"201408171637-071","Lane Snapper","Lutjanus synagris",90,26
"201408171637-071","Lane Snapper","Lutjanus synagris",95,26
"201408171637-071","Lane Snapper","Lutjanus synagris",100,26
"201408171637-071","Lane Snapper","Lutjanus synagris",100,26
"201408171637-071","Lane Snapper","Lutjanus synagris",105,26
"201408171637-071","Lane Snapper","Lutjanus synagris",105,26
"201408171637-071","Lane Snapper","Lutjanus synagris",110,26
"201408171637-071","Lane Snapper","Lutjanus synagris",110,26
"201408171637-071","Lane Snapper","Lutjanus synagris",120,26
"201408171637-071","Lane Snapper","Lutjanus synagris",120,26
"201408171637-071","Lane Snapper","Lutjanus synagris",150,26
"201408171637-071","Lane Snapper","Lutjanus synagris",185,26
"201408171703-067","Barred Hamlet","Hypoplectrus puella",55,2
"201408171703-067","Barred Hamlet","Hypoplectrus puella",110,2
"201408171703-067","Gray Snapper","Lutjanus griseus",180,2
"201408171703-067","Gray Snapper","Lutjanus griseus",220,2
"201408171703-067","Gag Grouper","Mycteroperca microlepis",205,1
"201408171703-067","Great Barracuda","Sphyraena barracuda",105,1
"201408171720-070","Lane Snapper","Lutjanus synagris",105,1
"201408181013-281","Great Barracuda","Sphyraena barracuda",105,1
"201408181040-256","Atlantic Bay Scallop","Argopecten irradians",40,1
"201408181155-283","Atlantic Bay Scallop","Argopecten irradians",25,1
"201408181200-282","Atlantic Bay Scallop","Argopecten irradians",30,1
"201408181302-325","Great Barracuda","Sphyraena barracuda",90,1
"201408191029-242","Atlantic Bay Scallop","Argopecten irradians",40,1
"201408191104-228","Atlantic Bay Scallop","Argopecten irradians",35,1
"201408191104-228","Great Barracuda","Sphyraena barracuda",65,1
"201409201210-130","Great Barracuda","Sphyraena barracuda",90,3
"201409201210-130","Great Barracuda","Sphyraena barracuda",135,3
"201409201210-130","Great Barracuda","Sphyraena barracuda",290,3
"201409201222-117","Lane Snapper","Lutjanus synagris",45,1
"201409201539-226","Atlantic Bay Scallop","Argopecten irradians",40,1
"201409210945-071","Barred Hamlet","Hypoplectrus puella",55,1
"201409210945-071","Gray Snapper","Lutjanus griseus",180,4
"201409210945-071","Gray Snapper","Lutjanus griseus",225,4
"201409210945-071","Gray Snapper","Lutjanus griseus",230,4
"201409210945-071","Gray Snapper","Lutjanus griseus",240,4
"201409210945-071","Lane Snapper","Lutjanus synagris",110,1
"201409211014-068","Jolthead Porgy","Calamus bajonado",195,1
"201409211014-068","Lane Snapper","Lutjanus synagris",63,1
"201409211026-067","Barred Hamlet","Hypoplectrus puella",125,1
"201409211026-067","Lane Snapper","Lutjanus synagris",75,1
"201409211026-067","Great Barracuda","Sphyraena barracuda",55,5
"201409211026-067","Great Barracuda","Sphyraena barracuda",60,5
"201409211026-067","Great Barracuda","Sphyraena barracuda",75,5
"201409211026-067","Great Barracuda","Sphyraena barracuda",80,5
"201409211026-067","Great Barracuda","Sphyraena barracuda",90,5
"201409211051-021","Great Barracuda","Sphyraena barracuda",100,1
"201409211115-022","Atlantic Bay Scallop","Argopecten irradians",55,1
"201409211115-022","Schoolmaster Snapper","Lutjanus apodus",100,1
"201409211115-022","Lane Snapper","Lutjanus synagris",100,1
"201409211322-156","Crevalle Jack","Caranx hippos",85,1
"201409211322-156","Lane Snapper","Lutjanus synagris",65,2
"201409211322-156","Lane Snapper","Lutjanus synagris",85,2
"201409211515-280","Great Barracuda","Sphyraena barracuda",120,1
"201409221003-269","Atlantic Bay Scallop","Argopecten irradians",50,1
"201409221044-271","Atlantic Bay Scallop","Argopecten irradians",20,1
"201409221044-271","Great Barracuda","Sphyraena barracuda",85,1
"201409221135-301","Atlantic Bay Scallop","Argopecten irradians",55,2
"201409221135-301","Atlantic Bay Scallop","Argopecten irradians",55,2
"201409261159-323","Atlantic Bay Scallop","Argopecten irradians",56,1
"201409261211-324","Great Barracuda","Sphyraena barracuda",45,1
"201409261221-325","Great Barracuda","Sphyraena barracuda",57,1
"201409261315-407","Atlantic Bay Scallop","Argopecten irradians",42,1
"201409261402-618","Great Barracuda","Sphyraena barracuda",122,1
"201410111119-266","Spotted Seatrout","Cynoscion nebulosus",18,1
"201410111202-280","Lined Seahorse","Hippocampus erectus",115,1
"201410111357-229","Atlantic Bay Scallop","Argopecten irradians",42,1
"201410111446-173","Great Barracuda","Sphyraena barracuda",133,1
"201410111456-172","Gray Snapper","Lutjanus griseus",190,1
"201410111508-175","Lane Snapper","Lutjanus synagris",91,2
"201410111508-175","Lane Snapper","Lutjanus synagris",93,2
"201410120928-070","Gray Snapper","Lutjanus griseus",312,1
"201410120943-068","Lane Snapper","Lutjanus synagris",98,1
"201410120943-068","Great Barracuda","Sphyraena barracuda",104,1
"201410121021-145","Gray Snapper","Lutjanus griseus",82,1
"201410121118-136","Great Barracuda","Sphyraena barracuda",110,1
"201410121132-123","Great Barracuda","Sphyraena barracuda",154,1
"201410121319-118","Barred Hamlet","Hypoplectrus puella",65,2
"201410121319-118","Barred Hamlet","Hypoplectrus puella",130,2
"201410121339-117","Lane Snapper","Lutjanus synagris",88,1
"201410121339-117","Caribbean Spiny Lobster","Panulirus argus",95,1
"201410121415-237","Atlantic Spadefish","Chaetodipterus faber",315,1
"201410121415-237","Gray Snapper","Lutjanus griseus",93,1
"201410121415-237","Lane Snapper","Lutjanus synagris",94,2
"201410121415-237","Lane Snapper","Lutjanus synagris",96,2
"201410121440-291","Great Barracuda","Sphyraena barracuda",125,1
"201410121450-290","Great Barracuda","Sphyraena barracuda",124,1
"201410131008-312","Spotted Seatrout","Cynoscion nebulosus",68,1
"201410131025-313","Atlantic Bay Scallop","Argopecten irradians",44,2
"201410131025-313","Atlantic Bay Scallop","Argopecten irradians",54,2
"201410131025-313","Great Barracuda","Sphyraena barracuda",1,1
"201410131056-324","Great Barracuda","Sphyraena barracuda",86,4
"201410131056-324","Great Barracuda","Sphyraena barracuda",160,4
"201410131056-324","Great Barracuda","Sphyraena barracuda",168,4
"201410131056-324","Great Barracuda","Sphyraena barracuda",176,4
"201410131312-404","Atlantic Bay Scallop","Argopecten irradians",40,1
"201410131312-404","Great Barracuda","Sphyraena barracuda",101,1
"201410131336-315","Atlantic Bay Scallop","Argopecten irradians",54,1
"201410131357-303","Atlantic Bay Scallop","Argopecten irradians",48,1
"201410131407-302","Atlantic Bay Scallop","Argopecten irradians",44,1
"201410131407-302","Great Barracuda","Sphyraena barracuda",197,1
"201410131415-292","Atlantic Bay Scallop","Argopecten irradians",47,1
"201410141028-258","Atlantic Bay Scallop","Argopecten irradians",45,3
"201410141028-258","Atlantic Bay Scallop","Argopecten irradians",47,3
"201410141028-258","Atlantic Bay Scallop","Argopecten irradians",54,3
"201410141036-271","Atlantic Bay Scallop","Argopecten irradians",34,1
"201410141052-294","Atlantic Bay Scallop","Argopecten irradians",51,1
"201410141058-283","Atlantic Bay Scallop","Argopecten irradians",40,1
"201505231330-312","Caribbean Spiny Lobster","Panulirus argus",180,1
"201505241009-143","Sheepshead","Archosargus probatocephalus",40,2
"201505241009-143","Sheepshead","Archosargus probatocephalus",45,2
"201505241009-143","Lane Snapper","Lutjanus synagris",105,2
"201505241009-143","Lane Snapper","Lutjanus synagris",110,2
"201505241118-146","Spotted Seatrout","Cynoscion nebulosus",35,1
"201505241143-123","Spotted Seatrout","Cynoscion nebulosus",47,1
"201505241245-105","Gray Snapper","Lutjanus griseus",87,1
"201505241255-024","Gray Snapper","Lutjanus griseus",112,1
"201505241359-021","Barred Hamlet","Hypoplectrus puella",110,1
"201505241419-107","Gray Snapper","Lutjanus griseus",112,1
"201505241510-067","Spotted Seatrout","Cynoscion nebulosus",42,1
"201505241510-067","Black Drum","Pogonias cromis",27,1
"201505251440-237","Gray Snapper","Lutjanus griseus",160,1
"201505260848-073","Gray Snapper","Lutjanus griseus",124,2
"201505260848-073","Gray Snapper","Lutjanus griseus",135,2
"201505261013-253","Gray Snapper","Lutjanus griseus",180,1
"201506200942-070","Gray Snapper","Lutjanus griseus",120,2
"201506200942-070","Gray Snapper","Lutjanus griseus",255,2
"201506201220-122","Spotted Seatrout","Cynoscion nebulosus",48,1
"201506201320-022","Spotted Seatrout","Cynoscion nebulosus",43,4
"201506201320-022","Spotted Seatrout","Cynoscion nebulosus",44,4
"201506201320-022","Spotted Seatrout","Cynoscion nebulosus",54,4
"201506201320-022","Spotted Seatrout","Cynoscion nebulosus",78,4
"201506201320-022","Lane Snapper","Lutjanus synagris",33,5
"201506201320-022","Lane Snapper","Lutjanus synagris",38,5
"201506201320-022","Lane Snapper","Lutjanus synagris",40,5
"201506201320-022","Lane Snapper","Lutjanus synagris",41,5
"201506201320-022","Lane Snapper","Lutjanus synagris",46,5
"201506201320-022","Great Barracuda","Sphyraena barracuda",33,3
"201506201320-022","Great Barracuda","Sphyraena barracuda",45,3
"201506201320-022","Great Barracuda","Sphyraena barracuda",61,3
"201506201500-118","Atlantic Bay Scallop","Argopecten irradians",38,1
"201506201500-118","Lane Snapper","Lutjanus synagris",25,3
"201506201500-118","Lane Snapper","Lutjanus synagris",31,3
"201506201500-118","Lane Snapper","Lutjanus synagris",33,3
"201506231031-240","Great Barracuda","Sphyraena barracuda",75,1
"201507181005-070","Lane Snapper","Lutjanus synagris",39,3
"201507181005-070","Lane Snapper","Lutjanus synagris",45,3
"201507181005-070","Lane Snapper","Lutjanus synagris",47,3
"201507181028-068","Lane Snapper","Lutjanus synagris",49,3
"201507181028-068","Lane Snapper","Lutjanus synagris",54,3
"201507181028-068","Lane Snapper","Lutjanus synagris",67,3
"201507181102-143","Gray Snapper","Lutjanus griseus",135,12
"201507181102-143","Gray Snapper","Lutjanus griseus",135,12
"201507181102-143","Gray Snapper","Lutjanus griseus",170,12
"201507181102-143","Gray Snapper","Lutjanus griseus",185,12
"201507181102-143","Gray Snapper","Lutjanus griseus",187,12
"201507181102-143","Gray Snapper","Lutjanus griseus",196,12
"201507181102-143","Gray Snapper","Lutjanus griseus",220,12
"201507181102-143","Gray Snapper","Lutjanus griseus",225,12
"201507181102-143","Gray Snapper","Lutjanus griseus",235,12
"201507181102-143","Gray Snapper","Lutjanus griseus",240,12
"201507181102-143","Gray Snapper","Lutjanus griseus",255,12
"201507181102-143","Gray Snapper","Lutjanus griseus",260,12
"201507181128-157","Sheepshead","Archosargus probatocephalus",65,1
"201507181128-157","Lane Snapper","Lutjanus synagris",56,2
"201507181128-157","Lane Snapper","Lutjanus synagris",61,2
"201507181146-168","Spotted Seatrout","Cynoscion nebulosus",34,3
"201507181146-168","Spotted Seatrout","Cynoscion nebulosus",38,3
"201507181146-168","Spotted Seatrout","Cynoscion nebulosus",40,3
"201507181325-134","Spotted Seatrout","Cynoscion nebulosus",55,1
"201507181338-135","Sheepshead","Archosargus probatocephalus",67,1
"201507181338-135","Spotted Seatrout","Cynoscion nebulosus",111,2
"201507181338-135","Spotted Seatrout","Cynoscion nebulosus",146,2
"201507181400-123","Great Barracuda","Sphyraena barracuda",47,1
"201507181445-024","Spotted Seatrout","Cynoscion nebulosus",70,1
"201507181445-024","Gray Snapper","Lutjanus griseus",165,1
"201507191530-229","Lined Seahorse","Hippocampus erectus",95,1
"201507191530-229","Great Barracuda","Sphyraena barracuda",62,2
"201507191530-229","Great Barracuda","Sphyraena barracuda",95,2
"201507201109-294","Great Barracuda","Sphyraena barracuda",235,1
"201508151417-070","Gray Snapper","Lutjanus griseus",48,3
"201508151417-070","Gray Snapper","Lutjanus griseus",155,3
"201508151417-070","Gray Snapper","Lutjanus griseus",182,3
"201508151417-070","Lane Snapper","Lutjanus synagris",66,1
"201508151439-068","Gray Snapper","Lutjanus griseus",170,1
"201508151439-068","Lane Snapper","Lutjanus synagris",46,8
"201508151439-068","Lane Snapper","Lutjanus synagris",50,8
"201508151439-068","Lane Snapper","Lutjanus synagris",51,8
"201508151439-068","Lane Snapper","Lutjanus synagris",72,8
"201508151439-068","Lane Snapper","Lutjanus synagris",72,8
"201508151439-068","Lane Snapper","Lutjanus synagris",74,8
"201508151439-068","Lane Snapper","Lutjanus synagris",76,8
"201508151439-068","Lane Snapper","Lutjanus synagris",78,8
"201508151453-067","Great Barracuda","Sphyraena barracuda",57,2
"201508151453-067","Great Barracuda","Sphyraena barracuda",123,2
"201508151506-065","Gray Snapper","Lutjanus griseus",204,1
"201508151523-117","Gray Snapper","Lutjanus griseus",224,1
"201508151523-117","Lane Snapper","Lutjanus synagris",55,2
"201508151523-117","Lane Snapper","Lutjanus synagris",74,2
"201508151532-118","Sheepshead","Archosargus probatocephalus",74,1
"201508151547-119","Great Barracuda","Sphyraena barracuda",73,1
"201508151622-022","Lined Seahorse","Hippocampus erectus",103,1
"201508151645-023","Spotted Seatrout","Cynoscion nebulosus",60,1
"201508151645-023","Lane Snapper","Lutjanus synagris",51,3
"201508151645-023","Lane Snapper","Lutjanus synagris",54,3
"201508151645-023","Lane Snapper","Lutjanus synagris",64,3
"201508151746-147","Great Barracuda","Sphyraena barracuda",48,2
"201508151746-147","Great Barracuda","Sphyraena barracuda",100,2
"201508151755-146","Great Barracuda","Sphyraena barracuda",69,1
"201508160942-303","Great Barracuda","Sphyraena barracuda",114,1
"201508161030-324","Great Barracuda","Sphyraena barracuda",89,2
"201508161030-324","Great Barracuda","Sphyraena barracuda",135,2
"201508161101-616","Great Barracuda","Sphyraena barracuda",108,1
"201508161119-621","Great Barracuda","Sphyraena barracuda",187,1
"201508161127-622","Great Barracuda","Sphyraena barracuda",122,2
"201508161127-622","Great Barracuda","Sphyraena barracuda",154,2
"201508161144-401","Great Barracuda","Sphyraena barracuda",57,3
"201508161144-401","Great Barracuda","Sphyraena barracuda",72,3
"201508161144-401","Great Barracuda","Sphyraena barracuda",87,3
"201508161232-408","Great Barracuda","Sphyraena barracuda",93,2
"201508161232-408","Great Barracuda","Sphyraena barracuda",134,2
"201508161320-271","Great Barracuda","Sphyraena barracuda",114,1
"201508161340-258","Great Barracuda","Sphyraena barracuda",225,1
"201508161400-243","Great Barracuda","Sphyraena barracuda",72,1
"201508161407-242","Great Barracuda","Sphyraena barracuda",47,2
"201508161407-242","Great Barracuda","Sphyraena barracuda",86,2
"201508161435-229","Great Barracuda","Sphyraena barracuda",127,1
"201508171011-301","Great Barracuda","Sphyraena barracuda",210,1
"201508171031-302","Great Barracuda","Sphyraena barracuda",126,1
"201508171041-292","Great Barracuda","Sphyraena barracuda",121,1
"201508171233-280","Great Barracuda","Sphyraena barracuda",108,2
"201508171233-280","Great Barracuda","Sphyraena barracuda",115,2
"201508171700-071","Gray Snapper","Lutjanus griseus",152,2
"201508171700-071","Gray Snapper","Lutjanus griseus",230,2
"201508171700-071","Lane Snapper","Lutjanus synagris",45,4
"201508171700-071","Lane Snapper","Lutjanus synagris",45,4
"201508171700-071","Lane Snapper","Lutjanus synagris",55,4
"201508171700-071","Lane Snapper","Lutjanus synagris",71,4
"201508180900-143","Hogfish","Lachnolaimus maximus",116,3
"201508180900-143","Hogfish","Lachnolaimus maximus",119,3
"201508180900-143","Hogfish","Lachnolaimus maximus",134,3
"201508180900-143","Gray Snapper","Lutjanus griseus",223,1
"201508180900-143","Mutton Snapper","Lutjanus analis",95,1
"201508180900-143","Lane Snapper","Lutjanus synagris",45,10
"201508180900-143","Lane Snapper","Lutjanus synagris",45,10
"201508180900-143","Lane Snapper","Lutjanus synagris",55,10
"201508180900-143","Lane Snapper","Lutjanus synagris",91,10
"201508180900-143","Lane Snapper","Lutjanus synagris",96,10
"201508180900-143","Lane Snapper","Lutjanus synagris",97,10
"201508180900-143","Lane Snapper","Lutjanus synagris",100,10
"201508180900-143","Lane Snapper","Lutjanus synagris",110,10
"201508180900-143","Lane Snapper","Lutjanus synagris",162,10
"201508180900-143","Lane Snapper","Lutjanus synagris",173,10
"201508181010-158","Gray Snapper","Lutjanus griseus",193,2
"201508181010-158","Gray Snapper","Lutjanus griseus",260,2
"201508181030-073","Gray Snapper","Lutjanus griseus",156,2
"201508181030-073","Gray Snapper","Lutjanus griseus",174,2
"201508181030-073","Lane Snapper","Lutjanus synagris",44,7
"201508181030-073","Lane Snapper","Lutjanus synagris",47,7
"201508181030-073","Lane Snapper","Lutjanus synagris",50,7
"201508181030-073","Lane Snapper","Lutjanus synagris",53,7
"201508181030-073","Lane Snapper","Lutjanus synagris",59,7
"201508181030-073","Lane Snapper","Lutjanus synagris",89,7
"201508181030-073","Lane Snapper","Lutjanus synagris",91,7
"201508181030-073","Great Barracuda","Sphyraena barracuda",115,1
"201508181120-279","Great Barracuda","Sphyraena barracuda",115,1
"201509041059-070","Gray Snapper","Lutjanus griseus",160,1
"201509041059-070","Lane Snapper","Lutjanus synagris",33,6
"201509041059-070","Lane Snapper","Lutjanus synagris",40,6
"201509041059-070","Lane Snapper","Lutjanus synagris",65,6
"201509041059-070","Lane Snapper","Lutjanus synagris",68,6
"201509041059-070","Lane Snapper","Lutjanus synagris",69,6
"201509041059-070","Lane Snapper","Lutjanus synagris",94,6
"201509041059-070","Great Barracuda","Sphyraena barracuda",131,1
"201509041125-065","Spotted Seatrout","Cynoscion nebulosus",21,1
"201509041125-065","Gray Snapper","Lutjanus griseus",160,2
"201509041125-065","Gray Snapper","Lutjanus griseus",180,2
"201509041125-065","Lane Snapper","Lutjanus synagris",32,10
"201509041125-065","Lane Snapper","Lutjanus synagris",35,10
"201509041125-065","Lane Snapper","Lutjanus synagris",35,10
"201509041125-065","Lane Snapper","Lutjanus synagris",38,10
"201509041125-065","Lane Snapper","Lutjanus synagris",38,10
"201509041125-065","Lane Snapper","Lutjanus synagris",40,10
"201509041125-065","Lane Snapper","Lutjanus synagris",45,10
"201509041125-065","Lane Snapper","Lutjanus synagris",45,10
"201509041125-065","Lane Snapper","Lutjanus synagris",75,10
"201509041125-065","Lane Snapper","Lutjanus synagris",100,10
"201509041212-168","Lane Snapper","Lutjanus synagris",36,4
"201509041212-168","Lane Snapper","Lutjanus synagris",41,4
"201509041212-168","Lane Snapper","Lutjanus synagris",65,4
"201509041212-168","Lane Snapper","Lutjanus synagris",68,4
"201509041316-159","Great Barracuda","Sphyraena barracuda",62,1
"201509041352-135","Great Barracuda","Sphyraena barracuda",47,1
"201509041405-123","Gray Snapper","Lutjanus griseus",155,1
"201509041405-123","Lane Snapper","Lutjanus synagris",69,1
"201509041446-124","Lane Snapper","Lutjanus synagris",59,1
"201509041500-112","Lane Snapper","Lutjanus synagris",34,1
"201509041510-111","Lane Snapper","Lutjanus synagris",41,1
"201509041557-023","Lane Snapper","Lutjanus synagris",42,1
"201509041605-022","Gray Snapper","Lutjanus griseus",155,1
"201509051013-073","Mutton Snapper","Lutjanus analis",74,1
"201509051024-174","Gray Snapper","Lutjanus griseus",69,1
"201509051024-174","Lane Snapper","Lutjanus synagris",76,1
"201509051041-291","Great Barracuda","Sphyraena barracuda",149,1
"201509051219-284","Great Barracuda","Sphyraena barracuda",118,1
"201509051302-256","Spotted Seatrout","Cynoscion nebulosus",40,1
"201509051325-268","Great Barracuda","Sphyraena barracuda",165,1
"201509051500-171","Gray Snapper","Lutjanus griseus",63,4
"201509051500-171","Gray Snapper","Lutjanus griseus",140,4
"201509051500-171","Gray Snapper","Lutjanus griseus",160,4
"201509051500-171","Gray Snapper","Lutjanus griseus",165,4
"201509051500-171","Lane Snapper","Lutjanus synagris",61,11
"201509051500-171","Lane Snapper","Lutjanus synagris",64,11
"201509051500-171","Lane Snapper","Lutjanus synagris",65,11
"201509051500-171","Lane Snapper","Lutjanus synagris",70,11
"201509051500-171","Lane Snapper","Lutjanus synagris",75,11
"201509051500-171","Lane Snapper","Lutjanus synagris",75,11
"201509051500-171","Lane Snapper","Lutjanus synagris",75,11
"201509051500-171","Lane Snapper","Lutjanus synagris",80,11
"201509051500-171","Lane Snapper","Lutjanus synagris",83,11
"201509051500-171","Lane Snapper","Lutjanus synagris",85,11
"201509051500-171","Lane Snapper","Lutjanus synagris",100,11
"201509061008-304","Great Barracuda","Sphyraena barracuda",145,1
"201509061016-315","Great Barracuda","Sphyraena barracuda",144,2
"201509061016-315","Great Barracuda","Sphyraena barracuda",148,2
"201509061052-325","Great Barracuda","Sphyraena barracuda",210,1
"201509061104-323","Great Barracuda","Sphyraena barracuda",114,1
"201509061113-616","Great Barracuda","Sphyraena barracuda",155,1
"201509061131-621","Great Barracuda","Sphyraena barracuda",132,1
"201509061154-401","Great Barracuda","Sphyraena barracuda",114,1
"201509061222-408","Great Barracuda","Sphyraena barracuda",96,1
"201509061335-244","Gray Snapper","Lutjanus griseus",43,1
"201509061343-243","Gray Snapper","Lutjanus griseus",148,2
"201509061343-243","Gray Snapper","Lutjanus griseus",174,2
"201509061343-243","Great Barracuda","Sphyraena barracuda",180,1
"201509061420-229","Great Barracuda","Sphyraena barracuda",95,2
"201509061420-229","Great Barracuda","Sphyraena barracuda",102,2
"201509061451-255","Great Barracuda","Sphyraena barracuda",165,1
"201510101149-312","Great Barracuda","Sphyraena barracuda",126,1
"201510101300-071","Jolthead Porgy","Calamus bajonado",160,1
"201510101300-071","Gray Snapper","Lutjanus griseus",120,5
"201510101300-071","Gray Snapper","Lutjanus griseus",195,5
"201510101300-071","Gray Snapper","Lutjanus griseus",200,5
"201510101300-071","Gray Snapper","Lutjanus griseus",200,5
"201510101300-071","Gray Snapper","Lutjanus griseus",230,5
"201510101300-071","Lane Snapper","Lutjanus synagris",69,8
"201510101300-071","Lane Snapper","Lutjanus synagris",75,8
"201510101300-071","Lane Snapper","Lutjanus synagris",84,8
"201510101300-071","Lane Snapper","Lutjanus synagris",98,8
"201510101300-071","Lane Snapper","Lutjanus synagris",100,8
"201510101300-071","Lane Snapper","Lutjanus synagris",105,8
"201510101300-071","Lane Snapper","Lutjanus synagris",106,8
"201510101300-071","Lane Snapper","Lutjanus synagris",145,8
"201510101322-271","Great Barracuda","Sphyraena barracuda",115,2
"201510101322-271","Great Barracuda","Sphyraena barracuda",190,2
"201510101415-268","Spotted Seatrout","Cynoscion nebulosus",84,1
"201510110939-070","Spotted Seatrout","Cynoscion nebulosus",37,1
"201510110939-070","Gray Snapper","Lutjanus griseus",171,1
"201510110939-070","Lane Snapper","Lutjanus synagris",101,1
"201510110939-070","Great Barracuda","Sphyraena barracuda",89,1
"201510111024-130","Gray Snapper","Lutjanus griseus",48,4
"201510111024-130","Gray Snapper","Lutjanus griseus",58,4
"201510111024-130","Gray Snapper","Lutjanus griseus",67,4
"201510111024-130","Gray Snapper","Lutjanus griseus",152,4
"201510111024-130","Lane Snapper","Lutjanus synagris",41,6
"201510111024-130","Lane Snapper","Lutjanus synagris",69,6
"201510111024-130","Lane Snapper","Lutjanus synagris",71,6
"201510111024-130","Lane Snapper","Lutjanus synagris",76,6
"201510111024-130","Lane Snapper","Lutjanus synagris",89,6
"201510111024-130","Lane Snapper","Lutjanus synagris",94,6
"201510111024-130","Great Barracuda","Sphyraena barracuda",81,1
"201510111039-117","Sheepshead","Archosargus probatocephalus",106,1
"201510111039-117","Barred Hamlet","Hypoplectrus puella",56,1
"201510111039-117","Gray Snapper","Lutjanus griseus",154,5
"201510111039-117","Gray Snapper","Lutjanus griseus",192,5
"201510111039-117","Gray Snapper","Lutjanus griseus",195,5
"201510111039-117","Gray Snapper","Lutjanus griseus",205,5
"201510111039-117","Gray Snapper","Lutjanus griseus",220,5
"201510111039-117","Lane Snapper","Lutjanus synagris",42,10
"201510111039-117","Lane Snapper","Lutjanus synagris",47,10
"201510111039-117","Lane Snapper","Lutjanus synagris",71,10
"201510111039-117","Lane Snapper","Lutjanus synagris",85,10
"201510111039-117","Lane Snapper","Lutjanus synagris",92,10
"201510111039-117","Lane Snapper","Lutjanus synagris",92,10
"201510111039-117","Lane Snapper","Lutjanus synagris",100,10
"201510111039-117","Lane Snapper","Lutjanus synagris",105,10
"201510111039-117","Lane Snapper","Lutjanus synagris",105,10
"201510111039-117","Lane Snapper","Lutjanus synagris",122,10
"201510111111-021","Barred Hamlet","Hypoplectrus puella",68,1
"201510111111-021","Gray Snapper","Lutjanus griseus",124,2
"201510111111-021","Gray Snapper","Lutjanus griseus",153,2
"201510111111-021","Lane Snapper","Lutjanus synagris",48,1
"201510111125-022","Gray Snapper","Lutjanus griseus",170,2
"201510111125-022","Gray Snapper","Lutjanus griseus",194,2
"201510111125-022","Lane Snapper","Lutjanus synagris",34,3
"201510111125-022","Lane Snapper","Lutjanus synagris",47,3
"201510111125-022","Lane Snapper","Lutjanus synagris",75,3
"201510111314-147","Great Barracuda","Sphyraena barracuda",37,1
"201510111407-167","Great Barracuda","Sphyraena barracuda",165,1
"201510111417-168","Lane Snapper","Lutjanus synagris",71,1
"201510111417-168","Great Barracuda","Sphyraena barracuda",135,1
"201510111435-172","Lane Snapper","Lutjanus synagris",72,2
"201510111435-172","Lane Snapper","Lutjanus synagris",104,2
"201510121000-303","Great Barracuda","Sphyraena barracuda",258,2
"201510121000-303","Great Barracuda","Sphyraena barracuda",266,2
"201510121012-304","Great Barracuda","Sphyraena barracuda",114,1
"201510121029-315","Great Barracuda","Sphyraena barracuda",97,3
"201510121029-315","Great Barracuda","Sphyraena barracuda",110,3
"201510121029-315","Great Barracuda","Sphyraena barracuda",175,3
"201510121114-325","Great Barracuda","Sphyraena barracuda",114,2
"201510121114-325","Great Barracuda","Sphyraena barracuda",130,2
"201510121128-323","Great Barracuda","Sphyraena barracuda",162,1
"201510121159-618","Great Barracuda","Sphyraena barracuda",212,3
"201510121159-618","Great Barracuda","Sphyraena barracuda",215,3
"201510121159-618","Great Barracuda","Sphyraena barracuda",237,3
"201510121214-621","Great Barracuda","Sphyraena barracuda",163,1
"201510121440-258","Great Barracuda","Sphyraena barracuda",89,1
"201510121528-229","Great Barracuda","Sphyraena barracuda",131,1
"201510131042-224","Gray Snapper","Lutjanus griseus",160,1
"201605300950-071","Hogfish","Lachnolaimus maximus",44,1
"201605300950-071","Gray Snapper","Lutjanus griseus",253,4
"201605300950-071","Gray Snapper","Lutjanus griseus",195,4
"201605300950-071","Gray Snapper","Lutjanus griseus",161,4
"201605300950-071","Gray Snapper","Lutjanus griseus",151,4
"201605300950-071","Lane Snapper","Lutjanus synagris",116,2
"201605300950-071","Lane Snapper","Lutjanus synagris",102,2
"201605301005-070","Sheepshead Porgy","Calamus penna",36,7
"201605301005-070","Sheepshead Porgy","Calamus penna",39,7
"201605301005-070","Sheepshead Porgy","Calamus penna",36,7
"201605301005-070","Sheepshead Porgy","Calamus penna",26,7
"201605301005-070","Sheepshead Porgy","Calamus penna",27,7
"201605301005-070","Sheepshead Porgy","Calamus penna",31,7
"201605301005-070","Sheepshead Porgy","Calamus penna",36,7
"201605301005-070","Spotted Seatrout","Cynoscion nebulosus",44,2
"201605301005-070","Spotted Seatrout","Cynoscion nebulosus",51,2
"201605301005-070","Gray Snapper","Lutjanus griseus",120,1
"201605301005-070","Lane Snapper","Lutjanus synagris",201,2
"201605301005-070","Lane Snapper","Lutjanus synagris",120,2
"201605301018-067","Sheepshead Porgy","Calamus penna",38,4
"201605301018-067","Sheepshead Porgy","Calamus penna",26,4
"201605301018-067","Sheepshead Porgy","Calamus penna",32,4
"201605301018-067","Sheepshead Porgy","Calamus penna",27,4
"201605301018-067","Gray Snapper","Lutjanus griseus",82,5
"201605301018-067","Gray Snapper","Lutjanus griseus",210,5
"201605301018-067","Gray Snapper","Lutjanus griseus",85,5
"201605301018-067","Gray Snapper","Lutjanus griseus",110,5
"201605301018-067","Gray Snapper","Lutjanus griseus",108,5
"201605301030-130","Gray Snapper","Lutjanus griseus",228,3
"201605301030-130","Gray Snapper","Lutjanus griseus",211,3
"201605301030-130","Gray Snapper","Lutjanus griseus",179,3
"201605301050-117","Sheepshead Porgy","Calamus penna",35,2
"201605301050-117","Sheepshead Porgy","Calamus penna",37,2
"201605301050-117","Gray Snapper","Lutjanus griseus",192,1
"201605301050-117","Lane Snapper","Lutjanus synagris",122,1
"201605301146-022","Spotted Seatrout","Cynoscion nebulosus",31,2
"201605301146-022","Spotted Seatrout","Cynoscion nebulosus",44,2
"201605301204-023","Spotted Seatrout","Cynoscion nebulosus",33,1
"201605301204-023","Barred Hamlet","Hypoplectrus puella",105,1
"201605301222-024","Spotted Seatrout","Cynoscion nebulosus",33,1
"201605301222-024","Gray Snapper","Lutjanus griseus",103,5
"201605301222-024","Gray Snapper","Lutjanus griseus",245,5
"201605301222-024","Gray Snapper","Lutjanus griseus",97,5
"201605301222-024","Gray Snapper","Lutjanus griseus",120,5
"201605301222-024","Gray Snapper","Lutjanus griseus",114,5
"201605301222-024","Great Barracuda","Sphyraena barracuda",48,1
"201605301334-111","Grass Porgy","Calamus arctifrons",194,1
"201605301334-111","Spotted Seatrout","Cynoscion nebulosus",40,1
"201605301402-123","Spotted Seatrout","Cynoscion nebulosus",26,2
"201605301402-123","Spotted Seatrout","Cynoscion nebulosus",30,2
"201605301446-146","Gray Snapper","Lutjanus griseus",180,1
"201605301522-168","Spotted Seatrout","Cynoscion nebulosus",28,1
"201605310814-073","Spotted Seatrout","Cynoscion nebulosus",234,1
"201605310814-073","Gray Snapper","Lutjanus griseus",123,7
"201605310814-073","Gray Snapper","Lutjanus griseus",128,7
"201605310814-073","Gray Snapper","Lutjanus griseus",165,7
"201605310814-073","Gray Snapper","Lutjanus griseus",131,7
"201605310814-073","Gray Snapper","Lutjanus griseus",226,7
"201605310814-073","Gray Snapper","Lutjanus griseus",281,7
"201605310814-073","Gray Snapper","Lutjanus griseus",151,7
"201605310814-073","Lane Snapper","Lutjanus synagris",115,2
"201605310814-073","Lane Snapper","Lutjanus synagris",120,2
"201606251104-280","Spotted Seatrout","Cynoscion nebulosus",24,1
"201606251404-244","Great Barracuda","Sphyraena barracuda",158,1
"201606251428-241","Gray Snapper","Lutjanus griseus",124,1
"201606260850-073","Gray Snapper","Lutjanus griseus",151,1
"201606260908-070","Sheepshead Porgy","Calamus penna",54,3
"201606260908-070","Sheepshead Porgy","Calamus penna",52,3
"201606260908-070","Sheepshead Porgy","Calamus penna",52,3
"201606260908-070","Spotted Seatrout","Cynoscion nebulosus",30,1
"201606260908-070","Gray Snapper","Lutjanus griseus",171,4
"201606260908-070","Gray Snapper","Lutjanus griseus",161,4
"201606260908-070","Gray Snapper","Lutjanus griseus",164,4
"201606260908-070","Gray Snapper","Lutjanus griseus",138,4
"201606261011-156","Gray Snapper","Lutjanus griseus",226,1
"201606261011-156","Lane Snapper","Lutjanus synagris",38,6
"201606261011-156","Lane Snapper","Lutjanus synagris",43,6
"201606261011-156","Lane Snapper","Lutjanus synagris",36,6
"201606261011-156","Lane Snapper","Lutjanus synagris",44,6
"201606261011-156","Lane Snapper","Lutjanus synagris",44,6
"201606261011-156","Lane Snapper","Lutjanus synagris",43,6
"201606261028-130","Gray Snapper","Lutjanus griseus",152,2
"201606261028-130","Gray Snapper","Lutjanus griseus",148,2
"201606261028-130","Lane Snapper","Lutjanus synagris",40,1
"201606261046-054","Spotted Seatrout","Cynoscion nebulosus",28,2
"201606261046-054","Spotted Seatrout","Cynoscion nebulosus",34,2
"201606261046-054","Lane Snapper","Lutjanus synagris",40,4
"201606261046-054","Lane Snapper","Lutjanus synagris",41,4
"201606261046-054","Lane Snapper","Lutjanus synagris",34,4
"201606261046-054","Lane Snapper","Lutjanus synagris",42,4
"201606261149-020","Lined Seahorse","Hippocampus erectus",130,1
"201606261304-111","Spotted Seatrout","Cynoscion nebulosus",47,4
"201606261304-111","Spotted Seatrout","Cynoscion nebulosus",48,4
"201606261304-111","Spotted Seatrout","Cynoscion nebulosus",54,4
"201606261304-111","Spotted Seatrout","Cynoscion nebulosus",66,4
"201606261338-123","Spotted Seatrout","Cynoscion nebulosus",17,1
"201606261358-147","Spotted Seatrout","Cynoscion nebulosus",33,2
"201606261358-147","Spotted Seatrout","Cynoscion nebulosus",89,2
"201606261358-147","Caribbean Spiny Lobster","Panulirus argus",74,1
"201606261421-146","Spotted Seatrout","Cynoscion nebulosus",60,1
"201606261445-144","Hogfish","Lachnolaimus maximus",144,1
"201606261445-144","Lane Snapper","Lutjanus synagris",41,2
"201606261445-144","Lane Snapper","Lutjanus synagris",42,2
"201606261505-168","Spotted Seatrout","Cynoscion nebulosus",30,2
"201606261505-168","Spotted Seatrout","Cynoscion nebulosus",70,2
"201606261543-171","Lane Snapper","Lutjanus synagris",45,1
"201606270848-174","Spotted Seatrout","Cynoscion nebulosus",32,1
"201606270848-174","Gray Snapper","Lutjanus griseus",232,1
"201606270848-174","Caribbean Spiny Lobster","Panulirus argus",19,1
"201606270954-237","Sheepshead Porgy","Calamus penna",63,1
"201606270954-237","Gray Snapper","Lutjanus griseus",152,1
"201606271105-313","Lined Seahorse","Hippocampus erectus",74,2
"201606271105-313","Lined Seahorse","Hippocampus erectus",35,2
"201606271204-616","Caribbean Spiny Lobster","Panulirus argus",38,1
"201606271231-621","Gray Snapper","Lutjanus griseus",263,1
"201606271351-408","Lined Seahorse","Hippocampus erectus",124,1
"201606271420-326","Lined Seahorse","Hippocampus erectus",68,1
"201606271530-271","Great Barracuda","Sphyraena barracuda",104,1
"201607161120-254","Spotted Seatrout","Cynoscion nebulosus",97,1
"201607161452-241","Spotted Seatrout","Cynoscion nebulosus",108,2
"201607161452-241","Spotted Seatrout","Cynoscion nebulosus",114,2
"201607161604-237","Sheepshead Porgy","Calamus penna",74,1
"201607161604-237","Gray Snapper","Lutjanus griseus",263,1
"201607170954-070","Spotted Seatrout","Cynoscion nebulosus",63,1
"201607170954-070","Lined Seahorse","Hippocampus erectus",136,1
"201607170954-070","Hogfish","Lachnolaimus maximus",74,1
"201607170954-070","Gray Snapper","Lutjanus griseus",171,1
"201607170954-070","Lane Snapper","Lutjanus synagris",53,9
"201607170954-070","Lane Snapper","Lutjanus synagris",58,9
"201607170954-070","Lane Snapper","Lutjanus synagris",29,9
"201607170954-070","Lane Snapper","Lutjanus synagris",59,9
"201607170954-070","Lane Snapper","Lutjanus synagris",46,9
"201607170954-070","Lane Snapper","Lutjanus synagris",60,9
"201607170954-070","Lane Snapper","Lutjanus synagris",106,9
"201607170954-070","Lane Snapper","Lutjanus synagris",58,9
"201607170954-070","Lane Snapper","Lutjanus synagris",91,9
"201607171028-117","Sheepshead Porgy","Calamus penna",76,2
"201607171028-117","Sheepshead Porgy","Calamus penna",70,2
"201607171028-117","Hogfish","Lachnolaimus maximus",98,1
"201607171028-117","Gray Snapper","Lutjanus griseus",225,13
"201607171028-117","Gray Snapper","Lutjanus griseus",194,13
"201607171028-117","Gray Snapper","Lutjanus griseus",154,13
"201607171028-117","Gray Snapper","Lutjanus griseus",275,13
"201607171028-117","Gray Snapper","Lutjanus griseus",160,13
"201607171028-117","Gray Snapper","Lutjanus griseus",190,13
"201607171028-117","Gray Snapper","Lutjanus griseus",205,13
"201607171028-117","Gray Snapper","Lutjanus griseus",210,13
"201607171028-117","Gray Snapper","Lutjanus griseus",218,13
"201607171028-117","Gray Snapper","Lutjanus griseus",219,13
"201607171028-117","Gray Snapper","Lutjanus griseus",165,13
"201607171028-117","Gray Snapper","Lutjanus griseus",226,13
"201607171028-117","Gray Snapper","Lutjanus griseus",204,13
"201607171028-117","Lane Snapper","Lutjanus synagris",152,10
"201607171028-117","Lane Snapper","Lutjanus synagris",69,10
"201607171028-117","Lane Snapper","Lutjanus synagris",68,10
"201607171028-117","Lane Snapper","Lutjanus synagris",68,10
"201607171028-117","Lane Snapper","Lutjanus synagris",76,10
"201607171028-117","Lane Snapper","Lutjanus synagris",72,10
"201607171028-117","Lane Snapper","Lutjanus synagris",55,10
"201607171028-117","Lane Snapper","Lutjanus synagris",62,10
"201607171028-117","Lane Snapper","Lutjanus synagris",33,10
"201607171028-117","Lane Snapper","Lutjanus synagris",36,10
"201607171055-101","Gray Snapper","Lutjanus griseus",219,4
"201607171055-101","Gray Snapper","Lutjanus griseus",204,4
"201607171055-101","Gray Snapper","Lutjanus griseus",140,4
"201607171055-101","Gray Snapper","Lutjanus griseus",138,4
"201607171055-101","Lane Snapper","Lutjanus synagris",63,1
"201607171115-022","Gray Snapper","Lutjanus griseus",161,1
"201607171115-022","Lane Snapper","Lutjanus synagris",69,1
"201607171115-022","Great Barracuda","Sphyraena barracuda",54,1
"201607171139-023","Lane Snapper","Lutjanus synagris",71,3
"201607171139-023","Lane Snapper","Lutjanus synagris",28,3
"201607171139-023","Lane Snapper","Lutjanus synagris",39,3
"201607171139-023","Great Barracuda","Sphyraena barracuda",93,1
"201607171200-105","Spotted Seatrout","Cynoscion nebulosus",48,1
"201607171200-105","Gray Snapper","Lutjanus griseus",192,6
"201607171200-105","Gray Snapper","Lutjanus griseus",261,6
"201607171200-105","Gray Snapper","Lutjanus griseus",203,6
"201607171200-105","Gray Snapper","Lutjanus griseus",204,6
"201607171200-105","Gray Snapper","Lutjanus griseus",167,6
"201607171200-105","Gray Snapper","Lutjanus griseus",166,6
"201607171200-105","Lane Snapper","Lutjanus synagris",77,2
"201607171200-105","Lane Snapper","Lutjanus synagris",74,2
"201607171224-111","Gray Snapper","Lutjanus griseus",155,1
"201607171341-137","Sheepshead Porgy","Calamus penna",74,1
"201607171354-136","Gray Snapper","Lutjanus griseus",104,1
"201607171354-136","Lane Snapper","Lutjanus synagris",124,1
"201607171409-147","Spotted Seatrout","Cynoscion nebulosus",58,2
"201607171409-147","Spotted Seatrout","Cynoscion nebulosus",64,2
"201607171426-146","Sheepshead Porgy","Calamus penna",59,4
"201607171426-146","Sheepshead Porgy","Calamus penna",61,4
"201607171426-146","Sheepshead Porgy","Calamus penna",56,4
"201607171426-146","Sheepshead Porgy","Calamus penna",74,4
"201607171426-146","Gray Snapper","Lutjanus griseus",135,3
"201607171426-146","Gray Snapper","Lutjanus griseus",214,3
"201607171426-146","Gray Snapper","Lutjanus griseus",154,3
"201607171426-146","Lane Snapper","Lutjanus synagris",66,1
"201607171449-133","Spotted Seatrout","Cynoscion nebulosus",37,1
"201607171449-133","Gray Snapper","Lutjanus griseus",223,3
"201607171449-133","Gray Snapper","Lutjanus griseus",232,3
"201607171449-133","Gray Snapper","Lutjanus griseus",225,3
"201607171449-133","Lane Snapper","Lutjanus synagris",82,2
"201607171449-133","Lane Snapper","Lutjanus synagris",70,2
"201607171520-144","Hogfish","Lachnolaimus maximus",78,1
"201607171520-144","Gray Snapper","Lutjanus griseus",169,17
"201607171520-144","Gray Snapper","Lutjanus griseus",153,17
"201607171520-144","Gray Snapper","Lutjanus griseus",162,17
"201607171520-144","Gray Snapper","Lutjanus griseus",149,17
"201607171520-144","Gray Snapper","Lutjanus griseus",196,17
"201607171520-144","Gray Snapper","Lutjanus griseus",120,17
"201607171520-144","Gray Snapper","Lutjanus griseus",250,17
"201607171520-144","Gray Snapper","Lutjanus griseus",243,17
"201607171520-144","Gray Snapper","Lutjanus griseus",234,17
"201607171520-144","Gray Snapper","Lutjanus griseus",188,17
"201607171520-144","Gray Snapper","Lutjanus griseus",229,17
"201607171520-144","Gray Snapper","Lutjanus griseus",166,17
"201607171520-144","Gray Snapper","Lutjanus griseus",179,17
"201607171520-144","Gray Snapper","Lutjanus griseus",157,17
"201607171520-144","Gray Snapper","Lutjanus griseus",163,17
"201607171520-144","Gray Snapper","Lutjanus griseus",220,17
"201607171520-144","Gray Snapper","Lutjanus griseus",143,17
"201607171520-144","Lane Snapper","Lutjanus synagris",39,6
"201607171520-144","Lane Snapper","Lutjanus synagris",54,6
"201607171520-144","Lane Snapper","Lutjanus synagris",72,6
"201607171520-144","Lane Snapper","Lutjanus synagris",66,6
"201607171520-144","Lane Snapper","Lutjanus synagris",72,6
"201607171520-144","Lane Snapper","Lutjanus synagris",59,6
"201607171539-158","Sheepshead Porgy","Calamus penna",74,1
"201607171539-158","Gray Snapper","Lutjanus griseus",113,5
"201607171539-158","Gray Snapper","Lutjanus griseus",170,5
"201607171539-158","Gray Snapper","Lutjanus griseus",203,5
"201607171539-158","Gray Snapper","Lutjanus griseus",264,5
"201607171539-158","Gray Snapper","Lutjanus griseus",240,5
"201607171539-158","Lane Snapper","Lutjanus synagris",35,1
"201607171617-175","Sheepshead Porgy","Calamus penna",59,1
"201607181012-303","Spotted Seatrout","Cynoscion nebulosus",57,4
"201607181012-303","Spotted Seatrout","Cynoscion nebulosus",74,4
"201607181012-303","Spotted Seatrout","Cynoscion nebulosus",75,4
"201607181012-303","Spotted Seatrout","Cynoscion nebulosus",123,4
"201607181012-303","Great Barracuda","Sphyraena barracuda",153,1
"201607181307-619","Bonefish","Albula vulpes",117,1
"201607181450-302","Spotted Seatrout","Cynoscion nebulosus",108,2
"201607181450-302","Spotted Seatrout","Cynoscion nebulosus",117,2
"201607181500-301","Spotted Seatrout","Cynoscion nebulosus",78,1
"201607181622-280","Gray Snapper","Lutjanus griseus",242,1
"201607181710-073","Gray Snapper","Lutjanus griseus",253,3
"201607181710-073","Gray Snapper","Lutjanus griseus",141,3
"201607181710-073","Gray Snapper","Lutjanus griseus",223,3
"201607181710-073","Lane Snapper","Lutjanus synagris",63,2
"201607181710-073","Lane Snapper","Lutjanus synagris",54,2
"201607191038-071","Gray Snapper","Lutjanus griseus",213,13
"201607191038-071","Gray Snapper","Lutjanus griseus",183,13
"201607191038-071","Gray Snapper","Lutjanus griseus",195,13
"201607191038-071","Gray Snapper","Lutjanus griseus",215,13
"201607191038-071","Gray Snapper","Lutjanus griseus",163,13
"201607191038-071","Gray Snapper","Lutjanus griseus",256,13
"201607191038-071","Gray Snapper","Lutjanus griseus",247,13
"201607191038-071","Gray Snapper","Lutjanus griseus",170,13
"201607191038-071","Gray Snapper","Lutjanus griseus",263,13
"201607191038-071","Gray Snapper","Lutjanus griseus",289,13
"201607191038-071","Gray Snapper","Lutjanus griseus",236,13
"201607191038-071","Gray Snapper","Lutjanus griseus",282,13
"201607191038-071","Gray Snapper","Lutjanus griseus",128,13
"201607191038-071","Lane Snapper","Lutjanus synagris",70,1
"201608131138-266","Spotted Seatrout","Cynoscion nebulosus",20,1
"201608131216-254","Spotted Seatrout","Cynoscion nebulosus",67,2
"201608131216-254","Spotted Seatrout","Cynoscion nebulosus",84,2
"201608131700-071","Gray Snapper","Lutjanus griseus",248,2
"201608131700-071","Gray Snapper","Lutjanus griseus",248,2
"201608131700-071","Lane Snapper","Lutjanus synagris",61,3
"201608131700-071","Lane Snapper","Lutjanus synagris",60,3
"201608131700-071","Lane Snapper","Lutjanus synagris",61,3
"201608131712-070","Sheepshead","Archosargus probatocephalus",58,1
"201608131712-070","Gray Snapper","Lutjanus griseus",274,1
"201608131712-070","Lane Snapper","Lutjanus synagris",32,4
"201608131712-070","Lane Snapper","Lutjanus synagris",26,4
"201608131712-070","Lane Snapper","Lutjanus synagris",25,4
"201608131712-070","Lane Snapper","Lutjanus synagris",60,4
"201608131735-068","Grass Porgy","Calamus arctifrons",58,1
"201608131735-068","Gray Snapper","Lutjanus griseus",251,4
"201608131735-068","Gray Snapper","Lutjanus griseus",159,4
"201608131735-068","Gray Snapper","Lutjanus griseus",150,4
"201608131735-068","Gray Snapper","Lutjanus griseus",145,4
"201608131735-068","Lane Snapper","Lutjanus synagris",61,5
"201608131735-068","Lane Snapper","Lutjanus synagris",57,5
"201608131735-068","Lane Snapper","Lutjanus synagris",60,5
"201608131735-068","Lane Snapper","Lutjanus synagris",92,5
"201608131735-068","Lane Snapper","Lutjanus synagris",28,5
"201608131803-067","Gray Snapper","Lutjanus griseus",138,2
"201608131803-067","Gray Snapper","Lutjanus griseus",165,2
"201608131803-067","Lane Snapper","Lutjanus synagris",86,6
"201608131803-067","Lane Snapper","Lutjanus synagris",55,6
"201608131803-067","Lane Snapper","Lutjanus synagris",83,6
"201608131803-067","Lane Snapper","Lutjanus synagris",85,6
"201608131803-067","Lane Snapper","Lutjanus synagris",89,6
"201608131803-067","Lane Snapper","Lutjanus synagris",58,6
"201608131819-065","Gray Snapper","Lutjanus griseus",183,2
"201608131819-065","Gray Snapper","Lutjanus griseus",220,2
"201608131819-065","Lane Snapper","Lutjanus synagris",67,3
"201608131819-065","Lane Snapper","Lutjanus synagris",62,3
"201608131819-065","Lane Snapper","Lutjanus synagris",32,3
"201608131832-130","Gray Snapper","Lutjanus griseus",255,1
"201608131832-130","Lane Snapper","Lutjanus synagris",94,1
"201608131841-156","Gray Snapper","Lutjanus griseus",220,2
"201608131841-156","Gray Snapper","Lutjanus griseus",164,2
"201608131841-156","Lane Snapper","Lutjanus synagris",61,4
"201608131841-156","Lane Snapper","Lutjanus synagris",49,4
"201608131841-156","Lane Snapper","Lutjanus synagris",92,4
"201608131841-156","Lane Snapper","Lutjanus synagris",91,4
"201608140906-073","Sheepshead","Archosargus probatocephalus",76,1
"201608140906-073","Gray Snapper","Lutjanus griseus",221,7
"201608140906-073","Gray Snapper","Lutjanus griseus",176,7
"201608140906-073","Gray Snapper","Lutjanus griseus",143,7
"201608140906-073","Gray Snapper","Lutjanus griseus",176,7
"201608140906-073","Gray Snapper","Lutjanus griseus",250,7
"201608140906-073","Gray Snapper","Lutjanus griseus",209,7
"201608140906-073","Gray Snapper","Lutjanus griseus",258,7
"201608140906-073","Lane Snapper","Lutjanus synagris",27,13
"201608140906-073","Lane Snapper","Lutjanus synagris",50,13
"201608140906-073","Lane Snapper","Lutjanus synagris",49,13
"201608140906-073","Lane Snapper","Lutjanus synagris",103,13
"201608140906-073","Lane Snapper","Lutjanus synagris",24,13
"201608140906-073","Lane Snapper","Lutjanus synagris",51,13
"201608140906-073","Lane Snapper","Lutjanus synagris",91,13
"201608140906-073","Lane Snapper","Lutjanus synagris",56,13
"201608140906-073","Lane Snapper","Lutjanus synagris",63,13
"201608140906-073","Lane Snapper","Lutjanus synagris",51,13
"201608140906-073","Lane Snapper","Lutjanus synagris",97,13
"201608140906-073","Lane Snapper","Lutjanus synagris",48,13
"201608140906-073","Lane Snapper","Lutjanus synagris",31,13
"201608140926-172","Spotted Seatrout","Cynoscion nebulosus",30,1
"201608140926-172","Gray Snapper","Lutjanus griseus",120,1
"201608140926-172","Lane Snapper","Lutjanus synagris",64,1
"201608140941-173","Spotted Seatrout","Cynoscion nebulosus",114,1
"201608140941-173","Gray Snapper","Lutjanus griseus",172,1
"201608140957-168","Spotted Seatrout","Cynoscion nebulosus",36,1
"201608140957-168","Lane Snapper","Lutjanus synagris",41,1
"201608141034-146","Spotted Seatrout","Cynoscion nebulosus",24,1
"201608141103-122","Spotted Seatrout","Cynoscion nebulosus",43,2
"201608141103-122","Spotted Seatrout","Cynoscion nebulosus",101,2
"201608141103-122","Lane Snapper","Lutjanus synagris",43,1
"201608141121-123","Spotted Seatrout","Cynoscion nebulosus",57,3
"201608141121-123","Spotted Seatrout","Cynoscion nebulosus",70,3
"201608141121-123","Spotted Seatrout","Cynoscion nebulosus",104,3
"201608141121-123","Gray Snapper","Lutjanus griseus",228,2
"201608141121-123","Gray Snapper","Lutjanus griseus",177,2
"201608141121-123","Lane Snapper","Lutjanus synagris",40,2
"201608141121-123","Lane Snapper","Lutjanus synagris",38,2
"201608141121-123","Great Barracuda","Sphyraena barracuda",77,1
"201608141147-112","Hogfish","Lachnolaimus maximus",181,1
"201608141147-112","Lane Snapper","Lutjanus synagris",60,2
"201608141147-112","Lane Snapper","Lutjanus synagris",34,2
"201608141258-022","Sheepshead","Archosargus probatocephalus",80,1
"201608141258-022","Crevalle Jack","Caranx hippos",65,1
"201608141258-022","Spotted Seatrout","Cynoscion nebulosus",25,1
"201608141258-022","Lined Seahorse","Hippocampus erectus",130,1
"201608141258-022","Lane Snapper","Lutjanus synagris",50,8
"201608141258-022","Lane Snapper","Lutjanus synagris",63,8
"201608141258-022","Lane Snapper","Lutjanus synagris",25,8
"201608141258-022","Lane Snapper","Lutjanus synagris",15,8
"201608141258-022","Lane Snapper","Lutjanus synagris",65,8
"201608141258-022","Lane Snapper","Lutjanus synagris",45,8
"201608141258-022","Lane Snapper","Lutjanus synagris",59,8
"201608141258-022","Lane Snapper","Lutjanus synagris",66,8
"201608141315-108","Gray Snapper","Lutjanus griseus",152,4
"201608141315-108","Gray Snapper","Lutjanus griseus",217,4
"201608141315-108","Gray Snapper","Lutjanus griseus",162,4
"201608141315-108","Gray Snapper","Lutjanus griseus",120,4
"201608141315-108","Lane Snapper","Lutjanus synagris",63,2
"201608141315-108","Lane Snapper","Lutjanus synagris",30,2
"201608141410-237","Sheepshead","Archosargus probatocephalus",80,1
"201608141410-237","Gray Snapper","Lutjanus griseus",212,2
"201608141410-237","Gray Snapper","Lutjanus griseus",254,2
"201608141600-312","Spotted Seatrout","Cynoscion nebulosus",75,1
"201608151024-304","Gray Snapper","Lutjanus griseus",120,1
"201608151127-404","Great Barracuda","Sphyraena barracuda",148,1
"201608151146-618","Lined Seahorse","Hippocampus erectus",80,1
"201608151337-326","Great Barracuda","Sphyraena barracuda",67,1
"201608151430-243","Great Barracuda","Sphyraena barracuda",126,1
"201608151440-242","Gray Snapper","Lutjanus griseus",256,1
"201608160931-241","Spotted Seatrout","Cynoscion nebulosus",121,1
"201608161053-284","Great Barracuda","Sphyraena barracuda",118,1
"201609031207-237","Sheepshead","Archosargus probatocephalus",95,1
"201609031207-237","Great Barracuda","Sphyraena barracuda",330,1
"201609031257-267","Gray Snapper","Lutjanus griseus",170,1
"201609031257-267","Great Barracuda","Sphyraena barracuda",75,1
"201609031312-255","Gray Snapper","Lutjanus griseus",250,1
"201609031406-224","Gray Snapper","Lutjanus griseus",175,1
"201609031458-226","Spotted Seatrout","Cynoscion nebulosus",43,1
"201609031458-226","Gray Snapper","Lutjanus griseus",160,1
"201609031458-226","Great Barracuda","Sphyraena barracuda",85,1
"201609031612-228","Great Barracuda","Sphyraena barracuda",80,1
"201609040942-168","Spotted Seatrout","Cynoscion nebulosus",60,1
"201609040942-168","Lane Snapper","Lutjanus synagris",50,4
"201609040942-168","Lane Snapper","Lutjanus synagris",70,4
"201609040942-168","Lane Snapper","Lutjanus synagris",80,4
"201609040942-168","Lane Snapper","Lutjanus synagris",50,4
"201609041020-173","Spotted Seatrout","Cynoscion nebulosus",56,1
"201609041034-176","Sheepshead","Archosargus probatocephalus",85,1
"201609041034-176","Gray Snapper","Lutjanus griseus",190,2
"201609041034-176","Gray Snapper","Lutjanus griseus",170,2
"201609041034-176","Lane Snapper","Lutjanus synagris",70,3
"201609041034-176","Lane Snapper","Lutjanus synagris",77,3
"201609041034-176","Lane Snapper","Lutjanus synagris",50,3
"201609041034-176","Southern Flounder","Paralichthys lethostigma",57,1
"201609041128-135","Gray Snapper","Lutjanus griseus",160,1
"201609041128-135","Lane Snapper","Lutjanus synagris",65,3
"201609041128-135","Lane Snapper","Lutjanus synagris",50,3
"201609041128-135","Lane Snapper","Lutjanus synagris",42,3
"201609041255-137","Spotted Seatrout","Cynoscion nebulosus",50,1
"201609041255-137","Lane Snapper","Lutjanus synagris",55,1
"201609041255-137","Great Barracuda","Sphyraena barracuda",75,1
"201609041310-112","Lane Snapper","Lutjanus synagris",70,2
"201609041310-112","Lane Snapper","Lutjanus synagris",52,2
"201609041324-123","Spotted Seatrout","Cynoscion nebulosus",52,1
"201609041324-123","Lane Snapper","Lutjanus synagris",45,2
"201609041324-123","Lane Snapper","Lutjanus synagris",52,2
"201609041348-122","Gray Snapper","Lutjanus griseus",230,1
"201609041348-122","Great Barracuda","Sphyraena barracuda",92,1
"201609041401-040","Gray Snapper","Lutjanus griseus",120,2
"201609041401-040","Gray Snapper","Lutjanus griseus",210,2
"201609041418-024","Barred Hamlet","Hypoplectrus puella",40,2
"201609041418-024","Barred Hamlet","Hypoplectrus puella",50,2
"201609041418-024","Hogfish","Lachnolaimus maximus",130,5
"201609041418-024","Hogfish","Lachnolaimus maximus",125,5
"201609041418-024","Hogfish","Lachnolaimus maximus",115,5
"201609041418-024","Hogfish","Lachnolaimus maximus",115,5
"201609041418-024","Hogfish","Lachnolaimus maximus",118,5
"201609041418-024","Lane Snapper","Lutjanus synagris",108,5
"201609041418-024","Lane Snapper","Lutjanus synagris",45,5
"201609041418-024","Lane Snapper","Lutjanus synagris",60,5
"201609041418-024","Lane Snapper","Lutjanus synagris",45,5
"201609041418-024","Lane Snapper","Lutjanus synagris",47,5
"201609041438-022","Hogfish","Lachnolaimus maximus",125,2
"201609041438-022","Hogfish","Lachnolaimus maximus",140,2
"201609041438-022","Gray Snapper","Lutjanus griseus",240,6
"201609041438-022","Gray Snapper","Lutjanus griseus",138,6
"201609041438-022","Gray Snapper","Lutjanus griseus",140,6
"201609041438-022","Gray Snapper","Lutjanus griseus",235,6
"201609041438-022","Gray Snapper","Lutjanus griseus",160,6
"201609041438-022","Gray Snapper","Lutjanus griseus",143,6
"201609041438-022","Lane Snapper","Lutjanus synagris",40,5
"201609041438-022","Lane Snapper","Lutjanus synagris",55,5
"201609041438-022","Lane Snapper","Lutjanus synagris",63,5
"201609041438-022","Lane Snapper","Lutjanus synagris",30,5
"201609041438-022","Lane Snapper","Lutjanus synagris",43,5
"201609041634-130","Spotted Seatrout","Cynoscion nebulosus",25,2
"201609041634-130","Spotted Seatrout","Cynoscion nebulosus",48,2
"201609041634-130","Barred Hamlet","Hypoplectrus puella",50,1
"201609041634-130","Hogfish","Lachnolaimus maximus",140,2
"201609041634-130","Hogfish","Lachnolaimus maximus",110,2
"201609041634-130","Gray Snapper","Lutjanus griseus",240,3
"201609041634-130","Gray Snapper","Lutjanus griseus",51,3
"201609041634-130","Gray Snapper","Lutjanus griseus",50,3
"201609041634-130","Lane Snapper","Lutjanus synagris",48,26
"201609041634-130","Lane Snapper","Lutjanus synagris",52,26
"201609041634-130","Lane Snapper","Lutjanus synagris",58,26
"201609041634-130","Lane Snapper","Lutjanus synagris",57,26
"201609041634-130","Lane Snapper","Lutjanus synagris",106,26
"201609041634-130","Lane Snapper","Lutjanus synagris",100,26
"201609041634-130","Lane Snapper","Lutjanus synagris",107,26
"201609041634-130","Lane Snapper","Lutjanus synagris",46,26
"201609041634-130","Lane Snapper","Lutjanus synagris",98,26
"201609041634-130","Lane Snapper","Lutjanus synagris",50,26
"201609041634-130","Lane Snapper","Lutjanus synagris",51,26
"201609041634-130","Lane Snapper","Lutjanus synagris",105,26
"201609041634-130","Lane Snapper","Lutjanus synagris",115,26
"201609041634-130","Lane Snapper","Lutjanus synagris",75,26
"201609041634-130","Lane Snapper","Lutjanus synagris",75,26
"201609041634-130","Lane Snapper","Lutjanus synagris",77,26
"201609041634-130","Lane Snapper","Lutjanus synagris",78,26
"201609041634-130","Lane Snapper","Lutjanus synagris",50,26
"201609041634-130","Lane Snapper","Lutjanus synagris",61,26
"201609041634-130","Lane Snapper","Lutjanus synagris",55,26
"201609041634-130","Lane Snapper","Lutjanus synagris",52,26
"201609041634-130","Lane Snapper","Lutjanus synagris",105,26
"201609041634-130","Lane Snapper","Lutjanus synagris",85,26
"201609041634-130","Lane Snapper","Lutjanus synagris",80,26
"201609041634-130","Lane Snapper","Lutjanus synagris",105,26
"201609041634-130","Lane Snapper","Lutjanus synagris",45,26
"201609041707-143","Spotted Seatrout","Cynoscion nebulosus",53,1
"201609041707-143","Gray Snapper","Lutjanus griseus",180,6
"201609041707-143","Gray Snapper","Lutjanus griseus",140,6
"201609041707-143","Gray Snapper","Lutjanus griseus",170,6
"201609041707-143","Gray Snapper","Lutjanus griseus",62,6
"201609041707-143","Gray Snapper","Lutjanus griseus",200,6
"201609041707-143","Gray Snapper","Lutjanus griseus",145,6
"201609041707-143","Lane Snapper","Lutjanus synagris",85,47
"201609041707-143","Lane Snapper","Lutjanus synagris",105,47
"201609041707-143","Lane Snapper","Lutjanus synagris",55,47
"201609041707-143","Lane Snapper","Lutjanus synagris",57,47
"201609041707-143","Lane Snapper","Lutjanus synagris",47,47
"201609041707-143","Lane Snapper","Lutjanus synagris",62,47
"201609041707-143","Lane Snapper","Lutjanus synagris",86,47
"201609041707-143","Lane Snapper","Lutjanus synagris",83,47
"201609041707-143","Lane Snapper","Lutjanus synagris",115,47
"201609041707-143","Lane Snapper","Lutjanus synagris",88,47
"201609041707-143","Lane Snapper","Lutjanus synagris",50,47
"201609041707-143","Lane Snapper","Lutjanus synagris",53,47
"201609041707-143","Lane Snapper","Lutjanus synagris",86,47
"201609041707-143","Lane Snapper","Lutjanus synagris",68,47
"201609041707-143","Lane Snapper","Lutjanus synagris",86,47
"201609041707-143","Lane Snapper","Lutjanus synagris",96,47
"201609041707-143","Lane Snapper","Lutjanus synagris",110,47
"201609041707-143","Lane Snapper","Lutjanus synagris",74,47
"201609041707-143","Lane Snapper","Lutjanus synagris",47,47
"201609041707-143","Lane Snapper","Lutjanus synagris",69,47
"201609041707-143","Lane Snapper","Lutjanus synagris",80,47
"201609041707-143","Lane Snapper","Lutjanus synagris",70,47
"201609041707-143","Lane Snapper","Lutjanus synagris",82,47
"201609041707-143","Lane Snapper","Lutjanus synagris",55,47
"201609041707-143","Lane Snapper","Lutjanus synagris",57,47
"201609041707-143","Lane Snapper","Lutjanus synagris",51,47
"201609041707-143","Lane Snapper","Lutjanus synagris",58,47
"201609041707-143","Lane Snapper","Lutjanus synagris",84,47
"201609041707-143","Lane Snapper","Lutjanus synagris",44,47
"201609041707-143","Lane Snapper","Lutjanus synagris",85,47
"201609041707-143","Lane Snapper","Lutjanus synagris",49,47
"201609041707-143","Lane Snapper","Lutjanus synagris",55,47
"201609041707-143","Lane Snapper","Lutjanus synagris",50,47
"201609041707-143","Lane Snapper","Lutjanus synagris",94,47
"201609041707-143","Lane Snapper","Lutjanus synagris",83,47
"201609041707-143","Lane Snapper","Lutjanus synagris",82,47
"201609041707-143","Lane Snapper","Lutjanus synagris",54,47
"201609041707-143","Lane Snapper","Lutjanus synagris",50,47
"201609041707-143","Lane Snapper","Lutjanus synagris",55,47
"201609041707-143","Lane Snapper","Lutjanus synagris",55,47
"201609041707-143","Lane Snapper","Lutjanus synagris",110,47
"201609041707-143","Lane Snapper","Lutjanus synagris",52,47
"201609041707-143","Lane Snapper","Lutjanus synagris",93,47
"201609041707-143","Lane Snapper","Lutjanus synagris",55,47
"201609041707-143","Lane Snapper","Lutjanus synagris",61,47
"201609041707-143","Lane Snapper","Lutjanus synagris",55,47
"201609041707-143","Lane Snapper","Lutjanus synagris",75,47
"201609041720-065","Gray Snapper","Lutjanus griseus",160,2
"201609041720-065","Gray Snapper","Lutjanus griseus",145,2
"201609041720-065","Lane Snapper","Lutjanus synagris",100,11
"201609041720-065","Lane Snapper","Lutjanus synagris",50,11
"201609041720-065","Lane Snapper","Lutjanus synagris",50,11
"201609041720-065","Lane Snapper","Lutjanus synagris",68,11
"201609041720-065","Lane Snapper","Lutjanus synagris",80,11
"201609041720-065","Lane Snapper","Lutjanus synagris",110,11
"201609041720-065","Lane Snapper","Lutjanus synagris",90,11
"201609041720-065","Lane Snapper","Lutjanus synagris",45,11
"201609041720-065","Lane Snapper","Lutjanus synagris",50,11
"201609041720-065","Lane Snapper","Lutjanus synagris",40,11
"201609041720-065","Lane Snapper","Lutjanus synagris",38,11
"201609041750-067","Sheepshead","Archosargus probatocephalus",67,1
"201609041750-067","Spotted Seatrout","Cynoscion nebulosus",105,2
"201609041750-067","Spotted Seatrout","Cynoscion nebulosus",110,2
"201609041750-067","Gray Snapper","Lutjanus griseus",50,13
"201609041750-067","Gray Snapper","Lutjanus griseus",40,13
"201609041750-067","Gray Snapper","Lutjanus griseus",38,13
"201609041750-067","Gray Snapper","Lutjanus griseus",54,13
"201609041750-067","Gray Snapper","Lutjanus griseus",136,13
"201609041750-067","Gray Snapper","Lutjanus griseus",165,13
"201609041750-067","Gray Snapper","Lutjanus griseus",135,13
"201609041750-067","Gray Snapper","Lutjanus griseus",48,13
"201609041750-067","Gray Snapper","Lutjanus griseus",37,13
"201609041750-067","Gray Snapper","Lutjanus griseus",204,13
"201609041750-067","Gray Snapper","Lutjanus griseus",175,13
"201609041750-067","Gray Snapper","Lutjanus griseus",136,13
"201609041750-067","Gray Snapper","Lutjanus griseus",47,13
"201609041750-067","Lane Snapper","Lutjanus synagris",75,6
"201609041750-067","Lane Snapper","Lutjanus synagris",30,6
"201609041750-067","Lane Snapper","Lutjanus synagris",100,6
"201609041750-067","Lane Snapper","Lutjanus synagris",58,6
"201609041750-067","Lane Snapper","Lutjanus synagris",82,6
"201609041750-067","Lane Snapper","Lutjanus synagris",45,6
"201609041750-067","Great Barracuda","Sphyraena barracuda",70,2
"201609041750-067","Great Barracuda","Sphyraena barracuda",70,2
"201609041810-068","Spotted Seatrout","Cynoscion nebulosus",72,2
"201609041810-068","Spotted Seatrout","Cynoscion nebulosus",105,2
"201609041810-068","Gray Snapper","Lutjanus griseus",255,7
"201609041810-068","Gray Snapper","Lutjanus griseus",130,7
"201609041810-068","Gray Snapper","Lutjanus griseus",40,7
"201609041810-068","Gray Snapper","Lutjanus griseus",78,7
"201609041810-068","Gray Snapper","Lutjanus griseus",60,7
"201609041810-068","Gray Snapper","Lutjanus griseus",48,7
"201609041810-068","Gray Snapper","Lutjanus griseus",42,7
"201609041810-068","Lane Snapper","Lutjanus synagris",68,7
"201609041810-068","Lane Snapper","Lutjanus synagris",75,7
"201609041810-068","Lane Snapper","Lutjanus synagris",55,7
"201609041810-068","Lane Snapper","Lutjanus synagris",73,7
"201609041810-068","Lane Snapper","Lutjanus synagris",50,7
"201609041810-068","Lane Snapper","Lutjanus synagris",78,7
"201609041810-068","Lane Snapper","Lutjanus synagris",50,7
"201609041810-068","Great Barracuda","Sphyraena barracuda",100,4
"201609041810-068","Great Barracuda","Sphyraena barracuda",95,4
"201609041810-068","Great Barracuda","Sphyraena barracuda",100,4
"201609041810-068","Great Barracuda","Sphyraena barracuda",80,4
"201609041834-070","Sheepshead","Archosargus probatocephalus",80,2
"201609041834-070","Sheepshead","Archosargus probatocephalus",62,2
"201609041834-070","Spotted Seatrout","Cynoscion nebulosus",32,5
"201609041834-070","Spotted Seatrout","Cynoscion nebulosus",55,5
"201609041834-070","Spotted Seatrout","Cynoscion nebulosus",130,5
"201609041834-070","Spotted Seatrout","Cynoscion nebulosus",158,5
"201609041834-070","Spotted Seatrout","Cynoscion nebulosus",165,5
"201609041834-070","Gray Snapper","Lutjanus griseus",150,10
"201609041834-070","Gray Snapper","Lutjanus griseus",270,10
"201609041834-070","Gray Snapper","Lutjanus griseus",172,10
"201609041834-070","Gray Snapper","Lutjanus griseus",185,10
"201609041834-070","Gray Snapper","Lutjanus griseus",205,10
"201609041834-070","Gray Snapper","Lutjanus griseus",180,10
"201609041834-070","Gray Snapper","Lutjanus griseus",55,10
"201609041834-070","Gray Snapper","Lutjanus griseus",80,10
"201609041834-070","Gray Snapper","Lutjanus griseus",45,10
"201609041834-070","Gray Snapper","Lutjanus griseus",40,10
"201609041834-070","Lane Snapper","Lutjanus synagris",80,13
"201609041834-070","Lane Snapper","Lutjanus synagris",50,13
"201609041834-070","Lane Snapper","Lutjanus synagris",52,13
"201609041834-070","Lane Snapper","Lutjanus synagris",75,13
"201609041834-070","Lane Snapper","Lutjanus synagris",85,13
"201609041834-070","Lane Snapper","Lutjanus synagris",40,13
"201609041834-070","Lane Snapper","Lutjanus synagris",70,13
"201609041834-070","Lane Snapper","Lutjanus synagris",40,13
"201609041834-070","Lane Snapper","Lutjanus synagris",74,13
"201609041834-070","Lane Snapper","Lutjanus synagris",50,13
"201609041834-070","Lane Snapper","Lutjanus synagris",42,13
"201609041834-070","Lane Snapper","Lutjanus synagris",55,13
"201609041834-070","Lane Snapper","Lutjanus synagris",45,13
"201609041834-070","Southern Flounder","Paralichthys lethostigma",178,1
"201609041834-070","Great Barracuda","Sphyraena barracuda",105,2
"201609041834-070","Great Barracuda","Sphyraena barracuda",80,2
"201609050934-282","Spotted Seatrout","Cynoscion nebulosus",60,1
"201609050934-282","Great Barracuda","Sphyraena barracuda",160,3
"201609050934-282","Great Barracuda","Sphyraena barracuda",145,3
"201609050934-282","Great Barracuda","Sphyraena barracuda",135,3
"201609051012-269","Gray Snapper","Lutjanus griseus",140,1
"201609051012-269","Great Barracuda","Sphyraena barracuda",130,1
"201609051105-258","Great Barracuda","Sphyraena barracuda",95,1
"201609051122-270","Great Barracuda","Sphyraena barracuda",105,5
"201609051122-270","Great Barracuda","Sphyraena barracuda",90,5
"201609051122-270","Great Barracuda","Sphyraena barracuda",80,5
"201609051122-270","Great Barracuda","Sphyraena barracuda",90,5
"201609051122-270","Great Barracuda","Sphyraena barracuda",85,5
"201609051152-294","Great Barracuda","Sphyraena barracuda",150,1
"201609051248-271","Great Barracuda","Sphyraena barracuda",180,2
"201609051248-271","Great Barracuda","Sphyraena barracuda",80,2
"201609051324-404","Great Barracuda","Sphyraena barracuda",55,1
"201609051405-402","Great Barracuda","Sphyraena barracuda",115,1
"201609051458-621","Black Drum","Pogonias cromis",430,1
"201609061131-302","Gray Snapper","Lutjanus griseus",160,1
"201610081036-266","Spotted Seatrout","Cynoscion nebulosus",43,4
"201610081036-266","Spotted Seatrout","Cynoscion nebulosus",56,4
"201610081036-266","Spotted Seatrout","Cynoscion nebulosus",89,4
"201610081036-266","Spotted Seatrout","Cynoscion nebulosus",131,4
"201610081102-267","Great Barracuda","Sphyraena barracuda",160,2
"201610081102-267","Great Barracuda","Sphyraena barracuda",135,2
"201610081149-224","Gray Snapper","Lutjanus griseus",175,2
"201610081149-224","Gray Snapper","Lutjanus griseus",215,2
"201610081252-229","Spotted Seatrout","Cynoscion nebulosus",130,1
"201610081252-229","Great Barracuda","Sphyraena barracuda",100,1
"201610081343-258","Great Barracuda","Sphyraena barracuda",110,1
"201610081430-269","Spotted Seatrout","Cynoscion nebulosus",102,1
"201610081521-073","Gray Snapper","Lutjanus griseus",205,2
"201610081521-073","Gray Snapper","Lutjanus griseus",166,2
"201610081521-073","Lane Snapper","Lutjanus synagris",42,1
"201610090938-070","Sheepshead","Archosargus probatocephalus",96,1
"201610090938-070","Gray Snapper","Lutjanus griseus",245,2
"201610090938-070","Gray Snapper","Lutjanus griseus",250,2
"201610090938-070","Lane Snapper","Lutjanus synagris",75,27
"201610090938-070","Lane Snapper","Lutjanus synagris",60,27
"201610090938-070","Lane Snapper","Lutjanus synagris",65,27
"201610090938-070","Lane Snapper","Lutjanus synagris",81,27
"201610090938-070","Lane Snapper","Lutjanus synagris",71,27
"201610090938-070","Lane Snapper","Lutjanus synagris",45,27
"201610090938-070","Lane Snapper","Lutjanus synagris",73,27
"201610090938-070","Lane Snapper","Lutjanus synagris",139,27
"201610090938-070","Lane Snapper","Lutjanus synagris",78,27
"201610090938-070","Lane Snapper","Lutjanus synagris",122,27
"201610090938-070","Lane Snapper","Lutjanus synagris",50,27
"201610090938-070","Lane Snapper","Lutjanus synagris",73,27
"201610090938-070","Lane Snapper","Lutjanus synagris",53,27
"201610090938-070","Lane Snapper","Lutjanus synagris",47,27
"201610090938-070","Lane Snapper","Lutjanus synagris",58,27
"201610090938-070","Lane Snapper","Lutjanus synagris",40,27
"201610090938-070","Lane Snapper","Lutjanus synagris",117,27
"201610090938-070","Lane Snapper","Lutjanus synagris",114,27
"201610090938-070","Lane Snapper","Lutjanus synagris",115,27
"201610090938-070","Lane Snapper","Lutjanus synagris",67,27
"201610090938-070","Lane Snapper","Lutjanus synagris",109,27
"201610090938-070","Lane Snapper","Lutjanus synagris",77,27
"201610090938-070","Lane Snapper","Lutjanus synagris",55,27
"201610090938-070","Lane Snapper","Lutjanus synagris",46,27
"201610090938-070","Lane Snapper","Lutjanus synagris",47,27
"201610090938-070","Lane Snapper","Lutjanus synagris",47,27
"201610090938-070","Lane Snapper","Lutjanus synagris",53,27
"201610091001-068","Atlantic Spadefish","Chaetodipterus faber",86,1
"201610091001-068","Gray Snapper","Lutjanus griseus",76,7
"201610091001-068","Gray Snapper","Lutjanus griseus",74,7
"201610091001-068","Gray Snapper","Lutjanus griseus",274,7
"201610091001-068","Gray Snapper","Lutjanus griseus",182,7
"201610091001-068","Gray Snapper","Lutjanus griseus",226,7
"201610091001-068","Gray Snapper","Lutjanus griseus",189,7
"201610091001-068","Gray Snapper","Lutjanus griseus",175,7
"201610091001-068","Lane Snapper","Lutjanus synagris",71,25
"201610091001-068","Lane Snapper","Lutjanus synagris",46,25
"201610091001-068","Lane Snapper","Lutjanus synagris",121,25
"201610091001-068","Lane Snapper","Lutjanus synagris",90,25
"201610091001-068","Lane Snapper","Lutjanus synagris",134,25
"201610091001-068","Lane Snapper","Lutjanus synagris",82,25
"201610091001-068","Lane Snapper","Lutjanus synagris",79,25
"201610091001-068","Lane Snapper","Lutjanus synagris",79,25
"201610091001-068","Lane Snapper","Lutjanus synagris",109,25
"201610091001-068","Lane Snapper","Lutjanus synagris",78,25
"201610091001-068","Lane Snapper","Lutjanus synagris",52,25
"201610091001-068","Lane Snapper","Lutjanus synagris",97,25
"201610091001-068","Lane Snapper","Lutjanus synagris",78,25
"201610091001-068","Lane Snapper","Lutjanus synagris",106,25
"201610091001-068","Lane Snapper","Lutjanus synagris",115,25
"201610091001-068","Lane Snapper","Lutjanus synagris",112,25
"201610091001-068","Lane Snapper","Lutjanus synagris",44,25
"201610091001-068","Lane Snapper","Lutjanus synagris",50,25
"201610091001-068","Lane Snapper","Lutjanus synagris",76,25
"201610091001-068","Lane Snapper","Lutjanus synagris",115,25
"201610091001-068","Lane Snapper","Lutjanus synagris",71,25
"201610091001-068","Lane Snapper","Lutjanus synagris",107,25
"201610091001-068","Lane Snapper","Lutjanus synagris",96,25
"201610091001-068","Lane Snapper","Lutjanus synagris",66,25
"201610091001-068","Lane Snapper","Lutjanus synagris",113,25
"201610091028-054","Gray Snapper","Lutjanus griseus",64,2
"201610091028-054","Gray Snapper","Lutjanus griseus",66,2
"201610091028-054","Lane Snapper","Lutjanus synagris",50,1
"201610091058-108","Lane Snapper","Lutjanus synagris",86,4
"201610091058-108","Lane Snapper","Lutjanus synagris",47,4
"201610091058-108","Lane Snapper","Lutjanus synagris",55,4
"201610091058-108","Lane Snapper","Lutjanus synagris",44,4
"201610091105-119","Gray Snapper","Lutjanus griseus",192,4
"201610091105-119","Gray Snapper","Lutjanus griseus",155,4
"201610091105-119","Gray Snapper","Lutjanus griseus",187,4
"201610091105-119","Gray Snapper","Lutjanus griseus",69,4
"201610091105-119","Lane Snapper","Lutjanus synagris",50,8
"201610091105-119","Lane Snapper","Lutjanus synagris",44,8
"201610091105-119","Lane Snapper","Lutjanus synagris",41,8
"201610091105-119","Lane Snapper","Lutjanus synagris",78,8
"201610091105-119","Lane Snapper","Lutjanus synagris",44,8
"201610091105-119","Lane Snapper","Lutjanus synagris",110,8
"201610091105-119","Lane Snapper","Lutjanus synagris",74,8
"201610091105-119","Lane Snapper","Lutjanus synagris",73,8
"201610091119-022","Gray Snapper","Lutjanus griseus",182,5
"201610091119-022","Gray Snapper","Lutjanus griseus",140,5
"201610091119-022","Gray Snapper","Lutjanus griseus",252,5
"201610091119-022","Gray Snapper","Lutjanus griseus",261,5
"201610091119-022","Gray Snapper","Lutjanus griseus",275,5
"201610091119-022","Lane Snapper","Lutjanus synagris",44,11
"201610091119-022","Lane Snapper","Lutjanus synagris",45,11
"201610091119-022","Lane Snapper","Lutjanus synagris",46,11
"201610091119-022","Lane Snapper","Lutjanus synagris",51,11
"201610091119-022","Lane Snapper","Lutjanus synagris",46,11
"201610091119-022","Lane Snapper","Lutjanus synagris",56,11
"201610091119-022","Lane Snapper","Lutjanus synagris",89,11
"201610091119-022","Lane Snapper","Lutjanus synagris",59,11
"201610091119-022","Lane Snapper","Lutjanus synagris",87,11
"201610091119-022","Lane Snapper","Lutjanus synagris",56,11
"201610091119-022","Lane Snapper","Lutjanus synagris",56,11
"201610091136-021","Grass Porgy","Calamus arctifrons",180,1
"201610091136-021","Atlantic Spadefish","Chaetodipterus faber",87,1
"201610091136-021","Gray Snapper","Lutjanus griseus",231,3
"201610091136-021","Gray Snapper","Lutjanus griseus",69,3
"201610091136-021","Gray Snapper","Lutjanus griseus",64,3
"201610091136-021","Lane Snapper","Lutjanus synagris",72,11
"201610091136-021","Lane Snapper","Lutjanus synagris",46,11
"201610091136-021","Lane Snapper","Lutjanus synagris",42,11
"201610091136-021","Lane Snapper","Lutjanus synagris",66,11
"201610091136-021","Lane Snapper","Lutjanus synagris",95,11
"201610091136-021","Lane Snapper","Lutjanus synagris",74,11
"201610091136-021","Lane Snapper","Lutjanus synagris",63,11
"201610091136-021","Lane Snapper","Lutjanus synagris",79,11
"201610091136-021","Lane Snapper","Lutjanus synagris",75,11
"201610091136-021","Lane Snapper","Lutjanus synagris",100,11
"201610091136-021","Lane Snapper","Lutjanus synagris",124,11
"201610091250-123","Lane Snapper","Lutjanus synagris",49,1
"201610091313-135","Grass Porgy","Calamus arctifrons",68,1
"201610091313-135","Schoolmaster Snapper","Lutjanus apodus",174,1
"201610091313-135","Gray Snapper","Lutjanus griseus",200,2
"201610091313-135","Gray Snapper","Lutjanus griseus",80,2
"201610091424-145","Lane Snapper","Lutjanus synagris",132,5
"201610091424-145","Lane Snapper","Lutjanus synagris",80,5
"201610091424-145","Lane Snapper","Lutjanus synagris",50,5
"201610091424-145","Lane Snapper","Lutjanus synagris",54,5
"201610091424-145","Lane Snapper","Lutjanus synagris",46,5
"201610091430-144","Lane Snapper","Lutjanus synagris",54,11
"201610091430-144","Lane Snapper","Lutjanus synagris",46,11
"201610091430-144","Lane Snapper","Lutjanus synagris",106,11
"201610091430-144","Lane Snapper","Lutjanus synagris",77,11
"201610091430-144","Lane Snapper","Lutjanus synagris",52,11
"201610091430-144","Lane Snapper","Lutjanus synagris",83,11
"201610091430-144","Lane Snapper","Lutjanus synagris",71,11
"201610091430-144","Lane Snapper","Lutjanus synagris",103,11
"201610091430-144","Lane Snapper","Lutjanus synagris",49,11
"201610091430-144","Lane Snapper","Lutjanus synagris",74,11
"201610091430-144","Lane Snapper","Lutjanus synagris",78,11
"201610091438-158","Sheepshead","Archosargus probatocephalus",239,1
"201610091438-158","Gray Snapper","Lutjanus griseus",59,5
"201610091438-158","Gray Snapper","Lutjanus griseus",225,5
"201610091438-158","Gray Snapper","Lutjanus griseus",164,5
"201610091438-158","Gray Snapper","Lutjanus griseus",155,5
"201610091438-158","Gray Snapper","Lutjanus griseus",225,5
"201610091438-158","Lane Snapper","Lutjanus synagris",89,1
"201610091452-168","Gray Snapper","Lutjanus griseus",258,2
"201610091452-168","Gray Snapper","Lutjanus griseus",204,2
"201610091452-168","Lane Snapper","Lutjanus synagris",47,1
"201610091525-175","Gray Snapper","Lutjanus griseus",230,2
"201610091525-175","Gray Snapper","Lutjanus griseus",280,2
"201610091525-175","Lane Snapper","Lutjanus synagris",76,2
"201610091525-175","Lane Snapper","Lutjanus synagris",77,2
"201610101016-609","Great Barracuda","Sphyraena barracuda",180,1
"201610101041-312","Spotted Seatrout","Cynoscion nebulosus",75,1
"201610101041-312","Gray Snapper","Lutjanus griseus",178,1
"201610101108-324","Great Barracuda","Sphyraena barracuda",172,2
"201610101108-324","Great Barracuda","Sphyraena barracuda",195,2
"201610101130-323","Great Barracuda","Sphyraena barracuda",285,1
"201610101155-618","Gray Snapper","Lutjanus griseus",194,1
"201610101207-621","Great Barracuda","Sphyraena barracuda",196,1
"201610101255-401","Great Barracuda","Sphyraena barracuda",220,1
"201610101353-326","Great Barracuda","Sphyraena barracuda",57,2
"201610101353-326","Great Barracuda","Sphyraena barracuda",42,2
"201610101407-315","Great Barracuda","Sphyraena barracuda",145,1
"201610101418-304","Gray Snapper","Lutjanus griseus",192,1
"201610101418-304","Great Barracuda","Sphyraena barracuda",166,1
"201610101457-292","Spotted Seatrout","Cynoscion nebulosus",66,2
"201610101457-292","Spotted Seatrout","Cynoscion nebulosus",67,2
"201610101457-292","Great Barracuda","Sphyraena barracuda",189,1
"201610101520-284","Ladyfish","Elops saurus",200,1
"201610101520-284","Great Barracuda","Sphyraena barracuda",110,2
"201610101520-284","Great Barracuda","Sphyraena barracuda",114,2
"201610101531-294","Spotted Seatrout","Cynoscion nebulosus",79,1
"201610101535-283","Spotted Seatrout","Cynoscion nebulosus",137,1
"201610110925-280","Lane Snapper","Lutjanus synagris",94,1
"201610110959-242","Great Barracuda","Sphyraena barracuda",54,1
"201611091055-271","Great Barracuda","Sphyraena barracuda",132,2
"201611091055-271","Great Barracuda","Sphyraena barracuda",84,2
"201611091139-294","Spotted Seatrout","Cynoscion nebulosus",61,1
"201611091139-294","Great Barracuda","Sphyraena barracuda",50,1
"201611091154-282","Great Barracuda","Sphyraena barracuda",52,1
"201611091240-292","Great Barracuda","Sphyraena barracuda",164,1
"201611091330-312","Spotted Seatrout","Cynoscion nebulosus",44,3
"201611091330-312","Spotted Seatrout","Cynoscion nebulosus",100,3
"201611091330-312","Spotted Seatrout","Cynoscion nebulosus",114,3
"201611091330-312","Great Barracuda","Sphyraena barracuda",210,3
"201611091330-312","Great Barracuda","Sphyraena barracuda",188,3
"201611091330-312","Great Barracuda","Sphyraena barracuda",212,3
"201611091434-291","Great Barracuda","Sphyraena barracuda",135,1
"201611091515-269","Great Barracuda","Sphyraena barracuda",76,1
"201611091526-256","Crevalle Jack","Caranx hippos",125,1
"201611091548-257","Great Barracuda","Sphyraena barracuda",44,1
"201611100944-237","Southern Flounder","Paralichthys lethostigma",46,1
"201611101005-174","Atlantic Spadefish","Chaetodipterus faber",140,1
"201611101032-173","Gray Snapper","Lutjanus griseus",205,1
"201611101100-169","Spotted Seatrout","Cynoscion nebulosus",88,2
"201611101100-169","Spotted Seatrout","Cynoscion nebulosus",132,2
"201611101100-169","Schoolmaster Snapper","Lutjanus apodus",107,1
"201611101100-169","Gray Snapper","Lutjanus griseus",107,2
"201611101100-169","Gray Snapper","Lutjanus griseus",77,2
"201611101100-169","Great Barracuda","Sphyraena barracuda",100,1
"201611101115-168","Gray Snapper","Lutjanus griseus",220,2
"201611101115-168","Gray Snapper","Lutjanus griseus",166,2
"201611101115-168","Lane Snapper","Lutjanus synagris",102,1
"201611101143-146","Lane Snapper","Lutjanus synagris",35,8
"201611101143-146","Lane Snapper","Lutjanus synagris",65,8
"201611101143-146","Lane Snapper","Lutjanus synagris",61,8
"201611101143-146","Lane Snapper","Lutjanus synagris",67,8
"201611101143-146","Lane Snapper","Lutjanus synagris",84,8
"201611101143-146","Lane Snapper","Lutjanus synagris",86,8
"201611101143-146","Lane Snapper","Lutjanus synagris",87,8
"201611101143-146","Lane Snapper","Lutjanus synagris",83,8
"201611101143-146","Great Barracuda","Sphyraena barracuda",255,1
"201611101205-133","Lane Snapper","Lutjanus synagris",47,2
"201611101205-133","Lane Snapper","Lutjanus synagris",75,2
"201611101231-147","Gray Snapper","Lutjanus griseus",62,1
"201611101231-147","Lane Snapper","Lutjanus synagris",65,1
"201611101231-147","Great Barracuda","Sphyraena barracuda",102,1
"201611101340-123","Gray Snapper","Lutjanus griseus",165,2
"201611101340-123","Gray Snapper","Lutjanus griseus",210,2
"201611101340-123","Yellowtail Snapper","Ocyurus chrysurus",104,1
"201611101409-111","Gray Snapper","Lutjanus griseus",82,1
"201611101430-040","Atlantic Bay Scallop","Argopecten irradians",42,1
"201611101430-040","Lined Seahorse","Hippocampus erectus",89,1
"201611101430-040","Gray Snapper","Lutjanus griseus",85,5
"201611101430-040","Gray Snapper","Lutjanus griseus",174,5
"201611101430-040","Gray Snapper","Lutjanus griseus",83,5
"201611101430-040","Gray Snapper","Lutjanus griseus",151,5
"201611101430-040","Gray Snapper","Lutjanus griseus",158,5
"201611101430-040","Lane Snapper","Lutjanus synagris",76,4
"201611101430-040","Lane Snapper","Lutjanus synagris",72,4
"201611101430-040","Lane Snapper","Lutjanus synagris",64,4
"201611101430-040","Lane Snapper","Lutjanus synagris",94,4
"201611101500-022","Grass Porgy","Calamus arctifrons",160,1
"201611101500-022","Gray Snapper","Lutjanus griseus",84,1
"201611101500-022","Lane Snapper","Lutjanus synagris",61,26
"201611101500-022","Lane Snapper","Lutjanus synagris",33,26
"201611101500-022","Lane Snapper","Lutjanus synagris",94,26
"201611101500-022","Lane Snapper","Lutjanus synagris",32,26
"201611101500-022","Lane Snapper","Lutjanus synagris",34,26
"201611101500-022","Lane Snapper","Lutjanus synagris",70,26
"201611101500-022","Lane Snapper","Lutjanus synagris",66,26
"201611101500-022","Lane Snapper","Lutjanus synagris",96,26
"201611101500-022","Lane Snapper","Lutjanus synagris",94,26
"201611101500-022","Lane Snapper","Lutjanus synagris",31,26
"201611101500-022","Lane Snapper","Lutjanus synagris",30,26
"201611101500-022","Lane Snapper","Lutjanus synagris",52,26
"201611101500-022","Lane Snapper","Lutjanus synagris",49,26
"201611101500-022","Lane Snapper","Lutjanus synagris",64,26
"201611101500-022","Lane Snapper","Lutjanus synagris",50,26
"201611101500-022","Lane Snapper","Lutjanus synagris",40,26
"201611101500-022","Lane Snapper","Lutjanus synagris",32,26
"201611101500-022","Lane Snapper","Lutjanus synagris",40,26
"201611101500-022","Lane Snapper","Lutjanus synagris",40,26
"201611101500-022","Lane Snapper","Lutjanus synagris",110,26
"201611101500-022","Lane Snapper","Lutjanus synagris",100,26
"201611101500-022","Lane Snapper","Lutjanus synagris",102,26
"201611101500-022","Lane Snapper","Lutjanus synagris",110,26
"201611101500-022","Lane Snapper","Lutjanus synagris",61,26
"201611101500-022","Lane Snapper","Lutjanus synagris",81,26
"201611101500-022","Lane Snapper","Lutjanus synagris",96,26
"201611101513-107","Gray Snapper","Lutjanus griseus",168,2
"201611101513-107","Gray Snapper","Lutjanus griseus",170,2
"201611101513-107","Lane Snapper","Lutjanus synagris",61,5
"201611101513-107","Lane Snapper","Lutjanus synagris",69,5
"201611101513-107","Lane Snapper","Lutjanus synagris",33,5
"201611101513-107","Lane Snapper","Lutjanus synagris",85,5
"201611101513-107","Lane Snapper","Lutjanus synagris",78,5
"201611101536-118","Lane Snapper","Lutjanus synagris",90,15
"201611101536-118","Lane Snapper","Lutjanus synagris",60,15
"201611101536-118","Lane Snapper","Lutjanus synagris",84,15
"201611101536-118","Lane Snapper","Lutjanus synagris",64,15
"201611101536-118","Lane Snapper","Lutjanus synagris",58,15
"201611101536-118","Lane Snapper","Lutjanus synagris",70,15
"201611101536-118","Lane Snapper","Lutjanus synagris",32,15
"201611101536-118","Lane Snapper","Lutjanus synagris",33,15
"201611101536-118","Lane Snapper","Lutjanus synagris",38,15
"201611101536-118","Lane Snapper","Lutjanus synagris",34,15
"201611101536-118","Lane Snapper","Lutjanus synagris",38,15
"201611101536-118","Lane Snapper","Lutjanus synagris",39,15
"201611101536-118","Lane Snapper","Lutjanus synagris",40,15
"201611101536-118","Lane Snapper","Lutjanus synagris",42,15
"201611101536-118","Lane Snapper","Lutjanus synagris",40,15
"201611101557-070","Sheepshead","Archosargus probatocephalus",85,1
"201611101557-070","Gray Snapper","Lutjanus griseus",55,34
"201611101557-070","Gray Snapper","Lutjanus griseus",78,34
"201611101557-070","Gray Snapper","Lutjanus griseus",90,34
"201611101557-070","Gray Snapper","Lutjanus griseus",75,34
"201611101557-070","Gray Snapper","Lutjanus griseus",72,34
"201611101557-070","Gray Snapper","Lutjanus griseus",78,34
"201611101557-070","Gray Snapper","Lutjanus griseus",79,34
"201611101557-070","Gray Snapper","Lutjanus griseus",75,34
"201611101557-070","Gray Snapper","Lutjanus griseus",75,34
"201611101557-070","Gray Snapper","Lutjanus griseus",185,34
"201611101557-070","Gray Snapper","Lutjanus griseus",175,34
"201611101557-070","Gray Snapper","Lutjanus griseus",68,34
"201611101557-070","Gray Snapper","Lutjanus griseus",79,34
"201611101557-070","Gray Snapper","Lutjanus griseus",81,34
"201611101557-070","Gray Snapper","Lutjanus griseus",74,34
"201611101557-070","Gray Snapper","Lutjanus griseus",100,34
"201611101557-070","Gray Snapper","Lutjanus griseus",100,34
"201611101557-070","Gray Snapper","Lutjanus griseus",85,34
"201611101557-070","Gray Snapper","Lutjanus griseus",55,34
"201611101557-070","Gray Snapper","Lutjanus griseus",56,34
"201611101557-070","Gray Snapper","Lutjanus griseus",100,34
"201611101557-070","Gray Snapper","Lutjanus griseus",98,34
"201611101557-070","Gray Snapper","Lutjanus griseus",100,34
"201611101557-070","Gray Snapper","Lutjanus griseus",105,34
"201611101557-070","Gray Snapper","Lutjanus griseus",68,34
"201611101557-070","Gray Snapper","Lutjanus griseus",63,34
"201611101557-070","Gray Snapper","Lutjanus griseus",72,34
"201611101557-070","Gray Snapper","Lutjanus griseus",40,34
"201611101557-070","Gray Snapper","Lutjanus griseus",45,34
"201611101557-070","Gray Snapper","Lutjanus griseus",58,34
"201611101557-070","Gray Snapper","Lutjanus griseus",35,34
"201611101557-070","Gray Snapper","Lutjanus griseus",47,34
"201611101557-070","Gray Snapper","Lutjanus griseus",35,34
"201611101557-070","Gray Snapper","Lutjanus griseus",25,34
"201611111008-241","Great Barracuda","Sphyraena barracuda",50,1
"201611111058-244","Great Barracuda","Sphyraena barracuda",135,1
"201611111152-226","Gray Snapper","Lutjanus griseus",178,1
"201611111240-224","Great Barracuda","Sphyraena barracuda",120,1
"201611111325-266","Spotted Seatrout","Cynoscion nebulosus",35,1
"201611111345-265","Spotted Seatrout","Cynoscion nebulosus",64,3
"201611111345-265","Spotted Seatrout","Cynoscion nebulosus",65,3
"201611111345-265","Spotted Seatrout","Cynoscion nebulosus",175,3
"201611111413-279","Spotted Seatrout","Cynoscion nebulosus",84,1
"201611111442-313","Great Barracuda","Sphyraena barracuda",212,1
"201611111517-304","Spotted Seatrout","Cynoscion nebulosus",104,1
"201611111517-304","Great Barracuda","Sphyraena barracuda",62,1
"201611120900-402","Great Barracuda","Sphyraena barracuda",121,1
"201611121122-619","Great Barracuda","Sphyraena barracuda",202,1
"201705271236-228","Lined Seahorse","Hippocampus erectus",70,1
"201705271319-229","Atlantic Bay Scallop","Argopecten irradians",15,1
"201705271435-253","Lane Snapper","Lutjanus synagris",142,1
"201705271503-266","Gray Snapper","Lutjanus griseus",190,1
"201705271536-237","Gray Snapper","Lutjanus griseus",222,2
"201705271536-237","Gray Snapper","Lutjanus griseus",241,2
"201705280947-068","Gray Snapper","Lutjanus griseus",104,8
"201705280947-068","Gray Snapper","Lutjanus griseus",105,8
"201705280947-068","Gray Snapper","Lutjanus griseus",222,8
"201705280947-068","Gray Snapper","Lutjanus griseus",135,8
"201705280947-068","Gray Snapper","Lutjanus griseus",215,8
"201705280947-068","Gray Snapper","Lutjanus griseus",190,8
"201705280947-068","Gray Snapper","Lutjanus griseus",206,8
"201705280947-068","Gray Snapper","Lutjanus griseus",108,8
"201705280947-068","Lane Snapper","Lutjanus synagris",94,5
"201705280947-068","Lane Snapper","Lutjanus synagris",103,5
"201705280947-068","Lane Snapper","Lutjanus synagris",113,5
"201705280947-068","Lane Snapper","Lutjanus synagris",98,5
"201705280947-068","Lane Snapper","Lutjanus synagris",123,5
"201705281000-065","Sheepshead","Archosargus probatocephalus",156,1
"201705281000-065","Gray Snapper","Lutjanus griseus",102,2
"201705281000-065","Gray Snapper","Lutjanus griseus",116,2
"201705281018-143","Lined Seahorse","Hippocampus erectus",150,1
"201705281018-143","Lane Snapper","Lutjanus synagris",92,3
"201705281018-143","Lane Snapper","Lutjanus synagris",106,3
"201705281018-143","Lane Snapper","Lutjanus synagris",103,3
"201705281034-144","Sheepshead","Archosargus probatocephalus",168,1
"201705281034-144","Grass Porgy","Calamus arctifrons",58,3
"201705281034-144","Grass Porgy","Calamus arctifrons",46,3
"201705281034-144","Grass Porgy","Calamus arctifrons",44,3
"201705281034-144","Lane Snapper","Lutjanus synagris",137,31
"201705281034-144","Lane Snapper","Lutjanus synagris",129,31
"201705281034-144","Lane Snapper","Lutjanus synagris",115,31
"201705281034-144","Lane Snapper","Lutjanus synagris",115,31
"201705281034-144","Lane Snapper","Lutjanus synagris",127,31
"201705281034-144","Lane Snapper","Lutjanus synagris",133,31
"201705281034-144","Lane Snapper","Lutjanus synagris",114,31
"201705281034-144","Lane Snapper","Lutjanus synagris",145,31
"201705281034-144","Lane Snapper","Lutjanus synagris",148,31
"201705281034-144","Lane Snapper","Lutjanus synagris",128,31
"201705281034-144","Lane Snapper","Lutjanus synagris",120,31
"201705281034-144","Lane Snapper","Lutjanus synagris",122,31
"201705281034-144","Lane Snapper","Lutjanus synagris",133,31
"201705281034-144","Lane Snapper","Lutjanus synagris",122,31
"201705281034-144","Lane Snapper","Lutjanus synagris",115,31
"201705281034-144","Lane Snapper","Lutjanus synagris",122,31
"201705281034-144","Lane Snapper","Lutjanus synagris",106,31
"201705281034-144","Lane Snapper","Lutjanus synagris",112,31
"201705281034-144","Lane Snapper","Lutjanus synagris",133,31
"201705281034-144","Lane Snapper","Lutjanus synagris",125,31
"201705281034-144","Lane Snapper","Lutjanus synagris",112,31
"201705281034-144","Lane Snapper","Lutjanus synagris",129,31
"201705281034-144","Lane Snapper","Lutjanus synagris",123,31
"201705281034-144","Lane Snapper","Lutjanus synagris",124,31
"201705281034-144","Lane Snapper","Lutjanus synagris",119,31
"201705281034-144","Lane Snapper","Lutjanus synagris",128,31
"201705281034-144","Lane Snapper","Lutjanus synagris",123,31
"201705281034-144","Lane Snapper","Lutjanus synagris",124,31
"201705281034-144","Lane Snapper","Lutjanus synagris",132,31
"201705281034-144","Lane Snapper","Lutjanus synagris",130,31
"201705281034-144","Lane Snapper","Lutjanus synagris",135,31
"201705281053-145","Gray Snapper","Lutjanus griseus",164,1
"201705281123-146","Gray Snapper","Lutjanus griseus",290,3
"201705281123-146","Gray Snapper","Lutjanus griseus",189,3
"201705281123-146","Gray Snapper","Lutjanus griseus",109,3
"201705281123-146","Lane Snapper","Lutjanus synagris",106,1
"201705281123-146","Great Barracuda","Sphyraena barracuda",32,1
"201705281140-135","Spotted Seatrout","Cynoscion nebulosus",120,2
"201705281140-135","Spotted Seatrout","Cynoscion nebulosus",190,2
"201705281140-135","Gray Snapper","Lutjanus griseus",190,1
"201705281140-135","Lane Snapper","Lutjanus synagris",108,2
"201705281140-135","Lane Snapper","Lutjanus synagris",102,2
"201705281323-022","Gray Snapper","Lutjanus griseus",113,2
"201705281323-022","Gray Snapper","Lutjanus griseus",163,2
"201705281341-107","Sheepshead","Archosargus probatocephalus",35,1
"201705281341-107","Gray Snapper","Lutjanus griseus",119,3
"201705281341-107","Gray Snapper","Lutjanus griseus",111,3
"201705281341-107","Gray Snapper","Lutjanus griseus",119,3
"201705281341-107","Lane Snapper","Lutjanus synagris",114,1
"201705281409-118","Gray Snapper","Lutjanus griseus",111,8
"201705281409-118","Gray Snapper","Lutjanus griseus",211,8
"201705281409-118","Gray Snapper","Lutjanus griseus",179,8
"201705281409-118","Gray Snapper","Lutjanus griseus",180,8
"201705281409-118","Gray Snapper","Lutjanus griseus",111,8
"201705281409-118","Gray Snapper","Lutjanus griseus",182,8
"201705281409-118","Gray Snapper","Lutjanus griseus",134,8
"201705281409-118","Gray Snapper","Lutjanus griseus",190,8
"201705281409-118","Lane Snapper","Lutjanus synagris",104,4
"201705281409-118","Lane Snapper","Lutjanus synagris",115,4
"201705281409-118","Lane Snapper","Lutjanus synagris",109,4
"201705281409-118","Lane Snapper","Lutjanus synagris",109,4
"201705281422-106","Sheepshead","Archosargus probatocephalus",22,1
"201705281422-106","Gray Snapper","Lutjanus griseus",277,2
"201705281422-106","Gray Snapper","Lutjanus griseus",146,2
"201705281446-157","Gray Snapper","Lutjanus griseus",125,2
"201705281446-157","Gray Snapper","Lutjanus griseus",215,2
"201705281446-157","Lane Snapper","Lutjanus synagris",114,2
"201705281446-157","Lane Snapper","Lutjanus synagris",112,2
"201705290950-304","Lined Seahorse","Hippocampus erectus",90,1
"201705291055-326","Lined Seahorse","Hippocampus erectus",80,1
"201705291127-403","Great Barracuda","Sphyraena barracuda",301,1
"201705291351-312","Lined Seahorse","Hippocampus erectus",100,1
"201705301030-268","Lined Seahorse","Hippocampus erectus",116,1
"201706241126-283","Lined Seahorse","Hippocampus erectus",100,1
"201706241148-284","Great Barracuda","Sphyraena barracuda",66,2
"201706241148-284","Great Barracuda","Sphyraena barracuda",77,2
"201706241210-270","Lined Seahorse","Hippocampus erectus",100,1
"201706241240-258","Caribbean Spiny Lobster","Panulirus argus",95,1
"201706241344-269","Lined Seahorse","Hippocampus erectus",110,1
"201706241512-312","Lined Seahorse","Hippocampus erectus",85,1
"201706241550-073","Sheepshead","Archosargus probatocephalus",150,2
"201706241550-073","Sheepshead","Archosargus probatocephalus",155,2
"201706241550-073","Gray Snapper","Lutjanus griseus",124,35
"201706241550-073","Gray Snapper","Lutjanus griseus",150,35
"201706241550-073","Gray Snapper","Lutjanus griseus",160,35
"201706241550-073","Gray Snapper","Lutjanus griseus",300,35
"201706241550-073","Gray Snapper","Lutjanus griseus",310,35
"201706241550-073","Gray Snapper","Lutjanus griseus",250,35
"201706241550-073","Gray Snapper","Lutjanus griseus",265,35
"201706241550-073","Gray Snapper","Lutjanus griseus",305,35
"201706241550-073","Gray Snapper","Lutjanus griseus",320,35
"201706241550-073","Gray Snapper","Lutjanus griseus",150,35
"201706241550-073","Gray Snapper","Lutjanus griseus",160,35
"201706241550-073","Gray Snapper","Lutjanus griseus",155,35
"201706241550-073","Gray Snapper","Lutjanus griseus",240,35
"201706241550-073","Gray Snapper","Lutjanus griseus",170,35
"201706241550-073","Gray Snapper","Lutjanus griseus",80,35
"201706241550-073","Gray Snapper","Lutjanus griseus",160,35
"201706241550-073","Gray Snapper","Lutjanus griseus",155,35
"201706241550-073","Gray Snapper","Lutjanus griseus",240,35
"201706241550-073","Gray Snapper","Lutjanus griseus",170,35
"201706241550-073","Gray Snapper","Lutjanus griseus",80,35
"201706241550-073","Gray Snapper","Lutjanus griseus",160,35
"201706241550-073","Gray Snapper","Lutjanus griseus",95,35
"201706241550-073","Gray Snapper","Lutjanus griseus",95,35
"201706241550-073","Gray Snapper","Lutjanus griseus",170,35
"201706241550-073","Gray Snapper","Lutjanus griseus",144,35
"201706241550-073","Gray Snapper","Lutjanus griseus",142,35
"201706241550-073","Gray Snapper","Lutjanus griseus",110,35
"201706241550-073","Gray Snapper","Lutjanus griseus",145,35
"201706241550-073","Gray Snapper","Lutjanus griseus",113,35
"201706241550-073","Gray Snapper","Lutjanus griseus",128,35
"201706241550-073","Gray Snapper","Lutjanus griseus",140,35
"201706241550-073","Gray Snapper","Lutjanus griseus",152,35
"201706241550-073","Gray Snapper","Lutjanus griseus",120,35
"201706241550-073","Gray Snapper","Lutjanus griseus",130,35
"201706241550-073","Gray Snapper","Lutjanus griseus",132,35
"201706241550-073","Lane Snapper","Lutjanus synagris",51,2
"201706241550-073","Lane Snapper","Lutjanus synagris",48,2
"201706241550-073","Lookdown","Selene vomer",55,1
"201706250838-071","Lane Snapper","Lutjanus synagris",24,3
"201706250838-071","Lane Snapper","Lutjanus synagris",15,3
"201706250838-071","Lane Snapper","Lutjanus synagris",14,3
"201706250858-070","Gray Snapper","Lutjanus griseus",145,2
"201706250858-070","Gray Snapper","Lutjanus griseus",68,2
"201706250858-070","Lane Snapper","Lutjanus synagris",15,7
"201706250858-070","Lane Snapper","Lutjanus synagris",25,7
"201706250858-070","Lane Snapper","Lutjanus synagris",15,7
"201706250858-070","Lane Snapper","Lutjanus synagris",14,7
"201706250858-070","Lane Snapper","Lutjanus synagris",145,7
"201706250858-070","Lane Snapper","Lutjanus synagris",145,7
"201706250858-070","Lane Snapper","Lutjanus synagris",68,7
"201706250921-065","Gray Snapper","Lutjanus griseus",124,2
"201706250921-065","Gray Snapper","Lutjanus griseus",228,2
"201706250936-130","Gray Snapper","Lutjanus griseus",120,6
"201706250936-130","Gray Snapper","Lutjanus griseus",240,6
"201706250936-130","Gray Snapper","Lutjanus griseus",20,6
"201706250936-130","Gray Snapper","Lutjanus griseus",25,6
"201706250936-130","Gray Snapper","Lutjanus griseus",19,6
"201706250936-130","Gray Snapper","Lutjanus griseus",44,6
"201706250936-130","Lane Snapper","Lutjanus synagris",32,3
"201706250936-130","Lane Snapper","Lutjanus synagris",54,3
"201706250936-130","Lane Snapper","Lutjanus synagris",23,3
"201706250957-117","Gray Snapper","Lutjanus griseus",150,1
"201706250957-117","Lane Snapper","Lutjanus synagris",30,11
"201706250957-117","Lane Snapper","Lutjanus synagris",31,11
"201706250957-117","Lane Snapper","Lutjanus synagris",40,11
"201706250957-117","Lane Snapper","Lutjanus synagris",35,11
"201706250957-117","Lane Snapper","Lutjanus synagris",43,11
"201706250957-117","Lane Snapper","Lutjanus synagris",42,11
"201706250957-117","Lane Snapper","Lutjanus synagris",26,11
"201706250957-117","Lane Snapper","Lutjanus synagris",70,11
"201706250957-117","Lane Snapper","Lutjanus synagris",34,11
"201706250957-117","Lane Snapper","Lutjanus synagris",41,11
"201706250957-117","Lane Snapper","Lutjanus synagris",48,11
"201706250957-117","Yellowtail Snapper","Ocyurus chrysurus",30,1
"201706251015-054","Grass Porgy","Calamus arctifrons",42,1
"201706251015-054","Gray Snapper","Lutjanus griseus",240,1
"201706251015-054","Lane Snapper","Lutjanus synagris",45,5
"201706251015-054","Lane Snapper","Lutjanus synagris",30,5
"201706251015-054","Lane Snapper","Lutjanus synagris",42,5
"201706251015-054","Lane Snapper","Lutjanus synagris",28,5
"201706251015-054","Lane Snapper","Lutjanus synagris",38,5
"201706251015-054","Yellowtail Snapper","Ocyurus chrysurus",45,1
"201706251029-107","Gray Snapper","Lutjanus griseus",148,3
"201706251029-107","Gray Snapper","Lutjanus griseus",98,3
"201706251029-107","Gray Snapper","Lutjanus griseus",165,3
"201706251029-107","Lane Snapper","Lutjanus synagris",47,5
"201706251029-107","Lane Snapper","Lutjanus synagris",26,5
"201706251029-107","Lane Snapper","Lutjanus synagris",33,5
"201706251029-107","Lane Snapper","Lutjanus synagris",40,5
"201706251029-107","Lane Snapper","Lutjanus synagris",24,5
"201706251029-107","Yellowtail Snapper","Ocyurus chrysurus",30,1
"201706251100-022","Spotted Seatrout","Cynoscion nebulosus",178,1
"201706251100-022","Hogfish","Lachnolaimus maximus",63,1
"201706251100-022","Gray Snapper","Lutjanus griseus",119,3
"201706251100-022","Gray Snapper","Lutjanus griseus",149,3
"201706251100-022","Gray Snapper","Lutjanus griseus",141,3
"201706251100-022","Lane Snapper","Lutjanus synagris",31,15
"201706251100-022","Lane Snapper","Lutjanus synagris",21,15
"201706251100-022","Lane Snapper","Lutjanus synagris",45,15
"201706251100-022","Lane Snapper","Lutjanus synagris",29,15
"201706251100-022","Lane Snapper","Lutjanus synagris",40,15
"201706251100-022","Lane Snapper","Lutjanus synagris",45,15
"201706251100-022","Lane Snapper","Lutjanus synagris",36,15
"201706251100-022","Lane Snapper","Lutjanus synagris",25,15
"201706251100-022","Lane Snapper","Lutjanus synagris",32,15
"201706251100-022","Lane Snapper","Lutjanus synagris",36,15
"201706251100-022","Lane Snapper","Lutjanus synagris",24,15
"201706251100-022","Lane Snapper","Lutjanus synagris",46,15
"201706251100-022","Lane Snapper","Lutjanus synagris",48,15
"201706251100-022","Lane Snapper","Lutjanus synagris",48,15
"201706251100-022","Lane Snapper","Lutjanus synagris",35,15
"201706251100-022","Yellowtail Snapper","Ocyurus chrysurus",52,2
"201706251100-022","Yellowtail Snapper","Ocyurus chrysurus",42,2
"201706251135-021","Gray Snapper","Lutjanus griseus",270,9
"201706251135-021","Gray Snapper","Lutjanus griseus",210,9
"201706251135-021","Gray Snapper","Lutjanus griseus",20,9
"201706251135-021","Gray Snapper","Lutjanus griseus",51,9
"201706251135-021","Gray Snapper","Lutjanus griseus",184,9
"201706251135-021","Gray Snapper","Lutjanus griseus",164,9
"201706251135-021","Gray Snapper","Lutjanus griseus",133,9
"201706251135-021","Gray Snapper","Lutjanus griseus",134,9
"201706251135-021","Gray Snapper","Lutjanus griseus",135,9
"201706251135-021","Lane Snapper","Lutjanus synagris",25,7
"201706251135-021","Lane Snapper","Lutjanus synagris",41,7
"201706251135-021","Lane Snapper","Lutjanus synagris",52,7
"201706251135-021","Lane Snapper","Lutjanus synagris",51,7
"201706251135-021","Lane Snapper","Lutjanus synagris",46,7
"201706251135-021","Lane Snapper","Lutjanus synagris",54,7
"201706251135-021","Lane Snapper","Lutjanus synagris",35,7
"201706251150-023","Hogfish","Lachnolaimus maximus",52,1
"201706251150-023","Gray Snapper","Lutjanus griseus",315,3
"201706251150-023","Gray Snapper","Lutjanus griseus",221,3
"201706251150-023","Gray Snapper","Lutjanus griseus",214,3
"201706251150-023","Lane Snapper","Lutjanus synagris",42,14
"201706251150-023","Lane Snapper","Lutjanus synagris",25,14
"201706251150-023","Lane Snapper","Lutjanus synagris",49,14
"201706251150-023","Lane Snapper","Lutjanus synagris",35,14
"201706251150-023","Lane Snapper","Lutjanus synagris",23,14
"201706251150-023","Lane Snapper","Lutjanus synagris",42,14
"201706251150-023","Lane Snapper","Lutjanus synagris",26,14
"201706251150-023","Lane Snapper","Lutjanus synagris",42,14
"201706251150-023","Lane Snapper","Lutjanus synagris",45,14
"201706251150-023","Lane Snapper","Lutjanus synagris",32,14
"201706251150-023","Lane Snapper","Lutjanus synagris",34,14
"201706251150-023","Lane Snapper","Lutjanus synagris",32,14
"201706251150-023","Lane Snapper","Lutjanus synagris",35,14
"201706251150-023","Lane Snapper","Lutjanus synagris",40,14
"201706251150-023","Yellowtail Snapper","Ocyurus chrysurus",25,2
"201706251150-023","Yellowtail Snapper","Ocyurus chrysurus",45,2
"201706251305-024","Gray Snapper","Lutjanus griseus",120,1
"201706251305-024","Lane Snapper","Lutjanus synagris",75,5
"201706251305-024","Lane Snapper","Lutjanus synagris",52,5
"201706251305-024","Lane Snapper","Lutjanus synagris",42,5
"201706251305-024","Lane Snapper","Lutjanus synagris",42,5
"201706251305-024","Lane Snapper","Lutjanus synagris",40,5
"201706251305-024","Great Barracuda","Sphyraena barracuda",50,1
"201706251325-040","Gray Snapper","Lutjanus griseus",132,2
"201706251325-040","Gray Snapper","Lutjanus griseus",320,2
"201706251350-122","Spotted Seatrout","Cynoscion nebulosus",62,1
"201706251350-122","Lined Seahorse","Hippocampus erectus",134,1
"201706251350-122","Gray Snapper","Lutjanus griseus",130,1
"201706251423-147","Spotted Seatrout","Cynoscion nebulosus",38,1
"201706251423-147","Great Barracuda","Sphyraena barracuda",55,1
"201706251510-168","Spotted Seatrout","Cynoscion nebulosus",40,1
"201706251510-168","Gray Snapper","Lutjanus griseus",154,2
"201706251510-168","Gray Snapper","Lutjanus griseus",215,2
"201706251530-169","Spotted Seatrout","Cynoscion nebulosus",47,2
"201706251530-169","Spotted Seatrout","Cynoscion nebulosus",75,2
"201706261000-315","Great Barracuda","Sphyraena barracuda",90,2
"201706261000-315","Great Barracuda","Sphyraena barracuda",97,2
"201706261334-279","Spotted Seatrout","Cynoscion nebulosus",40,1
"201706261347-278","Spotted Seatrout","Cynoscion nebulosus",26,1
"201706261403-265","Spotted Seatrout","Cynoscion nebulosus",32,1
"201706261421-266","Spotted Seatrout","Cynoscion nebulosus",78,1
"201706261443-267","Great Barracuda","Sphyraena barracuda",90,1
"201706261514-237","Gulf Flounder","Paralichthys albigutta",35,1
"201706271000-243","Lined Seahorse","Hippocampus erectus",112,1
"201707151326-241","Lined Seahorse","Hippocampus erectus",115,1
"201707151326-241","Great Barracuda","Sphyraena barracuda",80,1
"201707160853-070","Gray Snapper","Lutjanus griseus",153,6
"201707160853-070","Gray Snapper","Lutjanus griseus",93,6
"201707160853-070","Gray Snapper","Lutjanus griseus",227,6
"201707160853-070","Gray Snapper","Lutjanus griseus",146,6
"201707160853-070","Gray Snapper","Lutjanus griseus",120,6
"201707160853-070","Gray Snapper","Lutjanus griseus",160,6
"201707160853-070","Lane Snapper","Lutjanus synagris",78,8
"201707160853-070","Lane Snapper","Lutjanus synagris",76,8
"201707160853-070","Lane Snapper","Lutjanus synagris",70,8
"201707160853-070","Lane Snapper","Lutjanus synagris",71,8
"201707160853-070","Lane Snapper","Lutjanus synagris",56,8
"201707160853-070","Lane Snapper","Lutjanus synagris",47,8
"201707160853-070","Lane Snapper","Lutjanus synagris",70,8
"201707160853-070","Lane Snapper","Lutjanus synagris",42,8
"201707160925-156","Gray Snapper","Lutjanus griseus",203,3
"201707160925-156","Gray Snapper","Lutjanus griseus",126,3
"201707160925-156","Gray Snapper","Lutjanus griseus",147,3
"201707160925-156","Lane Snapper","Lutjanus synagris",130,2
"201707160925-156","Lane Snapper","Lutjanus synagris",167,2
"201707160934-130","Spotted Seatrout","Cynoscion nebulosus",44,1
"201707160934-130","Gray Snapper","Lutjanus griseus",252,7
"201707160934-130","Gray Snapper","Lutjanus griseus",257,7
"201707160934-130","Gray Snapper","Lutjanus griseus",206,7
"201707160934-130","Gray Snapper","Lutjanus griseus",222,7
"201707160934-130","Gray Snapper","Lutjanus griseus",200,7
"201707160934-130","Gray Snapper","Lutjanus griseus",221,7
"201707160934-130","Gray Snapper","Lutjanus griseus",159,7
"201707160934-130","Lane Snapper","Lutjanus synagris",64,9
"201707160934-130","Lane Snapper","Lutjanus synagris",66,9
"201707160934-130","Lane Snapper","Lutjanus synagris",77,9
"201707160934-130","Lane Snapper","Lutjanus synagris",69,9
"201707160934-130","Lane Snapper","Lutjanus synagris",70,9
"201707160934-130","Lane Snapper","Lutjanus synagris",54,9
"201707160934-130","Lane Snapper","Lutjanus synagris",66,9
"201707160934-130","Lane Snapper","Lutjanus synagris",62,9
"201707160934-130","Lane Snapper","Lutjanus synagris",58,9
"201707160958-117","Gray Snapper","Lutjanus griseus",242,9
"201707160958-117","Gray Snapper","Lutjanus griseus",224,9
"201707160958-117","Gray Snapper","Lutjanus griseus",215,9
"201707160958-117","Gray Snapper","Lutjanus griseus",210,9
"201707160958-117","Gray Snapper","Lutjanus griseus",220,9
"201707160958-117","Gray Snapper","Lutjanus griseus",180,9
"201707160958-117","Gray Snapper","Lutjanus griseus",206,9
"201707160958-117","Gray Snapper","Lutjanus griseus",148,9
"201707160958-117","Gray Snapper","Lutjanus griseus",157,9
"201707160958-117","Lane Snapper","Lutjanus synagris",72,5
"201707160958-117","Lane Snapper","Lutjanus synagris",73,5
"201707160958-117","Lane Snapper","Lutjanus synagris",70,5
"201707160958-117","Lane Snapper","Lutjanus synagris",86,5
"201707160958-117","Lane Snapper","Lutjanus synagris",77,5
"201707161012-118","Gray Snapper","Lutjanus griseus",159,15
"201707161012-118","Gray Snapper","Lutjanus griseus",211,15
"201707161012-118","Gray Snapper","Lutjanus griseus",240,15
"201707161012-118","Gray Snapper","Lutjanus griseus",165,15
"201707161012-118","Gray Snapper","Lutjanus griseus",213,15
"201707161012-118","Gray Snapper","Lutjanus griseus",221,15
"201707161012-118","Gray Snapper","Lutjanus griseus",207,15
"201707161012-118","Gray Snapper","Lutjanus griseus",235,15
"201707161012-118","Gray Snapper","Lutjanus griseus",240,15
"201707161012-118","Gray Snapper","Lutjanus griseus",169,15
"201707161012-118","Gray Snapper","Lutjanus griseus",140,15
"201707161012-118","Gray Snapper","Lutjanus griseus",147,15
"201707161012-118","Gray Snapper","Lutjanus griseus",168,15
"201707161012-118","Gray Snapper","Lutjanus griseus",180,15
"201707161012-118","Gray Snapper","Lutjanus griseus",117,15
"201707161012-118","Lane Snapper","Lutjanus synagris",80,3
"201707161012-118","Lane Snapper","Lutjanus synagris",73,3
"201707161012-118","Lane Snapper","Lutjanus synagris",60,3
"201707161030-107","Spotted Seatrout","Cynoscion nebulosus",43,3
"201707161030-107","Spotted Seatrout","Cynoscion nebulosus",46,3
"201707161030-107","Spotted Seatrout","Cynoscion nebulosus",54,3
"201707161030-107","Gray Snapper","Lutjanus griseus",160,7
"201707161030-107","Gray Snapper","Lutjanus griseus",145,7
"201707161030-107","Gray Snapper","Lutjanus griseus",115,7
"201707161030-107","Gray Snapper","Lutjanus griseus",119,7
"201707161030-107","Gray Snapper","Lutjanus griseus",136,7
"201707161030-107","Gray Snapper","Lutjanus griseus",118,7
"201707161030-107","Gray Snapper","Lutjanus griseus",133,7
"201707161057-022","Hogfish","Lachnolaimus maximus",55,2
"201707161057-022","Hogfish","Lachnolaimus maximus",77,2
"201707161057-022","Gray Snapper","Lutjanus griseus",130,2
"201707161057-022","Gray Snapper","Lutjanus griseus",250,2
"201707161057-022","Lane Snapper","Lutjanus synagris",72,12
"201707161057-022","Lane Snapper","Lutjanus synagris",80,12
"201707161057-022","Lane Snapper","Lutjanus synagris",38,12
"201707161057-022","Lane Snapper","Lutjanus synagris",7,12
"201707161057-022","Lane Snapper","Lutjanus synagris",165,12
"201707161057-022","Lane Snapper","Lutjanus synagris",70,12
"201707161057-022","Lane Snapper","Lutjanus synagris",42,12
"201707161057-022","Lane Snapper","Lutjanus synagris",75,12
"201707161057-022","Lane Snapper","Lutjanus synagris",42,12
"201707161057-022","Lane Snapper","Lutjanus synagris",30,12
"201707161057-022","Lane Snapper","Lutjanus synagris",38,12
"201707161057-022","Lane Snapper","Lutjanus synagris",30,12
"201707161057-022","Yellowtail Snapper","Ocyurus chrysurus",70,5
"201707161057-022","Yellowtail Snapper","Ocyurus chrysurus",72,5
"201707161057-022","Yellowtail Snapper","Ocyurus chrysurus",74,5
"201707161057-022","Yellowtail Snapper","Ocyurus chrysurus",65,5
"201707161057-022","Yellowtail Snapper","Ocyurus chrysurus",83,5
"201707161121-023","Spotted Seatrout","Cynoscion nebulosus",137,1
"201707161121-023","Hogfish","Lachnolaimus maximus",55,2
"201707161121-023","Hogfish","Lachnolaimus maximus",63,2
"201707161121-023","Gray Snapper","Lutjanus griseus",210,4
"201707161121-023","Gray Snapper","Lutjanus griseus",92,4
"201707161121-023","Gray Snapper","Lutjanus griseus",225,4
"201707161121-023","Gray Snapper","Lutjanus griseus",143,4
"201707161121-023","Lane Snapper","Lutjanus synagris",68,4
"201707161121-023","Lane Snapper","Lutjanus synagris",70,4
"201707161121-023","Lane Snapper","Lutjanus synagris",40,4
"201707161121-023","Lane Snapper","Lutjanus synagris",75,4
"201707161121-023","Yellowtail Snapper","Ocyurus chrysurus",70,1
"201707161145-105","Hogfish","Lachnolaimus maximus",78,1
"201707161145-105","Gray Snapper","Lutjanus griseus",300,12
"201707161145-105","Gray Snapper","Lutjanus griseus",130,12
"201707161145-105","Gray Snapper","Lutjanus griseus",115,12
"201707161145-105","Gray Snapper","Lutjanus griseus",145,12
"201707161145-105","Gray Snapper","Lutjanus griseus",148,12
"201707161145-105","Gray Snapper","Lutjanus griseus",118,12
"201707161145-105","Gray Snapper","Lutjanus griseus",145,12
"201707161145-105","Gray Snapper","Lutjanus griseus",195,12
"201707161145-105","Gray Snapper","Lutjanus griseus",143,12
"201707161145-105","Gray Snapper","Lutjanus griseus",155,12
"201707161145-105","Gray Snapper","Lutjanus griseus",130,12
"201707161145-105","Gray Snapper","Lutjanus griseus",132,12
"201707161145-105","Lane Snapper","Lutjanus synagris",47,12
"201707161145-105","Lane Snapper","Lutjanus synagris",125,12
"201707161145-105","Lane Snapper","Lutjanus synagris",80,12
"201707161145-105","Lane Snapper","Lutjanus synagris",75,12
"201707161145-105","Lane Snapper","Lutjanus synagris",79,12
"201707161145-105","Lane Snapper","Lutjanus synagris",80,12
"201707161145-105","Lane Snapper","Lutjanus synagris",35,12
"201707161145-105","Lane Snapper","Lutjanus synagris",145,12
"201707161145-105","Lane Snapper","Lutjanus synagris",180,12
"201707161145-105","Lane Snapper","Lutjanus synagris",150,12
"201707161145-105","Lane Snapper","Lutjanus synagris",140,12
"201707161145-105","Lane Snapper","Lutjanus synagris",133,12
"201707161145-105","Yellowtail Snapper","Ocyurus chrysurus",45,2
"201707161145-105","Yellowtail Snapper","Ocyurus chrysurus",80,2
"201707161207-040","Gray Snapper","Lutjanus griseus",125,2
"201707161207-040","Gray Snapper","Lutjanus griseus",255,2
"201707161318-123","Lined Seahorse","Hippocampus erectus",180,1
"201707161318-123","Yellowtail Snapper","Ocyurus chrysurus",72,1
"201707161409-135","Spotted Seatrout","Cynoscion nebulosus",32,1
"201707161409-135","Gray Snapper","Lutjanus griseus",320,2
"201707161409-135","Gray Snapper","Lutjanus griseus",304,2
"201707161422-146","Gray Snapper","Lutjanus griseus",145,1
"201707161422-146","Lane Snapper","Lutjanus synagris",33,1
"201707161441-133","Sheepshead","Archosargus probatocephalus",79,2
"201707161441-133","Sheepshead","Archosargus probatocephalus",80,2
"201707161441-133","Gray Snapper","Lutjanus griseus",120,2
"201707161441-133","Gray Snapper","Lutjanus griseus",214,2
"201707161500-158","Gray Snapper","Lutjanus griseus",140,1
"201707161518-168","Spotted Seatrout","Cynoscion nebulosus",34,3
"201707161518-168","Spotted Seatrout","Cynoscion nebulosus",64,3
"201707161518-168","Spotted Seatrout","Cynoscion nebulosus",65,3
"201707161545-169","Spotted Seatrout","Cynoscion nebulosus",100,1
"201707161545-169","Lane Snapper","Lutjanus synagris",70,1
"201707171059-404","Great Barracuda","Sphyraena barracuda",160,1
"201707171120-326","Great Barracuda","Sphyraena barracuda",122,1
"201707171427-291","Lined Seahorse","Hippocampus erectus",125,2
"201707171427-291","Lined Seahorse","Hippocampus erectus",132,2
"201707180830-071","Gray Snapper","Lutjanus griseus",270,8
"201707180830-071","Gray Snapper","Lutjanus griseus",160,8
"201707180830-071","Gray Snapper","Lutjanus griseus",162,8
"201707180830-071","Gray Snapper","Lutjanus griseus",212,8
"201707180830-071","Gray Snapper","Lutjanus griseus",118,8
"201707180830-071","Gray Snapper","Lutjanus griseus",72,8
"201707180830-071","Gray Snapper","Lutjanus griseus",91,8
"201707180830-071","Gray Snapper","Lutjanus griseus",164,8
"201707180830-071","Lane Snapper","Lutjanus synagris",72,3
"201707180830-071","Lane Snapper","Lutjanus synagris",91,3
"201707180830-071","Lane Snapper","Lutjanus synagris",164,3
"201707180908-278","Gray Snapper","Lutjanus griseus",183,1
"201708121049-267","Spotted Seatrout","Cynoscion nebulosus",40,6
"201708121049-267","Spotted Seatrout","Cynoscion nebulosus",40,6
"201708121049-267","Spotted Seatrout","Cynoscion nebulosus",42,6
"201708121049-267","Spotted Seatrout","Cynoscion nebulosus",42,6
"201708121049-267","Spotted Seatrout","Cynoscion nebulosus",42,6
"201708121049-267","Spotted Seatrout","Cynoscion nebulosus",44,6
"201708121049-267","Great Barracuda","Sphyraena barracuda",115,1
"201708121113-255","Gray Snapper","Lutjanus griseus",150,1
"201708121210-243","Great Barracuda","Sphyraena barracuda",85,1
"201708121225-244","Great Barracuda","Sphyraena barracuda",67,1
"201708121525-266","Spotted Seatrout","Cynoscion nebulosus",104,1
"201708121525-266","Great Barracuda","Sphyraena barracuda",110,1
"201708131015-073","Gray Snapper","Lutjanus griseus",210,5
"201708131015-073","Gray Snapper","Lutjanus griseus",250,5
"201708131015-073","Gray Snapper","Lutjanus griseus",250,5
"201708131015-073","Gray Snapper","Lutjanus griseus",190,5
"201708131015-073","Gray Snapper","Lutjanus griseus",180,5
"201708131015-073","Lane Snapper","Lutjanus synagris",98,6
"201708131015-073","Lane Snapper","Lutjanus synagris",90,6
"201708131015-073","Lane Snapper","Lutjanus synagris",85,6
"201708131015-073","Lane Snapper","Lutjanus synagris",92,6
"201708131015-073","Lane Snapper","Lutjanus synagris",86,6
"201708131015-073","Lane Snapper","Lutjanus synagris",68,6
"201708131040-071","Sheepshead","Archosargus probatocephalus",75,1
"201708131040-071","Gray Snapper","Lutjanus griseus",230,7
"201708131040-071","Gray Snapper","Lutjanus griseus",215,7
"201708131040-071","Gray Snapper","Lutjanus griseus",200,7
"201708131040-071","Gray Snapper","Lutjanus griseus",245,7
"201708131040-071","Gray Snapper","Lutjanus griseus",235,7
"201708131040-071","Gray Snapper","Lutjanus griseus",255,7
"201708131040-071","Gray Snapper","Lutjanus griseus",145,7
"201708131040-071","Lane Snapper","Lutjanus synagris",100,8
"201708131040-071","Lane Snapper","Lutjanus synagris",100,8
"201708131040-071","Lane Snapper","Lutjanus synagris",98,8
"201708131040-071","Lane Snapper","Lutjanus synagris",80,8
"201708131040-071","Lane Snapper","Lutjanus synagris",105,8
"201708131040-071","Lane Snapper","Lutjanus synagris",72,8
"201708131040-071","Lane Snapper","Lutjanus synagris",75,8
"201708131040-071","Lane Snapper","Lutjanus synagris",100,8
"201708131056-070","Spotted Seatrout","Cynoscion nebulosus",25,2
"201708131056-070","Spotted Seatrout","Cynoscion nebulosus",30,2
"201708131119-067","Lookdown","Selene vomer",100,1
"201708131138-130","Spotted Seatrout","Cynoscion nebulosus",25,1
"201708131138-130","Hogfish","Lachnolaimus maximus",110,1
"201708131138-130","Gray Snapper","Lutjanus griseus",245,2
"201708131138-130","Gray Snapper","Lutjanus griseus",240,2
"201708131138-130","Lane Snapper","Lutjanus synagris",98,1
"201708131138-130","Yellowtail Snapper","Ocyurus chrysurus",65,1
"201708131219-020","Lane Snapper","Lutjanus synagris",63,3
"201708131219-020","Lane Snapper","Lutjanus synagris",48,3
"201708131219-020","Lane Snapper","Lutjanus synagris",65,3
"201708131219-020","Yellowtail Snapper","Ocyurus chrysurus",60,2
"201708131219-020","Yellowtail Snapper","Ocyurus chrysurus",69,2
"201708131240-022","Lane Snapper","Lutjanus synagris",104,1
"201708131240-022","Great Barracuda","Sphyraena barracuda",20,1
"201708131257-023","Grass Porgy","Calamus arctifrons",60,1
"201708131257-023","Lane Snapper","Lutjanus synagris",69,3
"201708131257-023","Lane Snapper","Lutjanus synagris",85,3
"201708131257-023","Lane Snapper","Lutjanus synagris",95,3
"201708131310-024","Lined Seahorse","Hippocampus erectus",135,1
"201708131310-024","Gray Snapper","Lutjanus griseus",161,1
"201708131310-024","Lane Snapper","Lutjanus synagris",93,2
"201708131310-024","Lane Snapper","Lutjanus synagris",91,2
"201708131335-123","Spotted Seatrout","Cynoscion nebulosus",23,1
"201708131353-137","Grass Porgy","Calamus arctifrons",77,2
"201708131353-137","Grass Porgy","Calamus arctifrons",78,2
"201708131353-137","Great Barracuda","Sphyraena barracuda",75,1
"201708131411-136","Great Barracuda","Sphyraena barracuda",55,1
"201708131452-135","Spotted Seatrout","Cynoscion nebulosus",125,1
"201708131452-135","Gray Snapper","Lutjanus griseus",200,3
"201708131452-135","Gray Snapper","Lutjanus griseus",150,3
"201708131452-135","Gray Snapper","Lutjanus griseus",135,3
"201708131512-147","Gray Snapper","Lutjanus griseus",140,5
"201708131512-147","Gray Snapper","Lutjanus griseus",135,5
"201708131512-147","Gray Snapper","Lutjanus griseus",245,5
"201708131512-147","Gray Snapper","Lutjanus griseus",180,5
"201708131512-147","Gray Snapper","Lutjanus griseus",170,5
"201708131527-146","Spotted Seatrout","Cynoscion nebulosus",38,3
"201708131527-146","Spotted Seatrout","Cynoscion nebulosus",53,3
"201708131527-146","Spotted Seatrout","Cynoscion nebulosus",119,3
"201708131558-169","Spotted Seatrout","Cynoscion nebulosus",86,1
"201708131558-169","Great Barracuda","Sphyraena barracuda",142,1
"201708131613-168","Spotted Seatrout","Cynoscion nebulosus",85,1
"201708131630-167","Gray Snapper","Lutjanus griseus",165,3
"201708131630-167","Gray Snapper","Lutjanus griseus",222,3
"201708131630-167","Gray Snapper","Lutjanus griseus",235,3
"201708131630-167","Great Barracuda","Sphyraena barracuda",60,1
"201708140954-257","Gray Snapper","Lutjanus griseus",68,1
"201708141012-270","Great Barracuda","Sphyraena barracuda",87,1
"201708141110-284","Great Barracuda","Sphyraena barracuda",109,2
"201708141110-284","Great Barracuda","Sphyraena barracuda",102,2
"201708141135-326","Great Barracuda","Sphyraena barracuda",126,2
"201708141135-326","Great Barracuda","Sphyraena barracuda",90,2
"201708141145-404","Great Barracuda","Sphyraena barracuda",82,1
"201708141330-621","Gulf Flounder","Paralichthys albigutta",120,1
"201708141426-325","Great Barracuda","Sphyraena barracuda",80,2
"201708141426-325","Great Barracuda","Sphyraena barracuda",77,2
"201708141510-315","Great Barracuda","Sphyraena barracuda",90,2
"201708141510-315","Great Barracuda","Sphyraena barracuda",60,2
"201708141612-156","Gray Snapper","Lutjanus griseus",315,2
"201708141612-156","Gray Snapper","Lutjanus griseus",305,2
"201708141612-156","Lane Snapper","Lutjanus synagris",92,1
"201708141612-156","Great Barracuda","Sphyraena barracuda",280,1
"201708141655-157","Gray Snapper","Lutjanus griseus",265,10
"201708141655-157","Gray Snapper","Lutjanus griseus",265,10
"201708141655-157","Gray Snapper","Lutjanus griseus",165,10
"201708141655-157","Gray Snapper","Lutjanus griseus",179,10
"201708141655-157","Gray Snapper","Lutjanus griseus",160,10
"201708141655-157","Gray Snapper","Lutjanus griseus",175,10
"201708141655-157","Gray Snapper","Lutjanus griseus",235,10
"201708141655-157","Gray Snapper","Lutjanus griseus",200,10
"201708141655-157","Gray Snapper","Lutjanus griseus",15,10
"201708141655-157","Gray Snapper","Lutjanus griseus",165,10
"201708150852-237","Spotted Seatrout","Cynoscion nebulosus",37,3
"201708150852-237","Spotted Seatrout","Cynoscion nebulosus",42,3
"201708150852-237","Spotted Seatrout","Cynoscion nebulosus",42,3
"201708150916-265","Spotted Seatrout","Cynoscion nebulosus",53,2
"201708150916-265","Spotted Seatrout","Cynoscion nebulosus",105,2
"201708150954-280","Spotted Seatrout","Cynoscion nebulosus",53,1
"201709021213-242","Gray Snapper","Lutjanus griseus",191,1
"201709021236-227","Gray Snapper","Lutjanus griseus",242,1
"201709021236-227","Caribbean Spiny Lobster","Panulirus argus",85,1
"201709021302-229","Gray Snapper","Lutjanus griseus",149,1
"201709021302-229","Great Barracuda","Sphyraena barracuda",80,3
"201709021302-229","Great Barracuda","Sphyraena barracuda",78,3
"201709021302-229","Great Barracuda","Sphyraena barracuda",74,3
"201709021417-257","Great Barracuda","Sphyraena barracuda",108,1
"201709021444-271","Great Barracuda","Sphyraena barracuda",104,1
"201709031015-303","Great Barracuda","Sphyraena barracuda",144,1
"201709031030-314","Atlantic Bay Scallop","Argopecten irradians",58,1
"201709031030-314","Great Barracuda","Sphyraena barracuda",120,1
"201709031044-315","Great Barracuda","Sphyraena barracuda",76,1
"201709031116-404","Great Barracuda","Sphyraena barracuda",246,1
"201709031443-301","Great Barracuda","Sphyraena barracuda",144,1
"201709040850-071","Gray Snapper","Lutjanus griseus",290,5
"201709040850-071","Gray Snapper","Lutjanus griseus",204,5
"201709040850-071","Gray Snapper","Lutjanus griseus",162,5
"201709040850-071","Gray Snapper","Lutjanus griseus",143,5
"201709040850-071","Gray Snapper","Lutjanus griseus",204,5
"201709040850-071","Lane Snapper","Lutjanus synagris",26,7
"201709040850-071","Lane Snapper","Lutjanus synagris",91,7
"201709040850-071","Lane Snapper","Lutjanus synagris",63,7
"201709040850-071","Lane Snapper","Lutjanus synagris",104,7
"201709040850-071","Lane Snapper","Lutjanus synagris",89,7
"201709040850-071","Lane Snapper","Lutjanus synagris",115,7
"201709040850-071","Lane Snapper","Lutjanus synagris",86,7
"201709040911-070","Spotted Seatrout","Cynoscion nebulosus",17,14
"201709040911-070","Spotted Seatrout","Cynoscion nebulosus",18,14
"201709040911-070","Spotted Seatrout","Cynoscion nebulosus",20,14
"201709040911-070","Spotted Seatrout","Cynoscion nebulosus",26,14
"201709040911-070","Spotted Seatrout","Cynoscion nebulosus",27,14
"201709040911-070","Spotted Seatrout","Cynoscion nebulosus",28,14
"201709040911-070","Spotted Seatrout","Cynoscion nebulosus",30,14
"201709040911-070","Spotted Seatrout","Cynoscion nebulosus",31,14
"201709040911-070","Spotted Seatrout","Cynoscion nebulosus",32,14
"201709040911-070","Spotted Seatrout","Cynoscion nebulosus",32,14
"201709040911-070","Spotted Seatrout","Cynoscion nebulosus",39,14
"201709040911-070","Spotted Seatrout","Cynoscion nebulosus",55,14
"201709040911-070","Spotted Seatrout","Cynoscion nebulosus",66,14
"201709040911-070","Spotted Seatrout","Cynoscion nebulosus",72,14
"201709040911-070","Lane Snapper","Lutjanus synagris",70,7
"201709040911-070","Lane Snapper","Lutjanus synagris",40,7
"201709040911-070","Lane Snapper","Lutjanus synagris",44,7
"201709040911-070","Lane Snapper","Lutjanus synagris",44,7
"201709040911-070","Lane Snapper","Lutjanus synagris",32,7
"201709040911-070","Lane Snapper","Lutjanus synagris",35,7
"201709040911-070","Lane Snapper","Lutjanus synagris",31,7
"201709040944-156","Gray Snapper","Lutjanus griseus",171,1
"201709040944-156","Lane Snapper","Lutjanus synagris",83,11
"201709040944-156","Lane Snapper","Lutjanus synagris",81,11
"201709040944-156","Lane Snapper","Lutjanus synagris",109,11
"201709040944-156","Lane Snapper","Lutjanus synagris",21,11
"201709040944-156","Lane Snapper","Lutjanus synagris",103,11
"201709040944-156","Lane Snapper","Lutjanus synagris",26,11
"201709040944-156","Lane Snapper","Lutjanus synagris",115,11
"201709040944-156","Lane Snapper","Lutjanus synagris",53,11
"201709040944-156","Lane Snapper","Lutjanus synagris",54,11
"201709040944-156","Lane Snapper","Lutjanus synagris",51,11
"201709040944-156","Lane Snapper","Lutjanus synagris",29,11
"201709040944-156","Yellowtail Snapper","Ocyurus chrysurus",120,1
"201709041007-117","Spotted Seatrout","Cynoscion nebulosus",39,1
"201709041007-117","Hogfish","Lachnolaimus maximus",119,1
"201709041007-117","Gray Snapper","Lutjanus griseus",223,6
"201709041007-117","Gray Snapper","Lutjanus griseus",174,6
"201709041007-117","Gray Snapper","Lutjanus griseus",240,6
"201709041007-117","Gray Snapper","Lutjanus griseus",230,6
"201709041007-117","Gray Snapper","Lutjanus griseus",170,6
"201709041007-117","Gray Snapper","Lutjanus griseus",280,6
"201709041007-117","Lane Snapper","Lutjanus synagris",76,8
"201709041007-117","Lane Snapper","Lutjanus synagris",119,8
"201709041007-117","Lane Snapper","Lutjanus synagris",110,8
"201709041007-117","Lane Snapper","Lutjanus synagris",108,8
"201709041007-117","Lane Snapper","Lutjanus synagris",109,8
"201709041007-117","Lane Snapper","Lutjanus synagris",113,8
"201709041007-117","Lane Snapper","Lutjanus synagris",30,8
"201709041007-117","Lane Snapper","Lutjanus synagris",120,8
"201709041007-117","Yellowtail Snapper","Ocyurus chrysurus",120,2
"201709041007-117","Yellowtail Snapper","Ocyurus chrysurus",118,2
"201709041007-117","Caribbean Spiny Lobster","Panulirus argus",134,1
"201709041032-054","Gray Snapper","Lutjanus griseus",170,10
"201709041032-054","Gray Snapper","Lutjanus griseus",240,10
"201709041032-054","Gray Snapper","Lutjanus griseus",225,10
"201709041032-054","Gray Snapper","Lutjanus griseus",180,10
"201709041032-054","Gray Snapper","Lutjanus griseus",244,10
"201709041032-054","Gray Snapper","Lutjanus griseus",225,10
"201709041032-054","Gray Snapper","Lutjanus griseus",183,10
"201709041032-054","Gray Snapper","Lutjanus griseus",235,10
"201709041032-054","Gray Snapper","Lutjanus griseus",232,10
"201709041032-054","Gray Snapper","Lutjanus griseus",184,10
"201709041032-054","Lane Snapper","Lutjanus synagris",55,1
"201709041032-054","Great Barracuda","Sphyraena barracuda",109,1
"201709041056-022","Lane Snapper","Lutjanus synagris",51,2
"201709041056-022","Lane Snapper","Lutjanus synagris",24,2
"201709041056-022","Great Barracuda","Sphyraena barracuda",53,1
"201709041120-024","Jolthead Porgy","Calamus bajonado",176,2
"201709041120-024","Jolthead Porgy","Calamus bajonado",101,2
"201709041134-105","Gray Snapper","Lutjanus griseus",51,5
"201709041134-105","Gray Snapper","Lutjanus griseus",195,5
"201709041134-105","Gray Snapper","Lutjanus griseus",146,5
"201709041134-105","Gray Snapper","Lutjanus griseus",182,5
"201709041134-105","Gray Snapper","Lutjanus griseus",234,5
"201709041225-124","Gray Snapper","Lutjanus griseus",173,1
"201709041225-124","Great Barracuda","Sphyraena barracuda",91,2
"201709041225-124","Great Barracuda","Sphyraena barracuda",80,2
"201709041236-123","Grass Porgy","Calamus arctifrons",82,1
"201709041236-123","Gray Snapper","Lutjanus griseus",145,1
"201709041336-134","Spotted Seatrout","Cynoscion nebulosus",32,2
"201709041336-134","Spotted Seatrout","Cynoscion nebulosus",44,2
"201709041336-134","Lane Snapper","Lutjanus synagris",32,1
"201709041352-146","Sheepshead Porgy","Calamus penna",114,1
"201709041352-146","Spotted Seatrout","Cynoscion nebulosus",34,1
"201709041352-146","Gray Snapper","Lutjanus griseus",223,2
"201709041352-146","Gray Snapper","Lutjanus griseus",134,2
"201709041428-168","Spotted Seatrout","Cynoscion nebulosus",104,1
"201709041428-168","Gray Snapper","Lutjanus griseus",204,1
"201709041453-169","Spotted Seatrout","Cynoscion nebulosus",31,1
"201709041453-169","Gray Snapper","Lutjanus griseus",190,1
"201709041511-176","Sheepshead Porgy","Calamus penna",119,1
"201709041522-175","Spotted Seatrout","Cynoscion nebulosus",55,3
"201709041522-175","Spotted Seatrout","Cynoscion nebulosus",120,3
"201709041522-175","Spotted Seatrout","Cynoscion nebulosus",179,3
"201709041522-175","Gray Snapper","Lutjanus griseus",258,8
"201709041522-175","Gray Snapper","Lutjanus griseus",274,8
"201709041522-175","Gray Snapper","Lutjanus griseus",207,8
"201709041522-175","Gray Snapper","Lutjanus griseus",153,8
"201709041522-175","Gray Snapper","Lutjanus griseus",236,8
"201709041522-175","Gray Snapper","Lutjanus griseus",158,8
"201709041522-175","Gray Snapper","Lutjanus griseus",150,8
"201709041522-175","Gray Snapper","Lutjanus griseus",173,8
"201709050910-269","Great Barracuda","Sphyraena barracuda",95,1
"201709050920-256","Sheepshead Porgy","Calamus penna",135,1
"201709050947-267","Spotted Seatrout","Cynoscion nebulosus",78,2
"201709050947-267","Spotted Seatrout","Cynoscion nebulosus",113,2
"201709051126-237","Spotted Seatrout","Cynoscion nebulosus",26,7
"201709051126-237","Spotted Seatrout","Cynoscion nebulosus",31,7
"201709051126-237","Spotted Seatrout","Cynoscion nebulosus",40,7
"201709051126-237","Spotted Seatrout","Cynoscion nebulosus",45,7
"201709051126-237","Spotted Seatrout","Cynoscion nebulosus",46,7
"201709051126-237","Spotted Seatrout","Cynoscion nebulosus",63,7
"201709051126-237","Spotted Seatrout","Cynoscion nebulosus",115,7
"201709051126-237","Gray Snapper","Lutjanus griseus",170,1
"201709051126-237","Lane Snapper","Lutjanus synagris",51,2
"201709051126-237","Lane Snapper","Lutjanus synagris",33,2
"201710061247-401","Great Barracuda","Sphyraena barracuda",73,1
"201710061308-619","Great Barracuda","Sphyraena barracuda",216,1
"201710061317-618","Spotted Seatrout","Cynoscion nebulosus",20,2
"201710061317-618","Spotted Seatrout","Cynoscion nebulosus",22,2
"201710061317-618","Black Drum","Pogonias cromis",388,1
"201710061317-618","Great Barracuda","Sphyraena barracuda",92,1
"201710061333-621","Spotted Seatrout","Cynoscion nebulosus",20,2
"201710061333-621","Spotted Seatrout","Cynoscion nebulosus",24,2
"201710061440-616","Great Barracuda","Sphyraena barracuda",353,1
"201710061447-323","Gray Snapper","Lutjanus griseus",202,1
"201710061447-323","Great Barracuda","Sphyraena barracuda",62,1
"201710061537-325","Great Barracuda","Sphyraena barracuda",50,2
"201710061537-325","Great Barracuda","Sphyraena barracuda",53,2
"201710061547-315","Gray Snapper","Lutjanus griseus",150,1
"201710061628-403","Great Barracuda","Sphyraena barracuda",261,2
"201710061628-403","Great Barracuda","Sphyraena barracuda",273,2
"201710071320-407","Great Barracuda","Sphyraena barracuda",172,4
"201710071320-407","Great Barracuda","Sphyraena barracuda",201,4
"201710071320-407","Great Barracuda","Sphyraena barracuda",42,4
"201710071320-407","Great Barracuda","Sphyraena barracuda",53,4
"201710071342-402","Great Barracuda","Sphyraena barracuda",105,1
"201710071413-313","Great Barracuda","Sphyraena barracuda",64,4
"201710071413-313","Great Barracuda","Sphyraena barracuda",72,4
"201710071413-313","Great Barracuda","Sphyraena barracuda",71,4
"201710071413-313","Great Barracuda","Sphyraena barracuda",52,4
"201710071442-304","Great Barracuda","Sphyraena barracuda",70,1
"201710071500-303","Spotted Seatrout","Cynoscion nebulosus",26,1
"201710071500-303","Gray Snapper","Lutjanus griseus",35,3
"201710071500-303","Gray Snapper","Lutjanus griseus",80,3
"201710071500-303","Gray Snapper","Lutjanus griseus",41,3
"201710071500-303","Great Barracuda","Sphyraena barracuda",239,1
"201710071525-301","Spotted Seatrout","Cynoscion nebulosus",22,1
"201710071525-301","Gray Snapper","Lutjanus griseus",185,1
"201710071547-315","Gray Snapper","Lutjanus griseus",150,1
"201710071555-609","Great Barracuda","Sphyraena barracuda",195,1
"201710071627-292","Gray Snapper","Lutjanus griseus",165,6
"201710071627-292","Gray Snapper","Lutjanus griseus",152,6
"201710071627-292","Gray Snapper","Lutjanus griseus",147,6
"201710071627-292","Gray Snapper","Lutjanus griseus",189,6
"201710071627-292","Gray Snapper","Lutjanus griseus",32,6
"201710071627-292","Gray Snapper","Lutjanus griseus",184,6
"201710081010-070","Spotted Seatrout","Cynoscion nebulosus",30,3
"201710081010-070","Spotted Seatrout","Cynoscion nebulosus",31,3
"201710081010-070","Spotted Seatrout","Cynoscion nebulosus",32,3
"201710081026-156","Spotted Seatrout","Cynoscion nebulosus",40,1
"201710081040-144","Schoolmaster Snapper","Lutjanus apodus",128,1
"201710081040-144","Gray Snapper","Lutjanus griseus",155,1
"201710081040-144","Lane Snapper","Lutjanus synagris",38,7
"201710081040-144","Lane Snapper","Lutjanus synagris",44,7
"201710081040-144","Lane Snapper","Lutjanus synagris",70,7
"201710081040-144","Lane Snapper","Lutjanus synagris",51,7
"201710081040-144","Lane Snapper","Lutjanus synagris",29,7
"201710081040-144","Lane Snapper","Lutjanus synagris",71,7
"201710081040-144","Lane Snapper","Lutjanus synagris",62,7
"201710081057-143","Lane Snapper","Lutjanus synagris",51,3
"201710081057-143","Lane Snapper","Lutjanus synagris",98,3
"201710081057-143","Lane Snapper","Lutjanus synagris",19,3
"201710081126-118","Blue Croaker","Corvula batabana",105,1
"201710081126-118","Hogfish","Lachnolaimus maximus",183,1
"201710081126-118","Gray Snapper","Lutjanus griseus",111,2
"201710081126-118","Gray Snapper","Lutjanus griseus",79,2
"201710081126-118","Barbfish","Scorpaena brasiliensis",51,1
"201710081152-022","Blue Croaker","Corvula batabana",95,1
"201710081152-022","Grass Porgy","Calamus arctifrons",56,1
"201710081152-022","Spotted Seatrout","Cynoscion nebulosus",26,2
"201710081152-022","Spotted Seatrout","Cynoscion nebulosus",27,2
"201710081152-022","Barred Hamlet","Hypoplectrus puella",86,5
"201710081152-022","Barred Hamlet","Hypoplectrus puella",91,5
"201710081152-022","Barred Hamlet","Hypoplectrus puella",101,5
"201710081152-022","Barred Hamlet","Hypoplectrus puella",73,5
"201710081152-022","Barred Hamlet","Hypoplectrus puella",78,5
"201710081152-022","Hogfish","Lachnolaimus maximus",135,1
"201710081152-022","Lane Snapper","Lutjanus synagris",94,2
"201710081152-022","Lane Snapper","Lutjanus synagris",44,2
"201710081245-123","Grass Porgy","Calamus arctifrons",271,1
"201710081245-123","Gray Snapper","Lutjanus griseus",32,1
"201710081245-123","Lane Snapper","Lutjanus synagris",62,9
"201710081245-123","Lane Snapper","Lutjanus synagris",61,9
"201710081245-123","Lane Snapper","Lutjanus synagris",53,9
"201710081245-123","Lane Snapper","Lutjanus synagris",64,9
"201710081245-123","Lane Snapper","Lutjanus synagris",43,9
"201710081245-123","Lane Snapper","Lutjanus synagris",50,9
"201710081245-123","Lane Snapper","Lutjanus synagris",58,9
"201710081245-123","Lane Snapper","Lutjanus synagris",48,9
"201710081245-123","Lane Snapper","Lutjanus synagris",54,9
"201710081245-123","Great Barracuda","Sphyraena barracuda",91,2
"201710081245-123","Great Barracuda","Sphyraena barracuda",48,2
"201710081335-147","Lane Snapper","Lutjanus synagris",47,7
"201710081335-147","Lane Snapper","Lutjanus synagris",62,7
"201710081335-147","Lane Snapper","Lutjanus synagris",58,7
"201710081335-147","Lane Snapper","Lutjanus synagris",46,7
"201710081335-147","Lane Snapper","Lutjanus synagris",50,7
"201710081335-147","Lane Snapper","Lutjanus synagris",71,7
"201710081335-147","Lane Snapper","Lutjanus synagris",42,7
"201710081335-147","Great Barracuda","Sphyraena barracuda",90,1
"201710081351-146","Spotted Seatrout","Cynoscion nebulosus",21,1
"201710081351-146","Gray Snapper","Lutjanus griseus",53,1
"201710081351-146","Lane Snapper","Lutjanus synagris",46,6
"201710081351-146","Lane Snapper","Lutjanus synagris",64,6
"201710081351-146","Lane Snapper","Lutjanus synagris",38,6
"201710081351-146","Lane Snapper","Lutjanus synagris",52,6
"201710081351-146","Lane Snapper","Lutjanus synagris",44,6
"201710081351-146","Lane Snapper","Lutjanus synagris",55,6
"201710081351-146","Barbfish","Scorpaena brasiliensis",32,1
"201710081411-159","Grass Porgy","Calamus arctifrons",71,1
"201710081411-159","Spotted Seatrout","Cynoscion nebulosus",25,1
"201710081411-159","Lane Snapper","Lutjanus synagris",58,8
"201710081411-159","Lane Snapper","Lutjanus synagris",68,8
"201710081411-159","Lane Snapper","Lutjanus synagris",54,8
"201710081411-159","Lane Snapper","Lutjanus synagris",55,8
"201710081411-159","Lane Snapper","Lutjanus synagris",61,8
"201710081411-159","Lane Snapper","Lutjanus synagris",42,8
"201710081411-159","Lane Snapper","Lutjanus synagris",42,8
"201710081411-159","Lane Snapper","Lutjanus synagris",53,8
"201710081411-159","Great Barracuda","Sphyraena barracuda",45,2
"201710081411-159","Great Barracuda","Sphyraena barracuda",50,2
"201710081433-157","Gray Snapper","Lutjanus griseus",165,2
"201710081433-157","Gray Snapper","Lutjanus griseus",315,2
"201710081433-157","Lane Snapper","Lutjanus synagris",46,1
"201710081447-168","Spotted Seatrout","Cynoscion nebulosus",23,4
"201710081447-168","Spotted Seatrout","Cynoscion nebulosus",28,4
"201710081447-168","Spotted Seatrout","Cynoscion nebulosus",45,4
"201710081447-168","Spotted Seatrout","Cynoscion nebulosus",46,4
"201710081447-168","Lane Snapper","Lutjanus synagris",34,1
"201710081530-173","Blue Croaker","Corvula batabana",68,1
"201710081530-173","Spotted Seatrout","Cynoscion nebulosus",32,2
"201710081530-173","Spotted Seatrout","Cynoscion nebulosus",34,2
"201710081530-173","Gray Snapper","Lutjanus griseus",192,5
"201710081530-173","Gray Snapper","Lutjanus griseus",162,5
"201710081530-173","Gray Snapper","Lutjanus griseus",131,5
"201710081530-173","Gray Snapper","Lutjanus griseus",32,5
"201710081530-173","Gray Snapper","Lutjanus griseus",56,5
"201710081530-173","Lane Snapper","Lutjanus synagris",52,6
"201710081530-173","Lane Snapper","Lutjanus synagris",52,6
"201710081530-173","Lane Snapper","Lutjanus synagris",36,6
"201710081530-173","Lane Snapper","Lutjanus synagris",56,6
"201710081530-173","Lane Snapper","Lutjanus synagris",40,6
"201710081530-173","Lane Snapper","Lutjanus synagris",46,6
"201710081530-173","Great Barracuda","Sphyraena barracuda",161,2
"201710081530-173","Great Barracuda","Sphyraena barracuda",74,2
"201710090933-280","Spotted Seatrout","Cynoscion nebulosus",28,1
"201710090933-280","Gray Snapper","Lutjanus griseus",132,1
"201710090933-280","Great Barracuda","Sphyraena barracuda",53,1
"201710090954-279","Spotted Seatrout","Cynoscion nebulosus",30,1
"201710090954-279","Great Barracuda","Sphyraena barracuda",40,1
"201710091008-278","Great Barracuda","Sphyraena barracuda",84,1
"201710091022-265","Spotted Seatrout","Cynoscion nebulosus",25,1
"201710091022-265","Great Barracuda","Sphyraena barracuda",75,2
"201710091022-265","Great Barracuda","Sphyraena barracuda",45,2
"201710091045-266","Lane Snapper","Lutjanus synagris",42,1
"201710091051-267","Lane Snapper","Lutjanus synagris",43,1
"201710091100-254","Great Barracuda","Sphyraena barracuda",79,1
"201710091115-253","Spotted Seatrout","Cynoscion nebulosus",24,1
"201710091115-253","Gray Snapper","Lutjanus griseus",280,2
"201710091115-253","Gray Snapper","Lutjanus griseus",36,2
"201710091115-253","Lane Snapper","Lutjanus synagris",45,4
"201710091115-253","Lane Snapper","Lutjanus synagris",52,4
"201710091115-253","Lane Snapper","Lutjanus synagris",54,4
"201710091115-253","Lane Snapper","Lutjanus synagris",48,4
"201710091130-239","Gray Snapper","Lutjanus griseus",145,1
"201710091130-239","Lane Snapper","Lutjanus synagris",43,5
"201710091130-239","Lane Snapper","Lutjanus synagris",58,5
"201710091130-239","Lane Snapper","Lutjanus synagris",59,5
"201710091130-239","Lane Snapper","Lutjanus synagris",63,5
"201710091130-239","Lane Snapper","Lutjanus synagris",43,5
"201710091130-239","Great Barracuda","Sphyraena barracuda",210,1
"201710091140-240","Spotted Seatrout","Cynoscion nebulosus",27,2
"201710091140-240","Spotted Seatrout","Cynoscion nebulosus",32,2
"201710091140-240","Lane Snapper","Lutjanus synagris",47,1
"201710091150-225","Grass Porgy","Calamus arctifrons",84,1
"201710091150-225","Spotted Seatrout","Cynoscion nebulosus",29,1
"201710091150-225","Lane Snapper","Lutjanus synagris",52,1
"201710091216-224","Spotted Seatrout","Cynoscion nebulosus",33,1
"201710091216-224","Gray Snapper","Lutjanus griseus",186,1
"201710091216-224","Great Barracuda","Sphyraena barracuda",90,1
"201710091234-241","Gray Snapper","Lutjanus griseus",190,4
"201710091234-241","Gray Snapper","Lutjanus griseus",75,4
"201710091234-241","Gray Snapper","Lutjanus griseus",150,4
"201710091234-241","Gray Snapper","Lutjanus griseus",148,4
"201710091234-241","Lane Snapper","Lutjanus synagris",51,2
"201710091234-241","Lane Snapper","Lutjanus synagris",43,2
"201710091252-255","Great Barracuda","Sphyraena barracuda",80,1
"201710091305-226","Spotted Seatrout","Cynoscion nebulosus",27,2
"201710091305-226","Spotted Seatrout","Cynoscion nebulosus",155,2
"201710091315-242","Gray Snapper","Lutjanus griseus",140,2
"201710091315-242","Gray Snapper","Lutjanus griseus",135,2
"201710091324-227","Gray Triggerfish","Balistes capriscus",120,1
"201710091324-227","Spotted Seatrout","Cynoscion nebulosus",26,2
"201710091324-227","Spotted Seatrout","Cynoscion nebulosus",27,2
"201710091324-227","Gray Snapper","Lutjanus griseus",202,1
"201710091340-228","Spotted Seatrout","Cynoscion nebulosus",120,1
"201710091340-228","Gray Snapper","Lutjanus griseus",165,2
"201710091340-228","Gray Snapper","Lutjanus griseus",183,2
"201710091355-229","Great Barracuda","Sphyraena barracuda",290,3
"201710091355-229","Great Barracuda","Sphyraena barracuda",277,3
"201710091355-229","Great Barracuda","Sphyraena barracuda",65,3
"201710091410-243","Caribbean Spiny Lobster","Panulirus argus",72,1
"201710091410-243","Great Barracuda","Sphyraena barracuda",55,1
"201710170956-071","Spotted Seatrout","Cynoscion nebulosus",15,7
"201710170956-071","Spotted Seatrout","Cynoscion nebulosus",31,7
"201710170956-071","Spotted Seatrout","Cynoscion nebulosus",32,7
"201710170956-071","Spotted Seatrout","Cynoscion nebulosus",38,7
"201710170956-071","Spotted Seatrout","Cynoscion nebulosus",39,7
"201710170956-071","Spotted Seatrout","Cynoscion nebulosus",42,7
"201710170956-071","Spotted Seatrout","Cynoscion nebulosus",44,7
"201710170956-071","Barred Hamlet","Hypoplectrus puella",78,6
"201710170956-071","Barred Hamlet","Hypoplectrus puella",54,6
"201710170956-071","Barred Hamlet","Hypoplectrus puella",58,6
"201710170956-071","Barred Hamlet","Hypoplectrus puella",62,6
"201710170956-071","Barred Hamlet","Hypoplectrus puella",46,6
"201710170956-071","Barred Hamlet","Hypoplectrus puella",56,6
"201710170956-071","Gray Snapper","Lutjanus griseus",54,1
"201710170956-071","Lane Snapper","Lutjanus synagris",50,62
"201710170956-071","Lane Snapper","Lutjanus synagris",52,62
"201710170956-071","Lane Snapper","Lutjanus synagris",62,62
"201710170956-071","Lane Snapper","Lutjanus synagris",54,62
"201710170956-071","Lane Snapper","Lutjanus synagris",68,62
"201710170956-071","Lane Snapper","Lutjanus synagris",75,62
"201710170956-071","Lane Snapper","Lutjanus synagris",86,62
"201710170956-071","Lane Snapper","Lutjanus synagris",54,62
"201710170956-071","Lane Snapper","Lutjanus synagris",58,62
"201710170956-071","Lane Snapper","Lutjanus synagris",46,62
"201710170956-071","Lane Snapper","Lutjanus synagris",57,62
"201710170956-071","Lane Snapper","Lutjanus synagris",55,62
"201710170956-071","Lane Snapper","Lutjanus synagris",58,62
"201710170956-071","Lane Snapper","Lutjanus synagris",47,62
"201710170956-071","Lane Snapper","Lutjanus synagris",78,62
"201710170956-071","Lane Snapper","Lutjanus synagris",25,62
"201710170956-071","Lane Snapper","Lutjanus synagris",24,62
"201710170956-071","Lane Snapper","Lutjanus synagris",26,62
"201710170956-071","Lane Snapper","Lutjanus synagris",25,62
"201710170956-071","Lane Snapper","Lutjanus synagris",31,62
"201710170956-071","Lane Snapper","Lutjanus synagris",42,62
"201710170956-071","Lane Snapper","Lutjanus synagris",71,62
"201710170956-071","Lane Snapper","Lutjanus synagris",60,62
"201710170956-071","Lane Snapper","Lutjanus synagris",62,62
"201710170956-071","Lane Snapper","Lutjanus synagris",84,62
"201710170956-071","Lane Snapper","Lutjanus synagris",96,62
"201710170956-071","Lane Snapper","Lutjanus synagris",57,62
"201710170956-071","Lane Snapper","Lutjanus synagris",54,62
"201710170956-071","Lane Snapper","Lutjanus synagris",90,62
"201710170956-071","Lane Snapper","Lutjanus synagris",71,62
"201710170956-071","Lane Snapper","Lutjanus synagris",68,62
"201710170956-071","Lane Snapper","Lutjanus synagris",67,62
"201710170956-071","Lane Snapper","Lutjanus synagris",80,62
"201710170956-071","Lane Snapper","Lutjanus synagris",52,62
"201710170956-071","Lane Snapper","Lutjanus synagris",51,62
"201710170956-071","Lane Snapper","Lutjanus synagris",31,62
"201710170956-071","Lane Snapper","Lutjanus synagris",32,62
"201710170956-071","Lane Snapper","Lutjanus synagris",28,62
"201710170956-071","Lane Snapper","Lutjanus synagris",55,62
"201710170956-071","Lane Snapper","Lutjanus synagris",64,62
"201710170956-071","Lane Snapper","Lutjanus synagris",68,62
"201710170956-071","Lane Snapper","Lutjanus synagris",74,62
"201710170956-071","Lane Snapper","Lutjanus synagris",31,62
"201710170956-071","Lane Snapper","Lutjanus synagris",36,62
"201710170956-071","Lane Snapper","Lutjanus synagris",53,62
"201710170956-071","Lane Snapper","Lutjanus synagris",54,62
"201710170956-071","Lane Snapper","Lutjanus synagris",66,62
"201710170956-071","Lane Snapper","Lutjanus synagris",64,62
"201710170956-071","Lane Snapper","Lutjanus synagris",48,62
"201710170956-071","Lane Snapper","Lutjanus synagris",54,62
"201710170956-071","Lane Snapper","Lutjanus synagris",51,62
"201710170956-071","Lane Snapper","Lutjanus synagris",38,62
"201710170956-071","Lane Snapper","Lutjanus synagris",36,62
"201710170956-071","Lane Snapper","Lutjanus synagris",27,62
"201710170956-071","Lane Snapper","Lutjanus synagris",60,62
"201710170956-071","Lane Snapper","Lutjanus synagris",24,62
"201710170956-071","Lane Snapper","Lutjanus synagris",54,62
"201710170956-071","Lane Snapper","Lutjanus synagris",68,62
"201710170956-071","Lane Snapper","Lutjanus synagris",67,62
"201710170956-071","Lane Snapper","Lutjanus synagris",58,62
"201710170956-071","Lane Snapper","Lutjanus synagris",80,62
"201710170956-071","Lane Snapper","Lutjanus synagris",28,62
"201710171100-237","Lane Snapper","Lutjanus synagris",30,1
"201710171117-175","Lane Snapper","Lutjanus synagris",110,1
"201710171126-176","Blue Croaker","Corvula batabana",60,1
"201710171126-176","Spotted Seatrout","Cynoscion nebulosus",27,7
"201710171126-176","Spotted Seatrout","Cynoscion nebulosus",28,7
"201710171126-176","Spotted Seatrout","Cynoscion nebulosus",29,7
"201710171126-176","Spotted Seatrout","Cynoscion nebulosus",38,7
"201710171126-176","Spotted Seatrout","Cynoscion nebulosus",38,7
"201710171126-176","Spotted Seatrout","Cynoscion nebulosus",40,7
"201710171126-176","Spotted Seatrout","Cynoscion nebulosus",40,7
"201710171126-176","Barred Hamlet","Hypoplectrus puella",68,1
"201710171126-176","Gray Snapper","Lutjanus griseus",190,2
"201710171126-176","Gray Snapper","Lutjanus griseus",217,2
"201710171126-176","Lane Snapper","Lutjanus synagris",64,3
"201710171126-176","Lane Snapper","Lutjanus synagris",57,3
"201710171126-176","Lane Snapper","Lutjanus synagris",26,3
"201710171220-258","Atlantic Bay Scallop","Argopecten irradians",40,1
"201710171231-257","Gray Snapper","Lutjanus griseus",160,2
"201710171231-257","Gray Snapper","Lutjanus griseus",65,2
"201710171231-257","Great Barracuda","Sphyraena barracuda",90,1
"201710171241-256","Gray Snapper","Lutjanus griseus",160,1
"201710171253-269","Spotted Seatrout","Cynoscion nebulosus",40,1
"201710171253-269","Gray Snapper","Lutjanus griseus",160,1
"201710171308-270","Great Barracuda","Sphyraena barracuda",160,1
"201710171320-271","Great Barracuda","Sphyraena barracuda",190,1
"201710171340-284","Mutton Snapper","Lutjanus analis",163,1
"201710171340-284","Great Barracuda","Sphyraena barracuda",105,1
"201710171403-294","Spotted Seatrout","Cynoscion nebulosus",44,1
"201710171403-294","Great Barracuda","Sphyraena barracuda",65,2
"201710171403-294","Great Barracuda","Sphyraena barracuda",65,2
"201710171415-283","Spotted Seatrout","Cynoscion nebulosus",38,1
"201710171415-283","Gray Snapper","Lutjanus griseus",150,1
"201710171415-283","Great Barracuda","Sphyraena barracuda",76,2
"201710171415-283","Great Barracuda","Sphyraena barracuda",65,2
"201710171428-282","Gray Snapper","Lutjanus griseus",146,2
"201710171428-282","Gray Snapper","Lutjanus griseus",149,2
"201710171428-282","Great Barracuda","Sphyraena barracuda",168,1
"201711101115-619","Gray Snapper","Lutjanus griseus",170,2
"201711101115-619","Gray Snapper","Lutjanus griseus",160,2
"201711101115-619","Great Barracuda","Sphyraena barracuda",130,1
"201711101130-618","Gray Snapper","Lutjanus griseus",185,2
"201711101130-618","Gray Snapper","Lutjanus griseus",151,2
"201711101151-621","Gray Snapper","Lutjanus griseus",96,1
"201711101151-621","Great Barracuda","Sphyraena barracuda",190,2
"201711101151-621","Great Barracuda","Sphyraena barracuda",91,2
"201711101352-622","Spotted Seatrout","Cynoscion nebulosus",61,3
"201711101352-622","Spotted Seatrout","Cynoscion nebulosus",74,3
"201711101352-622","Spotted Seatrout","Cynoscion nebulosus",110,3
"201711101352-622","Great Barracuda","Sphyraena barracuda",73,1
"201711101414-616","Great Barracuda","Sphyraena barracuda",76,2
"201711101414-616","Great Barracuda","Sphyraena barracuda",112,2
"201711101447-408","Great Barracuda","Sphyraena barracuda",176,1
"201711101455-403","Great Barracuda","Sphyraena barracuda",73,1
"201711101506-402","Great Barracuda","Sphyraena barracuda",76,1
"201711101517-326","Lane Snapper","Lutjanus synagris",85,1
"201711101517-326","Great Barracuda","Sphyraena barracuda",80,1
"201711101543-325","Great Barracuda","Sphyraena barracuda",85,1
"201711111020-323","Spotted Seatrout","Cynoscion nebulosus",58,3
"201711111020-323","Spotted Seatrout","Cynoscion nebulosus",67,3
"201711111020-323","Spotted Seatrout","Cynoscion nebulosus",140,3
"201711111056-315","Great Barracuda","Sphyraena barracuda",106,1
"201711111110-304","Spotted Seatrout","Cynoscion nebulosus",64,1
"201711111110-304","Great Barracuda","Sphyraena barracuda",210,3
"201711111110-304","Great Barracuda","Sphyraena barracuda",110,3
"201711111110-304","Great Barracuda","Sphyraena barracuda",98,3
"201711111138-292","Gray Snapper","Lutjanus griseus",89,1
"201711111237-609","Gray Snapper","Lutjanus griseus",144,1
"201711111248-290","Gray Snapper","Lutjanus griseus",154,1
"201711111248-290","Lane Snapper","Lutjanus synagris",46,1
"201711111248-290","Great Barracuda","Sphyraena barracuda",172,1
"201711111308-281","Spotted Seatrout","Cynoscion nebulosus",66,1
"201711111319-268","Gray Snapper","Lutjanus griseus",276,1
"201711111319-268","Great Barracuda","Sphyraena barracuda",110,1
"201711111339-282","Gray Snapper","Lutjanus griseus",154,1
"201711111352-283","Spotted Seatrout","Cynoscion nebulosus",54,1
"201711111352-283","Gray Snapper","Lutjanus griseus",150,2
"201711111352-283","Gray Snapper","Lutjanus griseus",160,2
"201711111352-283","Lane Snapper","Lutjanus synagris",184,2
"201711111352-283","Lane Snapper","Lutjanus synagris",168,2
"201711111352-283","Great Barracuda","Sphyraena barracuda",80,2
"201711111352-283","Great Barracuda","Sphyraena barracuda",82,2
"201711111409-294","Gray Snapper","Lutjanus griseus",215,1
"201711111409-294","Great Barracuda","Sphyraena barracuda",354,2
"201711111409-294","Great Barracuda","Sphyraena barracuda",98,2
"201711111419-284","Great Barracuda","Sphyraena barracuda",112,1
"201711111429-271","Spotted Seatrout","Cynoscion nebulosus",25,2
"201711111429-271","Spotted Seatrout","Cynoscion nebulosus",78,2
"201711111444-270","Gray Snapper","Lutjanus griseus",55,1
"201711111444-270","Yellowtail Snapper","Ocyurus chrysurus",110,1
"201711111500-269","Lane Snapper","Lutjanus synagris",80,1
"201711111500-269","Great Barracuda","Sphyraena barracuda",85,1
"201711111510-256","Gray Snapper","Lutjanus griseus",143,2
"201711111510-256","Gray Snapper","Lutjanus griseus",153,2
"201711111510-256","Great Barracuda","Sphyraena barracuda",106,1
"201711111525-257","Gray Snapper","Lutjanus griseus",165,1
"201711111525-257","Great Barracuda","Sphyraena barracuda",105,3
"201711111525-257","Great Barracuda","Sphyraena barracuda",125,3
"201711111525-257","Great Barracuda","Sphyraena barracuda",105,3
"201711111542-258","Lane Snapper","Lutjanus synagris",75,3
"201711111542-258","Lane Snapper","Lutjanus synagris",65,3
"201711111542-258","Lane Snapper","Lutjanus synagris",62,3
"201711111542-258","Yellowtail Snapper","Ocyurus chrysurus",122,2
"201711111542-258","Yellowtail Snapper","Ocyurus chrysurus",119,2
"201711111611-244","Great Barracuda","Sphyraena barracuda",67,3
"201711111611-244","Great Barracuda","Sphyraena barracuda",92,3
"201711111611-244","Great Barracuda","Sphyraena barracuda",64,3
"201711111640-243","Great Barracuda","Sphyraena barracuda",69,1
"201711111650-242","Great Barracuda","Sphyraena barracuda",90,1
"201711120911-070","Lane Snapper","Lutjanus synagris",85,1
"201711120911-070","Batfish","Ogcocephalus spp",160,1
"201711120941-067","Spotted Seatrout","Cynoscion nebulosus",74,8
"201711120941-067","Spotted Seatrout","Cynoscion nebulosus",76,8
"201711120941-067","Spotted Seatrout","Cynoscion nebulosus",78,8
"201711120941-067","Spotted Seatrout","Cynoscion nebulosus",50,8
"201711120941-067","Spotted Seatrout","Cynoscion nebulosus",84,8
"201711120941-067","Spotted Seatrout","Cynoscion nebulosus",50,8
"201711120941-067","Spotted Seatrout","Cynoscion nebulosus",92,8
"201711120941-067","Spotted Seatrout","Cynoscion nebulosus",74,8
"201711120941-067","Lane Snapper","Lutjanus synagris",41,1
"201711120941-067","Southern Kingfish","Menticirrhus americanus",114,3
"201711120941-067","Southern Kingfish","Menticirrhus americanus",108,3
"201711120941-067","Southern Kingfish","Menticirrhus americanus",42,3
"201711120941-067","Permit","Trachinotus falcatus",40,2
"201711120941-067","Permit","Trachinotus falcatus",54,2
"201711121015-130","Hogchoker","Trinectes maculatus",68,1
"201711121028-117","Atlantic Spadefish","Chaetodipterus faber",156,1
"201711121028-117","Lane Snapper","Lutjanus synagris",91,7
"201711121028-117","Lane Snapper","Lutjanus synagris",70,7
"201711121028-117","Lane Snapper","Lutjanus synagris",80,7
"201711121028-117","Lane Snapper","Lutjanus synagris",70,7
"201711121028-117","Lane Snapper","Lutjanus synagris",81,7
"201711121028-117","Lane Snapper","Lutjanus synagris",122,7
"201711121028-117","Lane Snapper","Lutjanus synagris",82,7
"201711121046-054","Atlantic Spadefish","Chaetodipterus faber",40,1
"201711121116-022","Atlantic Spadefish","Chaetodipterus faber",101,1
"201711121116-022","Lane Snapper","Lutjanus synagris",112,4
"201711121116-022","Lane Snapper","Lutjanus synagris",55,4
"201711121116-022","Lane Snapper","Lutjanus synagris",90,4
"201711121116-022","Lane Snapper","Lutjanus synagris",67,4
"201711121130-024","Spotted Seatrout","Cynoscion nebulosus",92,1
"201711121130-024","Barred Hamlet","Hypoplectrus puella",68,3
"201711121130-024","Barred Hamlet","Hypoplectrus puella",92,3
"201711121130-024","Barred Hamlet","Hypoplectrus puella",97,3
"201711121130-024","Gray Snapper","Lutjanus griseus",60,1
"201711121130-024","Lane Snapper","Lutjanus synagris",91,27
"201711121130-024","Lane Snapper","Lutjanus synagris",75,27
"201711121130-024","Lane Snapper","Lutjanus synagris",72,27
"201711121130-024","Lane Snapper","Lutjanus synagris",74,27
"201711121130-024","Lane Snapper","Lutjanus synagris",71,27
"201711121130-024","Lane Snapper","Lutjanus synagris",77,27
"201711121130-024","Lane Snapper","Lutjanus synagris",82,27
"201711121130-024","Lane Snapper","Lutjanus synagris",66,27
"201711121130-024","Lane Snapper","Lutjanus synagris",43,27
"201711121130-024","Lane Snapper","Lutjanus synagris",62,27
"201711121130-024","Lane Snapper","Lutjanus synagris",75,27
"201711121130-024","Lane Snapper","Lutjanus synagris",69,27
"201711121130-024","Lane Snapper","Lutjanus synagris",45,27
"201711121130-024","Lane Snapper","Lutjanus synagris",55,27
"201711121130-024","Lane Snapper","Lutjanus synagris",94,27
"201711121130-024","Lane Snapper","Lutjanus synagris",165,27
"201711121130-024","Lane Snapper","Lutjanus synagris",60,27
"201711121130-024","Lane Snapper","Lutjanus synagris",78,27
"201711121130-024","Lane Snapper","Lutjanus synagris",41,27
"201711121130-024","Lane Snapper","Lutjanus synagris",104,27
"201711121130-024","Lane Snapper","Lutjanus synagris",91,27
"201711121130-024","Lane Snapper","Lutjanus synagris",65,27
"201711121130-024","Lane Snapper","Lutjanus synagris",95,27
"201711121130-024","Lane Snapper","Lutjanus synagris",40,27
"201711121130-024","Lane Snapper","Lutjanus synagris",40,27
"201711121130-024","Lane Snapper","Lutjanus synagris",40,27
"201711121130-024","Lane Snapper","Lutjanus synagris",39,27
"201711121130-024","Great Barracuda","Sphyraena barracuda",230,1
"201711121154-040","Lane Snapper","Lutjanus synagris",120,4
"201711121154-040","Lane Snapper","Lutjanus synagris",118,4
"201711121154-040","Lane Snapper","Lutjanus synagris",88,4
"201711121154-040","Lane Snapper","Lutjanus synagris",145,4
"201711121154-040","Barbfish","Scorpaena brasiliensis",90,2
"201711121154-040","Barbfish","Scorpaena brasiliensis",55,2
"201711121216-123","Gray Snapper","Lutjanus griseus",145,3
"201711121216-123","Gray Snapper","Lutjanus griseus",160,3
"201711121216-123","Gray Snapper","Lutjanus griseus",143,3
"201711121216-123","Lane Snapper","Lutjanus synagris",77,14
"201711121216-123","Lane Snapper","Lutjanus synagris",64,14
"201711121216-123","Lane Snapper","Lutjanus synagris",70,14
"201711121216-123","Lane Snapper","Lutjanus synagris",72,14
"201711121216-123","Lane Snapper","Lutjanus synagris",62,14
"201711121216-123","Lane Snapper","Lutjanus synagris",75,14
"201711121216-123","Lane Snapper","Lutjanus synagris",73,14
"201711121216-123","Lane Snapper","Lutjanus synagris",66,14
"201711121216-123","Lane Snapper","Lutjanus synagris",55,14
"201711121216-123","Lane Snapper","Lutjanus synagris",72,14
"201711121216-123","Lane Snapper","Lutjanus synagris",64,14
"201711121216-123","Lane Snapper","Lutjanus synagris",45,14
"201711121216-123","Lane Snapper","Lutjanus synagris",75,14
"201711121216-123","Lane Snapper","Lutjanus synagris",33,14
"201711121238-135","Grass Porgy","Calamus arctifrons",110,1
"201711121238-135","Gray Snapper","Lutjanus griseus",188,7
"201711121238-135","Gray Snapper","Lutjanus griseus",186,7
"201711121238-135","Gray Snapper","Lutjanus griseus",178,7
"201711121238-135","Gray Snapper","Lutjanus griseus",160,7
"201711121238-135","Gray Snapper","Lutjanus griseus",176,7
"201711121238-135","Gray Snapper","Lutjanus griseus",174,7
"201711121238-135","Gray Snapper","Lutjanus griseus",167,7
"201711121238-135","Lane Snapper","Lutjanus synagris",74,7
"201711121238-135","Lane Snapper","Lutjanus synagris",56,7
"201711121238-135","Lane Snapper","Lutjanus synagris",71,7
"201711121238-135","Lane Snapper","Lutjanus synagris",66,7
"201711121238-135","Lane Snapper","Lutjanus synagris",61,7
"201711121238-135","Lane Snapper","Lutjanus synagris",63,7
"201711121238-135","Lane Snapper","Lutjanus synagris",72,7
"201711121259-147","Lane Snapper","Lutjanus synagris",42,2
"201711121259-147","Lane Snapper","Lutjanus synagris",45,2
"201711121313-146","Gray Snapper","Lutjanus griseus",192,1
"201711121327-145","Grass Porgy","Calamus arctifrons",130,1
"201711121327-145","Crevalle Jack","Caranx hippos",110,2
"201711121327-145","Crevalle Jack","Caranx hippos",122,2
"201711121327-145","Spotted Seatrout","Cynoscion nebulosus",68,1
"201711121327-145","Gray Snapper","Lutjanus griseus",150,2
"201711121327-145","Gray Snapper","Lutjanus griseus",57,2
"201711121327-145","Lane Snapper","Lutjanus synagris",105,19
"201711121327-145","Lane Snapper","Lutjanus synagris",68,19
"201711121327-145","Lane Snapper","Lutjanus synagris",71,19
"201711121327-145","Lane Snapper","Lutjanus synagris",69,19
"201711121327-145","Lane Snapper","Lutjanus synagris",70,19
"201711121327-145","Lane Snapper","Lutjanus synagris",68,19
"201711121327-145","Lane Snapper","Lutjanus synagris",71,19
"201711121327-145","Lane Snapper","Lutjanus synagris",57,19
"201711121327-145","Lane Snapper","Lutjanus synagris",88,19
"201711121327-145","Lane Snapper","Lutjanus synagris",77,19
"201711121327-145","Lane Snapper","Lutjanus synagris",52,19
"201711121327-145","Lane Snapper","Lutjanus synagris",41,19
"201711121327-145","Lane Snapper","Lutjanus synagris",86,19
"201711121327-145","Lane Snapper","Lutjanus synagris",84,19
"201711121327-145","Lane Snapper","Lutjanus synagris",42,19
"201711121327-145","Lane Snapper","Lutjanus synagris",41,19
"201711121327-145","Lane Snapper","Lutjanus synagris",52,19
"201711121327-145","Lane Snapper","Lutjanus synagris",57,19
"201711121327-145","Lane Snapper","Lutjanus synagris",55,19
"201711121327-145","Great Barracuda","Sphyraena barracuda",307,1
"201711121445-157","Gray Snapper","Lutjanus griseus",138,1
"201711121445-157","Lane Snapper","Lutjanus synagris",42,2
"201711121445-157","Lane Snapper","Lutjanus synagris",76,2
"201711121458-168","Atlantic Spadefish","Chaetodipterus faber",256,1
"201711121458-168","Barred Hamlet","Hypoplectrus puella",64,1
"201711121458-168","Gray Snapper","Lutjanus griseus",208,1
"201711121458-168","Lane Snapper","Lutjanus synagris",64,20
"201711121458-168","Lane Snapper","Lutjanus synagris",86,20
"201711121458-168","Lane Snapper","Lutjanus synagris",45,20
"201711121458-168","Lane Snapper","Lutjanus synagris",98,20
"201711121458-168","Lane Snapper","Lutjanus synagris",103,20
"201711121458-168","Lane Snapper","Lutjanus synagris",84,20
"201711121458-168","Lane Snapper","Lutjanus synagris",26,20
"201711121458-168","Lane Snapper","Lutjanus synagris",36,20
"201711121458-168","Lane Snapper","Lutjanus synagris",43,20
"201711121458-168","Lane Snapper","Lutjanus synagris",50,20
"201711121458-168","Lane Snapper","Lutjanus synagris",58,20
"201711121458-168","Lane Snapper","Lutjanus synagris",93,20
"201711121458-168","Lane Snapper","Lutjanus synagris",41,20
"201711121458-168","Lane Snapper","Lutjanus synagris",39,20
"201711121458-168","Lane Snapper","Lutjanus synagris",38,20
"201711121458-168","Lane Snapper","Lutjanus synagris",36,20
"201711121458-168","Lane Snapper","Lutjanus synagris",44,20
"201711121458-168","Lane Snapper","Lutjanus synagris",50,20
"201711121458-168","Lane Snapper","Lutjanus synagris",43,20
"201711121458-168","Lane Snapper","Lutjanus synagris",42,20
"201711121624-255","Gray Snapper","Lutjanus griseus",160,1
"201711121631-254","Gray Snapper","Lutjanus griseus",170,1
"201711121642-240","Spotted Seatrout","Cynoscion nebulosus",63,1
"201711121642-240","Lane Snapper","Lutjanus synagris",85,1
"201711121656-239","Spotted Seatrout","Cynoscion nebulosus",58,1
"201711121656-239","Gray Snapper","Lutjanus griseus",170,2
"201711121656-239","Gray Snapper","Lutjanus griseus",78,2
"201711121656-239","Lane Snapper","Lutjanus synagris",78,9
"201711121656-239","Lane Snapper","Lutjanus synagris",90,9
"201711121656-239","Lane Snapper","Lutjanus synagris",43,9
"201711121656-239","Lane Snapper","Lutjanus synagris",50,9
"201711121656-239","Lane Snapper","Lutjanus synagris",43,9
"201711121656-239","Lane Snapper","Lutjanus synagris",92,9
"201711121656-239","Lane Snapper","Lutjanus synagris",48,9
"201711121656-239","Lane Snapper","Lutjanus synagris",75,9
"201711121656-239","Lane Snapper","Lutjanus synagris",44,9
"201711121710-253","Gray Snapper","Lutjanus griseus",160,1
"201711121710-253","Lane Snapper","Lutjanus synagris",78,8
"201711121710-253","Lane Snapper","Lutjanus synagris",62,8
"201711121710-253","Lane Snapper","Lutjanus synagris",45,8
"201711121710-253","Lane Snapper","Lutjanus synagris",42,8
"201711121710-253","Lane Snapper","Lutjanus synagris",170,8
"201711121710-253","Lane Snapper","Lutjanus synagris",62,8
"201711121710-253","Lane Snapper","Lutjanus synagris",43,8
"201711121710-253","Lane Snapper","Lutjanus synagris",46,8
"201711121710-253","Great Barracuda","Sphyraena barracuda",195,1
"201711131024-280","Spotted Seatrout","Cynoscion nebulosus",120,1
"201711131024-280","Lane Snapper","Lutjanus synagris",47,3
"201711131024-280","Lane Snapper","Lutjanus synagris",46,3
"201711131024-280","Lane Snapper","Lutjanus synagris",43,3
"201711131035-279","Atlantic Spadefish","Chaetodipterus faber",159,1
"201711131035-279","Great Barracuda","Sphyraena barracuda",90,4
"201711131035-279","Great Barracuda","Sphyraena barracuda",214,4
"201711131035-279","Great Barracuda","Sphyraena barracuda",110,4
"201711131035-279","Great Barracuda","Sphyraena barracuda",63,4
"201711131115-278","Spotted Seatrout","Cynoscion nebulosus",82,1
"201711131137-237","Spotted Seatrout","Cynoscion nebulosus",33,6
"201711131137-237","Spotted Seatrout","Cynoscion nebulosus",36,6
"201711131137-237","Spotted Seatrout","Cynoscion nebulosus",38,6
"201711131137-237","Spotted Seatrout","Cynoscion nebulosus",64,6
"201711131137-237","Spotted Seatrout","Cynoscion nebulosus",74,6
"201711131137-237","Spotted Seatrout","Cynoscion nebulosus",88,6
"201711131137-237","Lane Snapper","Lutjanus synagris",51,5
"201711131137-237","Lane Snapper","Lutjanus synagris",44,5
"201711131137-237","Lane Snapper","Lutjanus synagris",49,5
"201711131137-237","Lane Snapper","Lutjanus synagris",49,5
"201711131137-237","Lane Snapper","Lutjanus synagris",42,5
"201711131206-174","Spotted Seatrout","Cynoscion nebulosus",30,1
"201711131221-073","Lane Snapper","Lutjanus synagris",51,3
"201711131221-073","Lane Snapper","Lutjanus synagris",12,3
"201711131221-073","Lane Snapper","Lutjanus synagris",46,3
"201711131221-073","Lookdown","Selene vomer",70,1
"201712100838-237","Lane Snapper","Lutjanus synagris",58,5
"201712100838-237","Lane Snapper","Lutjanus synagris",70,5
"201712100838-237","Lane Snapper","Lutjanus synagris",62,5
"201712100838-237","Lane Snapper","Lutjanus synagris",59,5
"201712100838-237","Lane Snapper","Lutjanus synagris",62,5
"201712100853-278","Common Snook","Centropomus undecimalis",556,1
"201712100853-278","Spotted Seatrout","Cynoscion nebulosus",119,3
"201712100853-278","Spotted Seatrout","Cynoscion nebulosus",132,3
"201712100853-278","Spotted Seatrout","Cynoscion nebulosus",153,3
"201712100921-265","Spotted Seatrout","Cynoscion nebulosus",104,2
"201712100921-265","Spotted Seatrout","Cynoscion nebulosus",275,2
"201712100929-279","Spotted Seatrout","Cynoscion nebulosus",105,2
"201712100929-279","Spotted Seatrout","Cynoscion nebulosus",220,2
"201712100929-279","Lane Snapper","Lutjanus synagris",60,2
"201712100929-279","Lane Snapper","Lutjanus synagris",62,2
"201712100945-266","Spotted Seatrout","Cynoscion nebulosus",63,1
"201712101003-280","Gray Snapper","Lutjanus griseus",177,1
"201712101003-280","Great Barracuda","Sphyraena barracuda",121,1
"201712101015-267","Spotted Seatrout","Cynoscion nebulosus",99,1
"201712101049-253","Gray Snapper","Lutjanus griseus",199,1
"201712101049-253","Mutton Snapper","Lutjanus analis",132,1
"201712101049-253","Lane Snapper","Lutjanus synagris",47,6
"201712101049-253","Lane Snapper","Lutjanus synagris",90,6
"201712101049-253","Lane Snapper","Lutjanus synagris",57,6
"201712101049-253","Lane Snapper","Lutjanus synagris",55,6
"201712101049-253","Lane Snapper","Lutjanus synagris",81,6
"201712101049-253","Lane Snapper","Lutjanus synagris",83,6
"201712101101-239","Spotted Seatrout","Cynoscion nebulosus",52,2
"201712101101-239","Spotted Seatrout","Cynoscion nebulosus",190,2
"201712101101-239","Lane Snapper","Lutjanus synagris",89,4
"201712101101-239","Lane Snapper","Lutjanus synagris",107,4
"201712101101-239","Lane Snapper","Lutjanus synagris",109,4
"201712101101-239","Lane Snapper","Lutjanus synagris",61,4
"201712101125-240","Lane Snapper","Lutjanus synagris",100,3
"201712101125-240","Lane Snapper","Lutjanus synagris",62,3
"201712101125-240","Lane Snapper","Lutjanus synagris",55,3
"201712101135-255","Lane Snapper","Lutjanus synagris",105,1
"201712101135-255","Great Barracuda","Sphyraena barracuda",105,3
"201712101135-255","Great Barracuda","Sphyraena barracuda",146,3
"201712101135-255","Great Barracuda","Sphyraena barracuda",102,3
"201712101146-241","Gray Snapper","Lutjanus griseus",147,1
"201712101146-241","Lane Snapper","Lutjanus synagris",53,1
"201712101340-257","Schoolmaster Snapper","Lutjanus apodus",53,1
"201712101340-257","Lane Snapper","Lutjanus synagris",87,1
"201712101401-270","Crevalle Jack","Caranx hippos",146,1
"201712101436-294","Spotted Seatrout","Cynoscion nebulosus",83,1
"201712101436-294","Gray Snapper","Lutjanus griseus",154,1
"201712101436-294","Lane Snapper","Lutjanus synagris",165,1
"201712101449-283","Gray Snapper","Lutjanus griseus",178,1
"201712101456-282","Gray Snapper","Lutjanus griseus",160,1
"201712101456-282","Lane Snapper","Lutjanus synagris",83,1
"201712101506-269","Gray Snapper","Lutjanus griseus",147,1
"201712101506-269","Great Barracuda","Sphyraena barracuda",109,2
"201712101506-269","Great Barracuda","Sphyraena barracuda",72,2
"201712101516-268","Gray Snapper","Lutjanus griseus",147,1
"201712101516-268","Lane Snapper","Lutjanus synagris",91,1
"201712101533-292","Spotted Seatrout","Cynoscion nebulosus",76,3
"201712101533-292","Spotted Seatrout","Cynoscion nebulosus",109,3
"201712101533-292","Spotted Seatrout","Cynoscion nebulosus",113,3
"201712101533-292","Gray Snapper","Lutjanus griseus",159,1
"201712101533-292","Great Barracuda","Sphyraena barracuda",140,2
"201712101533-292","Great Barracuda","Sphyraena barracuda",123,2
"201712110910-291","Spotted Seatrout","Cynoscion nebulosus",71,3
"201712110910-291","Spotted Seatrout","Cynoscion nebulosus",205,3
"201712110910-291","Spotted Seatrout","Cynoscion nebulosus",220,3
"201712110910-291","Great Barracuda","Sphyraena barracuda",110,1
"201712110925-290","Gray Snapper","Lutjanus griseus",250,1
"201712110935-609","Spotted Seatrout","Cynoscion nebulosus",46,1
"201712110935-609","Great Barracuda","Sphyraena barracuda",118,2
"201712110935-609","Great Barracuda","Sphyraena barracuda",122,2
"201712111005-301","Great Barracuda","Sphyraena barracuda",122,1
"201712111023-302","Spotted Seatrout","Cynoscion nebulosus",260,1
"201712111035-303","Spotted Seatrout","Cynoscion nebulosus",84,3
"201712111035-303","Spotted Seatrout","Cynoscion nebulosus",90,3
"201712111035-303","Spotted Seatrout","Cynoscion nebulosus",124,3
"201712111055-304","Gray Snapper","Lutjanus griseus",180,3
"201712111055-304","Gray Snapper","Lutjanus griseus",174,3
"201712111055-304","Gray Snapper","Lutjanus griseus",150,3
"201712111120-314","Spotted Seatrout","Cynoscion nebulosus",101,1
"201712111120-314","Great Barracuda","Sphyraena barracuda",114,1
"201712111135-313","Spotted Seatrout","Cynoscion nebulosus",100,1
"201712111150-323","Spotted Seatrout","Cynoscion nebulosus",90,4
"201712111150-323","Spotted Seatrout","Cynoscion nebulosus",102,4
"201712111150-323","Spotted Seatrout","Cynoscion nebulosus",102,4
"201712111150-323","Spotted Seatrout","Cynoscion nebulosus",111,4
"201712111205-616","Spotted Seatrout","Cynoscion nebulosus",116,1
"201712111220-618","Gray Snapper","Lutjanus griseus",190,1
"201712111235-621","Spotted Seatrout","Cynoscion nebulosus",111,1
"201712111235-621","Great Barracuda","Sphyraena barracuda",100,3
"201712111235-621","Great Barracuda","Sphyraena barracuda",94,3
"201712111235-621","Great Barracuda","Sphyraena barracuda",153,3
"201712111248-622","Spotted Seatrout","Cynoscion nebulosus",92,1
"201712111300-619","Spotted Seatrout","Cynoscion nebulosus",82,1
"201712111340-403","Gray Snapper","Lutjanus griseus",193,1
"201712111412-408","Great Barracuda","Sphyraena barracuda",256,1
"201712111435-404","Great Barracuda","Sphyraena barracuda",96,1
"201712111450-326","Lane Snapper","Lutjanus synagris",190,3
"201712111450-326","Lane Snapper","Lutjanus synagris",153,3
"201712111450-326","Lane Snapper","Lutjanus synagris",84,3
"201712111515-324","Great Barracuda","Sphyraena barracuda",264,1
"201712111550-174","Spotted Seatrout","Cynoscion nebulosus",112,5
"201712111550-174","Spotted Seatrout","Cynoscion nebulosus",114,5
"201712111550-174","Spotted Seatrout","Cynoscion nebulosus",120,5
"201712111550-174","Spotted Seatrout","Cynoscion nebulosus",126,5
"201712111550-174","Spotted Seatrout","Cynoscion nebulosus",204,5
"201712111550-174","Lane Snapper","Lutjanus synagris",74,3
"201712111550-174","Lane Snapper","Lutjanus synagris",108,3
"201712111550-174","Lane Snapper","Lutjanus synagris",60,3
"201712111613-169","Gray Snapper","Lutjanus griseus",150,3
"201712111613-169","Gray Snapper","Lutjanus griseus",58,3
"201712111613-169","Gray Snapper","Lutjanus griseus",156,3
"201712111613-169","Lane Snapper","Lutjanus synagris",100,22
"201712111613-169","Lane Snapper","Lutjanus synagris",100,22
"201712111613-169","Lane Snapper","Lutjanus synagris",52,22
"201712111613-169","Lane Snapper","Lutjanus synagris",55,22
"201712111613-169","Lane Snapper","Lutjanus synagris",60,22
"201712111613-169","Lane Snapper","Lutjanus synagris",72,22
"201712111613-169","Lane Snapper","Lutjanus synagris",44,22
"201712111613-169","Lane Snapper","Lutjanus synagris",56,22
"201712111613-169","Lane Snapper","Lutjanus synagris",98,22
"201712111613-169","Lane Snapper","Lutjanus synagris",46,22
"201712111613-169","Lane Snapper","Lutjanus synagris",102,22
"201712111613-169","Lane Snapper","Lutjanus synagris",40,22
"201712111613-169","Lane Snapper","Lutjanus synagris",76,22
"201712111613-169","Lane Snapper","Lutjanus synagris",56,22
"201712111613-169","Lane Snapper","Lutjanus synagris",54,22
"201712111613-169","Lane Snapper","Lutjanus synagris",102,22
"201712111613-169","Lane Snapper","Lutjanus synagris",110,22
"201712111613-169","Lane Snapper","Lutjanus synagris",62,22
"201712111613-169","Lane Snapper","Lutjanus synagris",50,22
"201712111613-169","Lane Snapper","Lutjanus synagris",50,22
"201712111613-169","Lane Snapper","Lutjanus synagris",52,22
"201712111613-169","Lane Snapper","Lutjanus synagris",50,22
"201712111630-168","Spotted Seatrout","Cynoscion nebulosus",98,4
"201712111630-168","Spotted Seatrout","Cynoscion nebulosus",116,4
"201712111630-168","Spotted Seatrout","Cynoscion nebulosus",120,4
"201712111630-168","Spotted Seatrout","Cynoscion nebulosus",126,4
"201712111630-168","Gray Snapper","Lutjanus griseus",76,2
"201712111630-168","Gray Snapper","Lutjanus griseus",55,2
"201712111630-168","Lane Snapper","Lutjanus synagris",78,13
"201712111630-168","Lane Snapper","Lutjanus synagris",112,13
"201712111630-168","Lane Snapper","Lutjanus synagris",103,13
"201712111630-168","Lane Snapper","Lutjanus synagris",90,13
"201712111630-168","Lane Snapper","Lutjanus synagris",105,13
"201712111630-168","Lane Snapper","Lutjanus synagris",70,13
"201712111630-168","Lane Snapper","Lutjanus synagris",54,13
"201712111630-168","Lane Snapper","Lutjanus synagris",110,13
"201712111630-168","Lane Snapper","Lutjanus synagris",100,13
"201712111630-168","Lane Snapper","Lutjanus synagris",54,13
"201712111630-168","Lane Snapper","Lutjanus synagris",48,13
"201712111630-168","Lane Snapper","Lutjanus synagris",80,13
"201712111630-168","Lane Snapper","Lutjanus synagris",80,13
"201712111655-167","Grass Porgy","Calamus arctifrons",190,1
"201712111655-167","Spotted Seatrout","Cynoscion nebulosus",90,3
"201712111655-167","Spotted Seatrout","Cynoscion nebulosus",95,3
"201712111655-167","Spotted Seatrout","Cynoscion nebulosus",102,3
"201712111655-167","Gray Snapper","Lutjanus griseus",62,2
"201712111655-167","Gray Snapper","Lutjanus griseus",68,2
"201712111655-167","Lane Snapper","Lutjanus synagris",56,9
"201712111655-167","Lane Snapper","Lutjanus synagris",60,9
"201712111655-167","Lane Snapper","Lutjanus synagris",62,9
"201712111655-167","Lane Snapper","Lutjanus synagris",60,9
"201712111655-167","Lane Snapper","Lutjanus synagris",60,9
"201712111655-167","Lane Snapper","Lutjanus synagris",60,9
"201712111655-167","Lane Snapper","Lutjanus synagris",65,9
"201712111655-167","Lane Snapper","Lutjanus synagris",46,9
"201712111655-167","Lane Snapper","Lutjanus synagris",52,9
"201712120920-070","Southern Kingfish","Menticirrhus americanus",95,4
"201712120920-070","Southern Kingfish","Menticirrhus americanus",96,4
"201712120920-070","Southern Kingfish","Menticirrhus americanus",50,4
"201712120920-070","Southern Kingfish","Menticirrhus americanus",100,4
"201712120935-068","Crevalle Jack","Caranx hippos",74,1
"201712120945-067","Permit","Trachinotus falcatus",89,1
"201712121000-143","Lane Snapper","Lutjanus synagris",88,1
"201712121010-117","Atlantic Spadefish","Chaetodipterus faber",118,1
"201712121010-117","Spotted Seatrout","Cynoscion nebulosus",174,1
"201712121145-022","Grass Porgy","Calamus arctifrons",108,4
"201712121145-022","Grass Porgy","Calamus arctifrons",114,4
"201712121145-022","Grass Porgy","Calamus arctifrons",94,4
"201712121145-022","Grass Porgy","Calamus arctifrons",112,4
"201712121145-022","Lane Snapper","Lutjanus synagris",95,1
"201712121205-024","Spotted Seatrout","Cynoscion nebulosus",98,1
"201712121205-024","Barred Hamlet","Hypoplectrus puella",78,1
"201712121205-024","Lane Snapper","Lutjanus synagris",60,1
"201712121220-040","Grass Porgy","Calamus arctifrons",81,2
"201712121220-040","Grass Porgy","Calamus arctifrons",108,2
"201712121220-040","Lane Snapper","Lutjanus synagris",108,4
"201712121220-040","Lane Snapper","Lutjanus synagris",100,4
"201712121220-040","Lane Snapper","Lutjanus synagris",78,4
"201712121220-040","Lane Snapper","Lutjanus synagris",72,4
"201712121240-122","Grass Porgy","Calamus arctifrons",196,3
"201712121240-122","Grass Porgy","Calamus arctifrons",192,3
"201712121240-122","Grass Porgy","Calamus arctifrons",20,3
"201712121240-122","Gray Snapper","Lutjanus griseus",156,3
"201712121240-122","Gray Snapper","Lutjanus griseus",154,3
"201712121240-122","Gray Snapper","Lutjanus griseus",169,3
"201712121240-122","Lane Snapper","Lutjanus synagris",46,4
"201712121240-122","Lane Snapper","Lutjanus synagris",81,4
"201712121240-122","Lane Snapper","Lutjanus synagris",71,4
"201712121240-122","Lane Snapper","Lutjanus synagris",76,4
"201712121240-123","Blue Croaker","Corvula batabana",135,1
"201712121240-123","Grass Porgy","Calamus arctifrons",176,1
"201712121240-123","Gray Snapper","Lutjanus griseus",222,1
"201712121240-123","Lane Snapper","Lutjanus synagris",118,9
"201712121240-123","Lane Snapper","Lutjanus synagris",80,9
"201712121240-123","Lane Snapper","Lutjanus synagris",93,9
"201712121240-123","Lane Snapper","Lutjanus synagris",98,9
"201712121240-123","Lane Snapper","Lutjanus synagris",58,9
"201712121240-123","Lane Snapper","Lutjanus synagris",54,9
"201712121240-123","Lane Snapper","Lutjanus synagris",46,9
"201712121240-123","Lane Snapper","Lutjanus synagris",440,9
"201712121240-123","Lane Snapper","Lutjanus synagris",83,9
"201712121240-124","Grass Porgy","Calamus arctifrons",178,1
"201712121240-124","Lane Snapper","Lutjanus synagris",90,2
"201712121240-124","Lane Snapper","Lutjanus synagris",90,2
"201712121240-124","Great Barracuda","Sphyraena barracuda",120,1
"201712121240-133","Sheepshead","Archosargus probatocephalus",116,2
"201712121240-133","Sheepshead","Archosargus probatocephalus",118,2
"201712121240-133","Grass Porgy","Calamus arctifrons",166,4
"201712121240-133","Grass Porgy","Calamus arctifrons",106,4
"201712121240-133","Grass Porgy","Calamus arctifrons",79,4
"201712121240-133","Grass Porgy","Calamus arctifrons",82,4
"201712121240-133","Gray Snapper","Lutjanus griseus",196,11
"201712121240-133","Gray Snapper","Lutjanus griseus",210,11
"201712121240-133","Gray Snapper","Lutjanus griseus",187,11
"201712121240-133","Gray Snapper","Lutjanus griseus",168,11
"201712121240-133","Gray Snapper","Lutjanus griseus",178,11
"201712121240-133","Gray Snapper","Lutjanus griseus",230,11
"201712121240-133","Gray Snapper","Lutjanus griseus",165,11
"201712121240-133","Gray Snapper","Lutjanus griseus",150,11
"201712121240-133","Gray Snapper","Lutjanus griseus",154,11
"201712121240-133","Gray Snapper","Lutjanus griseus",164,11
"201712121240-133","Gray Snapper","Lutjanus griseus",152,11
"201712121240-133","Lane Snapper","Lutjanus synagris",112,7
"201712121240-133","Lane Snapper","Lutjanus synagris",94,7
"201712121240-133","Lane Snapper","Lutjanus synagris",76,7
"201712121240-133","Lane Snapper","Lutjanus synagris",48,7
"201712121240-133","Lane Snapper","Lutjanus synagris",70,7
"201712121240-133","Lane Snapper","Lutjanus synagris",52,7
"201712121240-133","Lane Snapper","Lutjanus synagris",81,7
"201712121240-145","Gray Snapper","Lutjanus griseus",194,1
"201712121240-145","Lane Snapper","Lutjanus synagris",65,1
"201712121240-146","Spotted Seatrout","Cynoscion nebulosus",56,3
"201712121240-146","Spotted Seatrout","Cynoscion nebulosus",120,3
"201712121240-146","Spotted Seatrout","Cynoscion nebulosus",134,3
"201712121240-146","Gray Snapper","Lutjanus griseus",170,1
"201712121240-146","Lane Snapper","Lutjanus synagris",68,6
"201712121240-146","Lane Snapper","Lutjanus synagris",78,6
"201712121240-146","Lane Snapper","Lutjanus synagris",136,6
"201712121240-146","Lane Snapper","Lutjanus synagris",102,6
"201712121240-146","Lane Snapper","Lutjanus synagris",88,6
"201712121240-146","Lane Snapper","Lutjanus synagris",90,6
"201801031026-265","Lane Snapper","Lutjanus synagris",72,1
"201801031044-278","Spotted Seatrout","Cynoscion nebulosus",140,2
"201801031044-278","Spotted Seatrout","Cynoscion nebulosus",206,2
"201801031055-279","Lane Snapper","Lutjanus synagris",62,2
"201801031055-279","Lane Snapper","Lutjanus synagris",63,2
"201801031108-266","Spotted Seatrout","Cynoscion nebulosus",83,2
"201801031108-266","Spotted Seatrout","Cynoscion nebulosus",155,2
"201801031108-266","Lane Snapper","Lutjanus synagris",68,1
"201801031128-267","Spotted Seatrout","Cynoscion nebulosus",90,1
"201801031128-267","Ladyfish","Elops saurus",340,1
"201801031143-280","Gray Snapper","Lutjanus griseus",68,1
"201801031157-291","Spotted Seatrout","Cynoscion nebulosus",90,1
"201801031212-290","Gray Snapper","Lutjanus griseus",161,1
"201801031212-290","Great Barracuda","Sphyraena barracuda",142,1
"201801031221-609","Spotted Seatrout","Cynoscion nebulosus",100,1
"201801031221-609","Ballyhoo","Hemiramphus brasiliensis",186,1
"201801031221-609","Lane Snapper","Lutjanus synagris",71,1
"201801031259-302","Spotted Seatrout","Cynoscion nebulosus",93,1
"201801031346-282","Spotted Seatrout","Cynoscion nebulosus",115,1
"201801031346-282","Ballyhoo","Hemiramphus brasiliensis",218,1
"201801031346-282","Lane Snapper","Lutjanus synagris",99,1
"201801031357-283","Lane Snapper","Lutjanus synagris",178,1
"201801041034-618","Great Barracuda","Sphyraena barracuda",118,1
"201801041046-621","Great Barracuda","Sphyraena barracuda",92,2
"201801041046-621","Great Barracuda","Sphyraena barracuda",102,2
"201801041054-622","Gray Snapper","Lutjanus griseus",158,1
"201801041111-401","Spotted Seatrout","Cynoscion nebulosus",129,1
"201801041111-401","Gray Snapper","Lutjanus griseus",178,1
"201801041132-402","Great Barracuda","Sphyraena barracuda",252,1
"201801041211-404","Great Barracuda","Sphyraena barracuda",217,1
"201801041258-304","Gray Snapper","Lutjanus griseus",195,7
"201801041258-304","Gray Snapper","Lutjanus griseus",190,7
"201801041258-304","Gray Snapper","Lutjanus griseus",176,7
"201801041258-304","Gray Snapper","Lutjanus griseus",160,7
"201801041258-304","Gray Snapper","Lutjanus griseus",165,7
"201801041258-304","Gray Snapper","Lutjanus griseus",82,7
"201801041258-304","Gray Snapper","Lutjanus griseus",175,7
"201801041258-304","Mutton Snapper","Lutjanus analis",89,1
"201801041311-315","Spotted Seatrout","Cynoscion nebulosus",62,3
"201801041311-315","Spotted Seatrout","Cynoscion nebulosus",101,3
"201801041311-315","Spotted Seatrout","Cynoscion nebulosus",111,3
"201801041311-315","Gray Snapper","Lutjanus griseus",159,1
"201801041427-269","Spotted Seatrout","Cynoscion nebulosus",103,1
"201801050920-070","Lane Snapper","Lutjanus synagris",104,1
"201801050944-157","Spotted Seatrout","Cynoscion nebulosus",430,1
"201801050944-157","Lane Snapper","Lutjanus synagris",93,1
"201801051012-158","Atlantic Spadefish","Chaetodipterus faber",234,2
"201801051012-158","Atlantic Spadefish","Chaetodipterus faber",228,2
"201801051012-158","Lane Snapper","Lutjanus synagris",113,7
"201801051012-158","Lane Snapper","Lutjanus synagris",79,7
"201801051012-158","Lane Snapper","Lutjanus synagris",72,7
"201801051012-158","Lane Snapper","Lutjanus synagris",84,7
"201801051012-158","Lane Snapper","Lutjanus synagris",72,7
"201801051012-158","Lane Snapper","Lutjanus synagris",54,7
"201801051012-158","Lane Snapper","Lutjanus synagris",62,7
"201801051035-145","Spotted Seatrout","Cynoscion nebulosus",110,1
"201801051035-145","Lane Snapper","Lutjanus synagris",83,5
"201801051035-145","Lane Snapper","Lutjanus synagris",73,5
"201801051035-145","Lane Snapper","Lutjanus synagris",89,5
"201801051035-145","Lane Snapper","Lutjanus synagris",62,5
"201801051035-145","Lane Snapper","Lutjanus synagris",76,5
"201801051048-133","Grass Porgy","Calamus arctifrons",92,2
"201801051048-133","Grass Porgy","Calamus arctifrons",112,2
"201801051048-133","Atlantic Spadefish","Chaetodipterus faber",124,1
"201801051048-133","Spotted Seatrout","Cynoscion nebulosus",116,2
"201801051048-133","Spotted Seatrout","Cynoscion nebulosus",133,2
"201801051048-133","Gray Snapper","Lutjanus griseus",72,1
"201801051048-133","Lane Snapper","Lutjanus synagris",112,11
"201801051048-133","Lane Snapper","Lutjanus synagris",90,11
"201801051048-133","Lane Snapper","Lutjanus synagris",81,11
"201801051048-133","Lane Snapper","Lutjanus synagris",101,11
"201801051048-133","Lane Snapper","Lutjanus synagris",93,11
"201801051048-133","Lane Snapper","Lutjanus synagris",96,11
"201801051048-133","Lane Snapper","Lutjanus synagris",104,11
"201801051048-133","Lane Snapper","Lutjanus synagris",92,11
"201801051048-133","Lane Snapper","Lutjanus synagris",46,11
"201801051048-133","Lane Snapper","Lutjanus synagris",54,11
"201801051048-133","Lane Snapper","Lutjanus synagris",50,11
"201801051106-146","Spotted Seatrout","Cynoscion nebulosus",92,1
"201801051106-146","Gray Snapper","Lutjanus griseus",144,1
"201801051106-146","Lane Snapper","Lutjanus synagris",113,10
"201801051106-146","Lane Snapper","Lutjanus synagris",118,10
"201801051106-146","Lane Snapper","Lutjanus synagris",110,10
"201801051106-146","Lane Snapper","Lutjanus synagris",63,10
"201801051106-146","Lane Snapper","Lutjanus synagris",113,10
"201801051106-146","Lane Snapper","Lutjanus synagris",97,10
"201801051106-146","Lane Snapper","Lutjanus synagris",69,10
"201801051106-146","Lane Snapper","Lutjanus synagris",62,10
"201801051106-146","Lane Snapper","Lutjanus synagris",92,10
"201801051106-146","Lane Snapper","Lutjanus synagris",63,10
"201801051127-134","Sheepshead","Archosargus probatocephalus",127,2
"201801051127-134","Sheepshead","Archosargus probatocephalus",111,2
"201801051127-134","Grass Porgy","Calamus arctifrons",124,1
"201801051127-134","Spotted Seatrout","Cynoscion nebulosus",140,2
"201801051127-134","Spotted Seatrout","Cynoscion nebulosus",175,2
"201801051127-134","Lane Snapper","Lutjanus synagris",86,15
"201801051127-134","Lane Snapper","Lutjanus synagris",102,15
"201801051127-134","Lane Snapper","Lutjanus synagris",56,15
"201801051127-134","Lane Snapper","Lutjanus synagris",111,15
"201801051127-134","Lane Snapper","Lutjanus synagris",74,15
"201801051127-134","Lane Snapper","Lutjanus synagris",94,15
"201801051127-134","Lane Snapper","Lutjanus synagris",96,15
"201801051127-134","Lane Snapper","Lutjanus synagris",61,15
"201801051127-134","Lane Snapper","Lutjanus synagris",122,15
"201801051127-134","Lane Snapper","Lutjanus synagris",112,15
"201801051127-134","Lane Snapper","Lutjanus synagris",72,15
"201801051127-134","Lane Snapper","Lutjanus synagris",81,15
"201801051127-134","Lane Snapper","Lutjanus synagris",54,15
"201801051127-134","Lane Snapper","Lutjanus synagris",62,15
"201801051127-134","Lane Snapper","Lutjanus synagris",50,15
"201801051144-122","Lane Snapper","Lutjanus synagris",63,1
"201801051144-122","Caribbean Spiny Lobster","Panulirus argus",186,1
"201801051153-123","Lane Snapper","Lutjanus synagris",86,4
"201801051153-123","Lane Snapper","Lutjanus synagris",82,4
"201801051153-123","Lane Snapper","Lutjanus synagris",107,4
"201801051153-123","Lane Snapper","Lutjanus synagris",54,4
"201801051212-040","Grass Porgy","Calamus arctifrons",126,1
"201801051212-040","Lane Snapper","Lutjanus synagris",118,1
"201801051234-023","Spotted Seatrout","Cynoscion nebulosus",162,1
"201801051248-022","Grass Porgy","Calamus arctifrons",186,1
"201801051317-101","Grass Porgy","Calamus arctifrons",88,1
"201801051317-101","Gray Snapper","Lutjanus griseus",110,2
"201801051317-101","Gray Snapper","Lutjanus griseus",58,2
"201801051317-101","Lane Snapper","Lutjanus synagris",69,1
"201801051543-067","Hogchoker","Trinectes maculatus",32,1
"201801060904-237","Gray Snapper","Lutjanus griseus",162,1
"201801060930-253","Lane Snapper","Lutjanus synagris",104,2
"201801060930-253","Lane Snapper","Lutjanus synagris",103,2
"201801060940-239","Gulf Flounder","Paralichthys albigutta",76,1
"201801061001-224","Lane Snapper","Lutjanus synagris",90,3
"201801061001-224","Lane Snapper","Lutjanus synagris",62,3
"201801061001-224","Lane Snapper","Lutjanus synagris",65,3
"201803230946-266","Spotted Seatrout","Cynoscion nebulosus",172,1
"201803231009-279","Mutton Snapper","Lutjanus analis",122,1
"201803231009-279","Lane Snapper","Lutjanus synagris",93,3
"201803231009-279","Lane Snapper","Lutjanus synagris",85,3
"201803231009-279","Lane Snapper","Lutjanus synagris",106,3
"201803231023-267","Gray Snapper","Lutjanus griseus",214,1
"201803231023-267","Lane Snapper","Lutjanus synagris",89,2
"201803231023-267","Lane Snapper","Lutjanus synagris",86,2
"201803231036-280","Spotted Seatrout","Cynoscion nebulosus",112,1
"201803231036-280","Lane Snapper","Lutjanus synagris",82,2
"201803231036-280","Lane Snapper","Lutjanus synagris",73,2
"201803231312-282","Lane Snapper","Lutjanus synagris",131,1
"201803231448-257","Gray Snapper","Lutjanus griseus",73,1
"201803231636-228","Lane Snapper","Lutjanus synagris",89,1
"201803241054-616","Atlantic Spadefish","Chaetodipterus faber",101,1
"201803241127-622","Gray Snapper","Lutjanus griseus",178,1
"201803241205-402","Gray Snapper","Lutjanus griseus",184,1
"201803241316-326","Lane Snapper","Lutjanus synagris",129,1
"201803241548-254","Lane Snapper","Lutjanus synagris",38,1
"201803241548-254","Hogchoker","Trinectes maculatus",48,1
"201803241610-237","Lane Snapper","Lutjanus synagris",87,1
"201803241610-237","Gulf Flounder","Paralichthys albigutta",117,1
"201803241610-237","Hogchoker","Trinectes maculatus",52,1
"201803250941-157","Atlantic Spadefish","Chaetodipterus faber",165,1
"201803250941-157","Lane Snapper","Lutjanus synagris",99,2
"201803250941-157","Lane Snapper","Lutjanus synagris",80,2
"201803250955-158","Gray Snapper","Lutjanus griseus",93,1
"201803250955-158","Lane Snapper","Lutjanus synagris",80,1
"201803251008-168","Lane Snapper","Lutjanus synagris",101,6
"201803251008-168","Lane Snapper","Lutjanus synagris",101,6
"201803251008-168","Lane Snapper","Lutjanus synagris",94,6
"201803251008-168","Lane Snapper","Lutjanus synagris",94,6
"201803251008-168","Lane Snapper","Lutjanus synagris",90,6
"201803251008-168","Lane Snapper","Lutjanus synagris",92,6
"201803251031-176","Atlantic Spadefish","Chaetodipterus faber",145,1
"201803251031-176","Spotted Seatrout","Cynoscion nebulosus",181,1
"201803251031-176","Lane Snapper","Lutjanus synagris",86,2
"201803251031-176","Lane Snapper","Lutjanus synagris",76,2
"201803251031-176","Gulf Flounder","Paralichthys albigutta",163,1
"201803251054-133","Gray Snapper","Lutjanus griseus",98,3
"201803251054-133","Gray Snapper","Lutjanus griseus",89,3
"201803251054-133","Gray Snapper","Lutjanus griseus",91,3
"201803251054-133","Lane Snapper","Lutjanus synagris",87,1
"201803251107-146","Gray Snapper","Lutjanus griseus",179,3
"201803251107-146","Gray Snapper","Lutjanus griseus",181,3
"201803251107-146","Gray Snapper","Lutjanus griseus",209,3
"201803251107-146","Lane Snapper","Lutjanus synagris",101,6
"201803251107-146","Lane Snapper","Lutjanus synagris",83,6
"201803251107-146","Lane Snapper","Lutjanus synagris",102,6
"201803251107-146","Lane Snapper","Lutjanus synagris",96,6
"201803251107-146","Lane Snapper","Lutjanus synagris",94,6
"201803251107-146","Lane Snapper","Lutjanus synagris",92,6
"201803251132-147","Lane Snapper","Lutjanus synagris",118,1
"201803251153-123","Grass Porgy","Calamus arctifrons",42,1
"201803251153-123","Gray Snapper","Lutjanus griseus",152,2
"201803251153-123","Gray Snapper","Lutjanus griseus",52,2
"201803251153-123","Lane Snapper","Lutjanus synagris",103,1
"201803251217-112","Barred Hamlet","Hypoplectrus puella",96,1
"201803251217-112","Lane Snapper","Lutjanus synagris",113,1
"201803251217-112","Caribbean Spiny Lobster","Panulirus argus",178,2
"201803251217-112","Caribbean Spiny Lobster","Panulirus argus",139,2
"201803251332-023","Grass Porgy","Calamus arctifrons",121,1
"201803251332-023","Lane Snapper","Lutjanus synagris",78,1
"201803251348-022","Lane Snapper","Lutjanus synagris",118,1
"201803251402-021","Lane Snapper","Lutjanus synagris",126,1
"201803251402-021","Hogchoker","Trinectes maculatus",81,1
"201803251445-070","Southern Kingfish","Menticirrhus americanus",110,1
"201803251445-070","Hogchoker","Trinectes maculatus",104,1
"201803251505-071","Southern Kingfish","Menticirrhus americanus",180,1
"201803251505-071","Hogchoker","Trinectes maculatus",39,1
"201805231205-303","Lined Seahorse","Hippocampus erectus",110,1
"201805231205-303","Gray Snapper","Lutjanus griseus",180,3
"201805231205-303","Gray Snapper","Lutjanus griseus",190,3
"201805231205-303","Gray Snapper","Lutjanus griseus",200,3
"201805231400-621","Gray Snapper","Lutjanus griseus",210,1
"201805231415-622","Gray Snapper","Lutjanus griseus",200,1
"201805231630-302","Atlantic Bay Scallop","Argopecten irradians",40,2
"201805231630-302","Atlantic Bay Scallop","Argopecten irradians",32,2
"201805231630-302","Spotted Seatrout","Cynoscion nebulosus",160,1
"201805231630-302","Lined Seahorse","Hippocampus erectus",45,2
"201805231630-302","Lined Seahorse","Hippocampus erectus",65,2
"201805231740-157","Spotted Seatrout","Cynoscion nebulosus",190,1
"201805231740-157","Gray Snapper","Lutjanus griseus",190,3
"201805231740-157","Gray Snapper","Lutjanus griseus",200,3
"201805231740-157","Gray Snapper","Lutjanus griseus",130,3
"201805231740-157","Gulf Flounder","Paralichthys albigutta",136,1
"201805241115-020","Gray Snapper","Lutjanus griseus",230,2
"201805241115-020","Gray Snapper","Lutjanus griseus",200,2
"201805241150-022","Grass Porgy","Calamus arctifrons",41,5
"201805241150-022","Grass Porgy","Calamus arctifrons",34,5
"201805241150-022","Grass Porgy","Calamus arctifrons",51,5
"201805241150-022","Grass Porgy","Calamus arctifrons",56,5
"201805241150-022","Grass Porgy","Calamus arctifrons",33,5
"201805241150-022","Barred Hamlet","Hypoplectrus puella",110,1
"201805241150-022","Gray Snapper","Lutjanus griseus",172,1
"201805241150-022","Lane Snapper","Lutjanus synagris",81,1
"201805241235-124","Lane Snapper","Lutjanus synagris",107,1
"201805241245-136","Atlantic Bay Scallop","Argopecten irradians",40,1
"201805241258-123","Atlantic Bay Scallop","Argopecten irradians",42,1
"201805241258-123","Lane Snapper","Lutjanus synagris",90,1
"201805241410-147","Gray Snapper","Lutjanus griseus",185,3
"201805241410-147","Gray Snapper","Lutjanus griseus",172,3
"201805241410-147","Gray Snapper","Lutjanus griseus",220,3
"201805241410-147","Lane Snapper","Lutjanus synagris",98,13
"201805241410-147","Lane Snapper","Lutjanus synagris",100,13
"201805241410-147","Lane Snapper","Lutjanus synagris",99,13
"201805241410-147","Lane Snapper","Lutjanus synagris",100,13
"201805241410-147","Lane Snapper","Lutjanus synagris",105,13
"201805241410-147","Lane Snapper","Lutjanus synagris",85,13
"201805241410-147","Lane Snapper","Lutjanus synagris",138,13
"201805241410-147","Lane Snapper","Lutjanus synagris",120,13
"201805241410-147","Lane Snapper","Lutjanus synagris",92,13
"201805241410-147","Lane Snapper","Lutjanus synagris",98,13
"201805241410-147","Lane Snapper","Lutjanus synagris",114,13
"201805241410-147","Lane Snapper","Lutjanus synagris",84,13
"201805241410-147","Lane Snapper","Lutjanus synagris",110,13
"201805241430-146","Grass Porgy","Calamus arctifrons",40,1
"201805241430-146","Gray Snapper","Lutjanus griseus",220,2
"201805241430-146","Gray Snapper","Lutjanus griseus",100,2
"201805241430-146","Lane Snapper","Lutjanus synagris",112,1
"201805241450-159","Spotted Seatrout","Cynoscion nebulosus",110,1
"201805241450-159","Lane Snapper","Lutjanus synagris",95,5
"201805241450-159","Lane Snapper","Lutjanus synagris",110,5
"201805241450-159","Lane Snapper","Lutjanus synagris",110,5
"201805241450-159","Lane Snapper","Lutjanus synagris",100,5
"201805241450-159","Lane Snapper","Lutjanus synagris",107,5
"201805241625-175","Gray Snapper","Lutjanus griseus",210,3
"201805241625-175","Gray Snapper","Lutjanus griseus",194,3
"201805241625-175","Gray Snapper","Lutjanus griseus",110,3
"201805241625-175","Gulf Flounder","Paralichthys albigutta",175,1
"201805241655-224","Gray Snapper","Lutjanus griseus",100,2
"201805241655-224","Gray Snapper","Lutjanus griseus",165,2
"201805241723-226","Spotted Seatrout","Cynoscion nebulosus",51,1
"201805241723-226","Gray Snapper","Lutjanus griseus",110,1
"201805241756-239","Gray Snapper","Lutjanus griseus",225,1
"201805251005-266","Lane Snapper","Lutjanus synagris",154,1
"201805251030-267","Gray Snapper","Lutjanus griseus",185,2
"201805251030-267","Gray Snapper","Lutjanus griseus",111,2
"201805251125-257","Lined Seahorse","Hippocampus erectus",90,1
"201805251420-244","Gray Snapper","Lutjanus griseus",107,2
"201805251420-244","Gray Snapper","Lutjanus griseus",102,2
"201805251440-271","Gray Snapper","Lutjanus griseus",75,1
"201805251505-284","Atlantic Bay Scallop","Argopecten irradians",39,1
"201805251505-284","Lined Seahorse","Hippocampus erectus",105,1
"201805251535-282","Lined Seahorse","Hippocampus erectus",95,1
"201805251545-292","Atlantic Bay Scallop","Argopecten irradians",37,1
"201805251545-292","Lined Seahorse","Hippocampus erectus",51,1
"201805251545-292","Windowpane Flounder","Scophthalmus aquosus",95,1
"201806121052-304","Blue Crab","Callinectes sapidus",NA,1
"201806121100-315","Gray Snapper","Lutjanus griseus",203,1
"201806121150-324","Gray Snapper","Lutjanus griseus",205,2
"201806121150-324","Gray Snapper","Lutjanus griseus",94,2
"201806121227-621","Gray Snapper","Lutjanus griseus",218,1
"201806121245-619","Great Barracuda","Sphyraena barracuda",360,1
"201806121404-403","Blue Crab","Callinectes sapidus",NA,1
"201806121417-404","Blue Crab","Callinectes sapidus",NA,1
"201806121458-292","Gray Snapper","Lutjanus griseus",104,2
"201806121458-292","Gray Snapper","Lutjanus griseus",92,2
"201806121458-292","Blue Crab","Callinectes sapidus",NA,1
"201806121515-302","Blue Crab","Callinectes sapidus",NA,1
"201806121557-290","Lane Snapper","Lutjanus synagris",146,1
"201806121632-279","Blue Crab","Callinectes sapidus",NA,1
"201806121648-278","Blue Crab","Callinectes sapidus",NA,1
"201806121659-265","Hogchoker","Trinectes maculatus",71,1
"201806121659-265","Blue Crab","Callinectes sapidus",NA,1
"201806130848-237","Blue Crab","Callinectes sapidus",NA,1
"201806130906-266","Spotted Seatrout","Cynoscion nebulosus",41,1
"201806130906-266","Blue Crab","Callinectes sapidus",NA,1
"201806130948-253","Spotted Seatrout","Cynoscion nebulosus",37,1
"201806130948-253","Blue Crab","Callinectes sapidus",NA,1
"201806131006-239","Spotted Seatrout","Cynoscion nebulosus",20,1
"201806131048-225","Spotted Seatrout","Cynoscion nebulosus",77,1
"201806131107-241","Gray Snapper","Lutjanus griseus",210,1
"201806131207-283","Blue Crab","Callinectes sapidus",NA,1
"201806131216-294","Blue Crab","Callinectes sapidus",NA,1
"201806131226-284","Blue Crab","Callinectes sapidus",NA,1
"201806131236-271","Blue Crab","Callinectes sapidus",NA,1
"201806131243-270","Blue Crab","Callinectes sapidus",NA,1
"201806131256-256","Blue Crab","Callinectes sapidus",NA,1
"201806140718-073","Blue Crab","Callinectes sapidus",NA,1
"201806140730-071","Blue Crab","Callinectes sapidus",NA,1
"201806140743-070","Gray Snapper","Lutjanus griseus",61,1
"201806140743-070","Blue Crab","Callinectes sapidus",NA,1
"201806140756-156","Blue Crab","Callinectes sapidus",NA,1
"201806140813-157","Gray Snapper","Lutjanus griseus",178,1
"201806140813-157","Lane Snapper","Lutjanus synagris",97,2
"201806140813-157","Lane Snapper","Lutjanus synagris",112,2
"201806140813-157","Blue Crab","Callinectes sapidus",NA,1
"201806140826-168","Spotted Seatrout","Cynoscion nebulosus",66,1
"201806140826-168","Hogfish","Lachnolaimus maximus",70,3
"201806140826-168","Hogfish","Lachnolaimus maximus",44,3
"201806140826-168","Hogfish","Lachnolaimus maximus",50,3
"201806140826-168","Gray Snapper","Lutjanus griseus",231,9
"201806140826-168","Gray Snapper","Lutjanus griseus",170,9
"201806140826-168","Gray Snapper","Lutjanus griseus",130,9
"201806140826-168","Gray Snapper","Lutjanus griseus",112,9
"201806140826-168","Gray Snapper","Lutjanus griseus",121,9
"201806140826-168","Gray Snapper","Lutjanus griseus",114,9
"201806140826-168","Gray Snapper","Lutjanus griseus",116,9
"201806140826-168","Gray Snapper","Lutjanus griseus",183,9
"201806140826-168","Gray Snapper","Lutjanus griseus",119,9
"201806140826-168","Lane Snapper","Lutjanus synagris",113,8
"201806140826-168","Lane Snapper","Lutjanus synagris",115,8
"201806140826-168","Lane Snapper","Lutjanus synagris",112,8
"201806140826-168","Lane Snapper","Lutjanus synagris",136,8
"201806140826-168","Lane Snapper","Lutjanus synagris",115,8
"201806140826-168","Lane Snapper","Lutjanus synagris",110,8
"201806140826-168","Lane Snapper","Lutjanus synagris",123,8
"201806140826-168","Lane Snapper","Lutjanus synagris",116,8
"201806140826-168","Blue Crab","Callinectes sapidus",NA,1
"201806140857-172","Blue Crab","Callinectes sapidus",NA,1
"201806141016-173","Gray Snapper","Lutjanus griseus",208,7
"201806141016-173","Gray Snapper","Lutjanus griseus",254,7
"201806141016-173","Gray Snapper","Lutjanus griseus",122,7
"201806141016-173","Gray Snapper","Lutjanus griseus",116,7
"201806141016-173","Gray Snapper","Lutjanus griseus",121,7
"201806141016-173","Gray Snapper","Lutjanus griseus",116,7
"201806141016-173","Gray Snapper","Lutjanus griseus",132,7
"201806141016-173","Lane Snapper","Lutjanus synagris",108,2
"201806141016-173","Lane Snapper","Lutjanus synagris",110,2
"201806141116-145","Gray Snapper","Lutjanus griseus",201,1
"201806141126-159","Grass Porgy","Calamus arctifrons",40,3
"201806141126-159","Grass Porgy","Calamus arctifrons",38,3
"201806141126-159","Grass Porgy","Calamus arctifrons",35,3
"201806141126-159","Gray Snapper","Lutjanus griseus",128,3
"201806141126-159","Gray Snapper","Lutjanus griseus",200,3
"201806141126-159","Gray Snapper","Lutjanus griseus",119,3
"201806141126-159","Blue Crab","Callinectes sapidus",NA,1
"201806141140-146","Spotted Seatrout","Cynoscion nebulosus",21,2
"201806141140-146","Spotted Seatrout","Cynoscion nebulosus",30,2
"201806141140-146","Lane Snapper","Lutjanus synagris",102,2
"201806141140-146","Lane Snapper","Lutjanus synagris",111,2
"201806141159-147","Spotted Seatrout","Cynoscion nebulosus",34,2
"201806141159-147","Spotted Seatrout","Cynoscion nebulosus",62,2
"201806141159-147","Gray Snapper","Lutjanus griseus",164,2
"201806141159-147","Gray Snapper","Lutjanus griseus",112,2
"201806141159-147","Lane Snapper","Lutjanus synagris",122,2
"201806141159-147","Lane Snapper","Lutjanus synagris",118,2
"201806141215-135","Lane Snapper","Lutjanus synagris",121,1
"201806141215-135","Blue Crab","Callinectes sapidus",NA,1
"201806141226-123","Atlantic Bay Scallop","Argopecten irradians",52,1
"201806141226-123","Lane Snapper","Lutjanus synagris",110,2
"201806141226-123","Lane Snapper","Lutjanus synagris",102,2
"201806141457-024","Gray Snapper","Lutjanus griseus",129,1
"201806141457-024","Blue Crab","Callinectes sapidus",NA,1
"201806141525-022","Blue Crab","Callinectes sapidus",NA,1
"201806141541-021","Lane Snapper","Lutjanus synagris",134,1
"201806141548-020","Grass Porgy","Calamus arctifrons",54,6
"201806141548-020","Grass Porgy","Calamus arctifrons",70,6
"201806141548-020","Grass Porgy","Calamus arctifrons",41,6
"201806141548-020","Grass Porgy","Calamus arctifrons",42,6
"201806141548-020","Grass Porgy","Calamus arctifrons",50,6
"201806141548-020","Grass Porgy","Calamus arctifrons",39,6
"201807230942-237","Lane Snapper","Lutjanus synagris",141,1
"201807230942-237","Blue Crab","Callinectes sapidus",NA,1
"201807231013-265","Hogchoker","Trinectes maculatus",101,1
"201807231024-278","Gray Snapper","Lutjanus griseus",243,6
"201807231024-278","Gray Snapper","Lutjanus griseus",192,6
"201807231024-278","Gray Snapper","Lutjanus griseus",178,6
"201807231024-278","Gray Snapper","Lutjanus griseus",202,6
"201807231024-278","Gray Snapper","Lutjanus griseus",196,6
"201807231024-278","Gray Snapper","Lutjanus griseus",204,6
"201807231035-279","Spotted Seatrout","Cynoscion nebulosus",83,1
"201807231035-279","Gray Snapper","Lutjanus griseus",140,1
"201807231050-266","Gray Snapper","Lutjanus griseus",160,1
"201807231145-253","Gray Snapper","Lutjanus griseus",168,1
"201807231217-240","Gray Snapper","Lutjanus griseus",172,3
"201807231217-240","Gray Snapper","Lutjanus griseus",161,3
"201807231217-240","Gray Snapper","Lutjanus griseus",220,3
"201807231217-240","Blue Crab","Callinectes sapidus",NA,1
"201807231233-224","Gray Snapper","Lutjanus griseus",154,1
"201807231233-224","Blue Crab","Callinectes sapidus",NA,1
"201807231328-255","Gray Snapper","Lutjanus griseus",136,1
"201807231328-255","Blue Crab","Callinectes sapidus",NA,1
"201807231406-227","Gray Snapper","Lutjanus griseus",120,1
"201807231418-228","Great Barracuda","Sphyraena barracuda",132,1
"201807231431-229","Great Barracuda","Sphyraena barracuda",72,1
"201807231445-242","Gray Snapper","Lutjanus griseus",171,2
"201807231445-242","Gray Snapper","Lutjanus griseus",146,2
"201807231445-242","Caribbean Spiny Lobster","Panulirus argus",151,1
"201807231504-243","Lined Seahorse","Hippocampus erectus",120,1
"201807231546-257","Great Barracuda","Sphyraena barracuda",100,1
"201807231629-256","Caribbean Spiny Lobster","Panulirus argus",212,1
"201807240852-269","Gray Snapper","Lutjanus griseus",212,1
"201807241001-282","Spotted Seatrout","Cynoscion nebulosus",120,1
"201807241025-291","Gray Snapper","Lutjanus griseus",150,1
"201807241044-609","Gray Snapper","Lutjanus griseus",241,2
"201807241044-609","Gray Snapper","Lutjanus griseus",162,2
"201807241108-312","Spotted Seatrout","Cynoscion nebulosus",56,1
"201807241122-302","Atlantic Bay Scallop","Argopecten irradians",40,1
"201807241122-302","Gray Snapper","Lutjanus griseus",226,1
"201807241145-313","Gray Snapper","Lutjanus griseus",182,2
"201807241145-313","Gray Snapper","Lutjanus griseus",141,2
"201807241154-323","Gray Snapper","Lutjanus griseus",240,5
"201807241154-323","Gray Snapper","Lutjanus griseus",120,5
"201807241154-323","Gray Snapper","Lutjanus griseus",231,5
"201807241154-323","Gray Snapper","Lutjanus griseus",152,5
"201807241154-323","Gray Snapper","Lutjanus griseus",170,5
"201807241154-323","Great Barracuda","Sphyraena barracuda",90,1
"201807241203-324","Gray Snapper","Lutjanus griseus",152,2
"201807241203-324","Gray Snapper","Lutjanus griseus",262,2
"201807241218-315","Atlantic Spadefish","Chaetodipterus faber",153,1
"201807241229-303","Gray Snapper","Lutjanus griseus",211,1
"201807241238-304","Spotted Seatrout","Cynoscion nebulosus",60,1
"201807241238-304","Blue Crab","Callinectes sapidus",NA,1
"201807241345-404","Gray Snapper","Lutjanus griseus",212,1
"201807241425-325","Gray Snapper","Lutjanus griseus",208,2
"201807241425-325","Gray Snapper","Lutjanus griseus",148,2
"201807241523-402","Gray Snapper","Lutjanus griseus",232,1
"201807241556-618","Gray Snapper","Lutjanus griseus",206,2
"201807241556-618","Gray Snapper","Lutjanus griseus",212,2
"201807241606-621","Gray Snapper","Lutjanus griseus",211,1
"201807241624-619","Gray Snapper","Lutjanus griseus",222,1
"201807250805-168","Gray Snapper","Lutjanus griseus",171,4
"201807250805-168","Gray Snapper","Lutjanus griseus",208,4
"201807250805-168","Gray Snapper","Lutjanus griseus",134,4
"201807250805-168","Gray Snapper","Lutjanus griseus",165,4
"201807250805-168","Lane Snapper","Lutjanus synagris",84,1
"201807250830-169","Spotted Seatrout","Cynoscion nebulosus",50,4
"201807250830-169","Spotted Seatrout","Cynoscion nebulosus",53,4
"201807250830-169","Spotted Seatrout","Cynoscion nebulosus",57,4
"201807250830-169","Spotted Seatrout","Cynoscion nebulosus",146,4
"201807250830-169","Gray Snapper","Lutjanus griseus",215,7
"201807250830-169","Gray Snapper","Lutjanus griseus",253,7
"201807250830-169","Gray Snapper","Lutjanus griseus",146,7
"201807250830-169","Gray Snapper","Lutjanus griseus",226,7
"201807250830-169","Gray Snapper","Lutjanus griseus",139,7
"201807250830-169","Gray Snapper","Lutjanus griseus",151,7
"201807250830-169","Gray Snapper","Lutjanus griseus",154,7
"201807250849-173","Gray Snapper","Lutjanus griseus",151,2
"201807250849-173","Gray Snapper","Lutjanus griseus",214,2
"201807251014-133","Sheepshead","Archosargus probatocephalus",192,1
"201807251014-133","Grass Porgy","Calamus arctifrons",120,1
"201807251014-133","Barred Hamlet","Hypoplectrus puella",116,1
"201807251014-133","Hogfish","Lachnolaimus maximus",86,2
"201807251014-133","Hogfish","Lachnolaimus maximus",118,2
"201807251014-133","Gray Snapper","Lutjanus griseus",252,10
"201807251014-133","Gray Snapper","Lutjanus griseus",271,10
"201807251014-133","Gray Snapper","Lutjanus griseus",161,10
"201807251014-133","Gray Snapper","Lutjanus griseus",240,10
"201807251014-133","Gray Snapper","Lutjanus griseus",167,10
"201807251014-133","Gray Snapper","Lutjanus griseus",150,10
"201807251014-133","Gray Snapper","Lutjanus griseus",223,10
"201807251014-133","Gray Snapper","Lutjanus griseus",118,10
"201807251014-133","Gray Snapper","Lutjanus griseus",230,10
"201807251014-133","Gray Snapper","Lutjanus griseus",150,10
"201807251030-146","Sheepshead","Archosargus probatocephalus",58,2
"201807251030-146","Sheepshead","Archosargus probatocephalus",59,2
"201807251030-146","Spotted Seatrout","Cynoscion nebulosus",132,1
"201807251030-146","Gray Snapper","Lutjanus griseus",185,3
"201807251030-146","Gray Snapper","Lutjanus griseus",142,3
"201807251030-146","Gray Snapper","Lutjanus griseus",190,3
"201807251030-146","Blue Crab","Callinectes sapidus",NA,1
"201807251115-135","Spotted Seatrout","Cynoscion nebulosus",66,1
"201807251115-135","Gray Snapper","Lutjanus griseus",156,3
"201807251115-135","Gray Snapper","Lutjanus griseus",117,3
"201807251115-135","Gray Snapper","Lutjanus griseus",154,3
"201807251238-123","Grass Porgy","Calamus arctifrons",42,1
"201807251238-123","Spotted Seatrout","Cynoscion nebulosus",45,3
"201807251238-123","Spotted Seatrout","Cynoscion nebulosus",63,3
"201807251238-123","Spotted Seatrout","Cynoscion nebulosus",74,3
"201807251238-123","Gray Snapper","Lutjanus griseus",261,3
"201807251238-123","Gray Snapper","Lutjanus griseus",148,3
"201807251238-123","Gray Snapper","Lutjanus griseus",120,3
"201807251257-112","Gray Snapper","Lutjanus griseus",118,1
"201807251405-111","Grass Porgy","Calamus arctifrons",99,1
"201807251405-111","Gray Snapper","Lutjanus griseus",156,2
"201807251405-111","Gray Snapper","Lutjanus griseus",118,2
"201807251405-111","Lane Snapper","Lutjanus synagris",148,3
"201807251405-111","Lane Snapper","Lutjanus synagris",164,3
"201807251405-111","Lane Snapper","Lutjanus synagris",150,3
"201807251405-111","Caribbean Spiny Lobster","Panulirus argus",282,1
"201807251423-040","Grass Porgy","Calamus arctifrons",153,1
"201807251423-040","Gray Snapper","Lutjanus griseus",279,4
"201807251423-040","Gray Snapper","Lutjanus griseus",226,4
"201807251423-040","Gray Snapper","Lutjanus griseus",92,4
"201807251423-040","Gray Snapper","Lutjanus griseus",94,4
"201807251423-040","Lane Snapper","Lutjanus synagris",130,2
"201807251423-040","Lane Snapper","Lutjanus synagris",102,2
"201807251445-024","Gray Snapper","Lutjanus griseus",240,4
"201807251445-024","Gray Snapper","Lutjanus griseus",229,4
"201807251445-024","Gray Snapper","Lutjanus griseus",198,4
"201807251445-024","Gray Snapper","Lutjanus griseus",224,4
"201807251457-023","Grass Porgy","Calamus arctifrons",98,1
"201807251457-023","Hogfish","Lachnolaimus maximus",91,2
"201807251457-023","Hogfish","Lachnolaimus maximus",82,2
"201807251457-023","Gray Snapper","Lutjanus griseus",126,2
"201807251457-023","Gray Snapper","Lutjanus griseus",122,2
"201807251457-023","Lane Snapper","Lutjanus synagris",98,8
"201807251457-023","Lane Snapper","Lutjanus synagris",96,8
"201807251457-023","Lane Snapper","Lutjanus synagris",135,8
"201807251457-023","Lane Snapper","Lutjanus synagris",147,8
"201807251457-023","Lane Snapper","Lutjanus synagris",112,8
"201807251457-023","Lane Snapper","Lutjanus synagris",124,8
"201807251457-023","Lane Snapper","Lutjanus synagris",125,8
"201807251457-023","Lane Snapper","Lutjanus synagris",109,8
"201807251457-023","Yellowtail Snapper","Ocyurus chrysurus",52,1
"201807251529-021","Gray Snapper","Lutjanus griseus",172,3
"201807251529-021","Gray Snapper","Lutjanus griseus",178,3
"201807251529-021","Gray Snapper","Lutjanus griseus",194,3
"201807260729-073","Blue Crab","Callinectes sapidus",NA,1
"201807260742-070","Atlantic Spadefish","Chaetodipterus faber",101,2
"201807260742-070","Atlantic Spadefish","Chaetodipterus faber",103,2
"201807260742-070","Blue Crab","Callinectes sapidus",NA,1
"201807260800-156","Blue Crab","Callinectes sapidus",NA,1
"201807260828-158","Gray Snapper","Lutjanus griseus",150,31
"201807260828-158","Gray Snapper","Lutjanus griseus",160,31
"201807260828-158","Gray Snapper","Lutjanus griseus",220,31
"201807260828-158","Gray Snapper","Lutjanus griseus",232,31
"201807260828-158","Gray Snapper","Lutjanus griseus",235,31
"201807260828-158","Gray Snapper","Lutjanus griseus",229,31
"201807260828-158","Gray Snapper","Lutjanus griseus",149,31
"201807260828-158","Gray Snapper","Lutjanus griseus",129,31
"201807260828-158","Gray Snapper","Lutjanus griseus",232,31
"201807260828-158","Gray Snapper","Lutjanus griseus",171,31
"201807260828-158","Gray Snapper","Lutjanus griseus",153,31
"201807260828-158","Gray Snapper","Lutjanus griseus",146,31
"201807260828-158","Gray Snapper","Lutjanus griseus",154,31
"201807260828-158","Gray Snapper","Lutjanus griseus",165,31
"201807260828-158","Gray Snapper","Lutjanus griseus",132,31
"201807260828-158","Gray Snapper","Lutjanus griseus",172,31
"201807260828-158","Gray Snapper","Lutjanus griseus",167,31
"201807260828-158","Gray Snapper","Lutjanus griseus",262,31
"201807260828-158","Gray Snapper","Lutjanus griseus",248,31
"201807260828-158","Gray Snapper","Lutjanus griseus",192,31
"201807260828-158","Gray Snapper","Lutjanus griseus",136,31
"201807260828-158","Gray Snapper","Lutjanus griseus",142,31
"201807260828-158","Gray Snapper","Lutjanus griseus",171,31
"201807260828-158","Gray Snapper","Lutjanus griseus",154,31
"201807260828-158","Gray Snapper","Lutjanus griseus",184,31
"201807260828-158","Gray Snapper","Lutjanus griseus",148,31
"201807260828-158","Gray Snapper","Lutjanus griseus",150,31
"201807260828-158","Gray Snapper","Lutjanus griseus",136,31
"201807260828-158","Gray Snapper","Lutjanus griseus",141,31
"201807260828-158","Gray Snapper","Lutjanus griseus",54,31
"201807260828-158","Gray Snapper","Lutjanus griseus",171,31
"201807260828-158","Blue Crab","Callinectes sapidus",NA,1
"201808211012-237","Gray Snapper","Lutjanus griseus",230,1
"201808211012-237","Blue Crab","Callinectes sapidus",NA,1
"201808211037-265","Hogchoker","Trinectes maculatus",89,1
"201808211107-279","Spotted Seatrout","Cynoscion nebulosus",42,13
"201808211107-279","Spotted Seatrout","Cynoscion nebulosus",48,13
"201808211107-279","Spotted Seatrout","Cynoscion nebulosus",50,13
"201808211107-279","Spotted Seatrout","Cynoscion nebulosus",55,13
"201808211107-279","Spotted Seatrout","Cynoscion nebulosus",58,13
"201808211107-279","Spotted Seatrout","Cynoscion nebulosus",64,13
"201808211107-279","Spotted Seatrout","Cynoscion nebulosus",100,13
"201808211107-279","Spotted Seatrout","Cynoscion nebulosus",101,13
"201808211107-279","Spotted Seatrout","Cynoscion nebulosus",101,13
"201808211107-279","Spotted Seatrout","Cynoscion nebulosus",103,13
"201808211107-279","Spotted Seatrout","Cynoscion nebulosus",103,13
"201808211107-279","Spotted Seatrout","Cynoscion nebulosus",107,13
"201808211107-279","Spotted Seatrout","Cynoscion nebulosus",126,13
"201808211107-279","Gray Snapper","Lutjanus griseus",142,2
"201808211107-279","Gray Snapper","Lutjanus griseus",193,2
"201808211131-266","Spotted Seatrout","Cynoscion nebulosus",20,2
"201808211131-266","Spotted Seatrout","Cynoscion nebulosus",44,2
"201808211131-266","Gray Snapper","Lutjanus griseus",190,1
"201808211152-280","Spotted Seatrout","Cynoscion nebulosus",86,1
"201808211152-280","Gray Snapper","Lutjanus griseus",228,2
"201808211152-280","Gray Snapper","Lutjanus griseus",152,2
"201808211207-267","Gray Snapper","Lutjanus griseus",186,4
"201808211207-267","Gray Snapper","Lutjanus griseus",181,4
"201808211207-267","Gray Snapper","Lutjanus griseus",171,4
"201808211207-267","Gray Snapper","Lutjanus griseus",181,4
"201808211207-267","Great Barracuda","Sphyraena barracuda",81,1
"201808211223-255","Spotted Seatrout","Cynoscion nebulosus",116,1
"201808211223-255","Gray Snapper","Lutjanus griseus",156,2
"201808211223-255","Gray Snapper","Lutjanus griseus",124,2
"201808211223-255","Blue Crab","Callinectes sapidus",NA,1
"201808211236-254","Spotted Seatrout","Cynoscion nebulosus",88,1
"201808211236-254","Gray Snapper","Lutjanus griseus",141,2
"201808211236-254","Gray Snapper","Lutjanus griseus",172,2
"201808211253-253","Gray Snapper","Lutjanus griseus",251,2
"201808211253-253","Gray Snapper","Lutjanus griseus",200,2
"201808211310-239","Gray Snapper","Lutjanus griseus",178,1
"201808211310-239","Hogchoker","Trinectes maculatus",258,1
"201808211340-225","Gray Snapper","Lutjanus griseus",159,2
"201808211340-225","Gray Snapper","Lutjanus griseus",152,2
"201808211350-226","Gray Snapper","Lutjanus griseus",190,2
"201808211350-226","Gray Snapper","Lutjanus griseus",165,2
"201808211451-228","Gray Snapper","Lutjanus griseus",154,1
"201808211451-228","Great Barracuda","Sphyraena barracuda",66,1
"201808211451-228","Blue Crab","Callinectes sapidus",NA,1
"201808211524-242","Gray Snapper","Lutjanus griseus",168,4
"201808211524-242","Gray Snapper","Lutjanus griseus",170,4
"201808211524-242","Gray Snapper","Lutjanus griseus",174,4
"201808211524-242","Gray Snapper","Lutjanus griseus",150,4
"201808211547-243","Blue Crab","Callinectes sapidus",NA,1
"201808211600-244","Blue Crab","Callinectes sapidus",NA,1
"201808211630-257","Gray Snapper","Lutjanus griseus",151,1
"201808211640-270","Great Barracuda","Sphyraena barracuda",95,1
"201808211741-282","Gray Snapper","Lutjanus griseus",156,1
"201808211741-282","Great Barracuda","Sphyraena barracuda",178,1
"201808211759-268","Spotted Seatrout","Cynoscion nebulosus",61,2
"201808211759-268","Spotted Seatrout","Cynoscion nebulosus",168,2
"201808211759-268","Gray Snapper","Lutjanus griseus",166,3
"201808211759-268","Gray Snapper","Lutjanus griseus",164,3
"201808211759-268","Gray Snapper","Lutjanus griseus",120,3
"201808211759-268","Great Barracuda","Sphyraena barracuda",86,1
"201808230845-292","Great Barracuda","Sphyraena barracuda",52,1
"201808230911-290","Gray Snapper","Lutjanus griseus",239,2
"201808230911-290","Gray Snapper","Lutjanus griseus",241,2
"201808230921-609","Spotted Seatrout","Cynoscion nebulosus",35,1
"201808230921-609","Great Barracuda","Sphyraena barracuda",176,1
"201808230943-301","Gray Snapper","Lutjanus griseus",194,1
"201808230954-302","Gray Snapper","Lutjanus griseus",156,1
"201808231010-314","Gray Snapper","Lutjanus griseus",245,4
"201808231010-314","Gray Snapper","Lutjanus griseus",172,4
"201808231010-314","Gray Snapper","Lutjanus griseus",196,4
"201808231010-314","Gray Snapper","Lutjanus griseus",231,4
"201808231021-313","Spotted Seatrout","Cynoscion nebulosus",29,1
"201808231021-313","Gray Snapper","Lutjanus griseus",168,6
"201808231021-313","Gray Snapper","Lutjanus griseus",164,6
"201808231021-313","Gray Snapper","Lutjanus griseus",165,6
"201808231021-313","Gray Snapper","Lutjanus griseus",173,6
"201808231021-313","Gray Snapper","Lutjanus griseus",155,6
"201808231021-313","Gray Snapper","Lutjanus griseus",164,6
"201808231043-324","Gray Snapper","Lutjanus griseus",150,2
"201808231043-324","Gray Snapper","Lutjanus griseus",170,2
"201808231102-304","Great Barracuda","Sphyraena barracuda",184,2
"201808231102-304","Great Barracuda","Sphyraena barracuda",119,2
"201808231211-402","Gray Snapper","Lutjanus griseus",174,1
"201808231211-402","Great Barracuda","Sphyraena barracuda",80,2
"201808231211-402","Great Barracuda","Sphyraena barracuda",180,2
"201808231330-619","Spotted Seatrout","Cynoscion nebulosus",131,1
"201808231340-616","Gray Snapper","Lutjanus griseus",229,1
"201808231340-616","Great Barracuda","Sphyraena barracuda",96,1
"201808231610-073","Atlantic Spadefish","Chaetodipterus faber",110,2
"201808231610-073","Atlantic Spadefish","Chaetodipterus faber",142,2
"201808231639-156","Lookdown","Selene vomer",98,1
"201808231705-169","Spotted Seatrout","Cynoscion nebulosus",31,5
"201808231705-169","Spotted Seatrout","Cynoscion nebulosus",58,5
"201808231705-169","Spotted Seatrout","Cynoscion nebulosus",68,5
"201808231705-169","Spotted Seatrout","Cynoscion nebulosus",72,5
"201808231705-169","Spotted Seatrout","Cynoscion nebulosus",106,5
"201808231705-169","Gray Snapper","Lutjanus griseus",152,7
"201808231705-169","Gray Snapper","Lutjanus griseus",162,7
"201808231705-169","Gray Snapper","Lutjanus griseus",157,7
"201808231705-169","Gray Snapper","Lutjanus griseus",31,7
"201808231705-169","Gray Snapper","Lutjanus griseus",160,7
"201808231705-169","Gray Snapper","Lutjanus griseus",201,7
"201808231705-169","Gray Snapper","Lutjanus griseus",140,7
"201808231705-169","Lane Snapper","Lutjanus synagris",46,8
"201808231705-169","Lane Snapper","Lutjanus synagris",37,8
"201808231705-169","Lane Snapper","Lutjanus synagris",65,8
"201808231705-169","Lane Snapper","Lutjanus synagris",66,8
"201808231705-169","Lane Snapper","Lutjanus synagris",52,8
"201808231705-169","Lane Snapper","Lutjanus synagris",32,8
"201808231705-169","Lane Snapper","Lutjanus synagris",44,8
"201808231705-169","Lane Snapper","Lutjanus synagris",46,8
"201808240743-070","Lane Snapper","Lutjanus synagris",68,2
"201808240743-070","Lane Snapper","Lutjanus synagris",65,2
"201808240802-168","Spotted Seatrout","Cynoscion nebulosus",23,12
"201808240802-168","Spotted Seatrout","Cynoscion nebulosus",24,12
"201808240802-168","Spotted Seatrout","Cynoscion nebulosus",24,12
"201808240802-168","Spotted Seatrout","Cynoscion nebulosus",27,12
"201808240802-168","Spotted Seatrout","Cynoscion nebulosus",30,12
"201808240802-168","Spotted Seatrout","Cynoscion nebulosus",30,12
"201808240802-168","Spotted Seatrout","Cynoscion nebulosus",30,12
"201808240802-168","Spotted Seatrout","Cynoscion nebulosus",31,12
"201808240802-168","Spotted Seatrout","Cynoscion nebulosus",31,12
"201808240802-168","Spotted Seatrout","Cynoscion nebulosus",32,12
"201808240802-168","Spotted Seatrout","Cynoscion nebulosus",32,12
"201808240802-168","Spotted Seatrout","Cynoscion nebulosus",36,12
"201808240802-168","Gray Snapper","Lutjanus griseus",180,8
"201808240802-168","Gray Snapper","Lutjanus griseus",204,8
"201808240802-168","Gray Snapper","Lutjanus griseus",178,8
"201808240802-168","Gray Snapper","Lutjanus griseus",158,8
"201808240802-168","Gray Snapper","Lutjanus griseus",235,8
"201808240802-168","Gray Snapper","Lutjanus griseus",124,8
"201808240802-168","Gray Snapper","Lutjanus griseus",162,8
"201808240802-168","Gray Snapper","Lutjanus griseus",165,8
"201808240802-168","Lane Snapper","Lutjanus synagris",40,20
"201808240802-168","Lane Snapper","Lutjanus synagris",58,20
"201808240802-168","Lane Snapper","Lutjanus synagris",31,20
"201808240802-168","Lane Snapper","Lutjanus synagris",74,20
"201808240802-168","Lane Snapper","Lutjanus synagris",71,20
"201808240802-168","Lane Snapper","Lutjanus synagris",38,20
"201808240802-168","Lane Snapper","Lutjanus synagris",58,20
"201808240802-168","Lane Snapper","Lutjanus synagris",34,20
"201808240802-168","Lane Snapper","Lutjanus synagris",34,20
"201808240802-168","Lane Snapper","Lutjanus synagris",30,20
"201808240802-168","Lane Snapper","Lutjanus synagris",34,20
"201808240802-168","Lane Snapper","Lutjanus synagris",32,20
"201808240802-168","Lane Snapper","Lutjanus synagris",144,20
"201808240802-168","Lane Snapper","Lutjanus synagris",61,20
"201808240802-168","Lane Snapper","Lutjanus synagris",38,20
"201808240802-168","Lane Snapper","Lutjanus synagris",31,20
"201808240802-168","Lane Snapper","Lutjanus synagris",42,20
"201808240802-168","Lane Snapper","Lutjanus synagris",41,20
"201808240802-168","Lane Snapper","Lutjanus synagris",32,20
"201808240802-168","Lane Snapper","Lutjanus synagris",38,20
"201808240840-173","Spotted Seatrout","Cynoscion nebulosus",23,1
"201808240840-173","Gray Snapper","Lutjanus griseus",168,13
"201808240840-173","Gray Snapper","Lutjanus griseus",164,13
"201808240840-173","Gray Snapper","Lutjanus griseus",189,13
"201808240840-173","Gray Snapper","Lutjanus griseus",205,13
"201808240840-173","Gray Snapper","Lutjanus griseus",130,13
"201808240840-173","Gray Snapper","Lutjanus griseus",162,13
"201808240840-173","Gray Snapper","Lutjanus griseus",140,13
"201808240840-173","Gray Snapper","Lutjanus griseus",162,13
"201808240840-173","Gray Snapper","Lutjanus griseus",235,13
"201808240840-173","Gray Snapper","Lutjanus griseus",192,13
"201808240840-173","Gray Snapper","Lutjanus griseus",262,13
"201808240840-173","Gray Snapper","Lutjanus griseus",162,13
"201808240840-173","Gray Snapper","Lutjanus griseus",173,13
"201808240840-173","Lane Snapper","Lutjanus synagris",40,1
"201808240840-173","Great Barracuda","Sphyraena barracuda",191,1
"201808240904-175","Blue Crab","Callinectes sapidus",NA,1
"201808241046-145","Gray Snapper","Lutjanus griseus",176,4
"201808241046-145","Gray Snapper","Lutjanus griseus",154,4
"201808241046-145","Gray Snapper","Lutjanus griseus",138,4
"201808241046-145","Gray Snapper","Lutjanus griseus",230,4
"201808241057-146","Sheepshead","Archosargus probatocephalus",69,1
"201808241057-146","Gray Snapper","Lutjanus griseus",33,5
"201808241057-146","Gray Snapper","Lutjanus griseus",193,5
"201808241057-146","Gray Snapper","Lutjanus griseus",154,5
"201808241057-146","Gray Snapper","Lutjanus griseus",128,5
"201808241057-146","Gray Snapper","Lutjanus griseus",139,5
"201808241057-146","Great Barracuda","Sphyraena barracuda",64,1
"201808241114-147","Sheepshead","Archosargus probatocephalus",114,1
"201808241114-147","Gray Snapper","Lutjanus griseus",212,2
"201808241114-147","Gray Snapper","Lutjanus griseus",139,2
"201808241126-135","Grass Porgy","Calamus arctifrons",70,2
"201808241126-135","Grass Porgy","Calamus arctifrons",141,2
"201808241126-135","Gray Snapper","Lutjanus griseus",156,10
"201808241126-135","Gray Snapper","Lutjanus griseus",151,10
"201808241126-135","Gray Snapper","Lutjanus griseus",124,10
"201808241126-135","Gray Snapper","Lutjanus griseus",132,10
"201808241126-135","Gray Snapper","Lutjanus griseus",135,10
"201808241126-135","Gray Snapper","Lutjanus griseus",227,10
"201808241126-135","Gray Snapper","Lutjanus griseus",158,10
"201808241126-135","Gray Snapper","Lutjanus griseus",140,10
"201808241126-135","Gray Snapper","Lutjanus griseus",127,10
"201808241126-135","Gray Snapper","Lutjanus griseus",128,10
"201808241126-135","Great Barracuda","Sphyraena barracuda",194,1
"201808241143-122","Spotted Seatrout","Cynoscion nebulosus",59,1
"201808241143-122","Gray Snapper","Lutjanus griseus",22,3
"201808241143-122","Gray Snapper","Lutjanus griseus",158,3
"201808241143-122","Gray Snapper","Lutjanus griseus",145,3
"201808241143-122","Lane Snapper","Lutjanus synagris",80,2
"201808241143-122","Lane Snapper","Lutjanus synagris",70,2
"201808241154-123","Spotted Seatrout","Cynoscion nebulosus",101,1
"201808241154-123","Lined Seahorse","Hippocampus erectus",128,1
"201808241154-123","Gray Snapper","Lutjanus griseus",124,3
"201808241154-123","Gray Snapper","Lutjanus griseus",139,3
"201808241154-123","Gray Snapper","Lutjanus griseus",69,3
"201808241154-123","Lane Snapper","Lutjanus synagris",54,6
"201808241154-123","Lane Snapper","Lutjanus synagris",60,6
"201808241154-123","Lane Snapper","Lutjanus synagris",72,6
"201808241154-123","Lane Snapper","Lutjanus synagris",41,6
"201808241154-123","Lane Snapper","Lutjanus synagris",55,6
"201808241154-123","Lane Snapper","Lutjanus synagris",45,6
"201808241154-123","Great Barracuda","Sphyraena barracuda",182,1
"201808241217-112","Spotted Seatrout","Cynoscion nebulosus",33,1
"201808241217-112","Lane Snapper","Lutjanus synagris",78,5
"201808241217-112","Lane Snapper","Lutjanus synagris",46,5
"201808241217-112","Lane Snapper","Lutjanus synagris",65,5
"201808241217-112","Lane Snapper","Lutjanus synagris",60,5
"201808241217-112","Lane Snapper","Lutjanus synagris",72,5
"201808241417-024","Gray Snapper","Lutjanus griseus",120,5
"201808241417-024","Gray Snapper","Lutjanus griseus",170,5
"201808241417-024","Gray Snapper","Lutjanus griseus",130,5
"201808241417-024","Gray Snapper","Lutjanus griseus",154,5
"201808241417-024","Gray Snapper","Lutjanus griseus",130,5
"201808241417-024","Lane Snapper","Lutjanus synagris",70,5
"201808241417-024","Lane Snapper","Lutjanus synagris",64,5
"201808241417-024","Lane Snapper","Lutjanus synagris",70,5
"201808241417-024","Lane Snapper","Lutjanus synagris",71,5
"201808241417-024","Lane Snapper","Lutjanus synagris",70,5
"201808241417-024","Great Barracuda","Sphyraena barracuda",70,1
"201808241440-022","Gray Snapper","Lutjanus griseus",148,1
"201809151031-266","Gray Snapper","Lutjanus griseus",210,3
"201809151031-266","Gray Snapper","Lutjanus griseus",154,3
"201809151031-266","Gray Snapper","Lutjanus griseus",192,3
"201809151111-279","Atlantic Spadefish","Chaetodipterus faber",144,1
"201809151111-279","Spotted Seatrout","Cynoscion nebulosus",47,5
"201809151111-279","Spotted Seatrout","Cynoscion nebulosus",55,5
"201809151111-279","Spotted Seatrout","Cynoscion nebulosus",71,5
"201809151111-279","Spotted Seatrout","Cynoscion nebulosus",120,5
"201809151111-279","Spotted Seatrout","Cynoscion nebulosus",139,5
"201809151111-279","Gray Snapper","Lutjanus griseus",229,7
"201809151111-279","Gray Snapper","Lutjanus griseus",190,7
"201809151111-279","Gray Snapper","Lutjanus griseus",78,7
"201809151111-279","Gray Snapper","Lutjanus griseus",245,7
"201809151111-279","Gray Snapper","Lutjanus griseus",218,7
"201809151111-279","Gray Snapper","Lutjanus griseus",208,7
"201809151111-279","Gray Snapper","Lutjanus griseus",170,7
"201809151127-280","Gray Snapper","Lutjanus griseus",184,7
"201809151127-280","Gray Snapper","Lutjanus griseus",178,7
"201809151127-280","Gray Snapper","Lutjanus griseus",150,7
"201809151127-280","Gray Snapper","Lutjanus griseus",152,7
"201809151127-280","Gray Snapper","Lutjanus griseus",160,7
"201809151127-280","Gray Snapper","Lutjanus griseus",162,7
"201809151127-280","Gray Snapper","Lutjanus griseus",134,7
"201809151140-267","Sheepshead","Archosargus probatocephalus",90,1
"201809151140-267","Spotted Seatrout","Cynoscion nebulosus",68,3
"201809151140-267","Spotted Seatrout","Cynoscion nebulosus",84,3
"201809151140-267","Spotted Seatrout","Cynoscion nebulosus",165,3
"201809151140-267","Gray Snapper","Lutjanus griseus",220,2
"201809151140-267","Gray Snapper","Lutjanus griseus",170,2
"201809151155-255","Spotted Seatrout","Cynoscion nebulosus",149,1
"201809151155-255","Gray Snapper","Lutjanus griseus",223,2
"201809151155-255","Gray Snapper","Lutjanus griseus",142,2
"201809151155-255","Great Barracuda","Sphyraena barracuda",143,2
"201809151155-255","Great Barracuda","Sphyraena barracuda",219,2
"201809151207-254","Great Barracuda","Sphyraena barracuda",101,1
"201809151226-239","Spotted Seatrout","Cynoscion nebulosus",31,4
"201809151226-239","Spotted Seatrout","Cynoscion nebulosus",33,4
"201809151226-239","Spotted Seatrout","Cynoscion nebulosus",58,4
"201809151226-239","Spotted Seatrout","Cynoscion nebulosus",64,4
"201809151226-239","Gray Snapper","Lutjanus griseus",184,1
"201809151239-240","Spotted Seatrout","Cynoscion nebulosus",36,3
"201809151239-240","Spotted Seatrout","Cynoscion nebulosus",51,3
"201809151239-240","Spotted Seatrout","Cynoscion nebulosus",68,3
"201809151239-240","Gray Snapper","Lutjanus griseus",179,3
"201809151239-240","Gray Snapper","Lutjanus griseus",167,3
"201809151239-240","Gray Snapper","Lutjanus griseus",42,3
"201809151252-225","Gray Snapper","Lutjanus griseus",225,1
"201809151303-224","Gray Snapper","Lutjanus griseus",225,1
"201809151351-227","Gray Snapper","Lutjanus griseus",143,1
"201809151401-228","Gray Snapper","Lutjanus griseus",161,2
"201809151401-228","Gray Snapper","Lutjanus griseus",150,2
"201809151401-228","Great Barracuda","Sphyraena barracuda",110,2
"201809151401-228","Great Barracuda","Sphyraena barracuda",81,2
"201809151415-229","Gray Snapper","Lutjanus griseus",160,5
"201809151415-229","Gray Snapper","Lutjanus griseus",138,5
"201809151415-229","Gray Snapper","Lutjanus griseus",125,5
"201809151415-229","Gray Snapper","Lutjanus griseus",131,5
"201809151415-229","Gray Snapper","Lutjanus griseus",134,5
"201809151415-229","Great Barracuda","Sphyraena barracuda",76,2
"201809151415-229","Great Barracuda","Sphyraena barracuda",50,2
"201809151428-242","Caribbean Spiny Lobster","Panulirus argus",152,1
"201809151440-243","Gray Snapper","Lutjanus griseus",160,2
"201809151440-243","Gray Snapper","Lutjanus griseus",237,2
"201809151440-243","Great Barracuda","Sphyraena barracuda",94,2
"201809151440-243","Great Barracuda","Sphyraena barracuda",78,2
"201809151451-244","Gray Snapper","Lutjanus griseus",138,1
"201809151451-244","Great Barracuda","Sphyraena barracuda",201,2
"201809151451-244","Great Barracuda","Sphyraena barracuda",180,2
"201809151531-257","Gray Snapper","Lutjanus griseus",152,1
"201809151531-257","Caribbean Spiny Lobster","Panulirus argus",138,1
"201809151531-257","Great Barracuda","Sphyraena barracuda",70,1
"201809151543-270","Spotted Seatrout","Cynoscion nebulosus",43,1
"201809151543-270","Gray Snapper","Lutjanus griseus",160,2
"201809151543-270","Gray Snapper","Lutjanus griseus",146,2
"201809151543-270","Great Barracuda","Sphyraena barracuda",96,1
"201809151557-284","Spotted Seatrout","Cynoscion nebulosus",177,1
"201809151557-284","Gray Snapper","Lutjanus griseus",142,1
"201809151557-284","Great Barracuda","Sphyraena barracuda",83,2
"201809151557-284","Great Barracuda","Sphyraena barracuda",87,2
"201809151607-294","Gray Snapper","Lutjanus griseus",179,5
"201809151607-294","Gray Snapper","Lutjanus griseus",162,5
"201809151607-294","Gray Snapper","Lutjanus griseus",178,5
"201809151607-294","Gray Snapper","Lutjanus griseus",180,5
"201809151607-294","Gray Snapper","Lutjanus griseus",167,5
"201809151607-294","Great Barracuda","Sphyraena barracuda",84,1
"201809151618-283","Spotted Seatrout","Cynoscion nebulosus",149,1
"201809151618-283","Gray Snapper","Lutjanus griseus",62,1
"201809151618-283","Great Barracuda","Sphyraena barracuda",68,1
"201809160931-269","Spotted Seatrout","Cynoscion nebulosus",111,2
"201809160931-269","Spotted Seatrout","Cynoscion nebulosus",143,2
"201809160931-269","Gray Snapper","Lutjanus griseus",142,2
"201809160931-269","Gray Snapper","Lutjanus griseus",190,2
"201809160931-269","Great Barracuda","Sphyraena barracuda",179,2
"201809160931-269","Great Barracuda","Sphyraena barracuda",78,2
"201809160943-268","Gray Snapper","Lutjanus griseus",172,2
"201809160943-268","Gray Snapper","Lutjanus griseus",189,2
"201809160955-292","Gray Snapper","Lutjanus griseus",172,2
"201809160955-292","Gray Snapper","Lutjanus griseus",145,2
"201809160955-292","Great Barracuda","Sphyraena barracuda",111,2
"201809160955-292","Great Barracuda","Sphyraena barracuda",117,2
"201809161012-291","Spotted Seatrout","Cynoscion nebulosus",63,4
"201809161012-291","Spotted Seatrout","Cynoscion nebulosus",66,4
"201809161012-291","Spotted Seatrout","Cynoscion nebulosus",117,4
"201809161012-291","Spotted Seatrout","Cynoscion nebulosus",162,4
"201809161012-291","Gray Snapper","Lutjanus griseus",160,3
"201809161012-291","Gray Snapper","Lutjanus griseus",142,3
"201809161012-291","Gray Snapper","Lutjanus griseus",171,3
"201809161025-290","Spotted Seatrout","Cynoscion nebulosus",33,1
"201809161025-290","Gray Snapper","Lutjanus griseus",168,2
"201809161025-290","Gray Snapper","Lutjanus griseus",271,2
"201809161035-609","Spotted Seatrout","Cynoscion nebulosus",37,1
"201809161035-609","Gray Snapper","Lutjanus griseus",271,1
"201809161057-301","Gray Snapper","Lutjanus griseus",252,2
"201809161057-301","Gray Snapper","Lutjanus griseus",162,2
"201809161108-302","Gray Snapper","Lutjanus griseus",172,2
"201809161108-302","Gray Snapper","Lutjanus griseus",139,2
"201809161130-304","Spotted Seatrout","Cynoscion nebulosus",60,1
"201809161130-304","Gray Snapper","Lutjanus griseus",210,9
"201809161130-304","Gray Snapper","Lutjanus griseus",151,9
"201809161130-304","Gray Snapper","Lutjanus griseus",229,9
"201809161130-304","Gray Snapper","Lutjanus griseus",120,9
"201809161130-304","Gray Snapper","Lutjanus griseus",141,9
"201809161130-304","Gray Snapper","Lutjanus griseus",165,9
"201809161130-304","Gray Snapper","Lutjanus griseus",143,9
"201809161130-304","Gray Snapper","Lutjanus griseus",121,9
"201809161130-304","Gray Snapper","Lutjanus griseus",110,9
"201809161130-304","Great Barracuda","Sphyraena barracuda",171,1
"201809161143-315","Spotted Seatrout","Cynoscion nebulosus",152,1
"201809161143-315","Gray Snapper","Lutjanus griseus",158,1
"201809161143-315","Great Barracuda","Sphyraena barracuda",152,1
"201809161156-314","Gray Snapper","Lutjanus griseus",152,1
"201809161218-313","Gray Snapper","Lutjanus griseus",190,2
"201809161218-313","Gray Snapper","Lutjanus griseus",159,2
"201809161424-622","Spotted Seatrout","Cynoscion nebulosus",79,1
"201809161451-407","Gray Snapper","Lutjanus griseus",164,1
"201809161500-408","Gray Snapper","Lutjanus griseus",160,1
"201809161515-402","Gray Snapper","Lutjanus griseus",181,1
"201809171017-158","Spotted Seatrout","Cynoscion nebulosus",24,4
"201809171017-158","Spotted Seatrout","Cynoscion nebulosus",24,4
"201809171017-158","Spotted Seatrout","Cynoscion nebulosus",28,4
"201809171017-158","Spotted Seatrout","Cynoscion nebulosus",35,4
"201809171017-158","Gray Snapper","Lutjanus griseus",165,3
"201809171017-158","Gray Snapper","Lutjanus griseus",167,3
"201809171017-158","Gray Snapper","Lutjanus griseus",170,3
"201809171017-158","Lane Snapper","Lutjanus synagris",58,1
"201809171031-168","Gray Snapper","Lutjanus griseus",248,6
"201809171031-168","Gray Snapper","Lutjanus griseus",204,6
"201809171031-168","Gray Snapper","Lutjanus griseus",211,6
"201809171031-168","Gray Snapper","Lutjanus griseus",182,6
"201809171031-168","Gray Snapper","Lutjanus griseus",163,6
"201809171031-168","Gray Snapper","Lutjanus griseus",187,6
"201809171046-169","Gray Snapper","Lutjanus griseus",168,11
"201809171046-169","Gray Snapper","Lutjanus griseus",154,11
"201809171046-169","Gray Snapper","Lutjanus griseus",141,11
"201809171046-169","Gray Snapper","Lutjanus griseus",179,11
"201809171046-169","Gray Snapper","Lutjanus griseus",162,11
"201809171046-169","Gray Snapper","Lutjanus griseus",174,11
"201809171046-169","Gray Snapper","Lutjanus griseus",167,11
"201809171046-169","Gray Snapper","Lutjanus griseus",170,11
"201809171046-169","Gray Snapper","Lutjanus griseus",186,11
"201809171046-169","Gray Snapper","Lutjanus griseus",132,11
"201809171046-169","Gray Snapper","Lutjanus griseus",136,11
"201809171046-169","Mutton Snapper","Lutjanus analis",144,1
"201809171046-169","Lane Snapper","Lutjanus synagris",185,4
"201809171046-169","Lane Snapper","Lutjanus synagris",60,4
"201809171046-169","Lane Snapper","Lutjanus synagris",171,4
"201809171046-169","Lane Snapper","Lutjanus synagris",62,4
"201809171104-173","Gray Snapper","Lutjanus griseus",184,7
"201809171104-173","Gray Snapper","Lutjanus griseus",170,7
"201809171104-173","Gray Snapper","Lutjanus griseus",168,7
"201809171104-173","Gray Snapper","Lutjanus griseus",151,7
"201809171104-173","Gray Snapper","Lutjanus griseus",164,7
"201809171104-173","Gray Snapper","Lutjanus griseus",190,7
"201809171104-173","Gray Snapper","Lutjanus griseus",174,7
"201809171104-173","Lane Snapper","Lutjanus synagris",102,2
"201809171104-173","Lane Snapper","Lutjanus synagris",82,2
"201809171118-176","Spotted Seatrout","Cynoscion nebulosus",40,1
"201809171118-176","Gray Snapper","Lutjanus griseus",178,5
"201809171118-176","Gray Snapper","Lutjanus griseus",248,5
"201809171118-176","Gray Snapper","Lutjanus griseus",211,5
"201809171118-176","Gray Snapper","Lutjanus griseus",198,5
"201809171118-176","Gray Snapper","Lutjanus griseus",195,5
"201809171118-176","Lane Snapper","Lutjanus synagris",56,1
"201809171331-145","Gray Snapper","Lutjanus griseus",278,2
"201809171331-145","Gray Snapper","Lutjanus griseus",155,2
"201809171331-145","Lane Snapper","Lutjanus synagris",62,1
"201809171340-133","Spotted Seatrout","Cynoscion nebulosus",35,2
"201809171340-133","Spotted Seatrout","Cynoscion nebulosus",62,2
"201809171340-133","Gray Snapper","Lutjanus griseus",255,21
"201809171340-133","Gray Snapper","Lutjanus griseus",243,21
"201809171340-133","Gray Snapper","Lutjanus griseus",134,21
"201809171340-133","Gray Snapper","Lutjanus griseus",240,21
"201809171340-133","Gray Snapper","Lutjanus griseus",130,21
"201809171340-133","Gray Snapper","Lutjanus griseus",249,21
"201809171340-133","Gray Snapper","Lutjanus griseus",151,21
"201809171340-133","Gray Snapper","Lutjanus griseus",150,21
"201809171340-133","Gray Snapper","Lutjanus griseus",80,21
"201809171340-133","Gray Snapper","Lutjanus griseus",170,21
"201809171340-133","Gray Snapper","Lutjanus griseus",299,21
"201809171340-133","Gray Snapper","Lutjanus griseus",143,21
"201809171340-133","Gray Snapper","Lutjanus griseus",156,21
"201809171340-133","Gray Snapper","Lutjanus griseus",144,21
"201809171340-133","Gray Snapper","Lutjanus griseus",166,21
"201809171340-133","Gray Snapper","Lutjanus griseus",148,21
"201809171340-133","Gray Snapper","Lutjanus griseus",171,21
"201809171340-133","Gray Snapper","Lutjanus griseus",162,21
"201809171340-133","Gray Snapper","Lutjanus griseus",174,21
"201809171340-133","Gray Snapper","Lutjanus griseus",154,21
"201809171340-133","Gray Snapper","Lutjanus griseus",143,21
"201809171340-133","Lane Snapper","Lutjanus synagris",52,5
"201809171340-133","Lane Snapper","Lutjanus synagris",78,5
"201809171340-133","Lane Snapper","Lutjanus synagris",55,5
"201809171340-133","Lane Snapper","Lutjanus synagris",207,5
"201809171340-133","Lane Snapper","Lutjanus synagris",64,5
"201809171356-134","Spotted Seatrout","Cynoscion nebulosus",38,1
"201809171356-134","Gray Snapper","Lutjanus griseus",168,13
"201809171356-134","Gray Snapper","Lutjanus griseus",136,13
"201809171356-134","Gray Snapper","Lutjanus griseus",213,13
"201809171356-134","Gray Snapper","Lutjanus griseus",170,13
"201809171356-134","Gray Snapper","Lutjanus griseus",129,13
"201809171356-134","Gray Snapper","Lutjanus griseus",133,13
"201809171356-134","Gray Snapper","Lutjanus griseus",144,13
"201809171356-134","Gray Snapper","Lutjanus griseus",157,13
"201809171356-134","Gray Snapper","Lutjanus griseus",174,13
"201809171356-134","Gray Snapper","Lutjanus griseus",180,13
"201809171356-134","Gray Snapper","Lutjanus griseus",84,13
"201809171356-134","Gray Snapper","Lutjanus griseus",136,13
"201809171356-134","Gray Snapper","Lutjanus griseus",169,13
"201809171356-134","Lane Snapper","Lutjanus synagris",82,1
"201809171412-146","Atlantic Spadefish","Chaetodipterus faber",120,4
"201809171412-146","Atlantic Spadefish","Chaetodipterus faber",112,4
"201809171412-146","Atlantic Spadefish","Chaetodipterus faber",92,4
"201809171412-146","Atlantic Spadefish","Chaetodipterus faber",113,4
"201809171412-146","Hogfish","Lachnolaimus maximus",118,1
"201809171412-146","Gray Snapper","Lutjanus griseus",241,60
"201809171412-146","Gray Snapper","Lutjanus griseus",235,60
"201809171412-146","Gray Snapper","Lutjanus griseus",291,60
"201809171412-146","Gray Snapper","Lutjanus griseus",152,60
"201809171412-146","Gray Snapper","Lutjanus griseus",209,60
"201809171412-146","Gray Snapper","Lutjanus griseus",254,60
"201809171412-146","Gray Snapper","Lutjanus griseus",186,60
"201809171412-146","Gray Snapper","Lutjanus griseus",192,60
"201809171412-146","Gray Snapper","Lutjanus griseus",213,60
"201809171412-146","Gray Snapper","Lutjanus griseus",212,60
"201809171412-146","Gray Snapper","Lutjanus griseus",157,60
"201809171412-146","Gray Snapper","Lutjanus griseus",155,60
"201809171412-146","Gray Snapper","Lutjanus griseus",131,60
"201809171412-146","Gray Snapper","Lutjanus griseus",219,60
"201809171412-146","Gray Snapper","Lutjanus griseus",184,60
"201809171412-146","Gray Snapper","Lutjanus griseus",186,60
"201809171412-146","Gray Snapper","Lutjanus griseus",182,60
"201809171412-146","Gray Snapper","Lutjanus griseus",171,60
"201809171412-146","Gray Snapper","Lutjanus griseus",191,60
"201809171412-146","Gray Snapper","Lutjanus griseus",233,60
"201809171412-146","Gray Snapper","Lutjanus griseus",252,60
"201809171412-146","Gray Snapper","Lutjanus griseus",258,60
"201809171412-146","Gray Snapper","Lutjanus griseus",22,60
"201809171412-146","Gray Snapper","Lutjanus griseus",197,60
"201809171412-146","Gray Snapper","Lutjanus griseus",173,60
"201809171412-146","Gray Snapper","Lutjanus griseus",130,60
"201809171412-146","Gray Snapper","Lutjanus griseus",174,60
"201809171412-146","Gray Snapper","Lutjanus griseus",192,60
"201809171412-146","Gray Snapper","Lutjanus griseus",235,60
"201809171412-146","Gray Snapper","Lutjanus griseus",211,60
"201809171412-146","Gray Snapper","Lutjanus griseus",169,60
"201809171412-146","Gray Snapper","Lutjanus griseus",238,60
"201809171412-146","Gray Snapper","Lutjanus griseus",282,60
"201809171412-146","Gray Snapper","Lutjanus griseus",225,60
"201809171412-146","Gray Snapper","Lutjanus griseus",189,60
"201809171412-146","Gray Snapper","Lutjanus griseus",175,60
"201809171412-146","Gray Snapper","Lutjanus griseus",243,60
"201809171412-146","Gray Snapper","Lutjanus griseus",192,60
"201809171412-146","Gray Snapper","Lutjanus griseus",183,60
"201809171412-146","Gray Snapper","Lutjanus griseus",171,60
"201809171412-146","Gray Snapper","Lutjanus griseus",201,60
"201809171412-146","Gray Snapper","Lutjanus griseus",264,60
"201809171412-146","Gray Snapper","Lutjanus griseus",153,60
"201809171412-146","Gray Snapper","Lutjanus griseus",152,60
"201809171412-146","Gray Snapper","Lutjanus griseus",261,60
"201809171412-146","Gray Snapper","Lutjanus griseus",162,60
"201809171412-146","Gray Snapper","Lutjanus griseus",209,60
"201809171412-146","Gray Snapper","Lutjanus griseus",172,60
"201809171412-146","Gray Snapper","Lutjanus griseus",191,60
"201809171412-146","Gray Snapper","Lutjanus griseus",271,60
"201809171412-146","Gray Snapper","Lutjanus griseus",210,60
"201809171412-146","Gray Snapper","Lutjanus griseus",182,60
"201809171412-146","Gray Snapper","Lutjanus griseus",228,60
"201809171412-146","Gray Snapper","Lutjanus griseus",207,60
"201809171412-146","Gray Snapper","Lutjanus griseus",160,60
"201809171412-146","Gray Snapper","Lutjanus griseus",129,60
"201809171412-146","Gray Snapper","Lutjanus griseus",200,60
"201809171412-146","Gray Snapper","Lutjanus griseus",193,60
"201809171412-146","Gray Snapper","Lutjanus griseus",151,60
"201809171412-146","Gray Snapper","Lutjanus griseus",170,60
"201809171412-146","Great Barracuda","Sphyraena barracuda",295,1
"201809171436-159","Spotted Seatrout","Cynoscion nebulosus",32,4
"201809171436-159","Spotted Seatrout","Cynoscion nebulosus",32,4
"201809171436-159","Spotted Seatrout","Cynoscion nebulosus",48,4
"201809171436-159","Spotted Seatrout","Cynoscion nebulosus",53,4
"201809171436-159","Gray Snapper","Lutjanus griseus",158,2
"201809171436-159","Gray Snapper","Lutjanus griseus",176,2
"201809171436-159","Lane Snapper","Lutjanus synagris",61,1
"201809171455-147","Spotted Seatrout","Cynoscion nebulosus",59,1
"201809171455-147","Lined Seahorse","Hippocampus erectus",111,1
"201809171455-147","Lane Snapper","Lutjanus synagris",72,1
"201809171508-135","Spotted Seatrout","Cynoscion nebulosus",54,1
"201809171508-135","Gray Snapper","Lutjanus griseus",201,15
"201809171508-135","Gray Snapper","Lutjanus griseus",163,15
"201809171508-135","Gray Snapper","Lutjanus griseus",134,15
"201809171508-135","Gray Snapper","Lutjanus griseus",142,15
"201809171508-135","Gray Snapper","Lutjanus griseus",203,15
"201809171508-135","Gray Snapper","Lutjanus griseus",209,15
"201809171508-135","Gray Snapper","Lutjanus griseus",158,15
"201809171508-135","Gray Snapper","Lutjanus griseus",137,15
"201809171508-135","Gray Snapper","Lutjanus griseus",227,15
"201809171508-135","Gray Snapper","Lutjanus griseus",158,15
"201809171508-135","Gray Snapper","Lutjanus griseus",231,15
"201809171508-135","Gray Snapper","Lutjanus griseus",243,15
"201809171508-135","Gray Snapper","Lutjanus griseus",138,15
"201809171508-135","Gray Snapper","Lutjanus griseus",243,15
"201809171508-135","Gray Snapper","Lutjanus griseus",160,15
"201809171508-135","Lane Snapper","Lutjanus synagris",81,1
"201809171527-123","Spotted Seatrout","Cynoscion nebulosus",46,3
"201809171527-123","Spotted Seatrout","Cynoscion nebulosus",53,3
"201809171527-123","Spotted Seatrout","Cynoscion nebulosus",55,3
"201809171527-123","Gray Snapper","Lutjanus griseus",146,3
"201809171527-123","Gray Snapper","Lutjanus griseus",187,3
"201809171527-123","Gray Snapper","Lutjanus griseus",249,3
"201809171527-123","Lane Snapper","Lutjanus synagris",86,6
"201809171527-123","Lane Snapper","Lutjanus synagris",69,6
"201809171527-123","Lane Snapper","Lutjanus synagris",70,6
"201809171527-123","Lane Snapper","Lutjanus synagris",70,6
"201809171527-123","Lane Snapper","Lutjanus synagris",60,6
"201809171527-123","Lane Snapper","Lutjanus synagris",41,6
"201809171729-024","Gray Snapper","Lutjanus griseus",152,10
"201809171729-024","Gray Snapper","Lutjanus griseus",174,10
"201809171729-024","Gray Snapper","Lutjanus griseus",201,10
"201809171729-024","Gray Snapper","Lutjanus griseus",201,10
"201809171729-024","Gray Snapper","Lutjanus griseus",186,10
"201809171729-024","Gray Snapper","Lutjanus griseus",204,10
"201809171729-024","Gray Snapper","Lutjanus griseus",79,10
"201809171729-024","Gray Snapper","Lutjanus griseus",131,10
"201809171729-024","Gray Snapper","Lutjanus griseus",180,10
"201809171729-024","Gray Snapper","Lutjanus griseus",162,10
"201809171729-024","Lane Snapper","Lutjanus synagris",60,14
"201809171729-024","Lane Snapper","Lutjanus synagris",93,14
"201809171729-024","Lane Snapper","Lutjanus synagris",90,14
"201809171729-024","Lane Snapper","Lutjanus synagris",153,14
"201809171729-024","Lane Snapper","Lutjanus synagris",151,14
"201809171729-024","Lane Snapper","Lutjanus synagris",96,14
"201809171729-024","Lane Snapper","Lutjanus synagris",94,14
"201809171729-024","Lane Snapper","Lutjanus synagris",106,14
"201809171729-024","Lane Snapper","Lutjanus synagris",100,14
"201809171729-024","Lane Snapper","Lutjanus synagris",124,14
"201809171729-024","Lane Snapper","Lutjanus synagris",62,14
"201809171729-024","Lane Snapper","Lutjanus synagris",86,14
"201809171729-024","Lane Snapper","Lutjanus synagris",74,14
"201809171729-024","Lane Snapper","Lutjanus synagris",96,14
"201809171745-022","Lane Snapper","Lutjanus synagris",101,1
"201809171745-022","Southern Kingfish","Menticirrhus americanus",243,1
"201809171819-117","Lane Snapper","Lutjanus synagris",101,2
"201809171819-117","Lane Snapper","Lutjanus synagris",91,2
"201809180832-070","Lane Snapper","Lutjanus synagris",69,1
"201810061011-266","Spotted Seatrout","Cynoscion nebulosus",19,3
"201810061011-266","Spotted Seatrout","Cynoscion nebulosus",25,3
"201810061011-266","Spotted Seatrout","Cynoscion nebulosus",54,3
"201810061029-253","Spotted Seatrout","Cynoscion nebulosus",33,2
"201810061029-253","Spotted Seatrout","Cynoscion nebulosus",34,2
"201810061029-253","Gray Snapper","Lutjanus griseus",200,2
"201810061029-253","Gray Snapper","Lutjanus griseus",153,2
"201810061029-253","Great Barracuda","Sphyraena barracuda",171,1
"201810061046-279","Spotted Seatrout","Cynoscion nebulosus",31,10
"201810061046-279","Spotted Seatrout","Cynoscion nebulosus",32,10
"201810061046-279","Spotted Seatrout","Cynoscion nebulosus",43,10
"201810061046-279","Spotted Seatrout","Cynoscion nebulosus",51,10
"201810061046-279","Spotted Seatrout","Cynoscion nebulosus",74,10
"201810061046-279","Spotted Seatrout","Cynoscion nebulosus",83,10
"201810061046-279","Spotted Seatrout","Cynoscion nebulosus",84,10
"201810061046-279","Spotted Seatrout","Cynoscion nebulosus",112,10
"201810061046-279","Spotted Seatrout","Cynoscion nebulosus",140,10
"201810061046-279","Spotted Seatrout","Cynoscion nebulosus",152,10
"201810061046-279","Gray Snapper","Lutjanus griseus",208,8
"201810061046-279","Gray Snapper","Lutjanus griseus",180,8
"201810061046-279","Gray Snapper","Lutjanus griseus",182,8
"201810061046-279","Gray Snapper","Lutjanus griseus",161,8
"201810061046-279","Gray Snapper","Lutjanus griseus",189,8
"201810061046-279","Gray Snapper","Lutjanus griseus",161,8
"201810061046-279","Gray Snapper","Lutjanus griseus",222,8
"201810061046-279","Gray Snapper","Lutjanus griseus",144,8
"201810061046-279","Great Barracuda","Sphyraena barracuda",201,1
"201810061106-278","Spotted Seatrout","Cynoscion nebulosus",39,5
"201810061106-278","Spotted Seatrout","Cynoscion nebulosus",50,5
"201810061106-278","Spotted Seatrout","Cynoscion nebulosus",54,5
"201810061106-278","Spotted Seatrout","Cynoscion nebulosus",70,5
"201810061106-278","Spotted Seatrout","Cynoscion nebulosus",175,5
"201810061106-278","Gray Snapper","Lutjanus griseus",161,1
"201810061134-280","Spotted Seatrout","Cynoscion nebulosus",39,7
"201810061134-280","Spotted Seatrout","Cynoscion nebulosus",64,7
"201810061134-280","Spotted Seatrout","Cynoscion nebulosus",93,7
"201810061134-280","Spotted Seatrout","Cynoscion nebulosus",95,7
"201810061134-280","Spotted Seatrout","Cynoscion nebulosus",101,7
"201810061134-280","Spotted Seatrout","Cynoscion nebulosus",102,7
"201810061134-280","Spotted Seatrout","Cynoscion nebulosus",125,7
"201810061134-280","Gray Snapper","Lutjanus griseus",172,4
"201810061134-280","Gray Snapper","Lutjanus griseus",152,4
"201810061134-280","Gray Snapper","Lutjanus griseus",160,4
"201810061134-280","Gray Snapper","Lutjanus griseus",155,4
"201810061150-267","Spotted Seatrout","Cynoscion nebulosus",39,2
"201810061150-267","Spotted Seatrout","Cynoscion nebulosus",42,2
"201810061150-267","Lined Seahorse","Hippocampus erectus",110,1
"201810061203-254","Spotted Seatrout","Cynoscion nebulosus",36,1
"201810061203-254","Great Barracuda","Sphyraena barracuda",78,1
"201810061215-255","Spotted Seatrout","Cynoscion nebulosus",41,1
"201810061215-255","Gray Snapper","Lutjanus griseus",256,3
"201810061215-255","Gray Snapper","Lutjanus griseus",155,3
"201810061215-255","Gray Snapper","Lutjanus griseus",147,3
"201810061215-255","Great Barracuda","Sphyraena barracuda",144,1
"201810061227-239","Spotted Seatrout","Cynoscion nebulosus",51,3
"201810061227-239","Spotted Seatrout","Cynoscion nebulosus",137,3
"201810061227-239","Spotted Seatrout","Cynoscion nebulosus",253,3
"201810061227-239","Gray Snapper","Lutjanus griseus",189,1
"201810061229-241","Spotted Seatrout","Cynoscion nebulosus",21,2
"201810061229-241","Spotted Seatrout","Cynoscion nebulosus",59,2
"201810061229-241","Gray Snapper","Lutjanus griseus",167,4
"201810061229-241","Gray Snapper","Lutjanus griseus",165,4
"201810061229-241","Gray Snapper","Lutjanus griseus",162,4
"201810061229-241","Gray Snapper","Lutjanus griseus",148,4
"201810061244-226","Gray Snapper","Lutjanus griseus",164,3
"201810061244-226","Gray Snapper","Lutjanus griseus",79,3
"201810061244-226","Gray Snapper","Lutjanus griseus",165,3
"201810061255-225","Great Barracuda","Sphyraena barracuda",92,1
"201810061304-224","Gray Snapper","Lutjanus griseus",240,8
"201810061304-224","Gray Snapper","Lutjanus griseus",159,8
"201810061304-224","Gray Snapper","Lutjanus griseus",224,8
"201810061304-224","Gray Snapper","Lutjanus griseus",148,8
"201810061304-224","Gray Snapper","Lutjanus griseus",64,8
"201810061304-224","Gray Snapper","Lutjanus griseus",171,8
"201810061304-224","Gray Snapper","Lutjanus griseus",162,8
"201810061304-224","Gray Snapper","Lutjanus griseus",205,8
"201810061304-224","Great Barracuda","Sphyraena barracuda",191,1
"201810061319-240","Spotted Seatrout","Cynoscion nebulosus",39,3
"201810061319-240","Spotted Seatrout","Cynoscion nebulosus",54,3
"201810061319-240","Spotted Seatrout","Cynoscion nebulosus",85,3
"201810061319-240","Gray Snapper","Lutjanus griseus",238,8
"201810061319-240","Gray Snapper","Lutjanus griseus",234,8
"201810061319-240","Gray Snapper","Lutjanus griseus",179,8
"201810061319-240","Gray Snapper","Lutjanus griseus",165,8
"201810061319-240","Gray Snapper","Lutjanus griseus",199,8
"201810061319-240","Gray Snapper","Lutjanus griseus",190,8
"201810061319-240","Gray Snapper","Lutjanus griseus",168,8
"201810061319-240","Gray Snapper","Lutjanus griseus",172,8
"201810061357-242","Great Barracuda","Sphyraena barracuda",131,2
"201810061357-242","Great Barracuda","Sphyraena barracuda",112,2
"201810061408-227","Spotted Seatrout","Cynoscion nebulosus",60,1
"201810061408-227","Gray Snapper","Lutjanus griseus",147,1
"201810061408-227","Great Barracuda","Sphyraena barracuda",141,1
"201810061423-228","Gray Snapper","Lutjanus griseus",154,1
"201810061432-229","Gray Snapper","Lutjanus griseus",227,5
"201810061432-229","Gray Snapper","Lutjanus griseus",188,5
"201810061432-229","Gray Snapper","Lutjanus griseus",250,5
"201810061432-229","Gray Snapper","Lutjanus griseus",239,5
"201810061432-229","Gray Snapper","Lutjanus griseus",162,5
"201810061453-243","Gray Snapper","Lutjanus griseus",134,2
"201810061453-243","Gray Snapper","Lutjanus griseus",118,2
"201810061506-244","Great Barracuda","Sphyraena barracuda",95,1
"201810061557-258","Great Barracuda","Sphyraena barracuda",141,1
"201810061618-257","Spotted Seatrout","Cynoscion nebulosus",60,2
"201810061618-257","Spotted Seatrout","Cynoscion nebulosus",101,2
"201810061618-257","Gray Snapper","Lutjanus griseus",179,1
"201810061634-270","Great Barracuda","Sphyraena barracuda",102,1
"201810070939-313","Spotted Seatrout","Cynoscion nebulosus",42,1
"201810070950-323","Great Barracuda","Sphyraena barracuda",51,1
"201810070959-324","Great Barracuda","Sphyraena barracuda",89,1
"201810071025-304","Spotted Seatrout","Cynoscion nebulosus",92,1
"201810071025-304","Gray Snapper","Lutjanus griseus",164,5
"201810071025-304","Gray Snapper","Lutjanus griseus",154,5
"201810071025-304","Gray Snapper","Lutjanus griseus",129,5
"201810071025-304","Gray Snapper","Lutjanus griseus",127,5
"201810071025-304","Gray Snapper","Lutjanus griseus",138,5
"201810071025-304","Caribbean Spiny Lobster","Panulirus argus",180,1
"201810071107-403","Gray Snapper","Lutjanus griseus",159,1
"201810071223-621","Gray Snapper","Lutjanus griseus",218,1
"201810071231-618","Crevalle Jack","Caranx hippos",84,1
"201810071448-302","Gray Snapper","Lutjanus griseus",166,2
"201810071448-302","Gray Snapper","Lutjanus griseus",231,2
"201810071458-292","Gray Snapper","Lutjanus griseus",162,4
"201810071458-292","Gray Snapper","Lutjanus griseus",183,4
"201810071458-292","Gray Snapper","Lutjanus griseus",146,4
"201810071458-292","Gray Snapper","Lutjanus griseus",179,4
"201810071529-609","Gray Snapper","Lutjanus griseus",160,2
"201810071529-609","Gray Snapper","Lutjanus griseus",149,2
"201810071540-290","Spotted Seatrout","Cynoscion nebulosus",101,1
"201810071540-290","Gray Snapper","Lutjanus griseus",192,1
"201810071540-290","Great Barracuda","Sphyraena barracuda",138,1
"201810071553-291","Spotted Seatrout","Cynoscion nebulosus",51,1
"201810071604-281","Spotted Seatrout","Cynoscion nebulosus",181,1
"201810071633-294","Spotted Seatrout","Cynoscion nebulosus",65,1
"201810071644-284","Gray Snapper","Lutjanus griseus",174,1
"201810071651-283","Gray Snapper","Lutjanus griseus",175,2
"201810071651-283","Gray Snapper","Lutjanus griseus",151,2
"201810071702-269","Spotted Seatrout","Cynoscion nebulosus",49,2
"201810071702-269","Spotted Seatrout","Cynoscion nebulosus",132,2
"201810071702-269","Lined Seahorse","Hippocampus erectus",111,1
"201810071702-269","Gray Snapper","Lutjanus griseus",170,3
"201810071702-269","Gray Snapper","Lutjanus griseus",143,3
"201810071702-269","Gray Snapper","Lutjanus griseus",160,3
"201810071714-256","Spotted Seatrout","Cynoscion nebulosus",75,1
"201810071714-256","Gray Snapper","Lutjanus griseus",132,3
"201810071714-256","Gray Snapper","Lutjanus griseus",215,3
"201810071714-256","Gray Snapper","Lutjanus griseus",159,3
"201810071758-268","Spotted Seatrout","Cynoscion nebulosus",33,1
"201810080927-071","Gray Snapper","Lutjanus griseus",196,1
"201810080947-068","Great Barracuda","Sphyraena barracuda",166,2
"201810080947-068","Great Barracuda","Sphyraena barracuda",119,2
"201810080956-067","Gulf Flounder","Paralichthys albigutta",206,1
"201810081008-065","Hogchoker","Trinectes maculatus",116,1
"201810081044-176","Atlantic Spadefish","Chaetodipterus faber",125,2
"201810081044-176","Atlantic Spadefish","Chaetodipterus faber",123,2
"201810081044-176","Spotted Seatrout","Cynoscion nebulosus",36,1
"201810081044-176","Gray Snapper","Lutjanus griseus",150,10
"201810081044-176","Gray Snapper","Lutjanus griseus",155,10
"201810081044-176","Gray Snapper","Lutjanus griseus",181,10
"201810081044-176","Gray Snapper","Lutjanus griseus",163,10
"201810081044-176","Gray Snapper","Lutjanus griseus",213,10
"201810081044-176","Gray Snapper","Lutjanus griseus",210,10
"201810081044-176","Gray Snapper","Lutjanus griseus",102,10
"201810081044-176","Gray Snapper","Lutjanus griseus",148,10
"201810081044-176","Gray Snapper","Lutjanus griseus",190,10
"201810081044-176","Gray Snapper","Lutjanus griseus",198,10
"201810081044-176","Lane Snapper","Lutjanus synagris",74,3
"201810081044-176","Lane Snapper","Lutjanus synagris",82,3
"201810081044-176","Lane Snapper","Lutjanus synagris",39,3
"201810081057-173","Sheepshead","Archosargus probatocephalus",210,1
"201810081057-173","Atlantic Spadefish","Chaetodipterus faber",104,2
"201810081057-173","Atlantic Spadefish","Chaetodipterus faber",176,2
"201810081057-173","Spotted Seatrout","Cynoscion nebulosus",57,1
"201810081057-173","Gray Snapper","Lutjanus griseus",143,6
"201810081057-173","Gray Snapper","Lutjanus griseus",184,6
"201810081057-173","Gray Snapper","Lutjanus griseus",182,6
"201810081057-173","Gray Snapper","Lutjanus griseus",173,6
"201810081057-173","Gray Snapper","Lutjanus griseus",158,6
"201810081057-173","Gray Snapper","Lutjanus griseus",173,6
"201810081057-173","Lane Snapper","Lutjanus synagris",78,3
"201810081057-173","Lane Snapper","Lutjanus synagris",93,3
"201810081057-173","Lane Snapper","Lutjanus synagris",65,3
"201810081114-169","Spotted Seatrout","Cynoscion nebulosus",28,1
"201810081114-169","Gray Snapper","Lutjanus griseus",295,2
"201810081114-169","Gray Snapper","Lutjanus griseus",139,2
"201810081114-169","Lane Snapper","Lutjanus synagris",62,1
"201810081127-168","Gray Snapper","Lutjanus griseus",161,1
"201810081334-133","Gray Snapper","Lutjanus griseus",195,6
"201810081334-133","Gray Snapper","Lutjanus griseus",142,6
"201810081334-133","Gray Snapper","Lutjanus griseus",137,6
"201810081334-133","Gray Snapper","Lutjanus griseus",149,6
"201810081334-133","Gray Snapper","Lutjanus griseus",158,6
"201810081334-133","Gray Snapper","Lutjanus griseus",157,6
"201810081334-133","Lane Snapper","Lutjanus synagris",105,2
"201810081334-133","Lane Snapper","Lutjanus synagris",72,2
"201810081347-134","Gray Snapper","Lutjanus griseus",58,2
"201810081347-134","Gray Snapper","Lutjanus griseus",149,2
"201810081347-134","Lane Snapper","Lutjanus synagris",96,1
"201810081404-159","Spotted Seatrout","Cynoscion nebulosus",52,2
"201810081404-159","Spotted Seatrout","Cynoscion nebulosus",56,2
"201810081404-159","Gray Snapper","Lutjanus griseus",178,2
"201810081404-159","Gray Snapper","Lutjanus griseus",210,2
"201810081404-159","Lane Snapper","Lutjanus synagris",72,2
"201810081404-159","Lane Snapper","Lutjanus synagris",89,2
"201810081420-146","Gray Snapper","Lutjanus griseus",64,1
"201810081420-146","Lane Snapper","Lutjanus synagris",92,1
"201810081425-147","Gray Snapper","Lutjanus griseus",181,6
"201810081425-147","Gray Snapper","Lutjanus griseus",169,6
"201810081425-147","Gray Snapper","Lutjanus griseus",163,6
"201810081425-147","Gray Snapper","Lutjanus griseus",159,6
"201810081425-147","Gray Snapper","Lutjanus griseus",241,6
"201810081425-147","Gray Snapper","Lutjanus griseus",180,6
"201810081425-147","Lane Snapper","Lutjanus synagris",72,1
"201810081425-147","Great Barracuda","Sphyraena barracuda",69,1
"201810081450-135","Sheepshead","Archosargus probatocephalus",255,1
"201810081450-135","Spotted Seatrout","Cynoscion nebulosus",38,1
"201810081450-135","Gray Snapper","Lutjanus griseus",154,4
"201810081450-135","Gray Snapper","Lutjanus griseus",92,4
"201810081450-135","Gray Snapper","Lutjanus griseus",160,4
"201810081450-135","Gray Snapper","Lutjanus griseus",164,4
"201810081450-135","Lane Snapper","Lutjanus synagris",146,5
"201810081450-135","Lane Snapper","Lutjanus synagris",80,5
"201810081450-135","Lane Snapper","Lutjanus synagris",112,5
"201810081450-135","Lane Snapper","Lutjanus synagris",47,5
"201810081450-135","Lane Snapper","Lutjanus synagris",78,5
"201810081509-136","Grass Porgy","Calamus arctifrons",190,1
"201810081509-136","Spotted Seatrout","Cynoscion nebulosus",164,1
"201810081509-136","Gray Snapper","Lutjanus griseus",229,16
"201810081509-136","Gray Snapper","Lutjanus griseus",250,16
"201810081509-136","Gray Snapper","Lutjanus griseus",241,16
"201810081509-136","Gray Snapper","Lutjanus griseus",244,16
"201810081509-136","Gray Snapper","Lutjanus griseus",168,16
"201810081509-136","Gray Snapper","Lutjanus griseus",169,16
"201810081509-136","Gray Snapper","Lutjanus griseus",140,16
"201810081509-136","Gray Snapper","Lutjanus griseus",152,16
"201810081509-136","Gray Snapper","Lutjanus griseus",164,16
"201810081509-136","Gray Snapper","Lutjanus griseus",244,16
"201810081509-136","Gray Snapper","Lutjanus griseus",154,16
"201810081509-136","Gray Snapper","Lutjanus griseus",245,16
"201810081509-136","Gray Snapper","Lutjanus griseus",231,16
"201810081509-136","Gray Snapper","Lutjanus griseus",288,16
"201810081509-136","Gray Snapper","Lutjanus griseus",262,16
"201810081509-136","Gray Snapper","Lutjanus griseus",150,16
"201810081509-136","Lane Snapper","Lutjanus synagris",114,2
"201810081509-136","Lane Snapper","Lutjanus synagris",84,2
"201810081526-122","Sheepshead","Archosargus probatocephalus",114,1
"201810081526-122","Sheepshead Porgy","Calamus penna",165,1
"201810081526-122","Gray Snapper","Lutjanus griseus",154,3
"201810081526-122","Gray Snapper","Lutjanus griseus",156,3
"201810081526-122","Gray Snapper","Lutjanus griseus",251,3
"201810081526-122","Lane Snapper","Lutjanus synagris",71,4
"201810081526-122","Lane Snapper","Lutjanus synagris",82,4
"201810081526-122","Lane Snapper","Lutjanus synagris",92,4
"201810081526-122","Lane Snapper","Lutjanus synagris",110,4
"201810081539-123","Gray Snapper","Lutjanus griseus",155,2
"201810081539-123","Gray Snapper","Lutjanus griseus",62,2
"201810081539-123","Lane Snapper","Lutjanus synagris",80,9
"201810081539-123","Lane Snapper","Lutjanus synagris",80,9
"201810081539-123","Lane Snapper","Lutjanus synagris",91,9
"201810081539-123","Lane Snapper","Lutjanus synagris",82,9
"201810081539-123","Lane Snapper","Lutjanus synagris",39,9
"201810081539-123","Lane Snapper","Lutjanus synagris",82,9
"201810081539-123","Lane Snapper","Lutjanus synagris",114,9
"201810081539-123","Lane Snapper","Lutjanus synagris",112,9
"201810081539-123","Lane Snapper","Lutjanus synagris",82,9
"201810081539-123","Porgy Spp","Sparidae spp",152,1
"201810081559-112","Gray Snapper","Lutjanus griseus",120,1
"201810081559-112","Lane Snapper","Lutjanus synagris",90,1
"201810081559-112","Porgy Spp","Sparidae spp",178,1
"201811271015-071","Lane Snapper","Lutjanus synagris",64,5
"201811271015-071","Lane Snapper","Lutjanus synagris",61,5
"201811271015-071","Lane Snapper","Lutjanus synagris",81,5
"201811271015-071","Lane Snapper","Lutjanus synagris",53,5
"201811271015-071","Lane Snapper","Lutjanus synagris",64,5
"201811271015-071","Southern Kingfish","Menticirrhus americanus",49,1
"201811271055-130","Lane Snapper","Lutjanus synagris",58,2
"201811271055-130","Lane Snapper","Lutjanus synagris",61,2
"201811271055-130","Florida Stone Crab","Menippe mercenaria",10,3
"201811271055-130","Florida Stone Crab","Menippe mercenaria",22,3
"201811271055-130","Florida Stone Crab","Menippe mercenaria",18,3
"201811271115-117","Atlantic Spadefish","Chaetodipterus faber",94,1
"201811271130-107","Lane Snapper","Lutjanus synagris",53,5
"201811271130-107","Lane Snapper","Lutjanus synagris",63,5
"201811271130-107","Lane Snapper","Lutjanus synagris",68,5
"201811271130-107","Lane Snapper","Lutjanus synagris",38,5
"201811271130-107","Lane Snapper","Lutjanus synagris",43,5
"201811271155-022","Atlantic Spadefish","Chaetodipterus faber",111,2
"201811271155-022","Atlantic Spadefish","Chaetodipterus faber",107,2
"201811271155-022","Southern Flounder","Paralichthys lethostigma",68,1
"201811271205-023","Gulf Flounder","Paralichthys albigutta",120,1
"201811271205-023","Lane Snapper","Lutjanus synagris",121,2
"201811271205-023","Lane Snapper","Lutjanus synagris",93,2
"201811271220-024","Atlantic Spadefish","Chaetodipterus faber",94,1
"201811271220-024","Gray Snapper","Lutjanus griseus",151,3
"201811271220-024","Gray Snapper","Lutjanus griseus",199,3
"201811271220-024","Gray Snapper","Lutjanus griseus",157,3
"201811271220-024","Lane Snapper","Lutjanus synagris",91,10
"201811271220-024","Lane Snapper","Lutjanus synagris",143,10
"201811271220-024","Lane Snapper","Lutjanus synagris",123,10
"201811271220-024","Lane Snapper","Lutjanus synagris",125,10
"201811271220-024","Lane Snapper","Lutjanus synagris",121,10
"201811271220-024","Lane Snapper","Lutjanus synagris",134,10
"201811271220-024","Lane Snapper","Lutjanus synagris",95,10
"201811271220-024","Lane Snapper","Lutjanus synagris",78,10
"201811271220-024","Lane Snapper","Lutjanus synagris",48,10
"201811271220-024","Lane Snapper","Lutjanus synagris",53,10
"201811271220-024","Southern Flounder","Paralichthys lethostigma",81,2
"201811271220-024","Southern Flounder","Paralichthys lethostigma",48,2
"201811271220-024","Blue Crab","Callinectes sapidus",263,3
"201811271220-024","Blue Crab","Callinectes sapidus",98,3
"201811271220-024","Blue Crab","Callinectes sapidus",95,3
"201811271245-123","Atlantic Bay Scallop","Argopecten irradians",60,2
"201811271245-123","Atlantic Bay Scallop","Argopecten irradians",56,2
"201811271245-123","Grass Porgy","Calamus arctifrons",190,3
"201811271245-123","Grass Porgy","Calamus arctifrons",78,3
"201811271245-123","Grass Porgy","Calamus arctifrons",92,3
"201811271245-123","Spotted Seatrout","Cynoscion nebulosus",50,1
"201811271245-123","Gray Snapper","Lutjanus griseus",240,4
"201811271245-123","Gray Snapper","Lutjanus griseus",156,4
"201811271245-123","Gray Snapper","Lutjanus griseus",70,4
"201811271245-123","Gray Snapper","Lutjanus griseus",140,4
"201811271245-123","Lane Snapper","Lutjanus synagris",102,16
"201811271245-123","Lane Snapper","Lutjanus synagris",92,16
"201811271245-123","Lane Snapper","Lutjanus synagris",54,16
"201811271245-123","Lane Snapper","Lutjanus synagris",106,16
"201811271245-123","Lane Snapper","Lutjanus synagris",122,16
"201811271245-123","Lane Snapper","Lutjanus synagris",106,16
"201811271245-123","Lane Snapper","Lutjanus synagris",84,16
"201811271245-123","Lane Snapper","Lutjanus synagris",108,16
"201811271245-123","Lane Snapper","Lutjanus synagris",104,16
"201811271245-123","Lane Snapper","Lutjanus synagris",102,16
"201811271245-123","Lane Snapper","Lutjanus synagris",96,16
"201811271245-123","Lane Snapper","Lutjanus synagris",58,16
"201811271245-123","Lane Snapper","Lutjanus synagris",52,16
"201811271245-123","Lane Snapper","Lutjanus synagris",60,16
"201811271245-123","Lane Snapper","Lutjanus synagris",62,16
"201811271245-123","Lane Snapper","Lutjanus synagris",56,16
"201811271245-123","Blue Crab","Callinectes sapidus",153,1
"201811271450-135","Gray Snapper","Lutjanus griseus",142,6
"201811271450-135","Gray Snapper","Lutjanus griseus",186,6
"201811271450-135","Gray Snapper","Lutjanus griseus",169,6
"201811271450-135","Gray Snapper","Lutjanus griseus",204,6
"201811271450-135","Gray Snapper","Lutjanus griseus",242,6
"201811271450-135","Gray Snapper","Lutjanus griseus",145,6
"201811271450-135","Lane Snapper","Lutjanus synagris",94,8
"201811271450-135","Lane Snapper","Lutjanus synagris",112,8
"201811271450-135","Lane Snapper","Lutjanus synagris",57,8
"201811271450-135","Lane Snapper","Lutjanus synagris",54,8
"201811271450-135","Lane Snapper","Lutjanus synagris",55,8
"201811271450-135","Lane Snapper","Lutjanus synagris",56,8
"201811271450-135","Lane Snapper","Lutjanus synagris",53,8
"201811271450-135","Lane Snapper","Lutjanus synagris",51,8
"201811271510-134","Gray Snapper","Lutjanus griseus",159,2
"201811271510-134","Gray Snapper","Lutjanus griseus",180,2
"201811271510-134","Lane Snapper","Lutjanus synagris",66,4
"201811271510-134","Lane Snapper","Lutjanus synagris",55,4
"201811271510-134","Lane Snapper","Lutjanus synagris",108,4
"201811271510-134","Lane Snapper","Lutjanus synagris",155,4
"201811271510-134","Lookdown","Selene vomer",111,1
"201811271530-133","Sheepshead","Archosargus probatocephalus",117,1
"201811271530-133","Gray Snapper","Lutjanus griseus",160,13
"201811271530-133","Gray Snapper","Lutjanus griseus",162,13
"201811271530-133","Gray Snapper","Lutjanus griseus",174,13
"201811271530-133","Gray Snapper","Lutjanus griseus",179,13
"201811271530-133","Gray Snapper","Lutjanus griseus",165,13
"201811271530-133","Gray Snapper","Lutjanus griseus",179,13
"201811271530-133","Gray Snapper","Lutjanus griseus",92,13
"201811271530-133","Gray Snapper","Lutjanus griseus",48,13
"201811271530-133","Gray Snapper","Lutjanus griseus",168,13
"201811271530-133","Gray Snapper","Lutjanus griseus",108,13
"201811271530-133","Gray Snapper","Lutjanus griseus",87,13
"201811271530-133","Gray Snapper","Lutjanus griseus",175,13
"201811271530-133","Gray Snapper","Lutjanus griseus",184,13
"201811271530-133","Lane Snapper","Lutjanus synagris",55,12
"201811271530-133","Lane Snapper","Lutjanus synagris",57,12
"201811271530-133","Lane Snapper","Lutjanus synagris",54,12
"201811271530-133","Lane Snapper","Lutjanus synagris",31,12
"201811271530-133","Lane Snapper","Lutjanus synagris",53,12
"201811271530-133","Lane Snapper","Lutjanus synagris",47,12
"201811271530-133","Lane Snapper","Lutjanus synagris",113,12
"201811271530-133","Lane Snapper","Lutjanus synagris",56,12
"201811271530-133","Lane Snapper","Lutjanus synagris",59,12
"201811271530-133","Lane Snapper","Lutjanus synagris",60,12
"201811271530-133","Lane Snapper","Lutjanus synagris",54,12
"201811271530-133","Lane Snapper","Lutjanus synagris",57,12
"201811271530-133","Blue Crab","Callinectes sapidus",115,6
"201811271530-133","Blue Crab","Callinectes sapidus",80,6
"201811271530-133","Blue Crab","Callinectes sapidus",125,6
"201811271530-133","Blue Crab","Callinectes sapidus",102,6
"201811271530-133","Blue Crab","Callinectes sapidus",75,6
"201811271530-133","Blue Crab","Callinectes sapidus",70,6
"201811271550-146","Sheepshead","Archosargus probatocephalus",90,2
"201811271550-146","Sheepshead","Archosargus probatocephalus",142,2
"201811271550-146","Blue Croaker","Corvula batabana",112,1
"201811271550-146","Barred Hamlet","Hypoplectrus puella",142,2
"201811271550-146","Barred Hamlet","Hypoplectrus puella",100,2
"201811271550-146","Hogfish","Lachnolaimus maximus",114,1
"201811271550-146","Gray Snapper","Lutjanus griseus",200,12
"201811271550-146","Gray Snapper","Lutjanus griseus",168,12
"201811271550-146","Gray Snapper","Lutjanus griseus",152,12
"201811271550-146","Gray Snapper","Lutjanus griseus",160,12
"201811271550-146","Gray Snapper","Lutjanus griseus",172,12
"201811271550-146","Gray Snapper","Lutjanus griseus",100,12
"201811271550-146","Gray Snapper","Lutjanus griseus",140,12
"201811271550-146","Gray Snapper","Lutjanus griseus",182,12
"201811271550-146","Gray Snapper","Lutjanus griseus",162,12
"201811271550-146","Gray Snapper","Lutjanus griseus",158,12
"201811271550-146","Gray Snapper","Lutjanus griseus",150,12
"201811271550-146","Gray Snapper","Lutjanus griseus",170,12
"201811271550-146","Lane Snapper","Lutjanus synagris",60,13
"201811271550-146","Lane Snapper","Lutjanus synagris",90,13
"201811271550-146","Lane Snapper","Lutjanus synagris",54,13
"201811271550-146","Lane Snapper","Lutjanus synagris",50,13
"201811271550-146","Lane Snapper","Lutjanus synagris",54,13
"201811271550-146","Lane Snapper","Lutjanus synagris",58,13
"201811271550-146","Lane Snapper","Lutjanus synagris",56,13
"201811271550-146","Lane Snapper","Lutjanus synagris",52,13
"201811271550-146","Lane Snapper","Lutjanus synagris",52,13
"201811271550-146","Lane Snapper","Lutjanus synagris",50,13
"201811271550-146","Lane Snapper","Lutjanus synagris",48,13
"201811271550-146","Lane Snapper","Lutjanus synagris",44,13
"201811271550-146","Lane Snapper","Lutjanus synagris",48,13
"201811271620-147","Atlantic Spadefish","Chaetodipterus faber",147,1
"201811271620-147","Spotted Seatrout","Cynoscion nebulosus",48,1
"201811271620-147","Gray Snapper","Lutjanus griseus",57,4
"201811271620-147","Gray Snapper","Lutjanus griseus",234,4
"201811271620-147","Gray Snapper","Lutjanus griseus",150,4
"201811271620-147","Gray Snapper","Lutjanus griseus",148,4
"201811271620-147","Lane Snapper","Lutjanus synagris",111,5
"201811271620-147","Lane Snapper","Lutjanus synagris",92,5
"201811271620-147","Lane Snapper","Lutjanus synagris",51,5
"201811271620-147","Lane Snapper","Lutjanus synagris",58,5
"201811271620-147","Lane Snapper","Lutjanus synagris",54,5
"201811271635-159","Gray Snapper","Lutjanus griseus",175,3
"201811271635-159","Gray Snapper","Lutjanus griseus",165,3
"201811271635-159","Gray Snapper","Lutjanus griseus",200,3
"201811271635-159","Lane Snapper","Lutjanus synagris",104,4
"201811271635-159","Lane Snapper","Lutjanus synagris",54,4
"201811271635-159","Lane Snapper","Lutjanus synagris",118,4
"201811271635-159","Lane Snapper","Lutjanus synagris",139,4
"201811271705-145","Grass Porgy","Calamus arctifrons",125,1
"201811271705-145","Gray Snapper","Lutjanus griseus",142,12
"201811271705-145","Gray Snapper","Lutjanus griseus",165,12
"201811271705-145","Gray Snapper","Lutjanus griseus",182,12
"201811271705-145","Gray Snapper","Lutjanus griseus",182,12
"201811271705-145","Gray Snapper","Lutjanus griseus",78,12
"201811271705-145","Gray Snapper","Lutjanus griseus",96,12
"201811271705-145","Gray Snapper","Lutjanus griseus",150,12
"201811271705-145","Gray Snapper","Lutjanus griseus",160,12
"201811271705-145","Gray Snapper","Lutjanus griseus",149,12
"201811271705-145","Gray Snapper","Lutjanus griseus",198,12
"201811271705-145","Gray Snapper","Lutjanus griseus",167,12
"201811271705-145","Gray Snapper","Lutjanus griseus",99,12
"201811271705-145","Lane Snapper","Lutjanus synagris",100,10
"201811271705-145","Lane Snapper","Lutjanus synagris",112,10
"201811271705-145","Lane Snapper","Lutjanus synagris",110,10
"201811271705-145","Lane Snapper","Lutjanus synagris",100,10
"201811271705-145","Lane Snapper","Lutjanus synagris",120,10
"201811271705-145","Lane Snapper","Lutjanus synagris",112,10
"201811271705-145","Lane Snapper","Lutjanus synagris",159,10
"201811271705-145","Lane Snapper","Lutjanus synagris",155,10
"201811271705-145","Lane Snapper","Lutjanus synagris",60,10
"201811271705-145","Lane Snapper","Lutjanus synagris",61,10
"201811280901-237","Blue Crab","Callinectes sapidus",61,1
"201811280928-278","Spotted Seatrout","Cynoscion nebulosus",97,1
"201811280928-278","Gray Snapper","Lutjanus griseus",223,2
"201811280928-278","Gray Snapper","Lutjanus griseus",182,2
"201811280928-278","Blue Crab","Callinectes sapidus",135,1
"201811280940-279","Gray Snapper","Lutjanus griseus",201,3
"201811280940-279","Gray Snapper","Lutjanus griseus",162,3
"201811280940-279","Gray Snapper","Lutjanus griseus",171,3
"201811280951-266","Gray Snapper","Lutjanus griseus",190,1
"201811280951-266","Florida Stone Crab","Menippe mercenaria",20,1
"201811281004-280","Spotted Seatrout","Cynoscion nebulosus",38,1
"201811281004-280","Gray Snapper","Lutjanus griseus",203,3
"201811281004-280","Gray Snapper","Lutjanus griseus",196,3
"201811281004-280","Gray Snapper","Lutjanus griseus",153,3
"201811281017-267","Spotted Seatrout","Cynoscion nebulosus",210,1
"201811281017-267","Gray Snapper","Lutjanus griseus",197,1
"201811281040-254","Spotted Seatrout","Cynoscion nebulosus",108,1
"201811281040-254","Gray Snapper","Lutjanus griseus",195,3
"201811281040-254","Gray Snapper","Lutjanus griseus",191,3
"201811281040-254","Gray Snapper","Lutjanus griseus",164,3
"201811281056-253","Gray Snapper","Lutjanus griseus",184,2
"201811281056-253","Gray Snapper","Lutjanus griseus",202,2
"201811281105-239","Spotted Seatrout","Cynoscion nebulosus",47,4
"201811281105-239","Spotted Seatrout","Cynoscion nebulosus",65,4
"201811281105-239","Spotted Seatrout","Cynoscion nebulosus",90,4
"201811281105-239","Spotted Seatrout","Cynoscion nebulosus",202,4
"201811281105-239","Gray Snapper","Lutjanus griseus",169,6
"201811281105-239","Gray Snapper","Lutjanus griseus",95,6
"201811281105-239","Gray Snapper","Lutjanus griseus",174,6
"201811281105-239","Gray Snapper","Lutjanus griseus",201,6
"201811281105-239","Gray Snapper","Lutjanus griseus",185,6
"201811281105-239","Gray Snapper","Lutjanus griseus",183,6
"201811281132-224","Blue Croaker","Corvula batabana",130,1
"201811281132-224","Atlantic Spadefish","Chaetodipterus faber",234,2
"201811281132-224","Atlantic Spadefish","Chaetodipterus faber",142,2
"201811281132-224","Gray Snapper","Lutjanus griseus",120,9
"201811281132-224","Gray Snapper","Lutjanus griseus",138,9
"201811281132-224","Gray Snapper","Lutjanus griseus",173,9
"201811281132-224","Gray Snapper","Lutjanus griseus",189,9
"201811281132-224","Gray Snapper","Lutjanus griseus",182,9
"201811281132-224","Gray Snapper","Lutjanus griseus",171,9
"201811281132-224","Gray Snapper","Lutjanus griseus",190,9
"201811281132-224","Gray Snapper","Lutjanus griseus",168,9
"201811281132-224","Gray Snapper","Lutjanus griseus",95,9
"201811281132-224","Lane Snapper","Lutjanus synagris",167,1
"201811281132-224","Red Drum","Sciaenops ocellatus",350,1
"201811281147-225","Gray Snapper","Lutjanus griseus",142,4
"201811281147-225","Gray Snapper","Lutjanus griseus",180,4
"201811281147-225","Gray Snapper","Lutjanus griseus",181,4
"201811281147-225","Gray Snapper","Lutjanus griseus",159,4
"201811281147-225","Great Barracuda","Sphyraena barracuda",91,1
"201811281200-226","Gray Snapper","Lutjanus griseus",150,2
"201811281200-226","Gray Snapper","Lutjanus griseus",151,2
"201811281211-241","Spotted Seatrout","Cynoscion nebulosus",74,1
"201811281211-241","Gray Snapper","Lutjanus griseus",138,3
"201811281211-241","Gray Snapper","Lutjanus griseus",169,3
"201811281211-241","Gray Snapper","Lutjanus griseus",168,3
"201811281211-241","Great Barracuda","Sphyraena barracuda",146,1
"201811281238-228","Gray Snapper","Lutjanus griseus",135,1
"201811281238-228","Great Barracuda","Sphyraena barracuda",76,1
"201811281259-242","Great Barracuda","Sphyraena barracuda",100,1
"201811281318-244","Spotted Seatrout","Cynoscion nebulosus",119,1
"201811281357-258","Gray Snapper","Lutjanus griseus",161,3
"201811281357-258","Gray Snapper","Lutjanus griseus",162,3
"201811281357-258","Gray Snapper","Lutjanus griseus",171,3
"201811281357-258","Great Barracuda","Sphyraena barracuda",162,1
"201811281409-257","Lined Seahorse","Hippocampus erectus",135,1
"201811281409-257","Gray Snapper","Lutjanus griseus",143,2
"201811281409-257","Gray Snapper","Lutjanus griseus",137,2
"201811281421-270","Gray Snapper","Lutjanus griseus",171,1
"201811281453-294","Gray Snapper","Lutjanus griseus",183,1
"201811281505-283","Atlantic Spadefish","Chaetodipterus faber",162,1
"201811281505-283","Spotted Seatrout","Cynoscion nebulosus",135,1
"201811281505-283","Gray Snapper","Lutjanus griseus",165,1
"201811281519-282","Gray Snapper","Lutjanus griseus",158,2
"201811281519-282","Gray Snapper","Lutjanus griseus",270,2
"201811281530-281","Spotted Seatrout","Cynoscion nebulosus",118,1
"201811290920-291","Spotted Seatrout","Cynoscion nebulosus",140,1
"201811290920-291","Gray Snapper","Lutjanus griseus",161,5
"201811290920-291","Gray Snapper","Lutjanus griseus",161,5
"201811290920-291","Gray Snapper","Lutjanus griseus",168,5
"201811290920-291","Gray Snapper","Lutjanus griseus",168,5
"201811290920-291","Gray Snapper","Lutjanus griseus",172,5
"201811291015-301","Great Barracuda","Sphyraena barracuda",102,1
"201811291048-302","Spotted Seatrout","Cynoscion nebulosus",108,1
"201811291048-302","Gray Snapper","Lutjanus griseus",139,4
"201811291048-302","Gray Snapper","Lutjanus griseus",142,4
"201811291048-302","Gray Snapper","Lutjanus griseus",154,4
"201811291048-302","Gray Snapper","Lutjanus griseus",242,4
"201811291048-302","Blue Crab","Callinectes sapidus",74,1
"201811291100-292","Gray Snapper","Lutjanus griseus",166,1
"201811291100-292","Great Barracuda","Sphyraena barracuda",188,1
"201811291305-402","Florida Stone Crab","Menippe mercenaria",16,1
"201811291320-403","Spotted Seatrout","Cynoscion nebulosus",161,1
"201811291400-401","Gray Snapper","Lutjanus griseus",156,1
"201811291400-401","Blue Crab","Callinectes sapidus",154,1
"201811291430-622","Gray Snapper","Lutjanus griseus",195,1
"201811291445-621","Spotted Seatrout","Cynoscion nebulosus",129,1
"201811291445-621","Gray Snapper","Lutjanus griseus",180,2
"201811291445-621","Gray Snapper","Lutjanus griseus",154,2
"201811291546-325","Great Barracuda","Sphyraena barracuda",217,1
"201811301050-303","Gray Snapper","Lutjanus griseus",182,3
"201811301050-303","Gray Snapper","Lutjanus griseus",125,3
"201811301050-303","Gray Snapper","Lutjanus griseus",200,3
"201811301110-256","Gray Snapper","Lutjanus griseus",145,1
"201811301200-172","Gray Snapper","Lutjanus griseus",150,6
"201811301200-172","Gray Snapper","Lutjanus griseus",88,6
"201811301200-172","Gray Snapper","Lutjanus griseus",182,6
"201811301200-172","Gray Snapper","Lutjanus griseus",119,6
"201811301200-172","Gray Snapper","Lutjanus griseus",92,6
"201811301200-172","Gray Snapper","Lutjanus griseus",96,6
"201811301200-172","Lane Snapper","Lutjanus synagris",52,1
"201811301225-158","Spotted Seatrout","Cynoscion nebulosus",110,2
"201811301225-158","Spotted Seatrout","Cynoscion nebulosus",132,2
"201811301225-158","Gray Snapper","Lutjanus griseus",85,5
"201811301225-158","Gray Snapper","Lutjanus griseus",74,5
"201811301225-158","Gray Snapper","Lutjanus griseus",98,5
"201811301225-158","Gray Snapper","Lutjanus griseus",205,5
"201811301225-158","Gray Snapper","Lutjanus griseus",85,5
"201811301225-158","Lane Snapper","Lutjanus synagris",108,19
"201811301225-158","Lane Snapper","Lutjanus synagris",103,19
"201811301225-158","Lane Snapper","Lutjanus synagris",64,19
"201811301225-158","Lane Snapper","Lutjanus synagris",116,19
"201811301225-158","Lane Snapper","Lutjanus synagris",55,19
"201811301225-158","Lane Snapper","Lutjanus synagris",53,19
"201811301225-158","Lane Snapper","Lutjanus synagris",57,19
"201811301225-158","Lane Snapper","Lutjanus synagris",75,19
"201811301225-158","Lane Snapper","Lutjanus synagris",64,19
"201811301225-158","Lane Snapper","Lutjanus synagris",54,19
"201811301225-158","Lane Snapper","Lutjanus synagris",114,19
"201811301225-158","Lane Snapper","Lutjanus synagris",58,19
"201811301225-158","Lane Snapper","Lutjanus synagris",35,19
"201811301225-158","Lane Snapper","Lutjanus synagris",54,19
"201811301225-158","Lane Snapper","Lutjanus synagris",28,19
"201811301225-158","Lane Snapper","Lutjanus synagris",62,19
"201811301225-158","Lane Snapper","Lutjanus synagris",53,19
"201811301225-158","Lane Snapper","Lutjanus synagris",64,19
"201811301225-158","Lane Snapper","Lutjanus synagris",33,19
"201811301225-158","Blue Crab","Callinectes sapidus",135,3
"201811301225-158","Blue Crab","Callinectes sapidus",95,3
"201811301225-158","Blue Crab","Callinectes sapidus",100,3
"201902050924-073","Hogchoker","Trinectes maculatus",60,3
"201902050924-073","Hogchoker","Trinectes maculatus",52,3
"201902050924-073","Hogchoker","Trinectes maculatus",48,3
"201902051026-065","Atlantic Spadefish","Chaetodipterus faber",114,2
"201902051026-065","Atlantic Spadefish","Chaetodipterus faber",80,2
"201902051104-169","Spotted Seatrout","Cynoscion nebulosus",232,1
"201902051104-169","Gray Snapper","Lutjanus griseus",54,5
"201902051104-169","Gray Snapper","Lutjanus griseus",181,5
"201902051104-169","Gray Snapper","Lutjanus griseus",189,5
"201902051104-169","Gray Snapper","Lutjanus griseus",172,5
"201902051104-169","Gray Snapper","Lutjanus griseus",172,5
"201902051104-169","Lane Snapper","Lutjanus synagris",64,2
"201902051104-169","Lane Snapper","Lutjanus synagris",68,2
"201902051132-158","Gray Snapper","Lutjanus griseus",189,2
"201902051132-158","Gray Snapper","Lutjanus griseus",191,2
"201902051132-158","Lane Snapper","Lutjanus synagris",69,1
"201902051132-158","Blue Crab","Callinectes sapidus",NA,1
"201902051337-133","Gray Snapper","Lutjanus griseus",152,4
"201902051337-133","Gray Snapper","Lutjanus griseus",206,4
"201902051337-133","Gray Snapper","Lutjanus griseus",173,4
"201902051337-133","Gray Snapper","Lutjanus griseus",171,4
"201902051337-133","Lane Snapper","Lutjanus synagris",104,3
"201902051337-133","Lane Snapper","Lutjanus synagris",66,3
"201902051337-133","Lane Snapper","Lutjanus synagris",53,3
"201902051337-133","Blue Crab","Callinectes sapidus",NA,1
"201902051347-134","Blue Crab","Callinectes sapidus",NA,1
"201902051356-159","Atlantic Spadefish","Chaetodipterus faber",138,1
"201902051356-159","Gray Snapper","Lutjanus griseus",209,1
"201902051416-147","Gray Snapper","Lutjanus griseus",169,1
"201902051416-147","Lane Snapper","Lutjanus synagris",348,1
"201902051426-135","Grass Porgy","Calamus arctifrons",92,1
"201902051426-135","Gray Snapper","Lutjanus griseus",177,2
"201902051426-135","Gray Snapper","Lutjanus griseus",185,2
"201902051426-135","Lane Snapper","Lutjanus synagris",93,5
"201902051426-135","Lane Snapper","Lutjanus synagris",112,5
"201902051426-135","Lane Snapper","Lutjanus synagris",69,5
"201902051426-135","Lane Snapper","Lutjanus synagris",78,5
"201902051426-135","Lane Snapper","Lutjanus synagris",136,5
"201902051440-123","Gray Snapper","Lutjanus griseus",196,1
"201902051440-123","Lane Snapper","Lutjanus synagris",106,2
"201902051440-123","Lane Snapper","Lutjanus synagris",120,2
"201902051440-123","Great Barracuda","Sphyraena barracuda",287,1
"201902061233-619","Gray Snapper","Lutjanus griseus",160,1
"201902061233-619","Great Barracuda","Sphyraena barracuda",291,2
"201902061233-619","Great Barracuda","Sphyraena barracuda",204,2
"201902061317-315","Gray Snapper","Lutjanus griseus",193,1
"201902070940-241","Gray Snapper","Lutjanus griseus",73,1
"201902071013-224","Gray Snapper","Lutjanus griseus",220,3
"201902071013-224","Gray Snapper","Lutjanus griseus",166,3
"201902071013-224","Gray Snapper","Lutjanus griseus",189,3
"201902071013-224","Lane Snapper","Lutjanus synagris",81,1
"201902071037-281","Gray Snapper","Lutjanus griseus",172,2
"201902071037-281","Gray Snapper","Lutjanus griseus",152,2
"201902071133-284","Great Barracuda","Sphyraena barracuda",247,1
"201902071156-257","Gray Snapper","Lutjanus griseus",172,1
"201902071238-227","Lane Snapper","Lutjanus synagris",130,1
"201902080916-278","Gray Snapper","Lutjanus griseus",199,1
"201902080916-278","Lane Snapper","Lutjanus synagris",62,1
"201902080924-265","Gray Snapper","Lutjanus griseus",185,1
"201902080951-280","Spotted Seatrout","Cynoscion nebulosus",124,1
"201902080959-267","Spotted Seatrout","Cynoscion nebulosus",92,1
"201902080959-267","Gray Snapper","Lutjanus griseus",160,1
"201903181000-143","Blue Crab","Callinectes sapidus",NA,1
"201903181010-130","Blue Crab","Callinectes sapidus",NA,1
"201903181025-118","Blue Crab","Callinectes sapidus",NA,1
"201903181050-107","Blue Crab","Callinectes sapidus",NA,1
"201903181120-023","Gray Snapper","Lutjanus griseus",96,5
"201903181120-023","Gray Snapper","Lutjanus griseus",84,5
"201903181120-023","Gray Snapper","Lutjanus griseus",201,5
"201903181120-023","Gray Snapper","Lutjanus griseus",224,5
"201903181120-023","Gray Snapper","Lutjanus griseus",173,5
"201903181120-023","Lane Snapper","Lutjanus synagris",93,2
"201903181120-023","Lane Snapper","Lutjanus synagris",84,2
"201903181120-023","Caribbean Spiny Lobster","Panulirus argus",84,2
"201903181120-023","Caribbean Spiny Lobster","Panulirus argus",64,2
"201903181155-122","Gray Snapper","Lutjanus griseus",103,2
"201903181155-122","Gray Snapper","Lutjanus griseus",98,2
"201903181155-122","Lane Snapper","Lutjanus synagris",115,3
"201903181155-122","Lane Snapper","Lutjanus synagris",112,3
"201903181155-122","Lane Snapper","Lutjanus synagris",96,3
"201903181210-123","Gray Snapper","Lutjanus griseus",143,7
"201903181210-123","Gray Snapper","Lutjanus griseus",225,7
"201903181210-123","Gray Snapper","Lutjanus griseus",152,7
"201903181210-123","Gray Snapper","Lutjanus griseus",242,7
"201903181210-123","Gray Snapper","Lutjanus griseus",160,7
"201903181210-123","Gray Snapper","Lutjanus griseus",195,7
"201903181210-123","Gray Snapper","Lutjanus griseus",182,7
"201903181210-123","Lane Snapper","Lutjanus synagris",110,3
"201903181210-123","Lane Snapper","Lutjanus synagris",73,3
"201903181210-123","Lane Snapper","Lutjanus synagris",88,3
"201903181225-124","Atlantic Bay Scallop","Argopecten irradians",70,1
"201903181225-124","Lane Snapper","Lutjanus synagris",118,2
"201903181225-124","Lane Snapper","Lutjanus synagris",93,2
"201903181445-135","Spotted Seatrout","Cynoscion nebulosus",41,1
"201903181445-135","Gray Snapper","Lutjanus griseus",93,2
"201903181445-135","Gray Snapper","Lutjanus griseus",98,2
"201903181505-147","Atlantic Spadefish","Chaetodipterus faber",155,1
"201903181505-147","Gray Snapper","Lutjanus griseus",191,1
"201903181505-147","Lane Snapper","Lutjanus synagris",140,1
"201903181515-159","Blue Crab","Callinectes sapidus",NA,1
"201903181535-146","Gray Snapper","Lutjanus griseus",165,3
"201903181535-146","Gray Snapper","Lutjanus griseus",185,3
"201903181535-146","Gray Snapper","Lutjanus griseus",154,3
"201903181535-146","Lane Snapper","Lutjanus synagris",101,5
"201903181535-146","Lane Snapper","Lutjanus synagris",84,5
"201903181535-146","Lane Snapper","Lutjanus synagris",91,5
"201903181535-146","Lane Snapper","Lutjanus synagris",122,5
"201903181535-146","Lane Snapper","Lutjanus synagris",124,5
"201903181555-134","Gray Snapper","Lutjanus griseus",210,6
"201903181555-134","Gray Snapper","Lutjanus griseus",225,6
"201903181555-134","Gray Snapper","Lutjanus griseus",185,6
"201903181555-134","Gray Snapper","Lutjanus griseus",162,6
"201903181555-134","Gray Snapper","Lutjanus griseus",174,6
"201903181555-134","Gray Snapper","Lutjanus griseus",166,6
"201903181610-133","Gray Snapper","Lutjanus griseus",123,2
"201903181610-133","Gray Snapper","Lutjanus griseus",110,2
"201903181610-133","Blue Crab","Callinectes sapidus",NA,1
"201903181705-157","Gray Snapper","Lutjanus griseus",132,3
"201903181705-157","Gray Snapper","Lutjanus griseus",96,3
"201903181705-157","Gray Snapper","Lutjanus griseus",182,3
"201903181720-168","Gray Snapper","Lutjanus griseus",209,1
"201903181740-169","Atlantic Spadefish","Chaetodipterus faber",222,1
"201903181740-169","Gray Snapper","Lutjanus griseus",233,25
"201903181740-169","Gray Snapper","Lutjanus griseus",186,25
"201903181740-169","Gray Snapper","Lutjanus griseus",238,25
"201903181740-169","Gray Snapper","Lutjanus griseus",256,25
"201903181740-169","Gray Snapper","Lutjanus griseus",243,25
"201903181740-169","Gray Snapper","Lutjanus griseus",188,25
"201903181740-169","Gray Snapper","Lutjanus griseus",206,25
"201903181740-169","Gray Snapper","Lutjanus griseus",186,25
"201903181740-169","Gray Snapper","Lutjanus griseus",205,25
"201903181740-169","Gray Snapper","Lutjanus griseus",198,25
"201903181740-169","Gray Snapper","Lutjanus griseus",236,25
"201903181740-169","Gray Snapper","Lutjanus griseus",212,25
"201903181740-169","Gray Snapper","Lutjanus griseus",175,25
"201903181740-169","Gray Snapper","Lutjanus griseus",166,25
"201903181740-169","Gray Snapper","Lutjanus griseus",184,25
"201903181740-169","Gray Snapper","Lutjanus griseus",173,25
"201903181740-169","Gray Snapper","Lutjanus griseus",198,25
"201903181740-169","Gray Snapper","Lutjanus griseus",188,25
"201903181740-169","Gray Snapper","Lutjanus griseus",233,25
"201903181740-169","Gray Snapper","Lutjanus griseus",104,25
"201903181740-169","Gray Snapper","Lutjanus griseus",119,25
"201903181740-169","Gray Snapper","Lutjanus griseus",101,25
"201903181740-169","Gray Snapper","Lutjanus griseus",200,25
"201903181740-169","Gray Snapper","Lutjanus griseus",191,25
"201903181740-169","Gray Snapper","Lutjanus griseus",129,25
"201903181740-169","Lane Snapper","Lutjanus synagris",88,4
"201903181740-169","Lane Snapper","Lutjanus synagris",95,4
"201903181740-169","Lane Snapper","Lutjanus synagris",70,4
"201903181740-169","Lane Snapper","Lutjanus synagris",91,4
"201903181815-073","Blue Crab","Callinectes sapidus",NA,1
"201903190910-237","Blue Crab","Callinectes sapidus",NA,1
"201903190940-278","Spotted Seatrout","Cynoscion nebulosus",190,1
"201903190955-279","Gray Snapper","Lutjanus griseus",216,1
"201903191005-280","Gray Snapper","Lutjanus griseus",170,1
"201903191005-280","Lane Snapper","Lutjanus synagris",84,1
"201903191005-280","Blue Crab","Callinectes sapidus",NA,1
"201903191020-281","Lane Snapper","Lutjanus synagris",82,1
"201903191030-282","Atlantic Bay Scallop","Argopecten irradians",30,1
"201903191030-282","Lined Seahorse","Hippocampus erectus",120,2
"201903191030-282","Lined Seahorse","Hippocampus erectus",75,2
"201903191045-268","Lane Snapper","Lutjanus synagris",92,1
"201903191120-257","Spotted Seatrout","Cynoscion nebulosus",100,1
"201903191150-283","Lined Seahorse","Hippocampus erectus",115,2
"201903191150-283","Lined Seahorse","Hippocampus erectus",115,2
"201903191200-294","Atlantic Bay Scallop","Argopecten irradians",28,1
"201903191225-271","Blue Crab","Callinectes sapidus",NA,1
"201903191255-244","Gray Snapper","Lutjanus griseus",168,4
"201903191255-244","Gray Snapper","Lutjanus griseus",182,4
"201903191255-244","Gray Snapper","Lutjanus griseus",193,4
"201903191255-244","Gray Snapper","Lutjanus griseus",152,4
"201903191315-243","Gray Snapper","Lutjanus griseus",162,3
"201903191315-243","Gray Snapper","Lutjanus griseus",117,3
"201903191315-243","Gray Snapper","Lutjanus griseus",103,3
"201903191335-228","Gray Snapper","Lutjanus griseus",182,1
"201903191400-227","Gray Snapper","Lutjanus griseus",165,1
"201903191410-226","Spotted Seatrout","Cynoscion nebulosus",92,1
"201903191430-225","Spotted Seatrout","Cynoscion nebulosus",160,1
"201903191430-225","Lined Seahorse","Hippocampus erectus",80,1
"201903191430-225","Gray Snapper","Lutjanus griseus",210,6
"201903191430-225","Gray Snapper","Lutjanus griseus",223,6
"201903191430-225","Gray Snapper","Lutjanus griseus",193,6
"201903191430-225","Gray Snapper","Lutjanus griseus",175,6
"201903191430-225","Gray Snapper","Lutjanus griseus",190,6
"201903191430-225","Gray Snapper","Lutjanus griseus",182,6
"201903191430-225","Lane Snapper","Lutjanus synagris",78,2
"201903191430-225","Lane Snapper","Lutjanus synagris",96,2
"201903191445-224","Gray Snapper","Lutjanus griseus",200,15
"201903191445-224","Gray Snapper","Lutjanus griseus",170,15
"201903191445-224","Gray Snapper","Lutjanus griseus",190,15
"201903191445-224","Gray Snapper","Lutjanus griseus",209,15
"201903191445-224","Gray Snapper","Lutjanus griseus",173,15
"201903191445-224","Gray Snapper","Lutjanus griseus",198,15
"201903191445-224","Gray Snapper","Lutjanus griseus",200,15
"201903191445-224","Gray Snapper","Lutjanus griseus",222,15
"201903191445-224","Gray Snapper","Lutjanus griseus",174,15
"201903191445-224","Gray Snapper","Lutjanus griseus",158,15
"201903191445-224","Gray Snapper","Lutjanus griseus",200,15
"201903191445-224","Gray Snapper","Lutjanus griseus",162,15
"201903191445-224","Gray Snapper","Lutjanus griseus",165,15
"201903191445-224","Gray Snapper","Lutjanus griseus",115,15
"201903191445-224","Gray Snapper","Lutjanus griseus",188,15
"201903191445-224","Red Drum","Sciaenops ocellatus",354,1
"201903191505-239","Spotted Seatrout","Cynoscion nebulosus",196,1
"201903191505-239","Gray Snapper","Lutjanus griseus",202,1
"201903191505-239","Blue Crab","Callinectes sapidus",NA,1
"201903191535-240","Gray Snapper","Lutjanus griseus",218,1
"201903191535-240","Lane Snapper","Lutjanus synagris",85,1
"201903191547-241","Gray Snapper","Lutjanus griseus",126,2
"201903191547-241","Gray Snapper","Lutjanus griseus",184,2
"201903191547-241","Lane Snapper","Lutjanus synagris",92,3
"201903191547-241","Lane Snapper","Lutjanus synagris",90,3
"201903191547-241","Lane Snapper","Lutjanus synagris",94,3
"201903191547-241","Blue Crab","Callinectes sapidus",NA,1
"201903191605-255","Gray Snapper","Lutjanus griseus",101,1
"201903191605-255","Lane Snapper","Lutjanus synagris",105,1
"201903191615-254","Gray Snapper","Lutjanus griseus",88,2
"201903191615-254","Gray Snapper","Lutjanus griseus",174,2
"201903191615-254","Hogchoker","Trinectes maculatus",56,2
"201903191615-254","Hogchoker","Trinectes maculatus",50,2
"201903200910-266","Spotted Seatrout","Cynoscion nebulosus",234,1
"201903200910-266","Lane Snapper","Lutjanus synagris",126,3
"201903200910-266","Lane Snapper","Lutjanus synagris",84,3
"201903200910-266","Lane Snapper","Lutjanus synagris",68,3
"201903200930-267","Gray Snapper","Lutjanus griseus",176,1
"201903201025-312","Gulf Flounder","Paralichthys albigutta",218,1
"201903201045-302","Lined Seahorse","Hippocampus erectus",120,1
"201903201130-303","Blue Crab","Callinectes sapidus",NA,1
"201905140942-237","Gray Snapper","Lutjanus griseus",191,1
"201905140942-237","Florida Stone Crab","Menippe mercenaria",NA,1
"201905141024-290","Gray Snapper","Lutjanus griseus",184,1
"201905141024-290","Florida Stone Crab","Menippe mercenaria",32,1
"201905141107-303","Atlantic Bay Scallop","Argopecten irradians",32,1
"201905141349-304","Atlantic Bay Scallop","Argopecten irradians",32,3
"201905141349-304","Atlantic Bay Scallop","Argopecten irradians",32,3
"201905141349-304","Atlantic Bay Scallop","Argopecten irradians",34,3
"201905141349-304","Gray Snapper","Lutjanus griseus",215,1
"201905150903-266","Atlantic Bay Scallop","Argopecten irradians",32,1
"201905150903-266","Spotted Seatrout","Cynoscion nebulosus",84,1
"201905150903-266","Lane Snapper","Lutjanus synagris",96,1
"201905150903-266","Caribbean Spiny Lobster","Panulirus argus",62,1
"201905150916-280","Spotted Seatrout","Cynoscion nebulosus",45,1
"201905150951-282","Lined Seahorse","Hippocampus erectus",116,1
"201905151023-256","Lined Seahorse","Hippocampus erectus",115,1
"201905151033-270","Atlantic Bay Scallop","Argopecten irradians",34,4
"201905151033-270","Atlantic Bay Scallop","Argopecten irradians",32,4
"201905151033-270","Atlantic Bay Scallop","Argopecten irradians",34,4
"201905151033-270","Atlantic Bay Scallop","Argopecten irradians",30,4
"201905151043-283","Atlantic Bay Scallop","Argopecten irradians",32,5
"201905151043-283","Atlantic Bay Scallop","Argopecten irradians",31,5
"201905151043-283","Atlantic Bay Scallop","Argopecten irradians",36,5
"201905151043-283","Atlantic Bay Scallop","Argopecten irradians",38,5
"201905151043-283","Atlantic Bay Scallop","Argopecten irradians",32,5
"201905151053-294","Atlantic Bay Scallop","Argopecten irradians",30,4
"201905151053-294","Atlantic Bay Scallop","Argopecten irradians",32,4
"201905151053-294","Atlantic Bay Scallop","Argopecten irradians",30,4
"201905151053-294","Atlantic Bay Scallop","Argopecten irradians",26,4
"201905151102-284","Atlantic Bay Scallop","Argopecten irradians",30,1
"201905151109-271","Atlantic Bay Scallop","Argopecten irradians",32,1
"201905151109-271","Lined Seahorse","Hippocampus erectus",120,1
"201905151142-244","Atlantic Bay Scallop","Argopecten irradians",40,1
"201905151142-244","Blue Crab","Callinectes sapidus",NA,1
"201905151159-242","Gray Snapper","Lutjanus griseus",210,1
"201905151159-242","Florida Stone Crab","Menippe mercenaria",100,1
"201905151211-241","Spotted Seatrout","Cynoscion nebulosus",48,3
"201905151211-241","Spotted Seatrout","Cynoscion nebulosus",54,3
"201905151211-241","Spotted Seatrout","Cynoscion nebulosus",89,3
"201905151247-228","Gray Snapper","Lutjanus griseus",121,1
"201905160847-255","Atlantic Bay Scallop","Argopecten irradians",32,2
"201905160847-255","Atlantic Bay Scallop","Argopecten irradians",48,2
"201905160909-254","Spotted Seatrout","Cynoscion nebulosus",21,1
"201905160934-240","Spotted Seatrout","Cynoscion nebulosus",71,1
"201905160946-225","Spotted Seatrout","Cynoscion nebulosus",54,1
"201905160946-225","Gray Snapper","Lutjanus griseus",188,1
"201905160956-224","Gray Snapper","Lutjanus griseus",192,6
"201905160956-224","Gray Snapper","Lutjanus griseus",171,6
"201905160956-224","Gray Snapper","Lutjanus griseus",200,6
"201905160956-224","Gray Snapper","Lutjanus griseus",234,6
"201905160956-224","Gray Snapper","Lutjanus griseus",192,6
"201905160956-224","Gray Snapper","Lutjanus griseus",129,6
"201905161012-176","Sheepshead","Archosargus probatocephalus",174,2
"201905161012-176","Sheepshead","Archosargus probatocephalus",44,2
"201905161012-176","Grass Porgy","Calamus arctifrons",84,1
"201905161012-176","Lined Seahorse","Hippocampus erectus",110,1
"201905161012-176","Gray Snapper","Lutjanus griseus",210,1
"201905161035-169","Gray Snapper","Lutjanus griseus",196,1
"201905161101-158","Gray Snapper","Lutjanus griseus",220,5
"201905161101-158","Gray Snapper","Lutjanus griseus",200,5
"201905161101-158","Gray Snapper","Lutjanus griseus",203,5
"201905161101-158","Gray Snapper","Lutjanus griseus",240,5
"201905161101-158","Gray Snapper","Lutjanus griseus",203,5
"201905161101-158","Blue Crab","Callinectes sapidus",NA,1
"201905161158-145","Gray Snapper","Lutjanus griseus",119,1
"201905161209-133","Gray Snapper","Lutjanus griseus",193,5
"201905161209-133","Gray Snapper","Lutjanus griseus",152,5
"201905161209-133","Gray Snapper","Lutjanus griseus",194,5
"201905161209-133","Gray Snapper","Lutjanus griseus",154,5
"201905161209-133","Gray Snapper","Lutjanus griseus",138,5
"201905161223-159","Spotted Seatrout","Cynoscion nebulosus",24,5
"201905161223-159","Spotted Seatrout","Cynoscion nebulosus",26,5
"201905161223-159","Spotted Seatrout","Cynoscion nebulosus",46,5
"201905161223-159","Spotted Seatrout","Cynoscion nebulosus",81,5
"201905161223-159","Spotted Seatrout","Cynoscion nebulosus",106,5
"201905161223-159","Gray Snapper","Lutjanus griseus",148,8
"201905161223-159","Gray Snapper","Lutjanus griseus",132,8
"201905161223-159","Gray Snapper","Lutjanus griseus",204,8
"201905161223-159","Gray Snapper","Lutjanus griseus",206,8
"201905161223-159","Gray Snapper","Lutjanus griseus",120,8
"201905161223-159","Gray Snapper","Lutjanus griseus",204,8
"201905161223-159","Gray Snapper","Lutjanus griseus",173,8
"201905161223-159","Gray Snapper","Lutjanus griseus",128,8
"201905161236-146","Gray Snapper","Lutjanus griseus",184,1
"201905161246-147","Gray Snapper","Lutjanus griseus",182,1
"201905161253-134","Gray Snapper","Lutjanus griseus",159,3
"201905161253-134","Gray Snapper","Lutjanus griseus",180,3
"201905161253-134","Gray Snapper","Lutjanus griseus",176,3
"201905161304-135","Gray Snapper","Lutjanus griseus",142,3
"201905161304-135","Gray Snapper","Lutjanus griseus",164,3
"201905161304-135","Gray Snapper","Lutjanus griseus",183,3
"201905161304-135","Lane Snapper","Lutjanus synagris",114,3
"201905161304-135","Lane Snapper","Lutjanus synagris",132,3
"201905161304-135","Lane Snapper","Lutjanus synagris",112,3
"201905161316-123","Lane Snapper","Lutjanus synagris",114,1
"201905170823-070","Blue Crab","Callinectes sapidus",NA,1
"201905170845-065","Atlantic Spadefish","Chaetodipterus faber",109,1
"201905170854-130","Atlantic Spadefish","Chaetodipterus faber",141,1
"201906250944-278","Spotted Seatrout","Cynoscion nebulosus",30,5
"201906250944-278","Spotted Seatrout","Cynoscion nebulosus",31,5
"201906250944-278","Spotted Seatrout","Cynoscion nebulosus",38,5
"201906250944-278","Spotted Seatrout","Cynoscion nebulosus",44,5
"201906250944-278","Spotted Seatrout","Cynoscion nebulosus",58,5
"201906250944-278","Gray Snapper","Lutjanus griseus",176,1
"201906251002-279","Spotted Seatrout","Cynoscion nebulosus",44,1
"201906251013-266","Spotted Seatrout","Cynoscion nebulosus",28,2
"201906251013-266","Spotted Seatrout","Cynoscion nebulosus",32,2
"201906251027-280","Atlantic Bay Scallop","Argopecten irradians",30,3
"201906251027-280","Atlantic Bay Scallop","Argopecten irradians",51,3
"201906251027-280","Atlantic Bay Scallop","Argopecten irradians",53,3
"201906251047-255","Atlantic Bay Scallop","Argopecten irradians",31,1
"201906251056-254","Atlantic Bay Scallop","Argopecten irradians",38,1
"201906251113-239","Gray Snapper","Lutjanus griseus",246,1
"201906251122-240","Sheepshead","Archosargus probatocephalus",76,1
"201906251122-240","Spotted Seatrout","Cynoscion nebulosus",32,3
"201906251122-240","Spotted Seatrout","Cynoscion nebulosus",44,3
"201906251122-240","Spotted Seatrout","Cynoscion nebulosus",96,3
"201906251122-240","Gray Snapper","Lutjanus griseus",205,1
"201906251133-225","Spotted Seatrout","Cynoscion nebulosus",32,1
"201906251133-225","Gray Snapper","Lutjanus griseus",33,5
"201906251133-225","Gray Snapper","Lutjanus griseus",148,5
"201906251133-225","Gray Snapper","Lutjanus griseus",211,5
"201906251133-225","Gray Snapper","Lutjanus griseus",166,5
"201906251133-225","Gray Snapper","Lutjanus griseus",204,5
"201906251146-224","Gray Snapper","Lutjanus griseus",241,2
"201906251146-224","Gray Snapper","Lutjanus griseus",196,2
"201906251232-228","Atlantic Bay Scallop","Argopecten irradians",39,2
"201906251232-228","Atlantic Bay Scallop","Argopecten irradians",36,2
"201906251240-229","Great Barracuda","Sphyraena barracuda",82,1
"201906251308-242","Caribbean Spiny Lobster","Panulirus argus",142,1
"201906251618-124","Atlantic Bay Scallop","Argopecten irradians",42,3
"201906251618-124","Atlantic Bay Scallop","Argopecten irradians",52,3
"201906251618-124","Atlantic Bay Scallop","Argopecten irradians",52,3
"201906251618-124","Spotted Seatrout","Cynoscion nebulosus",74,1
"201906251618-124","Gray Snapper","Lutjanus griseus",134,1
"201906251630-136","Atlantic Bay Scallop","Argopecten irradians",42,5
"201906251630-136","Atlantic Bay Scallop","Argopecten irradians",44,5
"201906251630-136","Atlantic Bay Scallop","Argopecten irradians",42,5
"201906251630-136","Atlantic Bay Scallop","Argopecten irradians",44,5
"201906251630-136","Atlantic Bay Scallop","Argopecten irradians",39,5
"201906251640-122","Gray Snapper","Lutjanus griseus",139,4
"201906251640-122","Gray Snapper","Lutjanus griseus",148,4
"201906251640-122","Gray Snapper","Lutjanus griseus",179,4
"201906251640-122","Gray Snapper","Lutjanus griseus",122,4
"201906251640-122","Blue Crab","Callinectes sapidus",NA,1
"201906260942-237","Grass Porgy","Calamus arctifrons",53,4
"201906260942-237","Grass Porgy","Calamus arctifrons",72,4
"201906260942-237","Grass Porgy","Calamus arctifrons",68,4
"201906260942-237","Grass Porgy","Calamus arctifrons",65,4
"201906260942-237","Gray Snapper","Lutjanus griseus",230,1
"201906261012-282","Atlantic Bay Scallop","Argopecten irradians",48,1
"201906261021-292","Spotted Seatrout","Cynoscion nebulosus",99,1
"201906261042-609","Gray Snapper","Lutjanus griseus",215,1
"201906261120-304","Atlantic Bay Scallop","Argopecten irradians",28,1
"201906261437-271","Atlantic Bay Scallop","Argopecten irradians",36,3
"201906261437-271","Atlantic Bay Scallop","Argopecten irradians",37,3
"201906261437-271","Atlantic Bay Scallop","Argopecten irradians",29,3
"201906261445-270","Spotted Seatrout","Cynoscion nebulosus",127,1
"201906261445-270","Gray Snapper","Lutjanus griseus",146,1
"201906261512-256","Atlantic Bay Scallop","Argopecten irradians",28,2
"201906261512-256","Atlantic Bay Scallop","Argopecten irradians",27,2
"201906261518-269","Atlantic Bay Scallop","Argopecten irradians",38,2
"201906261518-269","Atlantic Bay Scallop","Argopecten irradians",35,2
"201906261529-284","Atlantic Bay Scallop","Argopecten irradians",27,11
"201906261529-284","Atlantic Bay Scallop","Argopecten irradians",42,11
"201906261529-284","Atlantic Bay Scallop","Argopecten irradians",33,11
"201906261529-284","Atlantic Bay Scallop","Argopecten irradians",28,11
"201906261529-284","Atlantic Bay Scallop","Argopecten irradians",33,11
"201906261529-284","Atlantic Bay Scallop","Argopecten irradians",36,11
"201906261529-284","Atlantic Bay Scallop","Argopecten irradians",34,11
"201906261529-284","Atlantic Bay Scallop","Argopecten irradians",32,11
"201906261529-284","Atlantic Bay Scallop","Argopecten irradians",37,11
"201906261529-284","Atlantic Bay Scallop","Argopecten irradians",41,11
"201906261529-284","Atlantic Bay Scallop","Argopecten irradians",32,11
"201906261537-294","Atlantic Bay Scallop","Argopecten irradians",28,4
"201906261537-294","Atlantic Bay Scallop","Argopecten irradians",39,4
"201906261537-294","Atlantic Bay Scallop","Argopecten irradians",34,4
"201906261537-294","Atlantic Bay Scallop","Argopecten irradians",32,4
"201906261544-283","Atlantic Bay Scallop","Argopecten irradians",32,9
"201906261544-283","Atlantic Bay Scallop","Argopecten irradians",34,9
"201906261544-283","Atlantic Bay Scallop","Argopecten irradians",36,9
"201906261544-283","Atlantic Bay Scallop","Argopecten irradians",34,9
"201906261544-283","Atlantic Bay Scallop","Argopecten irradians",37,9
"201906261544-283","Atlantic Bay Scallop","Argopecten irradians",31,9
"201906261544-283","Atlantic Bay Scallop","Argopecten irradians",34,9
"201906261544-283","Atlantic Bay Scallop","Argopecten irradians",38,9
"201906261544-283","Atlantic Bay Scallop","Argopecten irradians",33,9
"201906261658-133","Grass Porgy","Calamus arctifrons",72,1
"201906261658-133","Gray Snapper","Lutjanus griseus",221,9
"201906261658-133","Gray Snapper","Lutjanus griseus",225,9
"201906261658-133","Gray Snapper","Lutjanus griseus",211,9
"201906261658-133","Gray Snapper","Lutjanus griseus",209,9
"201906261658-133","Gray Snapper","Lutjanus griseus",126,9
"201906261658-133","Gray Snapper","Lutjanus griseus",139,9
"201906261658-133","Gray Snapper","Lutjanus griseus",208,9
"201906261658-133","Gray Snapper","Lutjanus griseus",195,9
"201906261658-133","Gray Snapper","Lutjanus griseus",217,9
"201906270911-168","Spotted Seatrout","Cynoscion nebulosus",29,8
"201906270911-168","Spotted Seatrout","Cynoscion nebulosus",31,8
"201906270911-168","Spotted Seatrout","Cynoscion nebulosus",32,8
"201906270911-168","Spotted Seatrout","Cynoscion nebulosus",35,8
"201906270911-168","Spotted Seatrout","Cynoscion nebulosus",37,8
"201906270911-168","Spotted Seatrout","Cynoscion nebulosus",39,8
"201906270911-168","Spotted Seatrout","Cynoscion nebulosus",40,8
"201906270911-168","Spotted Seatrout","Cynoscion nebulosus",119,8
"201906270911-168","Gray Snapper","Lutjanus griseus",244,4
"201906270911-168","Gray Snapper","Lutjanus griseus",167,4
"201906270911-168","Gray Snapper","Lutjanus griseus",148,4
"201906270911-168","Gray Snapper","Lutjanus griseus",226,4
"201906271100-146","Sheepshead","Archosargus probatocephalus",164,5
"201906271100-146","Sheepshead","Archosargus probatocephalus",168,5
"201906271100-146","Sheepshead","Archosargus probatocephalus",58,5
"201906271100-146","Sheepshead","Archosargus probatocephalus",172,5
"201906271100-146","Sheepshead","Archosargus probatocephalus",165,5
"201906271100-146","Spotted Seatrout","Cynoscion nebulosus",20,9
"201906271100-146","Spotted Seatrout","Cynoscion nebulosus",25,9
"201906271100-146","Spotted Seatrout","Cynoscion nebulosus",31,9
"201906271100-146","Spotted Seatrout","Cynoscion nebulosus",32,9
"201906271100-146","Spotted Seatrout","Cynoscion nebulosus",36,9
"201906271100-146","Spotted Seatrout","Cynoscion nebulosus",37,9
"201906271100-146","Spotted Seatrout","Cynoscion nebulosus",71,9
"201906271100-146","Spotted Seatrout","Cynoscion nebulosus",99,9
"201906271100-146","Spotted Seatrout","Cynoscion nebulosus",104,9
"201906271100-146","Gray Snapper","Lutjanus griseus",245,3
"201906271100-146","Gray Snapper","Lutjanus griseus",132,3
"201906271100-146","Gray Snapper","Lutjanus griseus",128,3
"201906271100-146","Lane Snapper","Lutjanus synagris",79,1
"201906271100-146","Caribbean Spiny Lobster","Panulirus argus",106,1
"201906271116-147","Atlantic Bay Scallop","Argopecten irradians",38,1
"201906271116-147","Gray Snapper","Lutjanus griseus",241,3
"201906271116-147","Gray Snapper","Lutjanus griseus",152,3
"201906271116-147","Gray Snapper","Lutjanus griseus",193,3
"201906271116-147","Lane Snapper","Lutjanus synagris",145,1
"201906271130-134","Atlantic Spadefish","Chaetodipterus faber",140,1
"201906271153-123","Atlantic Bay Scallop","Argopecten irradians",50,2
"201906271153-123","Atlantic Bay Scallop","Argopecten irradians",42,2
"201906271153-123","Spotted Seatrout","Cynoscion nebulosus",26,4
"201906271153-123","Spotted Seatrout","Cynoscion nebulosus",42,4
"201906271153-123","Spotted Seatrout","Cynoscion nebulosus",44,4
"201906271153-123","Spotted Seatrout","Cynoscion nebulosus",62,4
"201906271153-123","Gray Snapper","Lutjanus griseus",180,1
"201907090945-237","Spotted Seatrout","Cynoscion nebulosus",42,1
"201907091013-266","Gray Snapper","Lutjanus griseus",143,1
"201907091013-266","Caribbean Spiny Lobster","Panulirus argus",105,1
"201907091027-265","Spotted Seatrout","Cynoscion nebulosus",51,1
"201907091055-280","Gray Snapper","Lutjanus griseus",231,1
"201907091122-254","Spotted Seatrout","Cynoscion nebulosus",85,1
"201907091140-239","Spotted Seatrout","Cynoscion nebulosus",50,1
"201907091200-224","Gray Snapper","Lutjanus griseus",253,5
"201907091200-224","Gray Snapper","Lutjanus griseus",132,5
"201907091200-224","Gray Snapper","Lutjanus griseus",201,5
"201907091200-224","Gray Snapper","Lutjanus griseus",235,5
"201907091200-224","Gray Snapper","Lutjanus griseus",248,5
"201907091212-225","Spotted Seatrout","Cynoscion nebulosus",195,1
"201907091212-225","Gray Snapper","Lutjanus griseus",241,7
"201907091212-225","Gray Snapper","Lutjanus griseus",235,7
"201907091212-225","Gray Snapper","Lutjanus griseus",152,7
"201907091212-225","Gray Snapper","Lutjanus griseus",228,7
"201907091212-225","Gray Snapper","Lutjanus griseus",227,7
"201907091212-225","Gray Snapper","Lutjanus griseus",168,7
"201907091212-225","Gray Snapper","Lutjanus griseus",138,7
"201907091224-226","Spotted Seatrout","Cynoscion nebulosus",46,1
"201907091236-241","Spotted Seatrout","Cynoscion nebulosus",69,1
"201907091236-241","Gray Snapper","Lutjanus griseus",184,6
"201907091236-241","Gray Snapper","Lutjanus griseus",192,6
"201907091236-241","Gray Snapper","Lutjanus griseus",166,6
"201907091236-241","Gray Snapper","Lutjanus griseus",193,6
"201907091236-241","Gray Snapper","Lutjanus griseus",224,6
"201907091236-241","Gray Snapper","Lutjanus griseus",180,6
"201907091324-243","Gray Snapper","Lutjanus griseus",212,1
"201907091340-229","Atlantic Bay Scallop","Argopecten irradians",28,1
"201907091532-133","Gray Snapper","Lutjanus griseus",153,6
"201907091532-133","Gray Snapper","Lutjanus griseus",150,6
"201907091532-133","Gray Snapper","Lutjanus griseus",221,6
"201907091532-133","Gray Snapper","Lutjanus griseus",149,6
"201907091532-133","Gray Snapper","Lutjanus griseus",190,6
"201907091532-133","Gray Snapper","Lutjanus griseus",201,6
"201907100801-292","Atlantic Bay Scallop","Argopecten irradians",40,1
"201907100801-292","Lined Seahorse","Hippocampus erectus",92,1
"201907100834-301","Gray Snapper","Lutjanus griseus",150,2
"201907100834-301","Gray Snapper","Lutjanus griseus",156,2
"201907100940-315","Atlantic Bay Scallop","Argopecten irradians",36,1
"201907101012-404","Great Barracuda","Sphyraena barracuda",47,1
"201907101330-145","Gray Snapper","Lutjanus griseus",161,5
"201907101330-145","Gray Snapper","Lutjanus griseus",210,5
"201907101330-145","Gray Snapper","Lutjanus griseus",245,5
"201907101330-145","Gray Snapper","Lutjanus griseus",143,5
"201907101330-145","Gray Snapper","Lutjanus griseus",128,5
"201907101330-145","Great Barracuda","Sphyraena barracuda",62,1
"201907101330-145","Blue Crab","Callinectes sapidus",NA,1
"201907101343-134","Spotted Seatrout","Cynoscion nebulosus",320,1
"201907101343-134","Gray Snapper","Lutjanus griseus",168,1
"201907110733-130","Gray Snapper","Lutjanus griseus",201,1
"201907110733-130","Blue Crab","Callinectes sapidus",NA,1
"201907110753-101","Gray Snapper","Lutjanus griseus",124,8
"201907110753-101","Gray Snapper","Lutjanus griseus",150,8
"201907110753-101","Gray Snapper","Lutjanus griseus",148,8
"201907110753-101","Gray Snapper","Lutjanus griseus",158,8
"201907110753-101","Gray Snapper","Lutjanus griseus",182,8
"201907110753-101","Gray Snapper","Lutjanus griseus",230,8
"201907110753-101","Gray Snapper","Lutjanus griseus",172,8
"201907110753-101","Gray Snapper","Lutjanus griseus",171,8
"201907110753-101","Lane Snapper","Lutjanus synagris",55,2
"201907110753-101","Lane Snapper","Lutjanus synagris",38,2
"201907110753-101","Yellowtail Snapper","Ocyurus chrysurus",64,1
"201907110753-101","Blue Crab","Callinectes sapidus",NA,1
"201907110805-174","Gray Snapper","Lutjanus griseus",215,1
"201907110820-022","Grass Porgy","Calamus arctifrons",60,2
"201907110820-022","Grass Porgy","Calamus arctifrons",74,2
"201907110820-022","Blue Crab","Callinectes sapidus",NA,1
"201907110829-256","Atlantic Bay Scallop","Argopecten irradians",45,2
"201907110829-256","Atlantic Bay Scallop","Argopecten irradians",14,2
"201907110829-256","Great Barracuda","Sphyraena barracuda",76,1
"201907110840-023","Gray Snapper","Lutjanus griseus",178,7
"201907110840-023","Gray Snapper","Lutjanus griseus",150,7
"201907110840-023","Gray Snapper","Lutjanus griseus",142,7
"201907110840-023","Gray Snapper","Lutjanus griseus",174,7
"201907110840-023","Gray Snapper","Lutjanus griseus",136,7
"201907110840-023","Gray Snapper","Lutjanus griseus",148,7
"201907110840-023","Gray Snapper","Lutjanus griseus",162,7
"201907110840-023","Lane Snapper","Lutjanus synagris",59,1
"201907110840-023","Blue Crab","Callinectes sapidus",NA,1
"201907110856-282","Atlantic Bay Scallop","Argopecten irradians",43,10
"201907110856-282","Atlantic Bay Scallop","Argopecten irradians",40,10
"201907110856-282","Atlantic Bay Scallop","Argopecten irradians",41,10
"201907110856-282","Atlantic Bay Scallop","Argopecten irradians",38,10
"201907110856-282","Atlantic Bay Scallop","Argopecten irradians",43,10
"201907110856-282","Atlantic Bay Scallop","Argopecten irradians",41,10
"201907110856-282","Atlantic Bay Scallop","Argopecten irradians",38,10
"201907110856-282","Atlantic Bay Scallop","Argopecten irradians",38,10
"201907110856-282","Atlantic Bay Scallop","Argopecten irradians",32,10
"201907110856-282","Atlantic Bay Scallop","Argopecten irradians",38,10
"201907110906-283","Atlantic Bay Scallop","Argopecten irradians",40,24
"201907110906-283","Atlantic Bay Scallop","Argopecten irradians",36,24
"201907110906-283","Atlantic Bay Scallop","Argopecten irradians",39,24
"201907110906-283","Atlantic Bay Scallop","Argopecten irradians",38,24
"201907110906-283","Atlantic Bay Scallop","Argopecten irradians",37,24
"201907110906-283","Atlantic Bay Scallop","Argopecten irradians",42,24
"201907110906-283","Atlantic Bay Scallop","Argopecten irradians",40,24
"201907110906-283","Atlantic Bay Scallop","Argopecten irradians",40,24
"201907110906-283","Atlantic Bay Scallop","Argopecten irradians",41,24
"201907110906-283","Atlantic Bay Scallop","Argopecten irradians",40,24
"201907110906-283","Atlantic Bay Scallop","Argopecten irradians",43,24
"201907110906-283","Atlantic Bay Scallop","Argopecten irradians",38,24
"201907110906-283","Atlantic Bay Scallop","Argopecten irradians",37,24
"201907110906-283","Atlantic Bay Scallop","Argopecten irradians",38,24
"201907110906-283","Atlantic Bay Scallop","Argopecten irradians",35,24
"201907110906-283","Atlantic Bay Scallop","Argopecten irradians",36,24
"201907110906-283","Atlantic Bay Scallop","Argopecten irradians",41,24
"201907110906-283","Atlantic Bay Scallop","Argopecten irradians",41,24
"201907110906-283","Atlantic Bay Scallop","Argopecten irradians",33,24
"201907110906-283","Atlantic Bay Scallop","Argopecten irradians",32,24
"201907110906-283","Atlantic Bay Scallop","Argopecten irradians",32,24
"201907110906-283","Atlantic Bay Scallop","Argopecten irradians",32,24
"201907110906-283","Atlantic Bay Scallop","Argopecten irradians",28,24
"201907110906-283","Atlantic Bay Scallop","Argopecten irradians",29,24
"201907110917-294","Atlantic Bay Scallop","Argopecten irradians",42,20
"201907110917-294","Atlantic Bay Scallop","Argopecten irradians",40,20
"201907110917-294","Atlantic Bay Scallop","Argopecten irradians",40,20
"201907110917-294","Atlantic Bay Scallop","Argopecten irradians",38,20
"201907110917-294","Atlantic Bay Scallop","Argopecten irradians",38,20
"201907110917-294","Atlantic Bay Scallop","Argopecten irradians",35,20
"201907110917-294","Atlantic Bay Scallop","Argopecten irradians",35,20
"201907110917-294","Atlantic Bay Scallop","Argopecten irradians",34,20
"201907110917-294","Atlantic Bay Scallop","Argopecten irradians",42,20
"201907110917-294","Atlantic Bay Scallop","Argopecten irradians",39,20
"201907110917-294","Atlantic Bay Scallop","Argopecten irradians",39,20
"201907110917-294","Atlantic Bay Scallop","Argopecten irradians",40,20
"201907110917-294","Atlantic Bay Scallop","Argopecten irradians",33,20
"201907110917-294","Atlantic Bay Scallop","Argopecten irradians",34,20
"201907110917-294","Atlantic Bay Scallop","Argopecten irradians",34,20
"201907110917-294","Atlantic Bay Scallop","Argopecten irradians",32,20
"201907110917-294","Atlantic Bay Scallop","Argopecten irradians",38,20
"201907110917-294","Atlantic Bay Scallop","Argopecten irradians",40,20
"201907110917-294","Atlantic Bay Scallop","Argopecten irradians",32,20
"201907110917-294","Atlantic Bay Scallop","Argopecten irradians",31,20
"201907110917-294","Lined Seahorse","Hippocampus erectus",84,1
"201907110928-284","Atlantic Bay Scallop","Argopecten irradians",41,29
"201907110928-284","Atlantic Bay Scallop","Argopecten irradians",38,29
"201907110928-284","Atlantic Bay Scallop","Argopecten irradians",42,29
"201907110928-284","Atlantic Bay Scallop","Argopecten irradians",36,29
"201907110928-284","Atlantic Bay Scallop","Argopecten irradians",38,29
"201907110928-284","Atlantic Bay Scallop","Argopecten irradians",37,29
"201907110928-284","Atlantic Bay Scallop","Argopecten irradians",32,29
"201907110928-284","Atlantic Bay Scallop","Argopecten irradians",40,29
"201907110928-284","Atlantic Bay Scallop","Argopecten irradians",38,29
"201907110928-284","Atlantic Bay Scallop","Argopecten irradians",37,29
"201907110928-284","Atlantic Bay Scallop","Argopecten irradians",36,29
"201907110928-284","Atlantic Bay Scallop","Argopecten irradians",38,29
"201907110928-284","Atlantic Bay Scallop","Argopecten irradians",34,29
"201907110928-284","Atlantic Bay Scallop","Argopecten irradians",35,29
"201907110928-284","Atlantic Bay Scallop","Argopecten irradians",32,29
"201907110928-284","Atlantic Bay Scallop","Argopecten irradians",33,29
"201907110928-284","Atlantic Bay Scallop","Argopecten irradians",36,29
"201907110928-284","Atlantic Bay Scallop","Argopecten irradians",33,29
"201907110928-284","Atlantic Bay Scallop","Argopecten irradians",32,29
"201907110928-284","Atlantic Bay Scallop","Argopecten irradians",31,29
"201907110928-284","Atlantic Bay Scallop","Argopecten irradians",21,29
"201907110928-284","Atlantic Bay Scallop","Argopecten irradians",32,29
"201907110928-284","Atlantic Bay Scallop","Argopecten irradians",33,29
"201907110928-284","Atlantic Bay Scallop","Argopecten irradians",33,29
"201907110928-284","Atlantic Bay Scallop","Argopecten irradians",32,29
"201907110928-284","Atlantic Bay Scallop","Argopecten irradians",26,29
"201907110928-284","Atlantic Bay Scallop","Argopecten irradians",31,29
"201907110928-284","Atlantic Bay Scallop","Argopecten irradians",38,29
"201907110928-284","Atlantic Bay Scallop","Argopecten irradians",37,29
"201907110928-284","Great Barracuda","Sphyraena barracuda",64,1
"201907110938-271","Atlantic Bay Scallop","Argopecten irradians",24,43
"201907110938-271","Atlantic Bay Scallop","Argopecten irradians",28,43
"201907110938-271","Atlantic Bay Scallop","Argopecten irradians",30,43
"201907110938-271","Atlantic Bay Scallop","Argopecten irradians",42,43
"201907110938-271","Atlantic Bay Scallop","Argopecten irradians",34,43
"201907110938-271","Atlantic Bay Scallop","Argopecten irradians",28,43
"201907110938-271","Atlantic Bay Scallop","Argopecten irradians",38,43
"201907110938-271","Atlantic Bay Scallop","Argopecten irradians",42,43
"201907110938-271","Atlantic Bay Scallop","Argopecten irradians",38,43
"201907110938-271","Atlantic Bay Scallop","Argopecten irradians",36,43
"201907110938-271","Atlantic Bay Scallop","Argopecten irradians",37,43
"201907110938-271","Atlantic Bay Scallop","Argopecten irradians",37,43
"201907110938-271","Atlantic Bay Scallop","Argopecten irradians",40,43
"201907110938-271","Atlantic Bay Scallop","Argopecten irradians",36,43
"201907110938-271","Atlantic Bay Scallop","Argopecten irradians",38,43
"201907110938-271","Atlantic Bay Scallop","Argopecten irradians",43,43
"201907110938-271","Atlantic Bay Scallop","Argopecten irradians",38,43
"201907110938-271","Atlantic Bay Scallop","Argopecten irradians",38,43
"201907110938-271","Atlantic Bay Scallop","Argopecten irradians",44,43
"201907110938-271","Atlantic Bay Scallop","Argopecten irradians",40,43
"201907110938-271","Atlantic Bay Scallop","Argopecten irradians",43,43
"201907110938-271","Atlantic Bay Scallop","Argopecten irradians",39,43
"201907110938-271","Atlantic Bay Scallop","Argopecten irradians",43,43
"201907110938-271","Atlantic Bay Scallop","Argopecten irradians",33,43
"201907110938-271","Atlantic Bay Scallop","Argopecten irradians",40,43
"201907110938-271","Atlantic Bay Scallop","Argopecten irradians",41,43
"201907110938-271","Atlantic Bay Scallop","Argopecten irradians",34,43
"201907110938-271","Atlantic Bay Scallop","Argopecten irradians",42,43
"201907110938-271","Atlantic Bay Scallop","Argopecten irradians",36,43
"201907110938-271","Atlantic Bay Scallop","Argopecten irradians",36,43
"201907110938-271","Atlantic Bay Scallop","Argopecten irradians",40,43
"201907110938-271","Atlantic Bay Scallop","Argopecten irradians",38,43
"201907110938-271","Atlantic Bay Scallop","Argopecten irradians",32,43
"201907110938-271","Atlantic Bay Scallop","Argopecten irradians",32,43
"201907110938-271","Atlantic Bay Scallop","Argopecten irradians",41,43
"201907110938-271","Atlantic Bay Scallop","Argopecten irradians",40,43
"201907110938-271","Atlantic Bay Scallop","Argopecten irradians",41,43
"201907110938-271","Atlantic Bay Scallop","Argopecten irradians",36,43
"201907110938-271","Atlantic Bay Scallop","Argopecten irradians",36,43
"201907110938-271","Atlantic Bay Scallop","Argopecten irradians",38,43
"201907110938-271","Atlantic Bay Scallop","Argopecten irradians",38,43
"201907110938-271","Atlantic Bay Scallop","Argopecten irradians",39,43
"201907110938-271","Atlantic Bay Scallop","Argopecten irradians",38,43
"201907110948-270","Atlantic Bay Scallop","Argopecten irradians",51,9
"201907110948-270","Atlantic Bay Scallop","Argopecten irradians",42,9
"201907110948-270","Atlantic Bay Scallop","Argopecten irradians",38,9
"201907110948-270","Atlantic Bay Scallop","Argopecten irradians",38,9
"201907110948-270","Atlantic Bay Scallop","Argopecten irradians",34,9
"201907110948-270","Atlantic Bay Scallop","Argopecten irradians",39,9
"201907110948-270","Atlantic Bay Scallop","Argopecten irradians",38,9
"201907110948-270","Atlantic Bay Scallop","Argopecten irradians",42,9
"201907110948-270","Atlantic Bay Scallop","Argopecten irradians",86,9
"201907110948-270","Lined Seahorse","Hippocampus erectus",86,1
"201907111002-257","Atlantic Bay Scallop","Argopecten irradians",31,1
"201907111011-258","Atlantic Bay Scallop","Argopecten irradians",38,1
"201907111320-137","Atlantic Bay Scallop","Argopecten irradians",48,17
"201907111320-137","Atlantic Bay Scallop","Argopecten irradians",52,17
"201907111320-137","Atlantic Bay Scallop","Argopecten irradians",49,17
"201907111320-137","Atlantic Bay Scallop","Argopecten irradians",36,17
"201907111320-137","Atlantic Bay Scallop","Argopecten irradians",36,17
"201907111320-137","Atlantic Bay Scallop","Argopecten irradians",48,17
"201907111320-137","Atlantic Bay Scallop","Argopecten irradians",42,17
"201907111320-137","Atlantic Bay Scallop","Argopecten irradians",43,17
"201907111320-137","Atlantic Bay Scallop","Argopecten irradians",44,17
"201907111320-137","Atlantic Bay Scallop","Argopecten irradians",41,17
"201907111320-137","Atlantic Bay Scallop","Argopecten irradians",42,17
"201907111320-137","Atlantic Bay Scallop","Argopecten irradians",36,17
"201907111320-137","Atlantic Bay Scallop","Argopecten irradians",40,17
"201907111320-137","Atlantic Bay Scallop","Argopecten irradians",42,17
"201907111320-137","Atlantic Bay Scallop","Argopecten irradians",34,17
"201907111320-137","Atlantic Bay Scallop","Argopecten irradians",43,17
"201907111320-137","Atlantic Bay Scallop","Argopecten irradians",36,17
"201907111320-137","Spotted Seatrout","Cynoscion nebulosus",37,1
"201907111320-137","Great Barracuda","Sphyraena barracuda",46,1
"201907111333-124","Atlantic Bay Scallop","Argopecten irradians",58,2
"201907111333-124","Atlantic Bay Scallop","Argopecten irradians",44,2
"201907111333-124","Grass Porgy","Calamus arctifrons",76,2
"201907111333-124","Grass Porgy","Calamus arctifrons",43,2
"201907111333-124","Gray Snapper","Lutjanus griseus",113,4
"201907111333-124","Gray Snapper","Lutjanus griseus",114,4
"201907111333-124","Gray Snapper","Lutjanus griseus",139,4
"201907111333-124","Gray Snapper","Lutjanus griseus",110,4
"201907111333-124","Lane Snapper","Lutjanus synagris",124,1
"201907111333-124","Yellowtail Snapper","Ocyurus chrysurus",92,1
"201907111344-123","Atlantic Bay Scallop","Argopecten irradians",52,4
"201907111344-123","Atlantic Bay Scallop","Argopecten irradians",46,4
"201907111344-123","Atlantic Bay Scallop","Argopecten irradians",45,4
"201907111344-123","Atlantic Bay Scallop","Argopecten irradians",54,4
"201907111344-123","Grass Porgy","Calamus arctifrons",191,1
"201907111344-123","Spotted Seatrout","Cynoscion nebulosus",47,1
"201907111344-123","Goliath Grouper","Epinephelus itajara",263,1
"201907111344-123","Lane Snapper","Lutjanus synagris",69,2
"201907111344-123","Lane Snapper","Lutjanus synagris",88,2
"201907111344-123","Great Barracuda","Sphyraena barracuda",65,1
"201907111359-135","Sheepshead","Archosargus probatocephalus",160,1
"201907111359-135","Spotted Seatrout","Cynoscion nebulosus",33,1
"201907111359-135","Gray Snapper","Lutjanus griseus",126,3
"201907111359-135","Gray Snapper","Lutjanus griseus",72,3
"201907111359-135","Gray Snapper","Lutjanus griseus",144,3
"201907111359-135","Great Barracuda","Sphyraena barracuda",111,1
"201907111415-146","Grass Porgy","Calamus arctifrons",53,1
"201907111415-146","Spotted Seatrout","Cynoscion nebulosus",32,3
"201907111415-146","Spotted Seatrout","Cynoscion nebulosus",35,3
"201907111415-146","Spotted Seatrout","Cynoscion nebulosus",138,3
"201907111415-146","Gray Snapper","Lutjanus griseus",215,5
"201907111415-146","Gray Snapper","Lutjanus griseus",212,5
"201907111415-146","Gray Snapper","Lutjanus griseus",152,5
"201907111415-146","Gray Snapper","Lutjanus griseus",160,5
"201907111415-146","Gray Snapper","Lutjanus griseus",226,5
"201907111437-159","Spotted Seatrout","Cynoscion nebulosus",48,1
"201907111437-159","Gray Snapper","Lutjanus griseus",195,5
"201907111437-159","Gray Snapper","Lutjanus griseus",138,5
"201907111437-159","Gray Snapper","Lutjanus griseus",235,5
"201907111437-159","Gray Snapper","Lutjanus griseus",145,5
"201907111437-159","Gray Snapper","Lutjanus griseus",196,5
"201907111604-173","Gray Snapper","Lutjanus griseus",170,6
"201907111604-173","Gray Snapper","Lutjanus griseus",161,6
"201907111604-173","Gray Snapper","Lutjanus griseus",182,6
"201907111604-173","Gray Snapper","Lutjanus griseus",162,6
"201907111604-173","Gray Snapper","Lutjanus griseus",158,6
"201907111604-173","Gray Snapper","Lutjanus griseus",211,6
"201907111604-173","Blue Crab","Callinectes sapidus",NA,1
"201908050918-237","Gray Snapper","Lutjanus griseus",154,1
"201908050946-292","Spotted Seatrout","Cynoscion nebulosus",155,1
"201908050946-292","Gray Snapper","Lutjanus griseus",158,1
"201908050946-292","Great Barracuda","Sphyraena barracuda",106,1
"201908050959-291","Caribbean Spiny Lobster","Panulirus argus",125,1
"201908051007-290","Great Barracuda","Sphyraena barracuda",115,1
"201908051029-312","Gray Snapper","Lutjanus griseus",152,2
"201908051029-312","Gray Snapper","Lutjanus griseus",132,2
"201908051121-304","Gray Snapper","Lutjanus griseus",115,5
"201908051121-304","Gray Snapper","Lutjanus griseus",126,5
"201908051121-304","Gray Snapper","Lutjanus griseus",132,5
"201908051121-304","Gray Snapper","Lutjanus griseus",141,5
"201908051121-304","Gray Snapper","Lutjanus griseus",135,5
"201908051121-304","Caribbean Spiny Lobster","Panulirus argus",160,1
"201908051121-304","Great Barracuda","Sphyraena barracuda",119,1
"201908051257-325","Great Barracuda","Sphyraena barracuda",79,1
"201908051336-401","Gray Snapper","Lutjanus griseus",235,1
"201908051356-621","Great Barracuda","Sphyraena barracuda",78,1
"201908051539-145","Gray Snapper","Lutjanus griseus",164,1
"201908051539-145","Lane Snapper","Lutjanus synagris",61,1
"201908051546-133","Gray Snapper","Lutjanus griseus",181,4
"201908051546-133","Gray Snapper","Lutjanus griseus",219,4
"201908051546-133","Gray Snapper","Lutjanus griseus",235,4
"201908051546-133","Gray Snapper","Lutjanus griseus",230,4
"201908060803-168","Gray Snapper","Lutjanus griseus",54,2
"201908060803-168","Gray Snapper","Lutjanus griseus",55,2
"201908060803-168","Lane Snapper","Lutjanus synagris",55,3
"201908060803-168","Lane Snapper","Lutjanus synagris",59,3
"201908060803-168","Lane Snapper","Lutjanus synagris",58,3
"201908060853-159","Spotted Seatrout","Cynoscion nebulosus",40,3
"201908060853-159","Spotted Seatrout","Cynoscion nebulosus",49,3
"201908060853-159","Spotted Seatrout","Cynoscion nebulosus",51,3
"201908060853-159","Gray Snapper","Lutjanus griseus",250,2
"201908060853-159","Gray Snapper","Lutjanus griseus",231,2
"201908060905-146","Atlantic Bay Scallop","Argopecten irradians",55,1
"201908060905-146","Spotted Seatrout","Cynoscion nebulosus",32,4
"201908060905-146","Spotted Seatrout","Cynoscion nebulosus",36,4
"201908060905-146","Spotted Seatrout","Cynoscion nebulosus",38,4
"201908060905-146","Spotted Seatrout","Cynoscion nebulosus",39,4
"201908060905-146","Gray Snapper","Lutjanus griseus",250,3
"201908060905-146","Gray Snapper","Lutjanus griseus",209,3
"201908060905-146","Gray Snapper","Lutjanus griseus",229,3
"201908060905-146","Great Barracuda","Sphyraena barracuda",200,1
"201908060920-147","Gray Snapper","Lutjanus griseus",231,1
"201908060920-147","Lane Snapper","Lutjanus synagris",150,1
"201908060932-134","Atlantic Spadefish","Chaetodipterus faber",146,1
"201908060932-134","Gray Snapper","Lutjanus griseus",165,1
"201908060932-134","Blue Crab","Callinectes sapidus",NA,1
"201908060943-135","Gray Snapper","Lutjanus griseus",228,4
"201908060943-135","Gray Snapper","Lutjanus griseus",135,4
"201908060943-135","Gray Snapper","Lutjanus griseus",195,4
"201908060943-135","Gray Snapper","Lutjanus griseus",142,4
"201908060943-135","Blue Crab","Callinectes sapidus",NA,1
"201908060957-122","Gray Snapper","Lutjanus griseus",149,1
"201908060957-122","Lane Snapper","Lutjanus synagris",151,2
"201908060957-122","Lane Snapper","Lutjanus synagris",38,2
"201908061005-123","Spotted Seatrout","Cynoscion nebulosus",81,1
"201908061005-123","Gray Snapper","Lutjanus griseus",339,2
"201908061005-123","Gray Snapper","Lutjanus griseus",110,2
"201908061018-112","Spotted Seatrout","Cynoscion nebulosus",58,1
"201908061018-112","Gray Snapper","Lutjanus griseus",242,1
"201908061214-040","Gray Snapper","Lutjanus griseus",146,4
"201908061214-040","Gray Snapper","Lutjanus griseus",216,4
"201908061214-040","Gray Snapper","Lutjanus griseus",182,4
"201908061214-040","Gray Snapper","Lutjanus griseus",260,4
"201908061214-040","Lane Snapper","Lutjanus synagris",142,1
"201908061225-024","Sheepshead","Archosargus probatocephalus",80,1
"201908061225-024","Gray Snapper","Lutjanus griseus",129,6
"201908061225-024","Gray Snapper","Lutjanus griseus",170,6
"201908061225-024","Gray Snapper","Lutjanus griseus",180,6
"201908061225-024","Gray Snapper","Lutjanus griseus",171,6
"201908061225-024","Gray Snapper","Lutjanus griseus",141,6
"201908061225-024","Gray Snapper","Lutjanus griseus",194,6
"201908061225-024","Lane Snapper","Lutjanus synagris",71,4
"201908061225-024","Lane Snapper","Lutjanus synagris",86,4
"201908061225-024","Lane Snapper","Lutjanus synagris",62,4
"201908061225-024","Lane Snapper","Lutjanus synagris",74,4
"201908061225-024","Red Drum","Sciaenops ocellatus",395,1
"201908061236-023","Grass Porgy","Calamus arctifrons",95,1
"201908061236-023","Gray Snapper","Lutjanus griseus",248,3
"201908061236-023","Gray Snapper","Lutjanus griseus",207,3
"201908061236-023","Gray Snapper","Lutjanus griseus",243,3
"201908061306-021","Atlantic Spadefish","Chaetodipterus faber",134,2
"201908061306-021","Atlantic Spadefish","Chaetodipterus faber",131,2
"201908061316-101","Gray Snapper","Lutjanus griseus",241,1
"201908061316-101","Lane Snapper","Lutjanus synagris",59,2
"201908061316-101","Lane Snapper","Lutjanus synagris",70,2
"201908070931-254","Great Barracuda","Sphyraena barracuda",72,2
"201908070931-254","Great Barracuda","Sphyraena barracuda",91,2
"201908070955-240","Spotted Seatrout","Cynoscion nebulosus",51,1
"201908071006-241","Spotted Seatrout","Cynoscion nebulosus",38,3
"201908071006-241","Spotted Seatrout","Cynoscion nebulosus",42,3
"201908071006-241","Spotted Seatrout","Cynoscion nebulosus",291,3
"201908071006-241","Gray Snapper","Lutjanus griseus",242,1
"201908071006-241","Great Barracuda","Sphyraena barracuda",128,1
"201908071018-226","Gray Snapper","Lutjanus griseus",143,1
"201908071027-225","Gray Snapper","Lutjanus griseus",171,2
"201908071027-225","Gray Snapper","Lutjanus griseus",152,2
"201908071035-224","Spotted Seatrout","Cynoscion nebulosus",54,2
"201908071035-224","Spotted Seatrout","Cynoscion nebulosus",91,2
"201908071035-224","Gray Snapper","Lutjanus griseus",212,5
"201908071035-224","Gray Snapper","Lutjanus griseus",208,5
"201908071035-224","Gray Snapper","Lutjanus griseus",168,5
"201908071035-224","Gray Snapper","Lutjanus griseus",236,5
"201908071035-224","Gray Snapper","Lutjanus griseus",237,5
"201908071050-242","Gray Snapper","Lutjanus griseus",182,1
"201908071050-242","Great Barracuda","Sphyraena barracuda",72,2
"201908071050-242","Great Barracuda","Sphyraena barracuda",71,2
"201908071057-227","Gray Snapper","Lutjanus griseus",159,1
"201908071105-228","Gray Snapper","Lutjanus griseus",231,1
"201908071113-229","Atlantic Bay Scallop","Argopecten irradians",41,1
"201908071119-244","Gray Snapper","Lutjanus griseus",184,2
"201908071119-244","Gray Snapper","Lutjanus griseus",174,2
"201908071150-257","Spotted Seatrout","Cynoscion nebulosus",150,1
"201908071150-257","Gray Snapper","Lutjanus griseus",133,2
"201908071150-257","Gray Snapper","Lutjanus griseus",154,2
"201908071209-284","Atlantic Bay Scallop","Argopecten irradians",43,17
"201908071209-284","Atlantic Bay Scallop","Argopecten irradians",45,17
"201908071209-284","Atlantic Bay Scallop","Argopecten irradians",41,17
"201908071209-284","Atlantic Bay Scallop","Argopecten irradians",42,17
"201908071209-284","Atlantic Bay Scallop","Argopecten irradians",42,17
"201908071209-284","Atlantic Bay Scallop","Argopecten irradians",40,17
"201908071209-284","Atlantic Bay Scallop","Argopecten irradians",42,17
"201908071209-284","Atlantic Bay Scallop","Argopecten irradians",42,17
"201908071209-284","Atlantic Bay Scallop","Argopecten irradians",33,17
"201908071209-284","Atlantic Bay Scallop","Argopecten irradians",39,17
"201908071209-284","Atlantic Bay Scallop","Argopecten irradians",39,17
"201908071209-284","Atlantic Bay Scallop","Argopecten irradians",36,17
"201908071209-284","Atlantic Bay Scallop","Argopecten irradians",33,17
"201908071209-284","Atlantic Bay Scallop","Argopecten irradians",36,17
"201908071209-284","Atlantic Bay Scallop","Argopecten irradians",37,17
"201908071209-284","Atlantic Bay Scallop","Argopecten irradians",38,17
"201908071209-284","Atlantic Bay Scallop","Argopecten irradians",33,17
"201908071217-294","Atlantic Bay Scallop","Argopecten irradians",42,5
"201908071217-294","Atlantic Bay Scallop","Argopecten irradians",44,5
"201908071217-294","Atlantic Bay Scallop","Argopecten irradians",36,5
"201908071217-294","Atlantic Bay Scallop","Argopecten irradians",42,5
"201908071217-294","Atlantic Bay Scallop","Argopecten irradians",41,5
"201908071225-283","Atlantic Bay Scallop","Argopecten irradians",40,9
"201908071225-283","Atlantic Bay Scallop","Argopecten irradians",31,9
"201908071225-283","Atlantic Bay Scallop","Argopecten irradians",32,9
"201908071225-283","Atlantic Bay Scallop","Argopecten irradians",40,9
"201908071225-283","Atlantic Bay Scallop","Argopecten irradians",40,9
"201908071225-283","Atlantic Bay Scallop","Argopecten irradians",50,9
"201908071225-283","Atlantic Bay Scallop","Argopecten irradians",42,9
"201908071225-283","Atlantic Bay Scallop","Argopecten irradians",45,9
"201908071225-283","Atlantic Bay Scallop","Argopecten irradians",33,9
"201908071225-283","Great Barracuda","Sphyraena barracuda",100,2
"201908071225-283","Great Barracuda","Sphyraena barracuda",64,2
"201908071232-269","Atlantic Bay Scallop","Argopecten irradians",43,2
"201908071232-269","Atlantic Bay Scallop","Argopecten irradians",39,2
"201908071240-256","Gray Snapper","Lutjanus griseus",179,1
"201908071254-282","Great Barracuda","Sphyraena barracuda",85,1
"201908080718-267","Spotted Seatrout","Cynoscion nebulosus",65,1
"201908080718-267","Gray Snapper","Lutjanus griseus",166,2
"201908080718-267","Gray Snapper","Lutjanus griseus",201,2
"201908080736-279","Great Barracuda","Sphyraena barracuda",99,1
"201908080743-278","Gray Snapper","Lutjanus griseus",161,1
"201908080759-265","Spotted Seatrout","Cynoscion nebulosus",44,2
"201908080759-265","Spotted Seatrout","Cynoscion nebulosus",46,2
"201909080941-281","Spotted Seatrout","Cynoscion nebulosus",49,1
"201909080941-281","Gray Snapper","Lutjanus griseus",120,1
"201909080941-281","Great Barracuda","Sphyraena barracuda",72,1
"201909080954-282","Spotted Seatrout","Cynoscion nebulosus",56,1
"201909080954-282","Lined Seahorse","Hippocampus erectus",135,1
"201909081005-292","Great Barracuda","Sphyraena barracuda",56,2
"201909081005-292","Great Barracuda","Sphyraena barracuda",118,2
"201909081020-290","Gray Snapper","Lutjanus griseus",190,1
"201909081131-324","Gray Snapper","Lutjanus griseus",262,1
"201909081312-304","Atlantic Bay Scallop","Argopecten irradians",42,1
"201909081333-404","Gray Snapper","Lutjanus griseus",250,1
"201909081333-404","Great Barracuda","Sphyraena barracuda",378,2
"201909081333-404","Great Barracuda","Sphyraena barracuda",54,2
"201909081355-402","Gray Snapper","Lutjanus griseus",221,1
"201909081415-407","Gray Snapper","Lutjanus griseus",229,1
"201909081423-401","Gray Snapper","Lutjanus griseus",254,1
"201909081441-622","Gray Snapper","Lutjanus griseus",210,1
"201909081441-622","Great Barracuda","Sphyraena barracuda",207,1
"201909081504-616","Gray Snapper","Lutjanus griseus",243,1
"201909090838-268","Great Barracuda","Sphyraena barracuda",74,1
"201909090850-269","Atlantic Bay Scallop","Argopecten irradians",48,1
"201909090850-269","Great Barracuda","Sphyraena barracuda",55,1
"201909090859-256","Atlantic Bay Scallop","Argopecten irradians",52,1
"201909090859-256","Great Barracuda","Sphyraena barracuda",103,4
"201909090859-256","Great Barracuda","Sphyraena barracuda",212,4
"201909090859-256","Great Barracuda","Sphyraena barracuda",78,4
"201909090859-256","Great Barracuda","Sphyraena barracuda",95,4
"201909090911-283","Atlantic Bay Scallop","Argopecten irradians",52,20
"201909090911-283","Atlantic Bay Scallop","Argopecten irradians",48,20
"201909090911-283","Atlantic Bay Scallop","Argopecten irradians",44,20
"201909090911-283","Atlantic Bay Scallop","Argopecten irradians",39,20
"201909090911-283","Atlantic Bay Scallop","Argopecten irradians",42,20
"201909090911-283","Atlantic Bay Scallop","Argopecten irradians",46,20
"201909090911-283","Atlantic Bay Scallop","Argopecten irradians",50,20
"201909090911-283","Atlantic Bay Scallop","Argopecten irradians",43,20
"201909090911-283","Atlantic Bay Scallop","Argopecten irradians",41,20
"201909090911-283","Atlantic Bay Scallop","Argopecten irradians",50,20
"201909090911-283","Atlantic Bay Scallop","Argopecten irradians",38,20
"201909090911-283","Atlantic Bay Scallop","Argopecten irradians",49,20
"201909090911-283","Atlantic Bay Scallop","Argopecten irradians",41,20
"201909090911-283","Atlantic Bay Scallop","Argopecten irradians",51,20
"201909090911-283","Atlantic Bay Scallop","Argopecten irradians",44,20
"201909090911-283","Atlantic Bay Scallop","Argopecten irradians",51,20
"201909090911-283","Atlantic Bay Scallop","Argopecten irradians",44,20
"201909090911-283","Atlantic Bay Scallop","Argopecten irradians",43,20
"201909090911-283","Atlantic Bay Scallop","Argopecten irradians",42,20
"201909090911-283","Atlantic Bay Scallop","Argopecten irradians",38,20
"201909090911-283","Gray Snapper","Lutjanus griseus",176,3
"201909090911-283","Gray Snapper","Lutjanus griseus",212,3
"201909090911-283","Gray Snapper","Lutjanus griseus",189,3
"201909090911-283","Great Barracuda","Sphyraena barracuda",94,1
"201909090922-294","Atlantic Bay Scallop","Argopecten irradians",50,27
"201909090922-294","Atlantic Bay Scallop","Argopecten irradians",48,27
"201909090922-294","Atlantic Bay Scallop","Argopecten irradians",42,27
"201909090922-294","Atlantic Bay Scallop","Argopecten irradians",32,27
"201909090922-294","Atlantic Bay Scallop","Argopecten irradians",50,27
"201909090922-294","Atlantic Bay Scallop","Argopecten irradians",43,27
"201909090922-294","Atlantic Bay Scallop","Argopecten irradians",48,27
"201909090922-294","Atlantic Bay Scallop","Argopecten irradians",47,27
"201909090922-294","Atlantic Bay Scallop","Argopecten irradians",43,27
"201909090922-294","Atlantic Bay Scallop","Argopecten irradians",55,27
"201909090922-294","Atlantic Bay Scallop","Argopecten irradians",45,27
"201909090922-294","Atlantic Bay Scallop","Argopecten irradians",46,27
"201909090922-294","Atlantic Bay Scallop","Argopecten irradians",43,27
"201909090922-294","Atlantic Bay Scallop","Argopecten irradians",42,27
"201909090922-294","Atlantic Bay Scallop","Argopecten irradians",53,27
"201909090922-294","Atlantic Bay Scallop","Argopecten irradians",50,27
"201909090922-294","Atlantic Bay Scallop","Argopecten irradians",30,27
"201909090922-294","Atlantic Bay Scallop","Argopecten irradians",45,27
"201909090922-294","Atlantic Bay Scallop","Argopecten irradians",42,27
"201909090922-294","Atlantic Bay Scallop","Argopecten irradians",42,27
"201909090922-294","Atlantic Bay Scallop","Argopecten irradians",48,27
"201909090922-294","Atlantic Bay Scallop","Argopecten irradians",48,27
"201909090922-294","Atlantic Bay Scallop","Argopecten irradians",42,27
"201909090922-294","Atlantic Bay Scallop","Argopecten irradians",38,27
"201909090922-294","Atlantic Bay Scallop","Argopecten irradians",31,27
"201909090922-294","Atlantic Bay Scallop","Argopecten irradians",28,27
"201909090922-294","Atlantic Bay Scallop","Argopecten irradians",31,27
"201909090922-294","Great Barracuda","Sphyraena barracuda",182,1
"201909090931-284","Atlantic Bay Scallop","Argopecten irradians",48,53
"201909090931-284","Atlantic Bay Scallop","Argopecten irradians",45,53
"201909090931-284","Atlantic Bay Scallop","Argopecten irradians",43,53
"201909090931-284","Atlantic Bay Scallop","Argopecten irradians",42,53
"201909090931-284","Atlantic Bay Scallop","Argopecten irradians",48,53
"201909090931-284","Atlantic Bay Scallop","Argopecten irradians",45,53
"201909090931-284","Atlantic Bay Scallop","Argopecten irradians",50,53
"201909090931-284","Atlantic Bay Scallop","Argopecten irradians",42,53
"201909090931-284","Atlantic Bay Scallop","Argopecten irradians",43,53
"201909090931-284","Atlantic Bay Scallop","Argopecten irradians",45,53
"201909090931-284","Atlantic Bay Scallop","Argopecten irradians",38,53
"201909090931-284","Atlantic Bay Scallop","Argopecten irradians",45,53
"201909090931-284","Atlantic Bay Scallop","Argopecten irradians",42,53
"201909090931-284","Atlantic Bay Scallop","Argopecten irradians",46,53
"201909090931-284","Atlantic Bay Scallop","Argopecten irradians",40,53
"201909090931-284","Atlantic Bay Scallop","Argopecten irradians",43,53
"201909090931-284","Atlantic Bay Scallop","Argopecten irradians",50,53
"201909090931-284","Atlantic Bay Scallop","Argopecten irradians",42,53
"201909090931-284","Atlantic Bay Scallop","Argopecten irradians",43,53
"201909090931-284","Atlantic Bay Scallop","Argopecten irradians",46,53
"201909090931-284","Atlantic Bay Scallop","Argopecten irradians",40,53
"201909090931-284","Atlantic Bay Scallop","Argopecten irradians",43,53
"201909090931-284","Atlantic Bay Scallop","Argopecten irradians",32,53
"201909090931-284","Atlantic Bay Scallop","Argopecten irradians",32,53
"201909090931-284","Atlantic Bay Scallop","Argopecten irradians",38,53
"201909090931-284","Atlantic Bay Scallop","Argopecten irradians",46,53
"201909090931-284","Atlantic Bay Scallop","Argopecten irradians",43,53
"201909090931-284","Atlantic Bay Scallop","Argopecten irradians",45,53
"201909090931-284","Atlantic Bay Scallop","Argopecten irradians",50,53
"201909090931-284","Atlantic Bay Scallop","Argopecten irradians",52,53
"201909090931-284","Atlantic Bay Scallop","Argopecten irradians",42,53
"201909090931-284","Atlantic Bay Scallop","Argopecten irradians",42,53
"201909090931-284","Atlantic Bay Scallop","Argopecten irradians",45,53
"201909090931-284","Atlantic Bay Scallop","Argopecten irradians",33,53
"201909090931-284","Atlantic Bay Scallop","Argopecten irradians",46,53
"201909090931-284","Atlantic Bay Scallop","Argopecten irradians",35,53
"201909090931-284","Atlantic Bay Scallop","Argopecten irradians",50,53
"201909090931-284","Atlantic Bay Scallop","Argopecten irradians",48,53
"201909090931-284","Atlantic Bay Scallop","Argopecten irradians",50,53
"201909090931-284","Atlantic Bay Scallop","Argopecten irradians",46,53
"201909090931-284","Atlantic Bay Scallop","Argopecten irradians",46,53
"201909090931-284","Atlantic Bay Scallop","Argopecten irradians",46,53
"201909090931-284","Atlantic Bay Scallop","Argopecten irradians",42,53
"201909090931-284","Atlantic Bay Scallop","Argopecten irradians",35,53
"201909090931-284","Atlantic Bay Scallop","Argopecten irradians",51,53
"201909090931-284","Atlantic Bay Scallop","Argopecten irradians",48,53
"201909090931-284","Atlantic Bay Scallop","Argopecten irradians",42,53
"201909090931-284","Atlantic Bay Scallop","Argopecten irradians",41,53
"201909090931-284","Atlantic Bay Scallop","Argopecten irradians",40,53
"201909090931-284","Atlantic Bay Scallop","Argopecten irradians",46,53
"201909090931-284","Atlantic Bay Scallop","Argopecten irradians",43,53
"201909090931-284","Atlantic Bay Scallop","Argopecten irradians",42,53
"201909090931-284","Atlantic Bay Scallop","Argopecten irradians",37,53
"201909090941-271","Atlantic Bay Scallop","Argopecten irradians",50,32
"201909090941-271","Atlantic Bay Scallop","Argopecten irradians",46,32
"201909090941-271","Atlantic Bay Scallop","Argopecten irradians",45,32
"201909090941-271","Atlantic Bay Scallop","Argopecten irradians",43,32
"201909090941-271","Atlantic Bay Scallop","Argopecten irradians",45,32
"201909090941-271","Atlantic Bay Scallop","Argopecten irradians",41,32
"201909090941-271","Atlantic Bay Scallop","Argopecten irradians",42,32
"201909090941-271","Atlantic Bay Scallop","Argopecten irradians",43,32
"201909090941-271","Atlantic Bay Scallop","Argopecten irradians",50,32
"201909090941-271","Atlantic Bay Scallop","Argopecten irradians",51,32
"201909090941-271","Atlantic Bay Scallop","Argopecten irradians",48,32
"201909090941-271","Atlantic Bay Scallop","Argopecten irradians",45,32
"201909090941-271","Atlantic Bay Scallop","Argopecten irradians",40,32
"201909090941-271","Atlantic Bay Scallop","Argopecten irradians",53,32
"201909090941-271","Atlantic Bay Scallop","Argopecten irradians",42,32
"201909090941-271","Atlantic Bay Scallop","Argopecten irradians",40,32
"201909090941-271","Atlantic Bay Scallop","Argopecten irradians",41,32
"201909090941-271","Atlantic Bay Scallop","Argopecten irradians",42,32
"201909090941-271","Atlantic Bay Scallop","Argopecten irradians",38,32
"201909090941-271","Atlantic Bay Scallop","Argopecten irradians",40,32
"201909090941-271","Atlantic Bay Scallop","Argopecten irradians",42,32
"201909090941-271","Atlantic Bay Scallop","Argopecten irradians",50,32
"201909090941-271","Atlantic Bay Scallop","Argopecten irradians",42,32
"201909090941-271","Atlantic Bay Scallop","Argopecten irradians",48,32
"201909090941-271","Atlantic Bay Scallop","Argopecten irradians",43,32
"201909090941-271","Atlantic Bay Scallop","Argopecten irradians",42,32
"201909090941-271","Atlantic Bay Scallop","Argopecten irradians",42,32
"201909090941-271","Atlantic Bay Scallop","Argopecten irradians",41,32
"201909090941-271","Atlantic Bay Scallop","Argopecten irradians",40,32
"201909090941-271","Atlantic Bay Scallop","Argopecten irradians",33,32
"201909090941-271","Atlantic Bay Scallop","Argopecten irradians",42,32
"201909090941-271","Atlantic Bay Scallop","Argopecten irradians",38,32
"201909090941-271","Spotted Seatrout","Cynoscion nebulosus",147,1
"201909090941-271","Great Barracuda","Sphyraena barracuda",73,1
"201909090951-270","Atlantic Bay Scallop","Argopecten irradians",52,4
"201909090951-270","Atlantic Bay Scallop","Argopecten irradians",50,4
"201909090951-270","Atlantic Bay Scallop","Argopecten irradians",46,4
"201909090951-270","Atlantic Bay Scallop","Argopecten irradians",39,4
"201909090951-270","Great Barracuda","Sphyraena barracuda",97,4
"201909090951-270","Great Barracuda","Sphyraena barracuda",68,4
"201909090951-270","Great Barracuda","Sphyraena barracuda",105,4
"201909090951-270","Great Barracuda","Sphyraena barracuda",46,4
"201909091023-244","Great Barracuda","Sphyraena barracuda",75,1
"201909091032-243","Great Barracuda","Sphyraena barracuda",81,3
"201909091032-243","Great Barracuda","Sphyraena barracuda",78,3
"201909091032-243","Great Barracuda","Sphyraena barracuda",66,3
"201909091043-229","Great Barracuda","Sphyraena barracuda",62,1
"201909091048-228","Spotted Seatrout","Cynoscion nebulosus",122,2
"201909091048-228","Spotted Seatrout","Cynoscion nebulosus",149,2
"201909091048-228","Caribbean Spiny Lobster","Panulirus argus",122,1
"201909091048-228","Great Barracuda","Sphyraena barracuda",128,2
"201909091048-228","Great Barracuda","Sphyraena barracuda",119,2
"201909091058-227","Great Barracuda","Sphyraena barracuda",130,1
"201909091119-224","Sheepshead","Archosargus probatocephalus",106,1
"201909091119-224","Gray Snapper","Lutjanus griseus",173,3
"201909091119-224","Gray Snapper","Lutjanus griseus",192,3
"201909091119-224","Gray Snapper","Lutjanus griseus",178,3
"201909091131-173","Gray Snapper","Lutjanus griseus",170,1
"201909091149-158","Gray Snapper","Lutjanus griseus",220,3
"201909091149-158","Gray Snapper","Lutjanus griseus",141,3
"201909091149-158","Gray Snapper","Lutjanus griseus",152,3
"201909091319-159","Sheepshead","Archosargus probatocephalus",86,1
"201909091328-146","Spotted Seatrout","Cynoscion nebulosus",62,2
"201909091328-146","Spotted Seatrout","Cynoscion nebulosus",109,2
"201909091328-146","Gray Snapper","Lutjanus griseus",181,3
"201909091328-146","Gray Snapper","Lutjanus griseus",120,3
"201909091328-146","Gray Snapper","Lutjanus griseus",135,3
"201909091350-135","Spotted Seatrout","Cynoscion nebulosus",46,1
"201909091407-133","Gray Snapper","Lutjanus griseus",215,2
"201909091407-133","Gray Snapper","Lutjanus griseus",236,2
"201909091427-123","Atlantic Spadefish","Chaetodipterus faber",247,1
"201909091427-123","Spotted Seatrout","Cynoscion nebulosus",56,1
"201909100923-278","Gray Snapper","Lutjanus griseus",192,1
"201909100923-278","Great Barracuda","Sphyraena barracuda",102,1
"201909100938-266","Atlantic Bay Scallop","Argopecten irradians",43,2
"201909100938-266","Atlantic Bay Scallop","Argopecten irradians",35,2
"201909100949-280","Gray Snapper","Lutjanus griseus",185,1
"201909100949-280","Great Barracuda","Sphyraena barracuda",80,1
"201909100958-267","Atlantic Bay Scallop","Argopecten irradians",62,3
"201909100958-267","Atlantic Bay Scallop","Argopecten irradians",43,3
"201909100958-267","Atlantic Bay Scallop","Argopecten irradians",40,3
"201909100958-267","Spotted Seatrout","Cynoscion nebulosus",28,1
"201909101001-255","Spotted Seatrout","Cynoscion nebulosus",78,2
"201909101001-255","Spotted Seatrout","Cynoscion nebulosus",105,2
"201909101020-254","Great Barracuda","Sphyraena barracuda",84,1
"201909101038-239","Spotted Seatrout","Cynoscion nebulosus",48,1
"201909101047-240","Atlantic Bay Scallop","Argopecten irradians",43,1
"201909101047-240","Spotted Seatrout","Cynoscion nebulosus",20,5
"201909101047-240","Spotted Seatrout","Cynoscion nebulosus",27,5
"201909101047-240","Spotted Seatrout","Cynoscion nebulosus",28,5
"201909101047-240","Spotted Seatrout","Cynoscion nebulosus",28,5
"201909101047-240","Spotted Seatrout","Cynoscion nebulosus",32,5
"201909101102-241","Gray Snapper","Lutjanus griseus",275,1
"201909101111-226","Spotted Seatrout","Cynoscion nebulosus",88,1
"201909101111-226","Great Barracuda","Sphyraena barracuda",204,1
"201909101121-225","Hogchoker","Trinectes maculatus",68,1
"201909101144-145","Spotted Seatrout","Cynoscion nebulosus",37,1
"201909101144-145","Gray Snapper","Lutjanus griseus",138,5
"201909101144-145","Gray Snapper","Lutjanus griseus",142,5
"201909101144-145","Gray Snapper","Lutjanus griseus",198,5
"201909101144-145","Gray Snapper","Lutjanus griseus",152,5
"201909101144-145","Gray Snapper","Lutjanus griseus",150,5
"201909101202-122","Spotted Seatrout","Cynoscion nebulosus",123,1
"201909101202-122","Gray Snapper","Lutjanus griseus",127,2
"201909101202-122","Gray Snapper","Lutjanus griseus",132,2
"201909101428-040","Atlantic Spadefish","Chaetodipterus faber",94,1
"201909101428-040","Gray Snapper","Lutjanus griseus",160,4
"201909101428-040","Gray Snapper","Lutjanus griseus",132,4
"201909101428-040","Gray Snapper","Lutjanus griseus",82,4
"201909101428-040","Gray Snapper","Lutjanus griseus",161,4
"201909101428-040","Lane Snapper","Lutjanus synagris",85,1
"201909101459-022","Lane Snapper","Lutjanus synagris",36,2
"201909101459-022","Lane Snapper","Lutjanus synagris",26,2
"201909101459-022","Gulf Flounder","Paralichthys albigutta",114,1
"201909101556-070","Hogchoker","Trinectes maculatus",78,1
"201909110838-156","Lane Snapper","Lutjanus synagris",68,1
"201910280935-237","Sheepshead","Archosargus probatocephalus",119,1
"201910280935-237","Gray Snapper","Lutjanus griseus",168,1
"201910281045-304","Atlantic Bay Scallop","Argopecten irradians",52,1
"201910281151-407","Great Barracuda","Sphyraena barracuda",115,1
"201910281225-621","Great Barracuda","Sphyraena barracuda",80,1
"201910281233-618","Atlantic Bay Scallop","Argopecten irradians",61,1
"201910281233-618","Gray Snapper","Lutjanus griseus",205,1
"201910281353-301","Atlantic Spadefish","Chaetodipterus faber",113,1
"201910281353-301","Gray Snapper","Lutjanus griseus",168,1
"201910281353-301","Great Barracuda","Sphyraena barracuda",218,1
"201910281408-609","Gray Snapper","Lutjanus griseus",186,1
"201910281408-609","Great Barracuda","Sphyraena barracuda",204,2
"201910281408-609","Great Barracuda","Sphyraena barracuda",78,2
"201910281416-290","Great Barracuda","Sphyraena barracuda",102,1
"201910281426-291","Spotted Seatrout","Cynoscion nebulosus",98,1
"201910281426-291","Gray Snapper","Lutjanus griseus",201,2
"201910281426-291","Gray Snapper","Lutjanus griseus",184,2
"201910281426-291","Great Barracuda","Sphyraena barracuda",230,1
"201910281440-266","Gray Snapper","Lutjanus griseus",168,3
"201910281440-266","Gray Snapper","Lutjanus griseus",195,3
"201910281440-266","Gray Snapper","Lutjanus griseus",222,3
"201910281457-174","Sheepshead","Archosargus probatocephalus",182,1
"201910281457-174","Atlantic Spadefish","Chaetodipterus faber",176,1
"201910290900-265","Gulf Flounder","Paralichthys albigutta",60,1
"201910290900-265","Atlantic Spadefish","Chaetodipterus faber",68,1
"201910290900-265","Gray Snapper","Lutjanus griseus",170,2
"201910290900-265","Gray Snapper","Lutjanus griseus",180,2
"201910290912-278","Sheepshead","Archosargus probatocephalus",101,1
"201910290912-278","Crevalle Jack","Caranx hippos",138,1
"201910290912-278","Spotted Seatrout","Cynoscion nebulosus",68,5
"201910290912-278","Spotted Seatrout","Cynoscion nebulosus",69,5
"201910290912-278","Spotted Seatrout","Cynoscion nebulosus",83,5
"201910290912-278","Spotted Seatrout","Cynoscion nebulosus",85,5
"201910290912-278","Spotted Seatrout","Cynoscion nebulosus",128,5
"201910290912-278","Great Barracuda","Sphyraena barracuda",110,1
"201910290950-267","Atlantic Bay Scallop","Argopecten irradians",52,1
"201910291000-280","Spotted Seatrout","Cynoscion nebulosus",82,1
"201910291000-280","Gray Snapper","Lutjanus griseus",160,1
"201910291016-281","Atlantic Bay Scallop","Argopecten irradians",63,2
"201910291016-281","Atlantic Bay Scallop","Argopecten irradians",52,2
"201910291016-281","Spotted Seatrout","Cynoscion nebulosus",78,2
"201910291016-281","Spotted Seatrout","Cynoscion nebulosus",80,2
"201910291016-281","Gray Snapper","Lutjanus griseus",180,1
"201910291035-282","Atlantic Bay Scallop","Argopecten irradians",50,1
"201910291035-282","Spotted Seatrout","Cynoscion nebulosus",98,1
"201910291035-282","Gray Snapper","Lutjanus griseus",220,4
"201910291035-282","Gray Snapper","Lutjanus griseus",160,4
"201910291035-282","Gray Snapper","Lutjanus griseus",150,4
"201910291035-282","Gray Snapper","Lutjanus griseus",170,4
"201910291035-282","Great Barracuda","Sphyraena barracuda",170,1
"201910291048-268","Spotted Seatrout","Cynoscion nebulosus",160,1
"201910291048-268","Gray Snapper","Lutjanus griseus",202,1
"201910291048-268","Great Barracuda","Sphyraena barracuda",160,2
"201910291048-268","Great Barracuda","Sphyraena barracuda",60,2
"201910291104-269","Atlantic Bay Scallop","Argopecten irradians",58,2
"201910291104-269","Atlantic Bay Scallop","Argopecten irradians",36,2
"201910291104-269","Gray Snapper","Lutjanus griseus",155,1
"201910291115-256","Atlantic Bay Scallop","Argopecten irradians",56,11
"201910291115-256","Atlantic Bay Scallop","Argopecten irradians",50,11
"201910291115-256","Atlantic Bay Scallop","Argopecten irradians",51,11
"201910291115-256","Atlantic Bay Scallop","Argopecten irradians",49,11
"201910291115-256","Atlantic Bay Scallop","Argopecten irradians",52,11
"201910291115-256","Atlantic Bay Scallop","Argopecten irradians",52,11
"201910291115-256","Atlantic Bay Scallop","Argopecten irradians",48,11
"201910291115-256","Atlantic Bay Scallop","Argopecten irradians",52,11
"201910291115-256","Atlantic Bay Scallop","Argopecten irradians",48,11
"201910291115-256","Atlantic Bay Scallop","Argopecten irradians",50,11
"201910291115-256","Atlantic Bay Scallop","Argopecten irradians",40,11
"201910291130-257","Gray Snapper","Lutjanus griseus",76,1
"201910291130-257","Great Barracuda","Sphyraena barracuda",114,1
"201910291140-270","Atlantic Bay Scallop","Argopecten irradians",52,5
"201910291140-270","Atlantic Bay Scallop","Argopecten irradians",58,5
"201910291140-270","Atlantic Bay Scallop","Argopecten irradians",40,5
"201910291140-270","Atlantic Bay Scallop","Argopecten irradians",56,5
"201910291140-270","Atlantic Bay Scallop","Argopecten irradians",52,5
"201910291140-270","Spotted Seatrout","Cynoscion nebulosus",98,2
"201910291140-270","Spotted Seatrout","Cynoscion nebulosus",99,2
"201910291140-270","Gray Snapper","Lutjanus griseus",104,1
"201910291156-283","Atlantic Bay Scallop","Argopecten irradians",56,53
"201910291156-283","Atlantic Bay Scallop","Argopecten irradians",48,53
"201910291156-283","Atlantic Bay Scallop","Argopecten irradians",56,53
"201910291156-283","Atlantic Bay Scallop","Argopecten irradians",54,53
"201910291156-283","Atlantic Bay Scallop","Argopecten irradians",50,53
"201910291156-283","Atlantic Bay Scallop","Argopecten irradians",38,53
"201910291156-283","Atlantic Bay Scallop","Argopecten irradians",54,53
"201910291156-283","Atlantic Bay Scallop","Argopecten irradians",48,53
"201910291156-283","Atlantic Bay Scallop","Argopecten irradians",56,53
"201910291156-283","Atlantic Bay Scallop","Argopecten irradians",54,53
"201910291156-283","Atlantic Bay Scallop","Argopecten irradians",52,53
"201910291156-283","Atlantic Bay Scallop","Argopecten irradians",52,53
"201910291156-283","Atlantic Bay Scallop","Argopecten irradians",54,53
"201910291156-283","Atlantic Bay Scallop","Argopecten irradians",50,53
"201910291156-283","Atlantic Bay Scallop","Argopecten irradians",52,53
"201910291156-283","Atlantic Bay Scallop","Argopecten irradians",54,53
"201910291156-283","Atlantic Bay Scallop","Argopecten irradians",52,53
"201910291156-283","Atlantic Bay Scallop","Argopecten irradians",50,53
"201910291156-283","Atlantic Bay Scallop","Argopecten irradians",56,53
"201910291156-283","Atlantic Bay Scallop","Argopecten irradians",53,53
"201910291156-283","Atlantic Bay Scallop","Argopecten irradians",53,53
"201910291156-283","Atlantic Bay Scallop","Argopecten irradians",46,53
"201910291156-283","Atlantic Bay Scallop","Argopecten irradians",52,53
"201910291156-283","Atlantic Bay Scallop","Argopecten irradians",48,53
"201910291156-283","Atlantic Bay Scallop","Argopecten irradians",50,53
"201910291156-283","Atlantic Bay Scallop","Argopecten irradians",50,53
"201910291156-283","Atlantic Bay Scallop","Argopecten irradians",54,53
"201910291156-283","Atlantic Bay Scallop","Argopecten irradians",50,53
"201910291156-283","Atlantic Bay Scallop","Argopecten irradians",50,53
"201910291156-283","Atlantic Bay Scallop","Argopecten irradians",42,53
"201910291156-283","Atlantic Bay Scallop","Argopecten irradians",54,53
"201910291156-283","Atlantic Bay Scallop","Argopecten irradians",52,53
"201910291156-283","Atlantic Bay Scallop","Argopecten irradians",49,53
"201910291156-283","Atlantic Bay Scallop","Argopecten irradians",47,53
"201910291156-283","Atlantic Bay Scallop","Argopecten irradians",49,53
"201910291156-283","Atlantic Bay Scallop","Argopecten irradians",53,53
"201910291156-283","Atlantic Bay Scallop","Argopecten irradians",50,53
"201910291156-283","Atlantic Bay Scallop","Argopecten irradians",46,53
"201910291156-283","Atlantic Bay Scallop","Argopecten irradians",54,53
"201910291156-283","Atlantic Bay Scallop","Argopecten irradians",50,53
"201910291156-283","Atlantic Bay Scallop","Argopecten irradians",50,53
"201910291156-283","Atlantic Bay Scallop","Argopecten irradians",53,53
"201910291156-283","Atlantic Bay Scallop","Argopecten irradians",52,53
"201910291156-283","Atlantic Bay Scallop","Argopecten irradians",47,53
"201910291156-283","Atlantic Bay Scallop","Argopecten irradians",53,53
"201910291156-283","Atlantic Bay Scallop","Argopecten irradians",53,53
"201910291156-283","Atlantic Bay Scallop","Argopecten irradians",42,53
"201910291156-283","Atlantic Bay Scallop","Argopecten irradians",55,53
"201910291156-283","Atlantic Bay Scallop","Argopecten irradians",53,53
"201910291156-283","Atlantic Bay Scallop","Argopecten irradians",57,53
"201910291156-283","Atlantic Bay Scallop","Argopecten irradians",54,53
"201910291156-283","Atlantic Bay Scallop","Argopecten irradians",52,53
"201910291156-283","Atlantic Bay Scallop","Argopecten irradians",43,53
"201910291212-294","Atlantic Bay Scallop","Argopecten irradians",58,38
"201910291212-294","Atlantic Bay Scallop","Argopecten irradians",44,38
"201910291212-294","Atlantic Bay Scallop","Argopecten irradians",53,38
"201910291212-294","Atlantic Bay Scallop","Argopecten irradians",49,38
"201910291212-294","Atlantic Bay Scallop","Argopecten irradians",47,38
"201910291212-294","Atlantic Bay Scallop","Argopecten irradians",54,38
"201910291212-294","Atlantic Bay Scallop","Argopecten irradians",51,38
"201910291212-294","Atlantic Bay Scallop","Argopecten irradians",42,38
"201910291212-294","Atlantic Bay Scallop","Argopecten irradians",51,38
"201910291212-294","Atlantic Bay Scallop","Argopecten irradians",36,38
"201910291212-294","Atlantic Bay Scallop","Argopecten irradians",41,38
"201910291212-294","Atlantic Bay Scallop","Argopecten irradians",49,38
"201910291212-294","Atlantic Bay Scallop","Argopecten irradians",52,38
"201910291212-294","Atlantic Bay Scallop","Argopecten irradians",47,38
"201910291212-294","Atlantic Bay Scallop","Argopecten irradians",52,38
"201910291212-294","Atlantic Bay Scallop","Argopecten irradians",55,38
"201910291212-294","Atlantic Bay Scallop","Argopecten irradians",47,38
"201910291212-294","Atlantic Bay Scallop","Argopecten irradians",48,38
"201910291212-294","Atlantic Bay Scallop","Argopecten irradians",54,38
"201910291212-294","Atlantic Bay Scallop","Argopecten irradians",49,38
"201910291212-294","Atlantic Bay Scallop","Argopecten irradians",55,38
"201910291212-294","Atlantic Bay Scallop","Argopecten irradians",52,38
"201910291212-294","Atlantic Bay Scallop","Argopecten irradians",40,38
"201910291212-294","Atlantic Bay Scallop","Argopecten irradians",46,38
"201910291212-294","Atlantic Bay Scallop","Argopecten irradians",48,38
"201910291212-294","Atlantic Bay Scallop","Argopecten irradians",53,38
"201910291212-294","Atlantic Bay Scallop","Argopecten irradians",45,38
"201910291212-294","Atlantic Bay Scallop","Argopecten irradians",50,38
"201910291212-294","Atlantic Bay Scallop","Argopecten irradians",42,38
"201910291212-294","Atlantic Bay Scallop","Argopecten irradians",49,38
"201910291212-294","Atlantic Bay Scallop","Argopecten irradians",44,38
"201910291212-294","Atlantic Bay Scallop","Argopecten irradians",42,38
"201910291212-294","Atlantic Bay Scallop","Argopecten irradians",54,38
"201910291212-294","Atlantic Bay Scallop","Argopecten irradians",55,38
"201910291212-294","Atlantic Bay Scallop","Argopecten irradians",52,38
"201910291212-294","Atlantic Bay Scallop","Argopecten irradians",51,38
"201910291212-294","Atlantic Bay Scallop","Argopecten irradians",40,38
"201910291212-294","Atlantic Bay Scallop","Argopecten irradians",48,38
"201910291212-294","Great Barracuda","Sphyraena barracuda",310,2
"201910291212-294","Great Barracuda","Sphyraena barracuda",230,2
"201910291300-284","Atlantic Bay Scallop","Argopecten irradians",50,4
"201910291300-284","Atlantic Bay Scallop","Argopecten irradians",44,4
"201910291300-284","Atlantic Bay Scallop","Argopecten irradians",49,4
"201910291300-284","Atlantic Bay Scallop","Argopecten irradians",57,4
"201910291300-284","Gray Snapper","Lutjanus griseus",112,2
"201910291300-284","Gray Snapper","Lutjanus griseus",72,2
"201910291300-284","Caribbean Spiny Lobster","Panulirus argus",130,3
"201910291300-284","Caribbean Spiny Lobster","Panulirus argus",125,3
"201910291300-284","Caribbean Spiny Lobster","Panulirus argus",116,3
"201910291300-284","Great Barracuda","Sphyraena barracuda",70,1
"201910291314-271","Atlantic Bay Scallop","Argopecten irradians",46,74
"201910291314-271","Atlantic Bay Scallop","Argopecten irradians",53,74
"201910291314-271","Atlantic Bay Scallop","Argopecten irradians",49,74
"201910291314-271","Atlantic Bay Scallop","Argopecten irradians",40,74
"201910291314-271","Atlantic Bay Scallop","Argopecten irradians",46,74
"201910291314-271","Atlantic Bay Scallop","Argopecten irradians",48,74
"201910291314-271","Atlantic Bay Scallop","Argopecten irradians",51,74
"201910291314-271","Atlantic Bay Scallop","Argopecten irradians",52,74
"201910291314-271","Atlantic Bay Scallop","Argopecten irradians",37,74
"201910291314-271","Atlantic Bay Scallop","Argopecten irradians",54,74
"201910291314-271","Atlantic Bay Scallop","Argopecten irradians",48,74
"201910291314-271","Atlantic Bay Scallop","Argopecten irradians",46,74
"201910291314-271","Atlantic Bay Scallop","Argopecten irradians",40,74
"201910291314-271","Atlantic Bay Scallop","Argopecten irradians",53,74
"201910291314-271","Atlantic Bay Scallop","Argopecten irradians",50,74
"201910291314-271","Atlantic Bay Scallop","Argopecten irradians",42,74
"201910291314-271","Atlantic Bay Scallop","Argopecten irradians",43,74
"201910291314-271","Atlantic Bay Scallop","Argopecten irradians",48,74
"201910291314-271","Atlantic Bay Scallop","Argopecten irradians",49,74
"201910291314-271","Atlantic Bay Scallop","Argopecten irradians",48,74
"201910291314-271","Atlantic Bay Scallop","Argopecten irradians",52,74
"201910291314-271","Atlantic Bay Scallop","Argopecten irradians",41,74
"201910291314-271","Atlantic Bay Scallop","Argopecten irradians",48,74
"201910291314-271","Atlantic Bay Scallop","Argopecten irradians",52,74
"201910291314-271","Atlantic Bay Scallop","Argopecten irradians",48,74
"201910291314-271","Atlantic Bay Scallop","Argopecten irradians",51,74
"201910291314-271","Atlantic Bay Scallop","Argopecten irradians",44,74
"201910291314-271","Atlantic Bay Scallop","Argopecten irradians",52,74
"201910291314-271","Atlantic Bay Scallop","Argopecten irradians",50,74
"201910291314-271","Atlantic Bay Scallop","Argopecten irradians",50,74
"201910291314-271","Atlantic Bay Scallop","Argopecten irradians",51,74
"201910291314-271","Atlantic Bay Scallop","Argopecten irradians",51,74
"201910291314-271","Atlantic Bay Scallop","Argopecten irradians",52,74
"201910291314-271","Atlantic Bay Scallop","Argopecten irradians",53,74
"201910291314-271","Atlantic Bay Scallop","Argopecten irradians",52,74
"201910291314-271","Atlantic Bay Scallop","Argopecten irradians",50,74
"201910291314-271","Atlantic Bay Scallop","Argopecten irradians",53,74
"201910291314-271","Atlantic Bay Scallop","Argopecten irradians",46,74
"201910291314-271","Atlantic Bay Scallop","Argopecten irradians",43,74
"201910291314-271","Atlantic Bay Scallop","Argopecten irradians",52,74
"201910291314-271","Atlantic Bay Scallop","Argopecten irradians",42,74
"201910291314-271","Atlantic Bay Scallop","Argopecten irradians",44,74
"201910291314-271","Atlantic Bay Scallop","Argopecten irradians",50,74
"201910291314-271","Atlantic Bay Scallop","Argopecten irradians",48,74
"201910291314-271","Atlantic Bay Scallop","Argopecten irradians",50,74
"201910291314-271","Atlantic Bay Scallop","Argopecten irradians",51,74
"201910291314-271","Atlantic Bay Scallop","Argopecten irradians",46,74
"201910291314-271","Atlantic Bay Scallop","Argopecten irradians",49,74
"201910291314-271","Atlantic Bay Scallop","Argopecten irradians",54,74
"201910291314-271","Atlantic Bay Scallop","Argopecten irradians",42,74
"201910291314-271","Atlantic Bay Scallop","Argopecten irradians",42,74
"201910291314-271","Atlantic Bay Scallop","Argopecten irradians",45,74
"201910291314-271","Atlantic Bay Scallop","Argopecten irradians",51,74
"201910291314-271","Atlantic Bay Scallop","Argopecten irradians",56,74
"201910291314-271","Atlantic Bay Scallop","Argopecten irradians",52,74
"201910291314-271","Atlantic Bay Scallop","Argopecten irradians",50,74
"201910291314-271","Atlantic Bay Scallop","Argopecten irradians",46,74
"201910291314-271","Atlantic Bay Scallop","Argopecten irradians",53,74
"201910291314-271","Atlantic Bay Scallop","Argopecten irradians",46,74
"201910291314-271","Atlantic Bay Scallop","Argopecten irradians",48,74
"201910291314-271","Atlantic Bay Scallop","Argopecten irradians",58,74
"201910291314-271","Atlantic Bay Scallop","Argopecten irradians",46,74
"201910291314-271","Atlantic Bay Scallop","Argopecten irradians",52,74
"201910291314-271","Atlantic Bay Scallop","Argopecten irradians",42,74
"201910291314-271","Atlantic Bay Scallop","Argopecten irradians",48,74
"201910291314-271","Atlantic Bay Scallop","Argopecten irradians",43,74
"201910291314-271","Atlantic Bay Scallop","Argopecten irradians",52,74
"201910291314-271","Atlantic Bay Scallop","Argopecten irradians",42,74
"201910291314-271","Atlantic Bay Scallop","Argopecten irradians",52,74
"201910291314-271","Atlantic Bay Scallop","Argopecten irradians",50,74
"201910291314-271","Atlantic Bay Scallop","Argopecten irradians",45,74
"201910291314-271","Atlantic Bay Scallop","Argopecten irradians",53,74
"201910291314-271","Atlantic Bay Scallop","Argopecten irradians",51,74
"201910291314-271","Atlantic Bay Scallop","Argopecten irradians",42,74
"201910291314-271","Spotted Seatrout","Cynoscion nebulosus",103,2
"201910291314-271","Spotted Seatrout","Cynoscion nebulosus",160,2
"201910291355-258","Atlantic Bay Scallop","Argopecten irradians",44,5
"201910291355-258","Atlantic Bay Scallop","Argopecten irradians",46,5
"201910291355-258","Atlantic Bay Scallop","Argopecten irradians",48,5
"201910291355-258","Atlantic Bay Scallop","Argopecten irradians",44,5
"201910291355-258","Atlantic Bay Scallop","Argopecten irradians",41,5
"201910291355-258","Great Barracuda","Sphyraena barracuda",170,1
"201910291430-242","Spotted Seatrout","Cynoscion nebulosus",111,1
"201910291430-242","Great Barracuda","Sphyraena barracuda",120,1
"201910291620-123","Grass Porgy","Calamus arctifrons",116,2
"201910291620-123","Grass Porgy","Calamus arctifrons",165,2
"201910291620-123","Spotted Seatrout","Cynoscion nebulosus",67,2
"201910291620-123","Spotted Seatrout","Cynoscion nebulosus",112,2
"201910291620-123","Gray Snapper","Lutjanus griseus",180,4
"201910291620-123","Gray Snapper","Lutjanus griseus",170,4
"201910291620-123","Gray Snapper","Lutjanus griseus",180,4
"201910291620-123","Gray Snapper","Lutjanus griseus",210,4
"201910291620-123","Lane Snapper","Lutjanus synagris",65,1
"201910291645-136","Atlantic Bay Scallop","Argopecten irradians",48,5
"201910291645-136","Atlantic Bay Scallop","Argopecten irradians",62,5
"201910291645-136","Atlantic Bay Scallop","Argopecten irradians",47,5
"201910291645-136","Atlantic Bay Scallop","Argopecten irradians",57,5
"201910291645-136","Atlantic Bay Scallop","Argopecten irradians",48,5
"201910291645-136","Grass Porgy","Calamus arctifrons",140,1
"201910291645-136","Gray Snapper","Lutjanus griseus",220,8
"201910291645-136","Gray Snapper","Lutjanus griseus",170,8
"201910291645-136","Gray Snapper","Lutjanus griseus",155,8
"201910291645-136","Gray Snapper","Lutjanus griseus",150,8
"201910291645-136","Gray Snapper","Lutjanus griseus",135,8
"201910291645-136","Gray Snapper","Lutjanus griseus",157,8
"201910291645-136","Gray Snapper","Lutjanus griseus",170,8
"201910291645-136","Gray Snapper","Lutjanus griseus",155,8
"201910291645-136","Florida Stone Crab","Menippe mercenaria",25,1
"201910291710-135","Spotted Seatrout","Cynoscion nebulosus",41,5
"201910291710-135","Spotted Seatrout","Cynoscion nebulosus",44,5
"201910291710-135","Spotted Seatrout","Cynoscion nebulosus",45,5
"201910291710-135","Spotted Seatrout","Cynoscion nebulosus",53,5
"201910291710-135","Spotted Seatrout","Cynoscion nebulosus",58,5
"201910291710-135","Gray Snapper","Lutjanus griseus",140,2
"201910291710-135","Gray Snapper","Lutjanus griseus",120,2
"201910291710-135","Blue Crab","Callinectes sapidus",NA,1
"201910291808-070","Gulf Flounder","Paralichthys albigutta",28,1
"201910291808-070","Lane Snapper","Lutjanus synagris",48,1
"201910291820-068","Gulf Flounder","Paralichthys albigutta",42,3
"201910291820-068","Gulf Flounder","Paralichthys albigutta",31,3
"201910291820-068","Gulf Flounder","Paralichthys albigutta",30,3
"201910291820-068","Blue Crab","Callinectes sapidus",NA,1
"201910291835-065","Gulf Flounder","Paralichthys albigutta",36,1
"201910291835-065","Blue Crab","Callinectes sapidus",NA,1
"201910300820-101","Gulf Flounder","Paralichthys albigutta",192,1
"201910300820-101","Gray Snapper","Lutjanus griseus",200,1
"201910300820-101","Lane Snapper","Lutjanus synagris",82,1
"201910300845-022","Lane Snapper","Lutjanus synagris",80,1
"201910300908-119","Spotted Seatrout","Cynoscion nebulosus",185,1
"201910300908-119","Lane Snapper","Lutjanus synagris",86,4
"201910300908-119","Lane Snapper","Lutjanus synagris",81,4
"201910300908-119","Lane Snapper","Lutjanus synagris",60,4
"201910300908-119","Lane Snapper","Lutjanus synagris",67,4
"201910300908-119","Blue Crab","Callinectes sapidus",NA,1
"201910300930-133","Spotted Seatrout","Cynoscion nebulosus",34,6
"201910300930-133","Spotted Seatrout","Cynoscion nebulosus",36,6
"201910300930-133","Spotted Seatrout","Cynoscion nebulosus",43,6
"201910300930-133","Spotted Seatrout","Cynoscion nebulosus",43,6
"201910300930-133","Spotted Seatrout","Cynoscion nebulosus",64,6
"201910300930-133","Spotted Seatrout","Cynoscion nebulosus",92,6
"201910300930-133","Gray Snapper","Lutjanus griseus",175,11
"201910300930-133","Gray Snapper","Lutjanus griseus",160,11
"201910300930-133","Gray Snapper","Lutjanus griseus",160,11
"201910300930-133","Gray Snapper","Lutjanus griseus",155,11
"201910300930-133","Gray Snapper","Lutjanus griseus",180,11
"201910300930-133","Gray Snapper","Lutjanus griseus",225,11
"201910300930-133","Gray Snapper","Lutjanus griseus",230,11
"201910300930-133","Gray Snapper","Lutjanus griseus",30,11
"201910300930-133","Gray Snapper","Lutjanus griseus",168,11
"201910300930-133","Gray Snapper","Lutjanus griseus",110,11
"201910300930-133","Gray Snapper","Lutjanus griseus",150,11
"201910300930-133","Lane Snapper","Lutjanus synagris",74,6
"201910300930-133","Lane Snapper","Lutjanus synagris",51,6
"201910300930-133","Lane Snapper","Lutjanus synagris",77,6
"201910300930-133","Lane Snapper","Lutjanus synagris",120,6
"201910300930-133","Lane Snapper","Lutjanus synagris",112,6
"201910300930-133","Lane Snapper","Lutjanus synagris",55,6
"201910300930-133","Lookdown","Selene vomer",92,2
"201910300930-133","Lookdown","Selene vomer",80,2
"201910300930-133","Blue Crab","Callinectes sapidus",NA,1
"201910301005-146","Atlantic Bay Scallop","Argopecten irradians",42,1
"201910301005-146","Spotted Seatrout","Cynoscion nebulosus",48,4
"201910301005-146","Spotted Seatrout","Cynoscion nebulosus",82,4
"201910301005-146","Spotted Seatrout","Cynoscion nebulosus",172,4
"201910301005-146","Spotted Seatrout","Cynoscion nebulosus",185,4
"201910301005-146","Gray Snapper","Lutjanus griseus",204,1
"201910301005-146","Lane Snapper","Lutjanus synagris",58,2
"201910301005-146","Lane Snapper","Lutjanus synagris",102,2
"201910301030-147","Atlantic Bay Scallop","Argopecten irradians",20,1
"201910301030-147","Gray Snapper","Lutjanus griseus",160,2
"201910301030-147","Gray Snapper","Lutjanus griseus",215,2
"201910301030-147","Mutton Snapper","Lutjanus analis",182,1
"201910301030-147","Lane Snapper","Lutjanus synagris",93,2
"201910301030-147","Lane Snapper","Lutjanus synagris",32,2
"201910301042-159","Grass Porgy","Calamus arctifrons",94,1
"201910301042-159","Spotted Seatrout","Cynoscion nebulosus",38,1
"201910301042-159","Barred Hamlet","Hypoplectrus puella",125,1
"201910301042-159","Gray Snapper","Lutjanus griseus",155,8
"201910301042-159","Gray Snapper","Lutjanus griseus",150,8
"201910301042-159","Gray Snapper","Lutjanus griseus",100,8
"201910301042-159","Gray Snapper","Lutjanus griseus",160,8
"201910301042-159","Gray Snapper","Lutjanus griseus",132,8
"201910301042-159","Gray Snapper","Lutjanus griseus",152,8
"201910301042-159","Gray Snapper","Lutjanus griseus",96,8
"201910301042-159","Gray Snapper","Lutjanus griseus",180,8
"201910301042-159","Great Barracuda","Sphyraena barracuda",225,1
"201910301055-145","Spotted Seatrout","Cynoscion nebulosus",34,4
"201910301055-145","Spotted Seatrout","Cynoscion nebulosus",46,4
"201910301055-145","Spotted Seatrout","Cynoscion nebulosus",98,4
"201910301055-145","Spotted Seatrout","Cynoscion nebulosus",113,4
"201910301055-145","Gray Snapper","Lutjanus griseus",120,3
"201910301055-145","Gray Snapper","Lutjanus griseus",170,3
"201910301055-145","Gray Snapper","Lutjanus griseus",200,3
"201910301055-145","Lane Snapper","Lutjanus synagris",31,1
"201910301130-169","Spotted Seatrout","Cynoscion nebulosus",18,1
"201910301130-169","Goliath Grouper","Epinephelus itajara",510,1
"201910301130-169","Gray Snapper","Lutjanus griseus",200,10
"201910301130-169","Gray Snapper","Lutjanus griseus",300,10
"201910301130-169","Gray Snapper","Lutjanus griseus",110,10
"201910301130-169","Gray Snapper","Lutjanus griseus",120,10
"201910301130-169","Gray Snapper","Lutjanus griseus",165,10
"201910301130-169","Gray Snapper","Lutjanus griseus",170,10
"201910301130-169","Gray Snapper","Lutjanus griseus",155,10
"201910301130-169","Gray Snapper","Lutjanus griseus",160,10
"201910301130-169","Gray Snapper","Lutjanus griseus",220,10
"201910301130-169","Gray Snapper","Lutjanus griseus",160,10
"201910301130-169","Lane Snapper","Lutjanus synagris",115,4
"201910301130-169","Lane Snapper","Lutjanus synagris",48,4
"201910301130-169","Lane Snapper","Lutjanus synagris",48,4
"201910301130-169","Lane Snapper","Lutjanus synagris",26,4
"201910301145-172","Common Snook","Centropomus undecimalis",440,1
"201910301145-172","Gray Snapper","Lutjanus griseus",215,1
"201910301145-172","Blue Crab","Callinectes sapidus",NA,1
"201910301220-224","Spotted Seatrout","Cynoscion nebulosus",85,1
"201910301220-224","Gray Snapper","Lutjanus griseus",122,3
"201910301220-224","Gray Snapper","Lutjanus griseus",180,3
"201910301220-224","Gray Snapper","Lutjanus griseus",175,3
"201910301230-225","Sheepshead","Archosargus probatocephalus",96,1
"201910301230-225","Spotted Seatrout","Cynoscion nebulosus",78,1
"201910301230-225","Gray Snapper","Lutjanus griseus",160,4
"201910301230-225","Gray Snapper","Lutjanus griseus",215,4
"201910301230-225","Gray Snapper","Lutjanus griseus",140,4
"201910301230-225","Gray Snapper","Lutjanus griseus",138,4
"201910301230-225","Lane Snapper","Lutjanus synagris",74,1
"201910301245-226","Gray Snapper","Lutjanus griseus",144,2
"201910301245-226","Gray Snapper","Lutjanus griseus",150,2
"201910301255-241","Atlantic Spadefish","Chaetodipterus faber",122,1
"201910301255-241","Spotted Seatrout","Cynoscion nebulosus",75,1
"201910301255-241","Gray Snapper","Lutjanus griseus",180,1
"201910301311-240","Sheepshead","Archosargus probatocephalus",124,1
"201910301311-240","Spotted Seatrout","Cynoscion nebulosus",46,4
"201910301311-240","Spotted Seatrout","Cynoscion nebulosus",57,4
"201910301311-240","Spotted Seatrout","Cynoscion nebulosus",102,4
"201910301311-240","Spotted Seatrout","Cynoscion nebulosus",160,4
"201910301311-240","Gray Snapper","Lutjanus griseus",240,3
"201910301311-240","Gray Snapper","Lutjanus griseus",120,3
"201910301311-240","Gray Snapper","Lutjanus griseus",202,3
"201910301325-239","Spotted Seatrout","Cynoscion nebulosus",136,1
"201910301325-239","Great Barracuda","Sphyraena barracuda",170,1
"201910301340-253","Spotted Seatrout","Cynoscion nebulosus",54,3
"201910301340-253","Spotted Seatrout","Cynoscion nebulosus",124,3
"201910301340-253","Spotted Seatrout","Cynoscion nebulosus",142,3
"201910301340-253","Gray Snapper","Lutjanus griseus",130,3
"201910301340-253","Gray Snapper","Lutjanus griseus",130,3
"201910301340-253","Gray Snapper","Lutjanus griseus",210,3
"201910301340-253","Blue Crab","Callinectes sapidus",NA,1
"201910301355-254","Spotted Seatrout","Cynoscion nebulosus",58,1
"201910301355-254","Gray Snapper","Lutjanus griseus",258,1
"201910301355-254","Great Barracuda","Sphyraena barracuda",120,1
"201910301415-255","Gray Snapper","Lutjanus griseus",165,7
"201910301415-255","Gray Snapper","Lutjanus griseus",200,7
"201910301415-255","Gray Snapper","Lutjanus griseus",190,7
"201910301415-255","Gray Snapper","Lutjanus griseus",210,7
"201910301415-255","Gray Snapper","Lutjanus griseus",200,7
"201910301415-255","Gray Snapper","Lutjanus griseus",215,7
"201910301415-255","Gray Snapper","Lutjanus griseus",220,7
"201911121154-304","Atlantic Bay Scallop","Argopecten irradians",44,3
"201911121154-304","Atlantic Bay Scallop","Argopecten irradians",45,3
"201911121154-304","Atlantic Bay Scallop","Argopecten irradians",51,3
"201911121313-621","Gray Snapper","Lutjanus griseus",204,1
"201911121330-619","Great Barracuda","Sphyraena barracuda",125,1
"201911121601-176","Spotted Seatrout","Cynoscion nebulosus",85,2
"201911121601-176","Spotted Seatrout","Cynoscion nebulosus",148,2
"201911121601-176","Gray Snapper","Lutjanus griseus",209,1
"201911121601-176","Lane Snapper","Lutjanus synagris",96,2
"201911121601-176","Lane Snapper","Lutjanus synagris",114,2
"201911121632-073","Blue Crab","Callinectes sapidus",NA,1
"201911131015-158","Lane Snapper","Lutjanus synagris",86,2
"201911131015-158","Lane Snapper","Lutjanus synagris",151,2
"201911131015-158","Great Barracuda","Sphyraena barracuda",310,1
"201911131027-145","Sheepshead","Archosargus probatocephalus",135,1
"201911131027-145","Spotted Seatrout","Cynoscion nebulosus",67,1
"201911131027-145","Gray Snapper","Lutjanus griseus",180,3
"201911131027-145","Gray Snapper","Lutjanus griseus",220,3
"201911131027-145","Gray Snapper","Lutjanus griseus",169,3
"201911131036-133","Spotted Seatrout","Cynoscion nebulosus",80,2
"201911131036-133","Spotted Seatrout","Cynoscion nebulosus",112,2
"201911131036-133","Gray Snapper","Lutjanus griseus",211,6
"201911131036-133","Gray Snapper","Lutjanus griseus",206,6
"201911131036-133","Gray Snapper","Lutjanus griseus",205,6
"201911131036-133","Gray Snapper","Lutjanus griseus",167,6
"201911131036-133","Gray Snapper","Lutjanus griseus",194,6
"201911131036-133","Gray Snapper","Lutjanus griseus",194,6
"201911131036-133","Lane Snapper","Lutjanus synagris",72,1
"201911131047-146","Gray Snapper","Lutjanus griseus",225,1
"201911131047-146","Mutton Snapper","Lutjanus analis",181,1
"201911131050-135","Atlantic Spadefish","Chaetodipterus faber",100,1
"201911131050-135","Gray Snapper","Lutjanus griseus",210,2
"201911131050-135","Gray Snapper","Lutjanus griseus",232,2
"201911131109-122","Atlantic Spadefish","Chaetodipterus faber",110,1
"201911131109-122","Spotted Seatrout","Cynoscion nebulosus",84,1
"201911131109-122","Gray Snapper","Lutjanus griseus",223,8
"201911131109-122","Gray Snapper","Lutjanus griseus",100,8
"201911131109-122","Gray Snapper","Lutjanus griseus",121,8
"201911131109-122","Gray Snapper","Lutjanus griseus",136,8
"201911131109-122","Gray Snapper","Lutjanus griseus",227,8
"201911131109-122","Gray Snapper","Lutjanus griseus",148,8
"201911131109-122","Gray Snapper","Lutjanus griseus",91,8
"201911131109-122","Gray Snapper","Lutjanus griseus",95,8
"201911131122-123","Spotted Seatrout","Cynoscion nebulosus",22,2
"201911131122-123","Spotted Seatrout","Cynoscion nebulosus",36,2
"201911131122-123","Gray Snapper","Lutjanus griseus",79,3
"201911131122-123","Gray Snapper","Lutjanus griseus",131,3
"201911131122-123","Gray Snapper","Lutjanus griseus",202,3
"201911131151-040","Spotted Seatrout","Cynoscion nebulosus",93,4
"201911131151-040","Spotted Seatrout","Cynoscion nebulosus",96,4
"201911131151-040","Spotted Seatrout","Cynoscion nebulosus",130,4
"201911131151-040","Spotted Seatrout","Cynoscion nebulosus",134,4
"201911131151-040","Gray Snapper","Lutjanus griseus",165,7
"201911131151-040","Gray Snapper","Lutjanus griseus",273,7
"201911131151-040","Gray Snapper","Lutjanus griseus",185,7
"201911131151-040","Gray Snapper","Lutjanus griseus",182,7
"201911131151-040","Gray Snapper","Lutjanus griseus",151,7
"201911131151-040","Gray Snapper","Lutjanus griseus",168,7
"201911131151-040","Gray Snapper","Lutjanus griseus",192,7
"201911131151-040","Lane Snapper","Lutjanus synagris",143,8
"201911131151-040","Lane Snapper","Lutjanus synagris",196,8
"201911131151-040","Lane Snapper","Lutjanus synagris",86,8
"201911131151-040","Lane Snapper","Lutjanus synagris",110,8
"201911131151-040","Lane Snapper","Lutjanus synagris",115,8
"201911131151-040","Lane Snapper","Lutjanus synagris",91,8
"201911131151-040","Lane Snapper","Lutjanus synagris",93,8
"201911131151-040","Lane Snapper","Lutjanus synagris",111,8
"201911131212-023","Atlantic Spadefish","Chaetodipterus faber",65,1
"201911131212-023","Spotted Seatrout","Cynoscion nebulosus",160,1
"201911131212-023","Gray Snapper","Lutjanus griseus",172,4
"201911131212-023","Gray Snapper","Lutjanus griseus",152,4
"201911131212-023","Gray Snapper","Lutjanus griseus",101,4
"201911131212-023","Gray Snapper","Lutjanus griseus",150,4
"201911131212-023","Lane Snapper","Lutjanus synagris",81,3
"201911131212-023","Lane Snapper","Lutjanus synagris",96,3
"201911131212-023","Lane Snapper","Lutjanus synagris",85,3
"201911131212-023","Blue Crab","Callinectes sapidus",NA,1
"201911131226-022","Spotted Seatrout","Cynoscion nebulosus",276,1
"201911140902-292","Atlantic Bay Scallop","Argopecten irradians",61,1
"201911140915-302","Gray Snapper","Lutjanus griseus",174,2
"201911140915-302","Gray Snapper","Lutjanus griseus",174,2
"201911140924-301","Great Barracuda","Sphyraena barracuda",220,1
"201911140945-609","Atlantic Bay Scallop","Argopecten irradians",62,1
"201911141008-291","Atlantic Bay Scallop","Argopecten irradians",59,1
"201911141025-282","Atlantic Spadefish","Chaetodipterus faber",105,1
"201911141025-282","Spotted Seatrout","Cynoscion nebulosus",39,1
"201911141025-282","Lined Seahorse","Hippocampus erectus",117,1
"201911141041-268","Great Barracuda","Sphyraena barracuda",154,1
"201911141105-256","Gray Snapper","Lutjanus griseus",196,1
"201911141105-256","Great Barracuda","Sphyraena barracuda",147,2
"201911141105-256","Great Barracuda","Sphyraena barracuda",83,2
"201911141128-294","Atlantic Bay Scallop","Argopecten irradians",50,11
"201911141128-294","Atlantic Bay Scallop","Argopecten irradians",48,11
"201911141128-294","Atlantic Bay Scallop","Argopecten irradians",55,11
"201911141128-294","Atlantic Bay Scallop","Argopecten irradians",50,11
"201911141128-294","Atlantic Bay Scallop","Argopecten irradians",50,11
"201911141128-294","Atlantic Bay Scallop","Argopecten irradians",51,11
"201911141128-294","Atlantic Bay Scallop","Argopecten irradians",43,11
"201911141128-294","Atlantic Bay Scallop","Argopecten irradians",46,11
"201911141128-294","Atlantic Bay Scallop","Argopecten irradians",47,11
"201911141128-294","Atlantic Bay Scallop","Argopecten irradians",54,11
"201911141128-294","Atlantic Bay Scallop","Argopecten irradians",47,11
"201911141140-283","Atlantic Bay Scallop","Argopecten irradians",54,12
"201911141140-283","Atlantic Bay Scallop","Argopecten irradians",55,12
"201911141140-283","Atlantic Bay Scallop","Argopecten irradians",48,12
"201911141140-283","Atlantic Bay Scallop","Argopecten irradians",52,12
"201911141140-283","Atlantic Bay Scallop","Argopecten irradians",47,12
"201911141140-283","Atlantic Bay Scallop","Argopecten irradians",44,12
"201911141140-283","Atlantic Bay Scallop","Argopecten irradians",54,12
"201911141140-283","Atlantic Bay Scallop","Argopecten irradians",48,12
"201911141140-283","Atlantic Bay Scallop","Argopecten irradians",51,12
"201911141140-283","Atlantic Bay Scallop","Argopecten irradians",43,12
"201911141140-283","Atlantic Bay Scallop","Argopecten irradians",48,12
"201911141140-283","Atlantic Bay Scallop","Argopecten irradians",50,12
"201911141149-284","Atlantic Bay Scallop","Argopecten irradians",51,32
"201911141149-284","Atlantic Bay Scallop","Argopecten irradians",50,32
"201911141149-284","Atlantic Bay Scallop","Argopecten irradians",50,32
"201911141149-284","Atlantic Bay Scallop","Argopecten irradians",48,32
"201911141149-284","Atlantic Bay Scallop","Argopecten irradians",51,32
"201911141149-284","Atlantic Bay Scallop","Argopecten irradians",50,32
"201911141149-284","Atlantic Bay Scallop","Argopecten irradians",43,32
"201911141149-284","Atlantic Bay Scallop","Argopecten irradians",44,32
"201911141149-284","Atlantic Bay Scallop","Argopecten irradians",42,32
"201911141149-284","Atlantic Bay Scallop","Argopecten irradians",60,32
"201911141149-284","Atlantic Bay Scallop","Argopecten irradians",51,32
"201911141149-284","Atlantic Bay Scallop","Argopecten irradians",47,32
"201911141149-284","Atlantic Bay Scallop","Argopecten irradians",51,32
"201911141149-284","Atlantic Bay Scallop","Argopecten irradians",46,32
"201911141149-284","Atlantic Bay Scallop","Argopecten irradians",38,32
"201911141149-284","Atlantic Bay Scallop","Argopecten irradians",47,32
"201911141149-284","Atlantic Bay Scallop","Argopecten irradians",50,32
"201911141149-284","Atlantic Bay Scallop","Argopecten irradians",46,32
"201911141149-284","Atlantic Bay Scallop","Argopecten irradians",53,32
"201911141149-284","Atlantic Bay Scallop","Argopecten irradians",46,32
"201911141149-284","Atlantic Bay Scallop","Argopecten irradians",48,32
"201911141149-284","Atlantic Bay Scallop","Argopecten irradians",52,32
"201911141149-284","Atlantic Bay Scallop","Argopecten irradians",50,32
"201911141149-284","Atlantic Bay Scallop","Argopecten irradians",47,32
"201911141149-284","Atlantic Bay Scallop","Argopecten irradians",46,32
"201911141149-284","Atlantic Bay Scallop","Argopecten irradians",44,32
"201911141149-284","Atlantic Bay Scallop","Argopecten irradians",50,32
"201911141149-284","Atlantic Bay Scallop","Argopecten irradians",46,32
"201911141149-284","Atlantic Bay Scallop","Argopecten irradians",50,32
"201911141149-284","Atlantic Bay Scallop","Argopecten irradians",51,32
"201911141149-284","Atlantic Bay Scallop","Argopecten irradians",53,32
"201911141149-284","Atlantic Bay Scallop","Argopecten irradians",45,32
"201911141214-271","Atlantic Bay Scallop","Argopecten irradians",54,3
"201911141214-271","Atlantic Bay Scallop","Argopecten irradians",50,3
"201911141214-271","Atlantic Bay Scallop","Argopecten irradians",56,3
"201911141239-257","Great Barracuda","Sphyraena barracuda",108,2
"201911141239-257","Great Barracuda","Sphyraena barracuda",123,2
"201911141251-258","Atlantic Bay Scallop","Argopecten irradians",48,2
"201911141251-258","Atlantic Bay Scallop","Argopecten irradians",54,2
"201911141251-258","Great Barracuda","Sphyraena barracuda",247,1
"201911141346-227","Great Barracuda","Sphyraena barracuda",179,1
"201911141410-229","Spotted Seatrout","Cynoscion nebulosus",24,1
"201911141434-226","Gray Snapper","Lutjanus griseus",190,1
"201911141451-225","Spotted Seatrout","Cynoscion nebulosus",76,5
"201911141451-225","Spotted Seatrout","Cynoscion nebulosus",78,5
"201911141451-225","Spotted Seatrout","Cynoscion nebulosus",80,5
"201911141451-225","Spotted Seatrout","Cynoscion nebulosus",104,5
"201911141451-225","Spotted Seatrout","Cynoscion nebulosus",136,5
"201911141451-225","Gray Snapper","Lutjanus griseus",202,2
"201911141451-225","Gray Snapper","Lutjanus griseus",206,2
"201911141451-225","Lane Snapper","Lutjanus synagris",38,1
"201911141451-225","Great Barracuda","Sphyraena barracuda",285,1
"201911141515-224","Gray Snapper","Lutjanus griseus",108,1
"201911141515-224","Blue Crab","Callinectes sapidus",NA,1
"201911150828-237","Spotted Seatrout","Cynoscion nebulosus",184,1
"201911150828-237","Gray Snapper","Lutjanus griseus",199,5
"201911150828-237","Gray Snapper","Lutjanus griseus",129,5
"201911150828-237","Gray Snapper","Lutjanus griseus",210,5
"201911150828-237","Gray Snapper","Lutjanus griseus",172,5
"201911150828-237","Gray Snapper","Lutjanus griseus",177,5
"201911150900-266","Gray Snapper","Lutjanus griseus",116,2
"201911150900-266","Gray Snapper","Lutjanus griseus",176,2
"201911150900-266","Hogchoker","Trinectes maculatus",75,1
"201911150912-265","Spotted Seatrout","Cynoscion nebulosus",22,1
"201911150912-265","Gray Snapper","Lutjanus griseus",176,1
"201911150925-278","Spotted Seatrout","Cynoscion nebulosus",83,3
"201911150925-278","Spotted Seatrout","Cynoscion nebulosus",83,3
"201911150925-278","Spotted Seatrout","Cynoscion nebulosus",101,3
"201911150942-279","Spotted Seatrout","Cynoscion nebulosus",22,1
"201911151017-267","Gray Snapper","Lutjanus griseus",167,1
"201911151035-255","Great Barracuda","Sphyraena barracuda",101,1
"201911151054-241","Atlantic Spadefish","Chaetodipterus faber",125,1
"201911151054-241","Spotted Seatrout","Cynoscion nebulosus",140,1
"201911151054-241","Gray Snapper","Lutjanus griseus",150,2
"201911151054-241","Gray Snapper","Lutjanus griseus",178,2
"201911151110-240","Spotted Seatrout","Cynoscion nebulosus",89,3
"201911151110-240","Spotted Seatrout","Cynoscion nebulosus",105,3
"201911151110-240","Spotted Seatrout","Cynoscion nebulosus",107,3
"201911151110-240","Gray Snapper","Lutjanus griseus",63,1
"201911151110-240","Blue Crab","Callinectes sapidus",NA,1
"201911151157-253","Spotted Seatrout","Cynoscion nebulosus",27,3
"201911151157-253","Spotted Seatrout","Cynoscion nebulosus",69,3
"201911151157-253","Spotted Seatrout","Cynoscion nebulosus",98,3
"201911151157-253","Gray Snapper","Lutjanus griseus",220,6
"201911151157-253","Gray Snapper","Lutjanus griseus",207,6
"201911151157-253","Gray Snapper","Lutjanus griseus",208,6
"201911151157-253","Gray Snapper","Lutjanus griseus",200,6
"201911151157-253","Gray Snapper","Lutjanus griseus",185,6
"201911151157-253","Gray Snapper","Lutjanus griseus",163,6
"201911151157-253","Blue Crab","Callinectes sapidus",NA,1
"202001181018-315","Great Barracuda","Sphyraena barracuda",260,1
"202001181230-325","Great Barracuda","Sphyraena barracuda",182,1
"202001181246-402","Atlantic Spadefish","Chaetodipterus faber",80,1
"202001181246-402","Great Barracuda","Sphyraena barracuda",172,2
"202001181246-402","Great Barracuda","Sphyraena barracuda",265,2
"202001181310-408","Caribbean Spiny Lobster","Panulirus argus",185,1
"202001181310-408","Great Barracuda","Sphyraena barracuda",214,1
"202001181319-407","Great Barracuda","Sphyraena barracuda",93,2
"202001181319-407","Great Barracuda","Sphyraena barracuda",237,2
"202001181328-401","Gray Snapper","Lutjanus griseus",224,1
"202001190141-256","Atlantic Bay Scallop","Argopecten irradians",54,1
"202001190153-257","Caribbean Spiny Lobster","Panulirus argus",215,1
"202001190153-257","Great Barracuda","Sphyraena barracuda",228,1
"202001190203-270","Atlantic Bay Scallop","Argopecten irradians",53,1
"202001190213-283","Atlantic Bay Scallop","Argopecten irradians",44,7
"202001190213-283","Atlantic Bay Scallop","Argopecten irradians",46,7
"202001190213-283","Atlantic Bay Scallop","Argopecten irradians",47,7
"202001190213-283","Atlantic Bay Scallop","Argopecten irradians",48,7
"202001190213-283","Atlantic Bay Scallop","Argopecten irradians",49,7
"202001190213-283","Atlantic Bay Scallop","Argopecten irradians",52,7
"202001190213-283","Atlantic Bay Scallop","Argopecten irradians",52,7
"202001190224-294","Atlantic Bay Scallop","Argopecten irradians",54,5
"202001190224-294","Atlantic Bay Scallop","Argopecten irradians",55,5
"202001190224-294","Atlantic Bay Scallop","Argopecten irradians",55,5
"202001190224-294","Atlantic Bay Scallop","Argopecten irradians",57,5
"202001190224-294","Atlantic Bay Scallop","Argopecten irradians",58,5
"202001190243-271","Atlantic Bay Scallop","Argopecten irradians",46,5
"202001190243-271","Atlantic Bay Scallop","Argopecten irradians",47,5
"202001190243-271","Atlantic Bay Scallop","Argopecten irradians",52,5
"202001190243-271","Atlantic Bay Scallop","Argopecten irradians",52,5
"202001190243-271","Atlantic Bay Scallop","Argopecten irradians",57,5
"202001190311-243","Gray Snapper","Lutjanus griseus",65,1
"202001190311-243","Great Barracuda","Sphyraena barracuda",144,1
"202001190350-133","Sheepshead","Archosargus probatocephalus",121,1
"202001190350-133","Spotted Seatrout","Cynoscion nebulosus",139,1
"202001190350-133","Gray Snapper","Lutjanus griseus",92,21
"202001190350-133","Gray Snapper","Lutjanus griseus",104,21
"202001190350-133","Gray Snapper","Lutjanus griseus",106,21
"202001190350-133","Gray Snapper","Lutjanus griseus",114,21
"202001190350-133","Gray Snapper","Lutjanus griseus",124,21
"202001190350-133","Gray Snapper","Lutjanus griseus",126,21
"202001190350-133","Gray Snapper","Lutjanus griseus",127,21
"202001190350-133","Gray Snapper","Lutjanus griseus",139,21
"202001190350-133","Gray Snapper","Lutjanus griseus",164,21
"202001190350-133","Gray Snapper","Lutjanus griseus",169,21
"202001190350-133","Gray Snapper","Lutjanus griseus",181,21
"202001190350-133","Gray Snapper","Lutjanus griseus",181,21
"202001190350-133","Gray Snapper","Lutjanus griseus",186,21
"202001190350-133","Gray Snapper","Lutjanus griseus",192,21
"202001190350-133","Gray Snapper","Lutjanus griseus",194,21
"202001190350-133","Gray Snapper","Lutjanus griseus",194,21
"202001190350-133","Gray Snapper","Lutjanus griseus",195,21
"202001190350-133","Gray Snapper","Lutjanus griseus",198,21
"202001190350-133","Gray Snapper","Lutjanus griseus",203,21
"202001190350-133","Gray Snapper","Lutjanus griseus",208,21
"202001190350-133","Gray Snapper","Lutjanus griseus",214,21
"202001190350-133","Lane Snapper","Lutjanus synagris",78,4
"202001190350-133","Lane Snapper","Lutjanus synagris",84,4
"202001190350-133","Lane Snapper","Lutjanus synagris",107,4
"202001190350-133","Lane Snapper","Lutjanus synagris",131,4
"202001190407-145","Lane Snapper","Lutjanus synagris",90,2
"202001190407-145","Lane Snapper","Lutjanus synagris",140,2
"202001191022-266","Gray Snapper","Lutjanus griseus",127,1
"202001191047-278","Lined Seahorse","Hippocampus erectus",90,1
"202001191057-279","Gray Snapper","Lutjanus griseus",206,1
"202001191106-280","Gray Snapper","Lutjanus griseus",189,1
"202001191116-267","Atlantic Spadefish","Chaetodipterus faber",100,1
"202001191116-267","Gray Snapper","Lutjanus griseus",157,3
"202001191116-267","Gray Snapper","Lutjanus griseus",180,3
"202001191116-267","Gray Snapper","Lutjanus griseus",185,3
"202001191138-291","Gray Snapper","Lutjanus griseus",162,1
"202001191138-291","Great Barracuda","Sphyraena barracuda",191,1
"202001191216-301","Gray Snapper","Lutjanus griseus",176,1
"202001200426-040","Gray Snapper","Lutjanus griseus",112,20
"202001200426-040","Gray Snapper","Lutjanus griseus",121,20
"202001200426-040","Gray Snapper","Lutjanus griseus",169,20
"202001200426-040","Gray Snapper","Lutjanus griseus",174,20
"202001200426-040","Gray Snapper","Lutjanus griseus",176,20
"202001200426-040","Gray Snapper","Lutjanus griseus",176,20
"202001200426-040","Gray Snapper","Lutjanus griseus",176,20
"202001200426-040","Gray Snapper","Lutjanus griseus",182,20
"202001200426-040","Gray Snapper","Lutjanus griseus",184,20
"202001200426-040","Gray Snapper","Lutjanus griseus",186,20
"202001200426-040","Gray Snapper","Lutjanus griseus",190,20
"202001200426-040","Gray Snapper","Lutjanus griseus",191,20
"202001200426-040","Gray Snapper","Lutjanus griseus",193,20
"202001200426-040","Gray Snapper","Lutjanus griseus",197,20
"202001200426-040","Gray Snapper","Lutjanus griseus",203,20
"202001200426-040","Gray Snapper","Lutjanus griseus",204,20
"202001200426-040","Gray Snapper","Lutjanus griseus",208,20
"202001200426-040","Gray Snapper","Lutjanus griseus",219,20
"202001200426-040","Gray Snapper","Lutjanus griseus",225,20
"202001200426-040","Gray Snapper","Lutjanus griseus",253,20
"202001200426-040","Lane Snapper","Lutjanus synagris",122,1
"202001200451-023","Mutton Snapper","Lutjanus analis",156,1
"202001200451-023","Lane Snapper","Lutjanus synagris",62,1
"202001200507-022","Atlantic Spadefish","Chaetodipterus faber",101,2
"202001200507-022","Atlantic Spadefish","Chaetodipterus faber",107,2
"202001200507-022","Spotted Seatrout","Cynoscion nebulosus",153,1
"202001200507-022","Lane Snapper","Lutjanus synagris",55,7
"202001200507-022","Lane Snapper","Lutjanus synagris",58,7
"202001200507-022","Lane Snapper","Lutjanus synagris",61,7
"202001200507-022","Lane Snapper","Lutjanus synagris",62,7
"202001200507-022","Lane Snapper","Lutjanus synagris",63,7
"202001200507-022","Lane Snapper","Lutjanus synagris",70,7
"202001200507-022","Lane Snapper","Lutjanus synagris",84,7
"202001200507-022","Blue Crab","Callinectes sapidus",NA,1
"202001200915-067","Lane Snapper","Lutjanus synagris",107,1
"202001200923-065","Atlantic Spadefish","Chaetodipterus faber",104,1
"202001200942-143","Atlantic Spadefish","Chaetodipterus faber",96,1
"202001200952-158","Sheepshead","Archosargus probatocephalus",172,1
"202001201002-168","Lane Snapper","Lutjanus synagris",67,1
"202001201011-169","Gray Snapper","Lutjanus griseus",111,9
"202001201011-169","Gray Snapper","Lutjanus griseus",134,9
"202001201011-169","Gray Snapper","Lutjanus griseus",165,9
"202001201011-169","Gray Snapper","Lutjanus griseus",184,9
"202001201011-169","Gray Snapper","Lutjanus griseus",196,9
"202001201011-169","Gray Snapper","Lutjanus griseus",203,9
"202001201011-169","Gray Snapper","Lutjanus griseus",206,9
"202001201011-169","Gray Snapper","Lutjanus griseus",207,9
"202001201011-169","Gray Snapper","Lutjanus griseus",210,9
"202001201011-169","Lane Snapper","Lutjanus synagris",59,4
"202001201011-169","Lane Snapper","Lutjanus synagris",63,4
"202001201011-169","Lane Snapper","Lutjanus synagris",65,4
"202001201011-169","Lane Snapper","Lutjanus synagris",72,4
"202001201028-224","Gray Snapper","Lutjanus griseus",130,1
"202001201028-224","Lane Snapper","Lutjanus synagris",85,2
"202001201028-224","Lane Snapper","Lutjanus synagris",93,2
"202001201047-240","Gray Snapper","Lutjanus griseus",179,1
"202001201047-240","Lane Snapper","Lutjanus synagris",64,1
"202001201144-159","Grass Porgy","Calamus arctifrons",108,1
"202001201144-159","Spotted Seatrout","Cynoscion nebulosus",75,2
"202001201144-159","Spotted Seatrout","Cynoscion nebulosus",91,2
"202001201144-159","Gray Snapper","Lutjanus griseus",163,5
"202001201144-159","Gray Snapper","Lutjanus griseus",175,5
"202001201144-159","Gray Snapper","Lutjanus griseus",176,5
"202001201144-159","Gray Snapper","Lutjanus griseus",187,5
"202001201144-159","Gray Snapper","Lutjanus griseus",194,5
"202001201144-159","Lane Snapper","Lutjanus synagris",62,4
"202001201144-159","Lane Snapper","Lutjanus synagris",62,4
"202001201144-159","Lane Snapper","Lutjanus synagris",63,4
"202001201144-159","Lane Snapper","Lutjanus synagris",65,4
"202001201204-146","Atlantic Spadefish","Chaetodipterus faber",156,1
"202001201204-146","Spotted Seatrout","Cynoscion nebulosus",156,1
"202001201204-146","Gray Snapper","Lutjanus griseus",163,5
"202001201204-146","Gray Snapper","Lutjanus griseus",175,5
"202001201204-146","Gray Snapper","Lutjanus griseus",178,5
"202001201204-146","Gray Snapper","Lutjanus griseus",184,5
"202001201204-146","Gray Snapper","Lutjanus griseus",191,5
"202001201204-146","Lane Snapper","Lutjanus synagris",74,1
"202001201225-135","Gray Snapper","Lutjanus griseus",157,2
"202001201225-135","Gray Snapper","Lutjanus griseus",172,2
"202001201225-135","Lane Snapper","Lutjanus synagris",68,1
"202001201237-122","Gray Snapper","Lutjanus griseus",138,14
"202001201237-122","Gray Snapper","Lutjanus griseus",141,14
"202001201237-122","Gray Snapper","Lutjanus griseus",156,14
"202001201237-122","Gray Snapper","Lutjanus griseus",160,14
"202001201237-122","Gray Snapper","Lutjanus griseus",165,14
"202001201237-122","Gray Snapper","Lutjanus griseus",181,14
"202001201237-122","Gray Snapper","Lutjanus griseus",183,14
"202001201237-122","Gray Snapper","Lutjanus griseus",184,14
"202001201237-122","Gray Snapper","Lutjanus griseus",185,14
"202001201237-122","Gray Snapper","Lutjanus griseus",203,14
"202001201237-122","Gray Snapper","Lutjanus griseus",214,14
"202001201237-122","Gray Snapper","Lutjanus griseus",215,14
"202001201237-122","Gray Snapper","Lutjanus griseus",246,14
"202001201237-122","Gray Snapper","Lutjanus griseus",254,14
"202001201237-122","Mutton Snapper","Lutjanus analis",126,2
"202001201237-122","Mutton Snapper","Lutjanus analis",184,2
"202001201237-122","Lane Snapper","Lutjanus synagris",72,1
"202001201250-123","Lane Snapper","Lutjanus synagris",62,1
"202001210934-254","Gray Snapper","Lutjanus griseus",202,1
"202001210947-255","Great Barracuda","Sphyraena barracuda",240,1
"202001211019-228","Great Barracuda","Sphyraena barracuda",234,1
"202006110920-278","Atlantic Bay Scallop","Argopecten irradians",31,1
"202006110920-278","Lined Seahorse","Hippocampus erectus",80,1
"202006110931-279","Atlantic Bay Scallop","Argopecten irradians",31,3
"202006110931-279","Atlantic Bay Scallop","Argopecten irradians",35,3
"202006110931-279","Atlantic Bay Scallop","Argopecten irradians",37,3
"202006110931-279","Lined Seahorse","Hippocampus erectus",75,1
"202006111001-267","Atlantic Bay Scallop","Argopecten irradians",34,2
"202006111001-267","Atlantic Bay Scallop","Argopecten irradians",37,2
"202006111001-267","Grass Porgy","Calamus arctifrons",58,1
"202006111019-255","Gray Snapper","Lutjanus griseus",139,1
"202006111028-254","Atlantic Bay Scallop","Argopecten irradians",37,3
"202006111028-254","Atlantic Bay Scallop","Argopecten irradians",40,3
"202006111028-254","Atlantic Bay Scallop","Argopecten irradians",44,3
"202006111053-173","Sheepshead","Archosargus probatocephalus",44,2
"202006111053-173","Sheepshead","Archosargus probatocephalus",66,2
"202006111053-173","Spotted Seatrout","Cynoscion nebulosus",85,1
"202006111053-173","Caribbean Spiny Lobster","Panulirus argus",105,1
"202006111053-173","Summer Flounder","Paralichthys dentatus",89,1
"202006111122-168","Grass Porgy","Calamus arctifrons",64,1
"202006111122-168","Spotted Seatrout","Cynoscion nebulosus",18,2
"202006111122-168","Spotted Seatrout","Cynoscion nebulosus",23,2
"202006111122-168","Lane Snapper","Lutjanus synagris",41,1
"202006111147-157","Atlantic Spadefish","Chaetodipterus faber",137,1
"202006111217-145","Gray Snapper","Lutjanus griseus",146,2
"202006111217-145","Gray Snapper","Lutjanus griseus",149,2
"202006111231-146","Atlantic Bay Scallop","Argopecten irradians",28,3
"202006111231-146","Atlantic Bay Scallop","Argopecten irradians",28,3
"202006111231-146","Atlantic Bay Scallop","Argopecten irradians",30,3
"202006111231-146","Spotted Seatrout","Cynoscion nebulosus",52,2
"202006111231-146","Spotted Seatrout","Cynoscion nebulosus",65,2
"202006111245-147","Gray Snapper","Lutjanus griseus",209,2
"202006111245-147","Gray Snapper","Lutjanus griseus",220,2
"202006111245-147","Great Barracuda","Sphyraena barracuda",69,1
"202006120204-159","Atlantic Bay Scallop","Argopecten irradians",37,3
"202006120204-159","Atlantic Bay Scallop","Argopecten irradians",46,3
"202006120204-159","Atlantic Bay Scallop","Argopecten irradians",50,3
"202006120204-159","Sheepshead","Archosargus probatocephalus",62,1
"202006120217-133","Grass Porgy","Calamus arctifrons",55,6
"202006120217-133","Grass Porgy","Calamus arctifrons",55,6
"202006120217-133","Grass Porgy","Calamus arctifrons",59,6
"202006120217-133","Grass Porgy","Calamus arctifrons",67,6
"202006120217-133","Grass Porgy","Calamus arctifrons",80,6
"202006120217-133","Grass Porgy","Calamus arctifrons",100,6
"202006120217-133","Hogfish","Lachnolaimus maximus",56,1
"202006120217-133","Gray Snapper","Lutjanus griseus",232,1
"202006120217-133","Lane Snapper","Lutjanus synagris",125,3
"202006120217-133","Lane Snapper","Lutjanus synagris",136,3
"202006120217-133","Lane Snapper","Lutjanus synagris",165,3
"202006120239-135","Gray Snapper","Lutjanus griseus",241,1
"202006120253-122","Atlantic Bay Scallop","Argopecten irradians",41,1
"202006120253-122","Grass Porgy","Calamus arctifrons",213,1
"202006120253-122","Hogfish","Lachnolaimus maximus",65,1
"202006120253-122","Gray Snapper","Lutjanus griseus",160,1
"202006121015-314","Gray Snapper","Lutjanus griseus",198,1
"202006130153-270","Lined Seahorse","Hippocampus erectus",156,1
"202006130153-270","Great Barracuda","Sphyraena barracuda",103,1
"202006130257-269","Atlantic Bay Scallop","Argopecten irradians",28,3
"202006130257-269","Atlantic Bay Scallop","Argopecten irradians",29,3
"202006130257-269","Atlantic Bay Scallop","Argopecten irradians",32,3
"202006130306-256","Atlantic Bay Scallop","Argopecten irradians",30,1
"202006130318-268","Atlantic Bay Scallop","Argopecten irradians",33,1
"202006130817-022","Grass Porgy","Calamus arctifrons",54,2
"202006130817-022","Grass Porgy","Calamus arctifrons",56,2
"202006130817-022","Gray Snapper","Lutjanus griseus",159,1
"202006130852-040","Grass Porgy","Calamus arctifrons",56,2
"202006130852-040","Grass Porgy","Calamus arctifrons",59,2
"202006130852-040","Gray Snapper","Lutjanus griseus",125,2
"202006130852-040","Gray Snapper","Lutjanus griseus",170,2
"202006130910-123","Lane Snapper","Lutjanus synagris",45,1
"202006130922-112","Atlantic Bay Scallop","Argopecten irradians",57,1
"202006131223-224","Spotted Seatrout","Cynoscion nebulosus",145,1
"202006131223-224","Gray Snapper","Lutjanus griseus",236,1
"202006131223-224","Summer Flounder","Paralichthys dentatus",127,1
"202006131245-226","Atlantic Bay Scallop","Argopecten irradians",42,1
"202006131245-226","Lined Seahorse","Hippocampus erectus",150,1
"202006131259-242","Atlantic Bay Scallop","Argopecten irradians",26,5
"202006131259-242","Atlantic Bay Scallop","Argopecten irradians",29,5
"202006131259-242","Atlantic Bay Scallop","Argopecten irradians",32,5
"202006131259-242","Atlantic Bay Scallop","Argopecten irradians",32,5
"202006131259-242","Atlantic Bay Scallop","Argopecten irradians",35,5
"202006140751-237","Porgy Spp","Sparidae spp",54,3
"202006140751-237","Porgy Spp","Sparidae spp",55,3
"202006140751-237","Porgy Spp","Sparidae spp",111,3
"202006140817-241","Atlantic Bay Scallop","Argopecten irradians",25,18
"202006140817-241","Atlantic Bay Scallop","Argopecten irradians",26,18
"202006140817-241","Atlantic Bay Scallop","Argopecten irradians",30,18
"202006140817-241","Atlantic Bay Scallop","Argopecten irradians",31,18
"202006140817-241","Atlantic Bay Scallop","Argopecten irradians",34,18
"202006140817-241","Atlantic Bay Scallop","Argopecten irradians",35,18
"202006140817-241","Atlantic Bay Scallop","Argopecten irradians",36,18
"202006140817-241","Atlantic Bay Scallop","Argopecten irradians",36,18
"202006140817-241","Atlantic Bay Scallop","Argopecten irradians",36,18
"202006140817-241","Atlantic Bay Scallop","Argopecten irradians",39,18
"202006140817-241","Atlantic Bay Scallop","Argopecten irradians",39,18
"202006140817-241","Atlantic Bay Scallop","Argopecten irradians",39,18
"202006140817-241","Atlantic Bay Scallop","Argopecten irradians",40,18
"202006140817-241","Atlantic Bay Scallop","Argopecten irradians",40,18
"202006140817-241","Atlantic Bay Scallop","Argopecten irradians",40,18
"202006140817-241","Atlantic Bay Scallop","Argopecten irradians",42,18
"202006140817-241","Atlantic Bay Scallop","Argopecten irradians",44,18
"202006140817-241","Atlantic Bay Scallop","Argopecten irradians",45,18
"202006140817-241","Gray Snapper","Lutjanus griseus",252,1
"202006140832-240","Atlantic Bay Scallop","Argopecten irradians",40,2
"202006140832-240","Atlantic Bay Scallop","Argopecten irradians",43,2
"202006140832-240","Spotted Seatrout","Cynoscion nebulosus",47,1
"202006140855-227","Atlantic Bay Scallop","Argopecten irradians",24,4
"202006140855-227","Atlantic Bay Scallop","Argopecten irradians",27,4
"202006140855-227","Atlantic Bay Scallop","Argopecten irradians",35,4
"202006140855-227","Atlantic Bay Scallop","Argopecten irradians",36,4
"202006140855-227","Great Barracuda","Sphyraena barracuda",72,1
"202006140905-228","Atlantic Bay Scallop","Argopecten irradians",21,3
"202006140905-228","Atlantic Bay Scallop","Argopecten irradians",24,3
"202006140905-228","Atlantic Bay Scallop","Argopecten irradians",33,3
"202006140915-229","Atlantic Bay Scallop","Argopecten irradians",27,5
"202006140915-229","Atlantic Bay Scallop","Argopecten irradians",29,5
"202006140915-229","Atlantic Bay Scallop","Argopecten irradians",30,5
"202006140915-229","Atlantic Bay Scallop","Argopecten irradians",35,5
"202006140915-229","Atlantic Bay Scallop","Argopecten irradians",36,5
"202006140915-229","Great Barracuda","Sphyraena barracuda",74,1
"202007260203-621","Atlantic Bay Scallop","Argopecten irradians",38,1
"202007260203-621","Gray Snapper","Lutjanus griseus",147,4
"202007260203-621","Gray Snapper","Lutjanus griseus",159,4
"202007260203-621","Gray Snapper","Lutjanus griseus",175,4
"202007260203-621","Gray Snapper","Lutjanus griseus",226,4
"202007261130-266","Atlantic Bay Scallop","Argopecten irradians",35,1
"202007261200-301","Gray Snapper","Lutjanus griseus",224,2
"202007261200-301","Gray Snapper","Lutjanus griseus",232,2
"202007261258-324","Great Barracuda","Sphyraena barracuda",82,1
"202007270214-227","Atlantic Bay Scallop","Argopecten irradians",27,1
"202007270214-227","Great Barracuda","Sphyraena barracuda",85,1
"202007270231-279","Atlantic Bay Scallop","Argopecten irradians",40,1
"202007270246-243","Gray Snapper","Lutjanus griseus",40,1
"202007270253-244","Gray Snapper","Lutjanus griseus",193,1
"202007270312-258","Atlantic Bay Scallop","Argopecten irradians",32,1
"202007270323-271","Atlantic Bay Scallop","Argopecten irradians",27,2
"202007270323-271","Atlantic Bay Scallop","Argopecten irradians",31,2
"202007270342-270","Great Barracuda","Sphyraena barracuda",101,2
"202007270342-270","Great Barracuda","Sphyraena barracuda",115,2
"202007270354-284","Spotted Seatrout","Cynoscion nebulosus",85,1
"202007270354-284","Gray Snapper","Lutjanus griseus",134,1
"202007270401-294","Gray Snapper","Lutjanus griseus",193,1
"202007270401-294","Great Barracuda","Sphyraena barracuda",108,1
"202007270413-283","Caribbean Spiny Lobster","Panulirus argus",110,1
"202007270534-281","Atlantic Bay Scallop","Argopecten irradians",33,2
"202007270534-281","Atlantic Bay Scallop","Argopecten irradians",38,2
"202007270556-256","Atlantic Bay Scallop","Argopecten irradians",10,6
"202007270556-256","Atlantic Bay Scallop","Argopecten irradians",28,6
"202007270556-256","Atlantic Bay Scallop","Argopecten irradians",32,6
"202007270556-256","Atlantic Bay Scallop","Argopecten irradians",32,6
"202007270556-256","Atlantic Bay Scallop","Argopecten irradians",34,6
"202007270556-256","Atlantic Bay Scallop","Argopecten irradians",40,6
"202007270556-256","Gray Snapper","Lutjanus griseus",23,2
"202007270556-256","Gray Snapper","Lutjanus griseus",242,2
"202007270604-269","Gray Snapper","Lutjanus griseus",131,2
"202007270604-269","Gray Snapper","Lutjanus griseus",135,2
"202007270610-268","Atlantic Bay Scallop","Argopecten irradians",30,2
"202007270610-268","Atlantic Bay Scallop","Argopecten irradians",41,2
"202007270642-312","Atlantic Bay Scallop","Argopecten irradians",18,1
"202007270648-609","Great Barracuda","Sphyraena barracuda",60,1
"202007270655-290","Gray Snapper","Lutjanus griseus",155,1
"202007270704-291","Gray Snapper","Lutjanus griseus",154,1
"202007270704-291","Great Barracuda","Sphyraena barracuda",180,1
"202007270931-237","Spotted Seatrout","Cynoscion nebulosus",116,1
"202007270959-279","Atlantic Bay Scallop","Argopecten irradians",40,1
"202007271009-280","Atlantic Bay Scallop","Argopecten irradians",36,3
"202007271009-280","Atlantic Bay Scallop","Argopecten irradians",39,3
"202007271009-280","Atlantic Bay Scallop","Argopecten irradians",42,3
"202007271009-280","Spotted Seatrout","Cynoscion nebulosus",160,1
"202007271017-267","Atlantic Bay Scallop","Argopecten irradians",42,2
"202007271017-267","Atlantic Bay Scallop","Argopecten irradians",45,2
"202007271017-267","Spotted Seatrout","Cynoscion nebulosus",30,1
"202007271017-267","Great Barracuda","Sphyraena barracuda",65,1
"202007271036-265","Spotted Seatrout","Cynoscion nebulosus",28,2
"202007271036-265","Spotted Seatrout","Cynoscion nebulosus",37,2
"202007271054-255","Atlantic Bay Scallop","Argopecten irradians",20,2
"202007271054-255","Atlantic Bay Scallop","Argopecten irradians",28,2
"202007271103-241","Atlantic Bay Scallop","Argopecten irradians",32,2
"202007271103-241","Atlantic Bay Scallop","Argopecten irradians",42,2
"202007271103-241","Spotted Seatrout","Cynoscion nebulosus",84,1
"202007271103-241","Great Barracuda","Sphyraena barracuda",127,1
"202007271123-240","Spotted Seatrout","Cynoscion nebulosus",52,1
"202007271130-254","Atlantic Bay Scallop","Argopecten irradians",37,6
"202007271130-254","Atlantic Bay Scallop","Argopecten irradians",40,6
"202007271130-254","Atlantic Bay Scallop","Argopecten irradians",41,6
"202007271130-254","Atlantic Bay Scallop","Argopecten irradians",41,6
"202007271130-254","Atlantic Bay Scallop","Argopecten irradians",42,6
"202007271130-254","Atlantic Bay Scallop","Argopecten irradians",43,6
"202007271147-239","Great Barracuda","Sphyraena barracuda",51,2
"202007271147-239","Great Barracuda","Sphyraena barracuda",52,2
"202007271156-224","Gray Snapper","Lutjanus griseus",226,1
"202007271229-226","Spotted Seatrout","Cynoscion nebulosus",55,1
"202007280120-040","Gray Snapper","Lutjanus griseus",115,3
"202007280120-040","Gray Snapper","Lutjanus griseus",128,3
"202007280120-040","Gray Snapper","Lutjanus griseus",142,3
"202007280120-040","Lane Snapper","Lutjanus synagris",94,1
"202007280133-024","Hogfish","Lachnolaimus maximus",91,1
"202007280133-024","Gray Snapper","Lutjanus griseus",111,12
"202007280133-024","Gray Snapper","Lutjanus griseus",122,12
"202007280133-024","Gray Snapper","Lutjanus griseus",132,12
"202007280133-024","Gray Snapper","Lutjanus griseus",133,12
"202007280133-024","Gray Snapper","Lutjanus griseus",146,12
"202007280133-024","Gray Snapper","Lutjanus griseus",147,12
"202007280133-024","Gray Snapper","Lutjanus griseus",158,12
"202007280133-024","Gray Snapper","Lutjanus griseus",172,12
"202007280133-024","Gray Snapper","Lutjanus griseus",176,12
"202007280133-024","Gray Snapper","Lutjanus griseus",196,12
"202007280133-024","Gray Snapper","Lutjanus griseus",256,12
"202007280133-024","Gray Snapper","Lutjanus griseus",281,12
"202007280133-024","Caribbean Spiny Lobster","Panulirus argus",155,1
"202007280154-022","Lane Snapper","Lutjanus synagris",24,1
"202007280725-070","Atlantic Spadefish","Chaetodipterus faber",44,1
"202007280737-068","Lane Snapper","Lutjanus synagris",46,2
"202007280737-068","Lane Snapper","Lutjanus synagris",95,2
"202007280746-065","Southern Kingfish","Menticirrhus americanus",334,1
"202007280813-144","Gray Snapper","Lutjanus griseus",261,1
"202007280828-158","Sheepshead","Archosargus probatocephalus",123,1
"202007280828-158","Spotted Seatrout","Cynoscion nebulosus",51,1
"202007280828-158","Lane Snapper","Lutjanus synagris",64,2
"202007280828-158","Lane Snapper","Lutjanus synagris",92,2
"202007280842-173","Sheepshead","Archosargus probatocephalus",72,1
"202007280842-173","Gray Snapper","Lutjanus griseus",122,4
"202007280842-173","Gray Snapper","Lutjanus griseus",150,4
"202007280842-173","Gray Snapper","Lutjanus griseus",191,4
"202007280842-173","Gray Snapper","Lutjanus griseus",197,4
"202007280855-169","Sheepshead","Archosargus probatocephalus",225,1
"202007280855-169","Gray Snapper","Lutjanus griseus",143,5
"202007280855-169","Gray Snapper","Lutjanus griseus",155,5
"202007280855-169","Gray Snapper","Lutjanus griseus",162,5
"202007280855-169","Gray Snapper","Lutjanus griseus",197,5
"202007280855-169","Gray Snapper","Lutjanus griseus",238,5
"202007280855-169","Great Barracuda","Sphyraena barracuda",129,1
"202007281011-145","Gulf Flounder","Paralichthys albigutta",163,1
"202007281023-146","Spotted Seatrout","Cynoscion nebulosus",31,1
"202007281023-146","Gray Snapper","Lutjanus griseus",241,3
"202007281023-146","Gray Snapper","Lutjanus griseus",253,3
"202007281023-146","Gray Snapper","Lutjanus griseus",264,3
"202007281038-135","Spotted Seatrout","Cynoscion nebulosus",158,1
"202007281038-135","Gray Snapper","Lutjanus griseus",111,5
"202007281038-135","Gray Snapper","Lutjanus griseus",131,5
"202007281038-135","Gray Snapper","Lutjanus griseus",135,5
"202007281038-135","Gray Snapper","Lutjanus griseus",140,5
"202007281038-135","Gray Snapper","Lutjanus griseus",242,5
"202007281051-123","Atlantic Bay Scallop","Argopecten irradians",42,3
"202007281051-123","Atlantic Bay Scallop","Argopecten irradians",49,3
"202007281051-123","Atlantic Bay Scallop","Argopecten irradians",58,3
"202009090110-024","Sheepshead","Archosargus probatocephalus",219,1
"202009090110-024","Gray Snapper","Lutjanus griseus",66,7
"202009090110-024","Gray Snapper","Lutjanus griseus",135,7
"202009090110-024","Gray Snapper","Lutjanus griseus",136,7
"202009090110-024","Gray Snapper","Lutjanus griseus",161,7
"202009090110-024","Gray Snapper","Lutjanus griseus",177,7
"202009090110-024","Gray Snapper","Lutjanus griseus",200,7
"202009090110-024","Gray Snapper","Lutjanus griseus",204,7
"202009090110-024","Lane Snapper","Lutjanus synagris",68,4
"202009090110-024","Lane Snapper","Lutjanus synagris",75,4
"202009090110-024","Lane Snapper","Lutjanus synagris",84,4
"202009090110-024","Lane Snapper","Lutjanus synagris",92,4
"202009090110-024","Gulf Flounder","Paralichthys albigutta",157,1
"202009090147-123","Gray Snapper","Lutjanus griseus",55,2
"202009090147-123","Gray Snapper","Lutjanus griseus",119,2
"202009090147-123","Lane Snapper","Lutjanus synagris",86,1
"202009090202-112","Great Barracuda","Sphyraena barracuda",115,1
"202009090410-172","Sheepshead","Archosargus probatocephalus",156,1
"202009090410-172","Spotted Seatrout","Cynoscion nebulosus",32,4
"202009090410-172","Spotted Seatrout","Cynoscion nebulosus",78,4
"202009090410-172","Spotted Seatrout","Cynoscion nebulosus",132,4
"202009090410-172","Spotted Seatrout","Cynoscion nebulosus",181,4
"202009090410-172","Gray Snapper","Lutjanus griseus",28,3
"202009090410-172","Gray Snapper","Lutjanus griseus",124,3
"202009090410-172","Gray Snapper","Lutjanus griseus",172,3
"202009090410-172","Lane Snapper","Lutjanus synagris",68,7
"202009090410-172","Lane Snapper","Lutjanus synagris",72,7
"202009090410-172","Lane Snapper","Lutjanus synagris",74,7
"202009090410-172","Lane Snapper","Lutjanus synagris",85,7
"202009090410-172","Lane Snapper","Lutjanus synagris",86,7
"202009090410-172","Lane Snapper","Lutjanus synagris",107,7
"202009090410-172","Lane Snapper","Lutjanus synagris",143,7
"202009090410-172","Gulf Flounder","Paralichthys albigutta",165,2
"202009090410-172","Gulf Flounder","Paralichthys albigutta",166,2
"202009090428-168","Gray Snapper","Lutjanus griseus",185,1
"202009091105-068","Gray Snapper","Lutjanus griseus",21,1
"202009091114-067","Spotted Seatrout","Cynoscion nebulosus",92,1
"202009091124-065","Pompano","Trachinotus carolinus",78,1
"202009091142-130","Lane Snapper","Lutjanus synagris",68,4
"202009091142-130","Lane Snapper","Lutjanus synagris",72,4
"202009091142-130","Lane Snapper","Lutjanus synagris",77,4
"202009091142-130","Lane Snapper","Lutjanus synagris",86,4
"202009091204-118","Atlantic Spadefish","Chaetodipterus faber",26,1
"202009091225-107","Southern Kingfish","Menticirrhus americanus",284,1
"202009091239-022","Lane Snapper","Lutjanus synagris",52,1
"202009091252-023","Hogfish","Lachnolaimus maximus",145,1
"202009091252-023","Gray Snapper","Lutjanus griseus",137,3
"202009091252-023","Gray Snapper","Lutjanus griseus",158,3
"202009091252-023","Gray Snapper","Lutjanus griseus",164,3
"202009091252-023","Lane Snapper","Lutjanus synagris",84,2
"202009091252-023","Lane Snapper","Lutjanus synagris",105,2
"202009100131-302","Gray Snapper","Lutjanus griseus",274,1
"202009100131-302","Caribbean Spiny Lobster","Panulirus argus",145,1
"202009100205-312","Great Barracuda","Sphyraena barracuda",86,1
"202009100223-290","Gray Snapper","Lutjanus griseus",177,1
"202009100223-290","Great Barracuda","Sphyraena barracuda",104,2
"202009100223-290","Great Barracuda","Sphyraena barracuda",181,2
"202009100235-291","Great Barracuda","Sphyraena barracuda",135,1
"202009100245-281","Great Barracuda","Sphyraena barracuda",118,1
"202009100735-237","Spotted Seatrout","Cynoscion nebulosus",73,1
"202009100735-237","Gray Snapper","Lutjanus griseus",65,3
"202009100735-237","Gray Snapper","Lutjanus griseus",166,3
"202009100735-237","Gray Snapper","Lutjanus griseus",206,3
"202009100809-303","Great Barracuda","Sphyraena barracuda",84,1
"202009100821-304","Spotted Seatrout","Cynoscion nebulosus",88,3
"202009100821-304","Spotted Seatrout","Cynoscion nebulosus",104,3
"202009100821-304","Spotted Seatrout","Cynoscion nebulosus",281,3
"202009100821-304","Gray Snapper","Lutjanus griseus",75,2
"202009100821-304","Gray Snapper","Lutjanus griseus",160,2
"202009100832-315","Spotted Seatrout","Cynoscion nebulosus",111,1
"202009100902-323","Atlantic Bay Scallop","Argopecten irradians",41,1
"202009101006-619","Great Barracuda","Sphyraena barracuda",168,1
"202009101046-408","Great Barracuda","Sphyraena barracuda",164,1
"202009110741-268","Spotted Seatrout","Cynoscion nebulosus",111,2
"202009110741-268","Spotted Seatrout","Cynoscion nebulosus",113,2
"202009110753-269","Gray Snapper","Lutjanus griseus",164,1
"202009110801-256","Gray Snapper","Lutjanus griseus",153,1
"202009110801-256","Great Barracuda","Sphyraena barracuda",116,1
"202009110811-270","Gray Snapper","Lutjanus griseus",147,2
"202009110811-270","Gray Snapper","Lutjanus griseus",154,2
"202009110824-282","Sheepshead","Archosargus probatocephalus",118,1
"202009110824-282","Snapper Spp","Lutjanus spp",187,1
"202009110824-282","Caribbean Spiny Lobster","Panulirus argus",135,2
"202009110824-282","Caribbean Spiny Lobster","Panulirus argus",140,2
"202009110854-284","Spotted Seatrout","Cynoscion nebulosus",153,1
"202009110854-284","Great Barracuda","Sphyraena barracuda",85,1
"202009110920-257","Gray Snapper","Lutjanus griseus",165,1
"202009110920-257","Caribbean Spiny Lobster","Panulirus argus",120,2
"202009110920-257","Caribbean Spiny Lobster","Panulirus argus",135,2
"202009110953-243","Gray Snapper","Lutjanus griseus",158,3
"202009110953-243","Gray Snapper","Lutjanus griseus",166,3
"202009110953-243","Gray Snapper","Lutjanus griseus",210,3
"202009111005-242","Atlantic Bay Scallop","Argopecten irradians",35,1
"202009111005-242","Gray Snapper","Lutjanus griseus",145,3
"202009111005-242","Gray Snapper","Lutjanus griseus",167,3
"202009111005-242","Gray Snapper","Lutjanus griseus",186,3
"202009111005-242","Great Barracuda","Sphyraena barracuda",85,1
"202009111015-227","Atlantic Bay Scallop","Argopecten irradians",32,1
"202009111015-227","Gray Snapper","Lutjanus griseus",72,4
"202009111015-227","Gray Snapper","Lutjanus griseus",153,4
"202009111015-227","Gray Snapper","Lutjanus griseus",188,4
"202009111015-227","Gray Snapper","Lutjanus griseus",243,4
"202009111028-228","Atlantic Bay Scallop","Argopecten irradians",39,1
"202009111028-228","Spotted Seatrout","Cynoscion nebulosus",60,2
"202009111028-228","Spotted Seatrout","Cynoscion nebulosus",62,2
"202009111028-228","Gray Snapper","Lutjanus griseus",68,2
"202009111028-228","Gray Snapper","Lutjanus griseus",136,2
"202009111028-228","Caribbean Spiny Lobster","Panulirus argus",90,3
"202009111028-228","Caribbean Spiny Lobster","Panulirus argus",115,3
"202009111028-228","Caribbean Spiny Lobster","Panulirus argus",125,3
"202009111028-228","Great Barracuda","Sphyraena barracuda",45,3
"202009111028-228","Great Barracuda","Sphyraena barracuda",52,3
"202009111028-228","Great Barracuda","Sphyraena barracuda",64,3
"202009111041-229","Gray Snapper","Lutjanus griseus",68,4
"202009111041-229","Gray Snapper","Lutjanus griseus",68,4
"202009111041-229","Gray Snapper","Lutjanus griseus",72,4
"202009111041-229","Gray Snapper","Lutjanus griseus",75,4
"202009111041-229","Great Barracuda","Sphyraena barracuda",119,1
"202009120713-240","Spotted Seatrout","Cynoscion nebulosus",47,1
"202009120713-240","Gray Snapper","Lutjanus griseus",169,2
"202009120713-240","Gray Snapper","Lutjanus griseus",239,2
"202009120713-240","Great Barracuda","Sphyraena barracuda",102,1
"202009120725-239","Gray Snapper","Lutjanus griseus",154,2
"202009120725-239","Gray Snapper","Lutjanus griseus",205,2
"202009120734-253","Spotted Seatrout","Cynoscion nebulosus",127,1
"202009120746-254","Atlantic Bay Scallop","Argopecten irradians",43,1
"202009120746-254","Spotted Seatrout","Cynoscion nebulosus",38,1
"202009120746-254","Great Barracuda","Sphyraena barracuda",129,1
"202009120754-255","Atlantic Bay Scallop","Argopecten irradians",40,3
"202009120754-255","Atlantic Bay Scallop","Argopecten irradians",45,3
"202009120754-255","Atlantic Bay Scallop","Argopecten irradians",48,3
"202009120754-255","Spotted Seatrout","Cynoscion nebulosus",37,5
"202009120754-255","Spotted Seatrout","Cynoscion nebulosus",63,5
"202009120754-255","Spotted Seatrout","Cynoscion nebulosus",81,5
"202009120754-255","Spotted Seatrout","Cynoscion nebulosus",89,5
"202009120754-255","Spotted Seatrout","Cynoscion nebulosus",94,5
"202009120754-255","Gray Snapper","Lutjanus griseus",181,5
"202009120754-255","Gray Snapper","Lutjanus griseus",210,5
"202009120754-255","Gray Snapper","Lutjanus griseus",237,5
"202009120754-255","Gray Snapper","Lutjanus griseus",243,5
"202009120754-255","Gray Snapper","Lutjanus griseus",245,5
"202009120754-255","Great Barracuda","Sphyraena barracuda",115,1
"202009120810-267","Spotted Seatrout","Cynoscion nebulosus",111,1
"202009120810-267","Great Barracuda","Sphyraena barracuda",54,1
"202010280249-404","Atlantic Spadefish","Chaetodipterus faber",163,2
"202010280249-404","Atlantic Spadefish","Chaetodipterus faber",181,2
"202010280249-404","Great Barracuda","Sphyraena barracuda",94,1
"202010280410-292","Great Barracuda","Sphyraena barracuda",78,5
"202010280410-292","Great Barracuda","Sphyraena barracuda",110,5
"202010280410-292","Great Barracuda","Sphyraena barracuda",121,5
"202010280410-292","Great Barracuda","Sphyraena barracuda",136,5
"202010280410-292","Great Barracuda","Sphyraena barracuda",143,5
"202010280410-292","Hogchoker","Trinectes maculatus",129,1
"202010280422-281","Great Barracuda","Sphyraena barracuda",166,1
"202010281139-315","Spotted Seatrout","Cynoscion nebulosus",157,1
"202010281139-315","Great Barracuda","Sphyraena barracuda",153,1
"202010281159-324","Atlantic Bay Scallop","Argopecten irradians",32,2
"202010281159-324","Atlantic Bay Scallop","Argopecten irradians",36,2
"202010281208-323","Atlantic Bay Scallop","Argopecten irradians",46,2
"202010281208-323","Atlantic Bay Scallop","Argopecten irradians",52,2
"202010281216-313","Atlantic Bay Scallop","Argopecten irradians",34,1
"202010281230-616","Great Barracuda","Sphyraena barracuda",68,2
"202010281230-616","Great Barracuda","Sphyraena barracuda",206,2
"202010281257-621","Great Barracuda","Sphyraena barracuda",265,1
"202010290117-283","Great Barracuda","Sphyraena barracuda",164,1
"202010290129-294","Great Barracuda","Sphyraena barracuda",146,1
"202010290142-284","Great Barracuda","Sphyraena barracuda",142,1
"202010290231-243","Great Barracuda","Sphyraena barracuda",148,1
"202010290241-242","Spotted Seatrout","Cynoscion nebulosus",104,1
"202010290241-242","Gray Snapper","Lutjanus griseus",88,6
"202010290241-242","Gray Snapper","Lutjanus griseus",90,6
"202010290241-242","Gray Snapper","Lutjanus griseus",91,6
"202010290241-242","Gray Snapper","Lutjanus griseus",97,6
"202010290241-242","Gray Snapper","Lutjanus griseus",99,6
"202010290241-242","Gray Snapper","Lutjanus griseus",106,6
"202010290305-227","Great Barracuda","Sphyraena barracuda",108,1
"202010290401-176","Sheepshead","Archosargus probatocephalus",87,1
"202010290401-176","Spotted Seatrout","Cynoscion nebulosus",164,1
"202010290401-176","Gray Snapper","Lutjanus griseus",98,15
"202010290401-176","Gray Snapper","Lutjanus griseus",104,15
"202010290401-176","Gray Snapper","Lutjanus griseus",109,15
"202010290401-176","Gray Snapper","Lutjanus griseus",155,15
"202010290401-176","Gray Snapper","Lutjanus griseus",155,15
"202010290401-176","Gray Snapper","Lutjanus griseus",156,15
"202010290401-176","Gray Snapper","Lutjanus griseus",162,15
"202010290401-176","Gray Snapper","Lutjanus griseus",173,15
"202010290401-176","Gray Snapper","Lutjanus griseus",181,15
"202010290401-176","Gray Snapper","Lutjanus griseus",182,15
"202010290401-176","Gray Snapper","Lutjanus griseus",186,15
"202010290401-176","Gray Snapper","Lutjanus griseus",188,15
"202010290401-176","Gray Snapper","Lutjanus griseus",192,15
"202010290401-176","Gray Snapper","Lutjanus griseus",193,15
"202010290401-176","Gray Snapper","Lutjanus griseus",198,15
"202010290401-176","Lane Snapper","Lutjanus synagris",105,1
"202010290413-173","Atlantic Bay Scallop","Argopecten irradians",60,1
"202010290413-173","Spotted Seatrout","Cynoscion nebulosus",236,1
"202010290413-173","Gray Snapper","Lutjanus griseus",151,10
"202010290413-173","Gray Snapper","Lutjanus griseus",162,10
"202010290413-173","Gray Snapper","Lutjanus griseus",162,10
"202010290413-173","Gray Snapper","Lutjanus griseus",170,10
"202010290413-173","Gray Snapper","Lutjanus griseus",173,10
"202010290413-173","Gray Snapper","Lutjanus griseus",185,10
"202010290413-173","Gray Snapper","Lutjanus griseus",204,10
"202010290413-173","Gray Snapper","Lutjanus griseus",204,10
"202010290413-173","Gray Snapper","Lutjanus griseus",211,10
"202010290413-173","Gray Snapper","Lutjanus griseus",238,10
"202010290413-173","Lane Snapper","Lutjanus synagris",53,2
"202010290413-173","Lane Snapper","Lutjanus synagris",106,2
"202010290413-173","Great Barracuda","Sphyraena barracuda",362,1
"202010290426-172","Sheepshead","Archosargus probatocephalus",179,1
"202010290426-172","Lane Snapper","Lutjanus synagris",61,9
"202010290426-172","Lane Snapper","Lutjanus synagris",87,9
"202010290426-172","Lane Snapper","Lutjanus synagris",96,9
"202010290426-172","Lane Snapper","Lutjanus synagris",105,9
"202010290426-172","Lane Snapper","Lutjanus synagris",106,9
"202010290426-172","Lane Snapper","Lutjanus synagris",107,9
"202010290426-172","Lane Snapper","Lutjanus synagris",113,9
"202010290426-172","Lane Snapper","Lutjanus synagris",119,9
"202010290426-172","Lane Snapper","Lutjanus synagris",124,9
"202010290436-171","Atlantic Spadefish","Chaetodipterus faber",131,1
"202010290830-253","Great Barracuda","Sphyraena barracuda",136,1
"202010290840-267","Atlantic Bay Scallop","Argopecten irradians",51,1
"202010290850-280","Atlantic Bay Scallop","Argopecten irradians",52,1
"202010290850-280","Great Barracuda","Sphyraena barracuda",161,1
"202010291005-257","Gray Snapper","Lutjanus griseus",82,1
"202010291044-282","Great Barracuda","Sphyraena barracuda",142,1
"202010291055-268","Great Barracuda","Sphyraena barracuda",156,1
"202010291106-291","Great Barracuda","Sphyraena barracuda",173,1
"202010291157-302","Great Barracuda","Sphyraena barracuda",152,3
"202010291157-302","Great Barracuda","Sphyraena barracuda",153,3
"202010291157-302","Great Barracuda","Sphyraena barracuda",158,3
"202010300206-146","Spotted Seatrout","Cynoscion nebulosus",63,1
"202010300206-146","Gray Snapper","Lutjanus griseus",165,1
"202010300745-068","Lane Snapper","Lutjanus synagris",63,1
"202010300804-067","Hogchoker","Trinectes maculatus",45,1
"202010300828-130","Lane Snapper","Lutjanus synagris",58,1
"202010300901-119","Lane Snapper","Lutjanus synagris",68,2
"202010300901-119","Lane Snapper","Lutjanus synagris",74,2
"202010300918-106","Atlantic Spadefish","Chaetodipterus faber",91,2
"202010300918-106","Atlantic Spadefish","Chaetodipterus faber",122,2
"202010300918-106","Lane Snapper","Lutjanus synagris",58,1
"202010301137-022","Grass Porgy","Calamus arctifrons",85,1
"202010301137-022","Atlantic Spadefish","Chaetodipterus faber",72,1
"202010301137-022","Barred Hamlet","Hypoplectrus puella",52,4
"202010301137-022","Barred Hamlet","Hypoplectrus puella",71,4
"202010301137-022","Barred Hamlet","Hypoplectrus puella",102,4
"202010301137-022","Barred Hamlet","Hypoplectrus puella",106,4
"202010301137-022","Gray Snapper","Lutjanus griseus",43,18
"202010301137-022","Gray Snapper","Lutjanus griseus",62,18
"202010301137-022","Gray Snapper","Lutjanus griseus",69,18
"202010301137-022","Gray Snapper","Lutjanus griseus",70,18
"202010301137-022","Gray Snapper","Lutjanus griseus",71,18
"202010301137-022","Gray Snapper","Lutjanus griseus",73,18
"202010301137-022","Gray Snapper","Lutjanus griseus",75,18
"202010301137-022","Gray Snapper","Lutjanus griseus",89,18
"202010301137-022","Gray Snapper","Lutjanus griseus",89,18
"202010301137-022","Gray Snapper","Lutjanus griseus",92,18
"202010301137-022","Gray Snapper","Lutjanus griseus",94,18
"202010301137-022","Gray Snapper","Lutjanus griseus",100,18
"202010301137-022","Gray Snapper","Lutjanus griseus",102,18
"202010301137-022","Gray Snapper","Lutjanus griseus",102,18
"202010301137-022","Gray Snapper","Lutjanus griseus",102,18
"202010301137-022","Gray Snapper","Lutjanus griseus",103,18
"202010301137-022","Gray Snapper","Lutjanus griseus",105,18
"202010301137-022","Gray Snapper","Lutjanus griseus",115,18
"202010301137-022","Lane Snapper","Lutjanus synagris",45,14
"202010301137-022","Lane Snapper","Lutjanus synagris",58,14
"202010301137-022","Lane Snapper","Lutjanus synagris",62,14
"202010301137-022","Lane Snapper","Lutjanus synagris",64,14
"202010301137-022","Lane Snapper","Lutjanus synagris",68,14
"202010301137-022","Lane Snapper","Lutjanus synagris",71,14
"202010301137-022","Lane Snapper","Lutjanus synagris",75,14
"202010301137-022","Lane Snapper","Lutjanus synagris",76,14
"202010301137-022","Lane Snapper","Lutjanus synagris",76,14
"202010301137-022","Lane Snapper","Lutjanus synagris",79,14
"202010301137-022","Lane Snapper","Lutjanus synagris",83,14
"202010301137-022","Lane Snapper","Lutjanus synagris",98,14
"202010301137-022","Lane Snapper","Lutjanus synagris",107,14
"202010301137-022","Lane Snapper","Lutjanus synagris",120,14
"202010301137-022","Yellowtail Snapper","Ocyurus chrysurus",70,1
"202010301137-022","Lookdown","Selene vomer",78,1
"202010301206-024","Atlantic Spadefish","Chaetodipterus faber",65,1
"202010301206-024","Gray Snapper","Lutjanus griseus",71,3
"202010301206-024","Gray Snapper","Lutjanus griseus",112,3
"202010301206-024","Gray Snapper","Lutjanus griseus",152,3
"202010301206-024","Lane Snapper","Lutjanus synagris",62,6
"202010301206-024","Lane Snapper","Lutjanus synagris",78,6
"202010301206-024","Lane Snapper","Lutjanus synagris",92,6
"202010301206-024","Lane Snapper","Lutjanus synagris",93,6
"202010301206-024","Lane Snapper","Lutjanus synagris",96,6
"202010301206-024","Lane Snapper","Lutjanus synagris",117,6
"202010301229-123","Atlantic Bay Scallop","Argopecten irradians",52,1
"202010310719-237","Spotted Seatrout","Cynoscion nebulosus",57,4
"202010310719-237","Spotted Seatrout","Cynoscion nebulosus",72,4
"202010310719-237","Spotted Seatrout","Cynoscion nebulosus",158,4
"202010310719-237","Spotted Seatrout","Cynoscion nebulosus",187,4
"202010310719-237","Gray Snapper","Lutjanus griseus",182,1
"202010310719-237","Lane Snapper","Lutjanus synagris",32,6
"202010310719-237","Lane Snapper","Lutjanus synagris",35,6
"202010310719-237","Lane Snapper","Lutjanus synagris",36,6
"202010310719-237","Lane Snapper","Lutjanus synagris",38,6
"202010310719-237","Lane Snapper","Lutjanus synagris",70,6
"202010310719-237","Lane Snapper","Lutjanus synagris",185,6
"202010310744-241","Atlantic Bay Scallop","Argopecten irradians",44,1
"202010310744-241","Gray Snapper","Lutjanus griseus",165,1
"202010310744-241","Caribbean Spiny Lobster","Panulirus argus",180,1
"202010310808-226","Great Barracuda","Sphyraena barracuda",78,1
"202010310816-225","Gray Snapper","Lutjanus griseus",87,1
"202011140255-301","Great Barracuda","Sphyraena barracuda",283,1
"202011140307-312","Hogchoker","Trinectes maculatus",90,1
"202011140334-291","Great Barracuda","Sphyraena barracuda",166,1
"202011140352-280","Gray Snapper","Lutjanus griseus",182,1
"202011140422-237","Spotted Seatrout","Cynoscion nebulosus",168,1
"202011140947-315","Great Barracuda","Sphyraena barracuda",143,1
"202011141002-314","Gray Snapper","Lutjanus griseus",154,1
"202011141002-314","Great Barracuda","Sphyraena barracuda",187,1
"202011141014-324","Atlantic Bay Scallop","Argopecten irradians",42,1
"202011141022-323","Atlantic Bay Scallop","Argopecten irradians",58,1
"202011141057-618","Gray Snapper","Lutjanus griseus",243,1
"202011141119-622","Great Barracuda","Sphyraena barracuda",53,3
"202011141119-622","Great Barracuda","Sphyraena barracuda",92,3
"202011141119-622","Great Barracuda","Sphyraena barracuda",102,3
"202011141244-402","Great Barracuda","Sphyraena barracuda",196,2
"202011141244-402","Great Barracuda","Sphyraena barracuda",215,2
"202011150156-146","Atlantic Bay Scallop","Argopecten irradians",54,1
"202011150156-146","Spotted Seatrout","Cynoscion nebulosus",43,1
"202011150156-146","Gray Snapper","Lutjanus griseus",65,8
"202011150156-146","Gray Snapper","Lutjanus griseus",71,8
"202011150156-146","Gray Snapper","Lutjanus griseus",72,8
"202011150156-146","Gray Snapper","Lutjanus griseus",94,8
"202011150156-146","Gray Snapper","Lutjanus griseus",95,8
"202011150156-146","Gray Snapper","Lutjanus griseus",95,8
"202011150156-146","Gray Snapper","Lutjanus griseus",100,8
"202011150156-146","Gray Snapper","Lutjanus griseus",193,8
"202011150156-146","Lane Snapper","Lutjanus synagris",46,3
"202011150156-146","Lane Snapper","Lutjanus synagris",47,3
"202011150156-146","Lane Snapper","Lutjanus synagris",73,3
"202011150156-146","Great Barracuda","Sphyraena barracuda",243,1
"202011150222-168","Lane Snapper","Lutjanus synagris",44,2
"202011150222-168","Lane Snapper","Lutjanus synagris",65,2
"202011150237-173","Spotted Seatrout","Cynoscion nebulosus",72,1
"202011150237-173","Gray Snapper","Lutjanus griseus",78,4
"202011150237-173","Gray Snapper","Lutjanus griseus",87,4
"202011150237-173","Gray Snapper","Lutjanus griseus",101,4
"202011150237-173","Gray Snapper","Lutjanus griseus",104,4
"202011150237-173","Lane Snapper","Lutjanus synagris",41,7
"202011150237-173","Lane Snapper","Lutjanus synagris",42,7
"202011150237-173","Lane Snapper","Lutjanus synagris",42,7
"202011150237-173","Lane Snapper","Lutjanus synagris",47,7
"202011150237-173","Lane Snapper","Lutjanus synagris",87,7
"202011150237-173","Lane Snapper","Lutjanus synagris",109,7
"202011150237-173","Lane Snapper","Lutjanus synagris",125,7
"202011150254-239","Spotted Seatrout","Cynoscion nebulosus",36,2
"202011150254-239","Spotted Seatrout","Cynoscion nebulosus",67,2
"202011150254-239","Gray Snapper","Lutjanus griseus",104,1
"202011150254-239","Lane Snapper","Lutjanus synagris",47,5
"202011150254-239","Lane Snapper","Lutjanus synagris",48,5
"202011150254-239","Lane Snapper","Lutjanus synagris",51,5
"202011150254-239","Lane Snapper","Lutjanus synagris",52,5
"202011150254-239","Lane Snapper","Lutjanus synagris",53,5
"202011150934-130","Atlantic Spadefish","Chaetodipterus faber",64,1
"202011150934-130","Lane Snapper","Lutjanus synagris",119,1
"202011151039-022","Lane Snapper","Lutjanus synagris",36,8
"202011151039-022","Lane Snapper","Lutjanus synagris",47,8
"202011151039-022","Lane Snapper","Lutjanus synagris",64,8
"202011151039-022","Lane Snapper","Lutjanus synagris",66,8
"202011151039-022","Lane Snapper","Lutjanus synagris",70,8
"202011151039-022","Lane Snapper","Lutjanus synagris",70,8
"202011151039-022","Lane Snapper","Lutjanus synagris",72,8
"202011151039-022","Lane Snapper","Lutjanus synagris",72,8
"202011151106-023","Barred Hamlet","Hypoplectrus puella",54,1
"202011151106-023","Gray Snapper","Lutjanus griseus",93,2
"202011151106-023","Gray Snapper","Lutjanus griseus",236,2
"202011151106-023","Lane Snapper","Lutjanus synagris",47,8
"202011151106-023","Lane Snapper","Lutjanus synagris",67,8
"202011151106-023","Lane Snapper","Lutjanus synagris",71,8
"202011151106-023","Lane Snapper","Lutjanus synagris",72,8
"202011151106-023","Lane Snapper","Lutjanus synagris",74,8
"202011151106-023","Lane Snapper","Lutjanus synagris",75,8
"202011151106-023","Lane Snapper","Lutjanus synagris",78,8
"202011151106-023","Lane Snapper","Lutjanus synagris",85,8
"202011151106-023","Southern Flounder","Paralichthys lethostigma",176,1
"202011151122-024","Atlantic Spadefish","Chaetodipterus faber",64,1
"202011151122-024","Lane Snapper","Lutjanus synagris",46,4
"202011151122-024","Lane Snapper","Lutjanus synagris",53,4
"202011151122-024","Lane Snapper","Lutjanus synagris",73,4
"202011151122-024","Lane Snapper","Lutjanus synagris",79,4
"202011151145-040","Sheepshead","Archosargus probatocephalus",132,1
"202011151145-040","Grass Porgy","Calamus arctifrons",156,1
"202011151145-040","Gray Snapper","Lutjanus griseus",47,8
"202011151145-040","Gray Snapper","Lutjanus griseus",67,8
"202011151145-040","Gray Snapper","Lutjanus griseus",84,8
"202011151145-040","Gray Snapper","Lutjanus griseus",88,8
"202011151145-040","Gray Snapper","Lutjanus griseus",109,8
"202011151145-040","Gray Snapper","Lutjanus griseus",134,8
"202011151145-040","Gray Snapper","Lutjanus griseus",176,8
"202011151145-040","Gray Snapper","Lutjanus griseus",220,8
"202011151145-040","Lane Snapper","Lutjanus synagris",73,4
"202011151145-040","Lane Snapper","Lutjanus synagris",78,4
"202011151145-040","Lane Snapper","Lutjanus synagris",123,4
"202011151145-040","Lane Snapper","Lutjanus synagris",124,4
"202011151157-111","Atlantic Spadefish","Chaetodipterus faber",83,2
"202011151157-111","Atlantic Spadefish","Chaetodipterus faber",225,2
"202011151157-111","Gray Snapper","Lutjanus griseus",147,3
"202011151157-111","Gray Snapper","Lutjanus griseus",149,3
"202011151157-111","Gray Snapper","Lutjanus griseus",176,3
"202011151157-111","Lane Snapper","Lutjanus synagris",67,2
"202011151157-111","Lane Snapper","Lutjanus synagris",114,2
"202011151212-122","Gray Snapper","Lutjanus griseus",80,2
"202011151212-122","Gray Snapper","Lutjanus griseus",200,2
"202011151212-122","Lane Snapper","Lutjanus synagris",32,2
"202011151212-122","Lane Snapper","Lutjanus synagris",46,2
"202011151226-123","Gray Snapper","Lutjanus griseus",187,1
"202011151226-123","Hogchoker","Trinectes maculatus",156,1
"202011151239-112","Atlantic Bay Scallop","Argopecten irradians",44,1
"202011160741-278","Florida Stone Crab","Menippe mercenaria",46,1
"202011160804-254","Gray Snapper","Lutjanus griseus",91,1
"202011160823-241","Atlantic Bay Scallop","Argopecten irradians",46,1
"202011160838-255","Great Barracuda","Sphyraena barracuda",112,1
"202011160849-268","Great Barracuda","Sphyraena barracuda",101,1
"202011160904-256","Spotted Seatrout","Cynoscion nebulosus",59,1
"202011160904-256","Gray Snapper","Lutjanus griseus",98,1
"202011161038-271","Great Barracuda","Sphyraena barracuda",121,1
"202011161134-244","Atlantic Bay Scallop","Argopecten irradians",46,1
"202011161151-242","Atlantic Bay Scallop","Argopecten irradians",34,1
"202011161151-242","Great Barracuda","Sphyraena barracuda",105,3
"202011161151-242","Great Barracuda","Sphyraena barracuda",106,3
"202011161151-242","Great Barracuda","Sphyraena barracuda",122,3
"202011161236-225","Great Barracuda","Sphyraena barracuda",111,1
"202105130217-304","Gray Snapper","Lutjanus griseus",134,4
"202105130217-304","Gray Snapper","Lutjanus griseus",127,4
"202105130217-304","Gray Snapper","Lutjanus griseus",141,4
"202105130217-304","Gray Snapper","Lutjanus griseus",125,4
"202105130339-282","Great Barracuda","Sphyraena barracuda",83,1
"202105130353-269","Lined Seahorse","Hippocampus erectus",95,2
"202105130353-269","Lined Seahorse","Hippocampus erectus",74,2
"202105130423-237","White Grunt","Haemulon plumierii",104,2
"202105130423-237","White Grunt","Haemulon plumierii",84,2
"202105130423-237","Lane Snapper","Lutjanus synagris",108,3
"202105130423-237","Lane Snapper","Lutjanus synagris",140,3
"202105130423-237","Lane Snapper","Lutjanus synagris",119,3
"202105130917-278","Gray Snapper","Lutjanus griseus",166,3
"202105130917-278","Gray Snapper","Lutjanus griseus",132,3
"202105130917-278","Gray Snapper","Lutjanus griseus",166,3
"202105130956-265","Sheepshead","Archosargus probatocephalus",65,1
"202105130956-265","Florida Stone Crab","Menippe mercenaria",105,1
"202105131034-267","Atlantic Spadefish","Chaetodipterus faber",166,2
"202105131034-267","Atlantic Spadefish","Chaetodipterus faber",145,2
"202105131141-609","Lined Seahorse","Hippocampus erectus",95,1
"202105140138-146","Atlantic Bay Scallop","Argopecten irradians",17,1
"202105140138-146","Gray Snapper","Lutjanus griseus",123,1
"202105140155-147","Sheepshead","Archosargus probatocephalus",48,1
"202105140155-147","Spotted Seatrout","Cynoscion nebulosus",229,1
"202105140155-147","Gray Snapper","Lutjanus griseus",212,7
"202105140155-147","Gray Snapper","Lutjanus griseus",177,7
"202105140155-147","Gray Snapper","Lutjanus griseus",121,7
"202105140155-147","Gray Snapper","Lutjanus griseus",194,7
"202105140155-147","Gray Snapper","Lutjanus griseus",174,7
"202105140155-147","Gray Snapper","Lutjanus griseus",145,7
"202105140155-147","Gray Snapper","Lutjanus griseus",180,7
"202105140155-147","Caribbean Spiny Lobster","Panulirus argus",105,1
"202105140155-147","Gulf Flounder","Paralichthys albigutta",75,1
"202105140225-168","Atlantic Spadefish","Chaetodipterus faber",150,2
"202105140225-168","Atlantic Spadefish","Chaetodipterus faber",134,2
"202105140236-172","Gray Snapper","Lutjanus griseus",252,5
"202105140236-172","Gray Snapper","Lutjanus griseus",181,5
"202105140236-172","Gray Snapper","Lutjanus griseus",156,5
"202105140236-172","Gray Snapper","Lutjanus griseus",96,5
"202105140236-172","Gray Snapper","Lutjanus griseus",126,5
"202105140236-172","Lane Snapper","Lutjanus synagris",98,2
"202105140236-172","Lane Snapper","Lutjanus synagris",86,2
"202105140236-172","Gulf Flounder","Paralichthys albigutta",181,1
"202105140256-224","Caribbean Spiny Lobster","Panulirus argus",115,1
"202105140344-240","Gray Snapper","Lutjanus griseus",174,1
"202105140344-240","Hogchoker","Trinectes maculatus",64,1
"202105140358-239","Gray Snapper","Lutjanus griseus",164,1
"202105140408-253","Lane Snapper","Lutjanus synagris",127,1
"202105140804-073","Hogchoker","Trinectes maculatus",80,1
"202105140843-156","Florida Stone Crab","Menippe mercenaria",30,1
"202105140918-107","Lane Snapper","Lutjanus synagris",206,1
"202105140959-022","Grass Porgy","Calamus arctifrons",56,3
"202105140959-022","Grass Porgy","Calamus arctifrons",54,3
"202105140959-022","Grass Porgy","Calamus arctifrons",43,3
"202105140959-022","Sailor's Grunt","Haemulon parra",26,3
"202105140959-022","Sailor's Grunt","Haemulon parra",34,3
"202105140959-022","Sailor's Grunt","Haemulon parra",26,3
"202105141024-023","Lane Snapper","Lutjanus synagris",79,1
"202105141033-024","Grass Porgy","Calamus arctifrons",78,2
"202105141033-024","Grass Porgy","Calamus arctifrons",51,2
"202105141033-024","Sailor's Grunt","Haemulon parra",26,1
"202105141050-040","White Grunt","Haemulon plumierii",65,10
"202105141050-040","White Grunt","Haemulon plumierii",85,10
"202105141050-040","White Grunt","Haemulon plumierii",76,10
"202105141050-040","White Grunt","Haemulon plumierii",83,10
"202105141050-040","White Grunt","Haemulon plumierii",123,10
"202105141050-040","White Grunt","Haemulon plumierii",80,10
"202105141050-040","White Grunt","Haemulon plumierii",122,10
"202105141050-040","White Grunt","Haemulon plumierii",103,10
"202105141050-040","White Grunt","Haemulon plumierii",66,10
"202105141050-040","White Grunt","Haemulon plumierii",64,10
"202105141050-040","Sailor's Grunt","Haemulon parra",63,1
"202105141050-040","Gray Snapper","Lutjanus griseus",143,2
"202105141050-040","Gray Snapper","Lutjanus griseus",187,2
"202105141105-111","White Grunt","Haemulon plumierii",133,6
"202105141105-111","White Grunt","Haemulon plumierii",106,6
"202105141105-111","White Grunt","Haemulon plumierii",132,6
"202105141105-111","White Grunt","Haemulon plumierii",117,6
"202105141105-111","White Grunt","Haemulon plumierii",89,6
"202105141105-111","White Grunt","Haemulon plumierii",72,6
"202105141105-111","Bluestriped Grunt","Haemulon sciurus",76,1
"202105141105-111","Sailor's Grunt","Haemulon parra",56,2
"202105141105-111","Sailor's Grunt","Haemulon parra",55,2
"202105141105-111","Gray Snapper","Lutjanus griseus",246,1
"202105141105-111","Lane Snapper","Lutjanus synagris",93,1
"202105141121-122","White Grunt","Haemulon plumierii",92,4
"202105141121-122","White Grunt","Haemulon plumierii",61,4
"202105141121-122","White Grunt","Haemulon plumierii",58,4
"202105141121-122","White Grunt","Haemulon plumierii",66,4
"202105141121-122","Sailor's Grunt","Haemulon parra",62,4
"202105141121-122","Sailor's Grunt","Haemulon parra",62,4
"202105141121-122","Sailor's Grunt","Haemulon parra",54,4
"202105141121-122","Sailor's Grunt","Haemulon parra",56,4
"202105141121-122","Lane Snapper","Lutjanus synagris",86,1
"202105141132-123","Atlantic Bay Scallop","Argopecten irradians",25,3
"202105141132-123","Atlantic Bay Scallop","Argopecten irradians",46,3
"202105141132-123","Atlantic Bay Scallop","Argopecten irradians",26,3
"202105141146-112","White Grunt","Haemulon plumierii",130,3
"202105141146-112","White Grunt","Haemulon plumierii",118,3
"202105141146-112","White Grunt","Haemulon plumierii",60,3
"202105141146-112","Gray Snapper","Lutjanus griseus",104,1
"202105151020-325","Atlantic Spadefish","Chaetodipterus faber",144,1
"202105151150-257","Schoolmaster Snapper","Lutjanus apodus",100,1
"202105151150-257","Gray Snapper","Lutjanus griseus",145,4
"202105151150-257","Gray Snapper","Lutjanus griseus",194,4
"202105151150-257","Gray Snapper","Lutjanus griseus",142,4
"202105151150-257","Gray Snapper","Lutjanus griseus",157,4
"202105151258-168","Atlantic Spadefish","Chaetodipterus faber",150,2
"202105151258-168","Atlantic Spadefish","Chaetodipterus faber",134,2
"202105160802-227","Gray Snapper","Lutjanus griseus",113,1
"202106120108-145","Gray Snapper","Lutjanus griseus",146,1
"202106120108-145","Lane Snapper","Lutjanus synagris",127,2
"202106120108-145","Lane Snapper","Lutjanus synagris",128,2
"202106120852-171","Sheepshead","Archosargus probatocephalus",64,2
"202106120852-171","Sheepshead","Archosargus probatocephalus",74,2
"202106120852-171","Spotted Seatrout","Cynoscion nebulosus",37,1
"202106120852-171","Gray Snapper","Lutjanus griseus",211,1
"202106120852-171","Lane Snapper","Lutjanus synagris",124,1
"202106120910-169","Lane Snapper","Lutjanus synagris",101,2
"202106120910-169","Lane Snapper","Lutjanus synagris",40,2
"202106120939-158","Atlantic Spadefish","Chaetodipterus faber",166,1
"202106121040-119","Sheepshead","Archosargus probatocephalus",181,1
"202106121048-107","Grass Porgy","Calamus arctifrons",43,1
"202106121147-024","Mutton Snapper","Lutjanus analis",122,1
"202106121239-135","Spotted Seatrout","Cynoscion nebulosus",49,1
"202106121239-135","Gray Snapper","Lutjanus griseus",122,2
"202106121239-135","Gray Snapper","Lutjanus griseus",216,2
"202106121239-135","Lane Snapper","Lutjanus synagris",119,1
"202106130749-281","Atlantic Bay Scallop","Argopecten irradians",25,1
"202106140735-224","Gray Snapper","Lutjanus griseus",146,2
"202106140735-224","Gray Snapper","Lutjanus griseus",144,2
"202106140756-240","Spotted Seatrout","Cynoscion nebulosus",34,1
"202106140756-240","Gulf Flounder","Paralichthys albigutta",149,1
"202106140843-255","Atlantic Bay Scallop","Argopecten irradians",53,1
"202106140854-241","Spotted Seatrout","Cynoscion nebulosus",88,2
"202106140854-241","Spotted Seatrout","Cynoscion nebulosus",27,2
"202106140854-241","Gray Snapper","Lutjanus griseus",195,1
"202106140919-226","Common Snook","Centropomus undecimalis",44,1
"202106140919-226","Gray Snapper","Lutjanus griseus",245,1
"202106140931-227","Sailor's Grunt","Haemulon parra",160,1
"202106140931-227","Gray Snapper","Lutjanus griseus",217,3
"202106140931-227","Gray Snapper","Lutjanus griseus",232,3
"202106140931-227","Gray Snapper","Lutjanus griseus",123,3
"202106140958-228","Caribbean Spiny Lobster","Panulirus argus",95,1
"202106141037-258","Atlantic Bay Scallop","Argopecten irradians",24,1
"202106141141-282","Lined Seahorse","Hippocampus erectus",98,1
"202106141208-256","Lined Seahorse","Hippocampus erectus",97,2
"202106141208-256","Lined Seahorse","Hippocampus erectus",88,2
"202106141235-237","Grass Porgy","Calamus arctifrons",71,1
"202106141235-237","Gray Snapper","Lutjanus griseus",161,1
"202106150738-267","Great Barracuda","Sphyraena barracuda",54,1
"202106150809-278","Great Barracuda","Sphyraena barracuda",78,1
"202107170104-123","Atlantic Bay Scallop","Argopecten irradians",58,3
"202107170104-123","Atlantic Bay Scallop","Argopecten irradians",45,3
"202107170104-123","Atlantic Bay Scallop","Argopecten irradians",52,3
"202107170104-123","Gray Snapper","Lutjanus griseus",226,1
"202107170123-112","Gray Snapper","Lutjanus griseus",150,1
"202107170123-112","Great Barracuda","Sphyraena barracuda",64,1
"202107170141-122","Grass Porgy","Calamus arctifrons",182,1
"202107170141-122","Gray Snapper","Lutjanus griseus",201,1
"202107170141-122","Lane Snapper","Lutjanus synagris",117,1
"202107170141-122","Blue Crab","Callinectes sapidus",NA,1
"202107170157-146","Spotted Seatrout","Cynoscion nebulosus",50,1
"202107170213-145","Sheepshead","Archosargus probatocephalus",76,1
"202107170213-145","Hogfish","Lachnolaimus maximus",47,1
"202107170213-145","Gray Snapper","Lutjanus griseus",110,1
"202107170820-071","Sheepshead","Archosargus probatocephalus",106,1
"202107170820-071","Gray Snapper","Lutjanus griseus",264,1
"202107170913-175","Spotted Seatrout","Cynoscion nebulosus",63,2
"202107170913-175","Spotted Seatrout","Cynoscion nebulosus",127,2
"202107170913-175","Gray Snapper","Lutjanus griseus",252,1
"202107170913-175","Blue Crab","Callinectes sapidus",NA,1
"202107170927-173","Spotted Seatrout","Cynoscion nebulosus",46,2
"202107170927-173","Spotted Seatrout","Cynoscion nebulosus",47,2
"202107170927-173","Lined Seahorse","Hippocampus erectus",125,1
"202107170939-169","Spotted Seatrout","Cynoscion nebulosus",89,8
"202107170939-169","Spotted Seatrout","Cynoscion nebulosus",65,8
"202107170939-169","Spotted Seatrout","Cynoscion nebulosus",76,8
"202107170939-169","Spotted Seatrout","Cynoscion nebulosus",97,8
"202107170939-169","Spotted Seatrout","Cynoscion nebulosus",90,8
"202107170939-169","Spotted Seatrout","Cynoscion nebulosus",42,8
"202107170939-169","Spotted Seatrout","Cynoscion nebulosus",39,8
"202107170939-169","Spotted Seatrout","Cynoscion nebulosus",46,8
"202107170939-169","Gray Snapper","Lutjanus griseus",235,5
"202107170939-169","Gray Snapper","Lutjanus griseus",232,5
"202107170939-169","Gray Snapper","Lutjanus griseus",173,5
"202107170939-169","Gray Snapper","Lutjanus griseus",137,5
"202107170939-169","Gray Snapper","Lutjanus griseus",156,5
"202107171013-143","Lane Snapper","Lutjanus synagris",57,1
"202107171023-130","Lane Snapper","Lutjanus synagris",27,2
"202107171023-130","Lane Snapper","Lutjanus synagris",24,2
"202107171107-118","Lane Snapper","Lutjanus synagris",57,4
"202107171107-118","Lane Snapper","Lutjanus synagris",73,4
"202107171107-118","Lane Snapper","Lutjanus synagris",80,4
"202107171107-118","Lane Snapper","Lutjanus synagris",48,4
"202107171107-118","Hogchoker","Trinectes maculatus",70,1
"202107171148-020","Gulf Flounder","Paralichthys albigutta",167,1
"202107171223-105","Gray Snapper","Lutjanus griseus",132,1
"202107171223-105","Mutton Snapper","Lutjanus analis",137,1
"202107171223-105","Lane Snapper","Lutjanus synagris",48,1
"202107180759-280","Gray Snapper","Lutjanus griseus",126,1
"202107180809-267","Lined Seahorse","Hippocampus erectus",90,1
"202107180809-267","Great Barracuda","Sphyraena barracuda",74,1
"202107180912-291","Lined Seahorse","Hippocampus erectus",85,1
"202107181044-303","Gray Snapper","Lutjanus griseus",161,2
"202107181044-303","Gray Snapper","Lutjanus griseus",163,2
"202107181104-315","Atlantic Bay Scallop","Argopecten irradians",32,1
"202107190743-253","Spotted Seatrout","Cynoscion nebulosus",51,2
"202107190743-253","Spotted Seatrout","Cynoscion nebulosus",47,2
"202107190743-253","Hogchoker","Trinectes maculatus",74,1
"202107190822-239","Gray Snapper","Lutjanus griseus",174,2
"202107190822-239","Gray Snapper","Lutjanus griseus",153,2
"202107190822-239","Hogchoker","Trinectes maculatus",72,1
"202107190839-225","Spotted Seatrout","Cynoscion nebulosus",54,1
"202107190839-225","Gulf Flounder","Paralichthys albigutta",386,1
"202107190921-241","Spotted Seatrout","Cynoscion nebulosus",48,2
"202107190921-241","Spotted Seatrout","Cynoscion nebulosus",44,2
"202107190921-241","Great Barracuda","Sphyraena barracuda",97,1
"202107190942-255","Atlantic Bay Scallop","Argopecten irradians",25,1
"202107190942-255","Gray Snapper","Lutjanus griseus",132,1
"202107190956-269","Lined Seahorse","Hippocampus erectus",112,1
"202107190956-269","Gray Snapper","Lutjanus griseus",164,2
"202107190956-269","Gray Snapper","Lutjanus griseus",153,2
"202107191027-258","Blue Crab","Callinectes sapidus",NA,1
"202107191037-270","Atlantic Bay Scallop","Argopecten irradians",33,1
"202107191050-271","Lined Seahorse","Hippocampus erectus",86,1
"202107191147-283","Lined Seahorse","Hippocampus erectus",120,1
"202107191156-282","Atlantic Bay Scallop","Argopecten irradians",35,1
"202107191156-282","Lined Seahorse","Hippocampus erectus",130,1
"202107191156-282","Gray Snapper","Lutjanus griseus",137,3
"202107191156-282","Gray Snapper","Lutjanus griseus",166,3
"202107191156-282","Gray Snapper","Lutjanus griseus",224,3
"202107191234-268","Bluestriped Grunt","Haemulon sciurus",210,1
"202107191234-268","Gray Snapper","Lutjanus griseus",132,1
"202107191254-237","Grass Porgy","Calamus arctifrons",66,1
"202107191254-237","Spotted Seatrout","Cynoscion nebulosus",99,6
"202107191254-237","Spotted Seatrout","Cynoscion nebulosus",86,6
"202107191254-237","Spotted Seatrout","Cynoscion nebulosus",49,6
"202107191254-237","Spotted Seatrout","Cynoscion nebulosus",57,6
"202107191254-237","Spotted Seatrout","Cynoscion nebulosus",113,6
"202107191254-237","Spotted Seatrout","Cynoscion nebulosus",113,6
"202107191254-237","Gray Snapper","Lutjanus griseus",154,2
"202107191254-237","Gray Snapper","Lutjanus griseus",160,2
"202107200755-242","Hogchoker","Trinectes maculatus",74,1
"202107200808-244","Atlantic Bay Scallop","Argopecten irradians",40,1
"202107200852-228","Caribbean Spiny Lobster","Panulirus argus",125,1
"202108080140-024","Bluestriped Grunt","Haemulon sciurus",48,3
"202108080140-024","Bluestriped Grunt","Haemulon sciurus",180,3
"202108080140-024","Bluestriped Grunt","Haemulon sciurus",94,3
"202108080140-024","Gray Snapper","Lutjanus griseus",157,8
"202108080140-024","Gray Snapper","Lutjanus griseus",216,8
"202108080140-024","Gray Snapper","Lutjanus griseus",170,8
"202108080140-024","Gray Snapper","Lutjanus griseus",102,8
"202108080140-024","Gray Snapper","Lutjanus griseus",124,8
"202108080140-024","Gray Snapper","Lutjanus griseus",194,8
"202108080140-024","Gray Snapper","Lutjanus griseus",157,8
"202108080140-024","Gray Snapper","Lutjanus griseus",124,8
"202108080140-024","Lane Snapper","Lutjanus synagris",19,1
"202108080206-112","Spotted Seatrout","Cynoscion nebulosus",43,1
"202108080206-112","Great Barracuda","Sphyraena barracuda",72,1
"202108080217-123","Atlantic Bay Scallop","Argopecten irradians",57,1
"202108080217-123","Lane Snapper","Lutjanus synagris",53,1
"202108080217-123","Great Barracuda","Sphyraena barracuda",71,1
"202108080234-135","Sheepshead","Archosargus probatocephalus",77,1
"202108080234-135","Caribbean Spiny Lobster","Panulirus argus",145,1
"202108080247-146","Atlantic Bay Scallop","Argopecten irradians",55,1
"202108080247-146","Spotted Seatrout","Cynoscion nebulosus",33,4
"202108080247-146","Spotted Seatrout","Cynoscion nebulosus",36,4
"202108080247-146","Spotted Seatrout","Cynoscion nebulosus",37,4
"202108080247-146","Spotted Seatrout","Cynoscion nebulosus",33,4
"202108080247-146","Gray Snapper","Lutjanus griseus",178,4
"202108080247-146","Gray Snapper","Lutjanus griseus",232,4
"202108080247-146","Gray Snapper","Lutjanus griseus",194,4
"202108080247-146","Gray Snapper","Lutjanus griseus",124,4
"202108080247-146","Lane Snapper","Lutjanus synagris",136,1
"202108080247-146","Great Barracuda","Sphyraena barracuda",55,1
"202108080303-133","Gray Snapper","Lutjanus griseus",157,3
"202108080303-133","Gray Snapper","Lutjanus griseus",146,3
"202108080303-133","Gray Snapper","Lutjanus griseus",158,3
"202108080303-133","Lane Snapper","Lutjanus synagris",75,3
"202108080303-133","Lane Snapper","Lutjanus synagris",73,3
"202108080303-133","Lane Snapper","Lutjanus synagris",92,3
"202108080303-133","Caribbean Spiny Lobster","Panulirus argus",190,1
"202108080303-133","Great Barracuda","Sphyraena barracuda",66,1
"202108080905-070","Florida Stone Crab","Menippe mercenaria",NA,1
"202108080926-067","Lane Snapper","Lutjanus synagris",90,3
"202108080926-067","Lane Snapper","Lutjanus synagris",97,3
"202108080926-067","Lane Snapper","Lutjanus synagris",58,3
"202108080936-065","Lane Snapper","Lutjanus synagris",37,2
"202108080936-065","Lane Snapper","Lutjanus synagris",139,2
"202108081014-175","Spotted Seatrout","Cynoscion nebulosus",38,3
"202108081014-175","Spotted Seatrout","Cynoscion nebulosus",34,3
"202108081014-175","Spotted Seatrout","Cynoscion nebulosus",36,3
"202108081014-175","Gray Snapper","Lutjanus griseus",143,2
"202108081014-175","Gray Snapper","Lutjanus griseus",142,2
"202108081014-175","Great Barracuda","Sphyraena barracuda",56,1
"202108081027-172","Sheepshead","Archosargus probatocephalus",70,1
"202108081027-172","Spotted Seatrout","Cynoscion nebulosus",78,4
"202108081027-172","Spotted Seatrout","Cynoscion nebulosus",81,4
"202108081027-172","Spotted Seatrout","Cynoscion nebulosus",80,4
"202108081027-172","Spotted Seatrout","Cynoscion nebulosus",58,4
"202108081027-172","Gray Snapper","Lutjanus griseus",161,1
"202108081027-172","Gulf Flounder","Paralichthys albigutta",204,1
"202108081059-167","Spotted Seatrout","Cynoscion nebulosus",156,1
"202108081059-167","Gray Snapper","Lutjanus griseus",257,1
"202108081117-157","Lane Snapper","Lutjanus synagris",53,1
"202108081151-117","Lane Snapper","Lutjanus synagris",17,1
"202108081205-119","Blue Croaker","Corvula batabana",64,1
"202108081205-119","Gray Snapper","Lutjanus griseus",144,1
"202108081205-119","Lane Snapper","Lutjanus synagris",92,7
"202108081205-119","Lane Snapper","Lutjanus synagris",74,7
"202108081205-119","Lane Snapper","Lutjanus synagris",82,7
"202108081205-119","Lane Snapper","Lutjanus synagris",83,7
"202108081205-119","Lane Snapper","Lutjanus synagris",74,7
"202108081205-119","Lane Snapper","Lutjanus synagris",71,7
"202108081205-119","Lane Snapper","Lutjanus synagris",46,7
"202108081205-119","Gulf Flounder","Paralichthys albigutta",135,1
"202108081220-108","Gray Snapper","Lutjanus griseus",195,1
"202108081220-108","Lane Snapper","Lutjanus synagris",78,1
"202108081234-022","Grass Porgy","Calamus arctifrons",76,1
"202108081234-022","Gray Snapper","Lutjanus griseus",122,1
"202108081234-022","Lane Snapper","Lutjanus synagris",79,7
"202108081234-022","Lane Snapper","Lutjanus synagris",70,7
"202108081234-022","Lane Snapper","Lutjanus synagris",74,7
"202108081234-022","Lane Snapper","Lutjanus synagris",73,7
"202108081234-022","Lane Snapper","Lutjanus synagris",55,7
"202108081234-022","Lane Snapper","Lutjanus synagris",77,7
"202108081234-022","Lane Snapper","Lutjanus synagris",78,7
"202108090103-404","Great Barracuda","Sphyraena barracuda",197,1
"202108090153-292","Spotted Seatrout","Cynoscion nebulosus",44,1
"202108090213-312","Great Barracuda","Sphyraena barracuda",71,1
"202108090241-609","Spotted Seatrout","Cynoscion nebulosus",276,1
"202108090338-280","Gray Snapper","Lutjanus griseus",236,2
"202108090338-280","Gray Snapper","Lutjanus griseus",183,2
"202108090956-315","Great Barracuda","Sphyraena barracuda",83,1
"202108091017-324","Great Barracuda","Sphyraena barracuda",95,1
"202108091105-618","Great Barracuda","Sphyraena barracuda",103,1
"202108100107-256","Gray Snapper","Lutjanus griseus",152,1
"202108100146-278","Gray Snapper","Lutjanus griseus",146,1
"202108100157-265","Gray Snapper","Lutjanus griseus",185,3
"202108100157-265","Gray Snapper","Lutjanus griseus",173,3
"202108100157-265","Gray Snapper","Lutjanus griseus",225,3
"202108100209-237","Spotted Seatrout","Cynoscion nebulosus",82,8
"202108100209-237","Spotted Seatrout","Cynoscion nebulosus",48,8
"202108100209-237","Spotted Seatrout","Cynoscion nebulosus",53,8
"202108100209-237","Spotted Seatrout","Cynoscion nebulosus",52,8
"202108100209-237","Spotted Seatrout","Cynoscion nebulosus",47,8
"202108100209-237","Spotted Seatrout","Cynoscion nebulosus",58,8
"202108100209-237","Spotted Seatrout","Cynoscion nebulosus",18,8
"202108100209-237","Spotted Seatrout","Cynoscion nebulosus",32,8
"202108100209-237","Gray Snapper","Lutjanus griseus",198,2
"202108100209-237","Gray Snapper","Lutjanus griseus",173,2
"202108100209-237","Gulf Flounder","Paralichthys albigutta",155,1
"202108100835-254","Hogchoker","Trinectes maculatus",86,1
"202108100846-239","Sheepshead","Archosargus probatocephalus",91,1
"202108100846-239","Gray Snapper","Lutjanus griseus",215,6
"202108100846-239","Gray Snapper","Lutjanus griseus",184,6
"202108100846-239","Gray Snapper","Lutjanus griseus",183,6
"202108100846-239","Gray Snapper","Lutjanus griseus",192,6
"202108100846-239","Gray Snapper","Lutjanus griseus",164,6
"202108100846-239","Gray Snapper","Lutjanus griseus",147,6
"202108100859-241","Spotted Seatrout","Cynoscion nebulosus",48,2
"202108100859-241","Spotted Seatrout","Cynoscion nebulosus",124,2
"202108100859-241","Great Barracuda","Sphyraena barracuda",87,1
"202108100919-240","Blue Crab","Callinectes sapidus",NA,1
"202108100932-226","Spotted Seatrout","Cynoscion nebulosus",81,1
"202108100932-226","Gray Snapper","Lutjanus griseus",226,1
"202108100932-226","Great Barracuda","Sphyraena barracuda",56,1
"202108100943-225","Gray Snapper","Lutjanus griseus",229,1
"202108100943-225","Caribbean Spiny Lobster","Panulirus argus",145,1
"202108100958-224","Gray Snapper","Lutjanus griseus",171,2
"202108100958-224","Gray Snapper","Lutjanus griseus",142,2
"202108101048-228","Great Barracuda","Sphyraena barracuda",97,2
"202108101048-228","Great Barracuda","Sphyraena barracuda",95,2
"202108101200-270","Atlantic Bay Scallop","Argopecten irradians",45,1
"202108101236-294","Blue Crab","Callinectes sapidus",NA,1
"202108101257-269","Atlantic Bay Scallop","Argopecten irradians",44,6
"202108101257-269","Atlantic Bay Scallop","Argopecten irradians",40,6
"202108101257-269","Atlantic Bay Scallop","Argopecten irradians",40,6
"202108101257-269","Atlantic Bay Scallop","Argopecten irradians",39,6
"202108101257-269","Atlantic Bay Scallop","Argopecten irradians",42,6
"202108101257-269","Atlantic Bay Scallop","Argopecten irradians",38,6
"202108101257-269","Gray Snapper","Lutjanus griseus",116,1
"202108101257-269","Blue Crab","Callinectes sapidus",NA,1
"202109110927-323","Great Barracuda","Sphyraena barracuda",83,2
"202109110927-323","Great Barracuda","Sphyraena barracuda",105,2
"202109111000-618","Great Barracuda","Sphyraena barracuda",270,1
"202109111238-404","Great Barracuda","Sphyraena barracuda",104,2
"202109111238-404","Great Barracuda","Sphyraena barracuda",92,2
"202109111324-304","Great Barracuda","Sphyraena barracuda",107,2
"202109111324-304","Great Barracuda","Sphyraena barracuda",203,2
"202109111530-070","Lane Snapper","Lutjanus synagris",48,3
"202109111530-070","Lane Snapper","Lutjanus synagris",104,3
"202109111530-070","Lane Snapper","Lutjanus synagris",71,3
"202109120754-291","Gray Snapper","Lutjanus griseus",204,1
"202109120754-291","Great Barracuda","Sphyraena barracuda",152,2
"202109120754-291","Great Barracuda","Sphyraena barracuda",80,2
"202109120902-609","Great Barracuda","Sphyraena barracuda",84,1
"202109120928-281","Great Barracuda","Sphyraena barracuda",112,2
"202109120928-281","Great Barracuda","Sphyraena barracuda",120,2
"202109120943-282","Atlantic Bay Scallop","Argopecten irradians",47,2
"202109120943-282","Atlantic Bay Scallop","Argopecten irradians",41,2
"202109120943-282","Gray Snapper","Lutjanus griseus",183,1
"202109120956-268","Great Barracuda","Sphyraena barracuda",105,2
"202109120956-268","Great Barracuda","Sphyraena barracuda",82,2
"202109121029-284","Atlantic Bay Scallop","Argopecten irradians",43,1
"202109121042-283","Atlantic Bay Scallop","Argopecten irradians",45,3
"202109121042-283","Atlantic Bay Scallop","Argopecten irradians",42,3
"202109121042-283","Atlantic Bay Scallop","Argopecten irradians",42,3
"202109121042-283","Great Barracuda","Sphyraena barracuda",93,1
"202109121055-270","Atlantic Bay Scallop","Argopecten irradians",47,8
"202109121055-270","Atlantic Bay Scallop","Argopecten irradians",45,8
"202109121055-270","Atlantic Bay Scallop","Argopecten irradians",47,8
"202109121055-270","Atlantic Bay Scallop","Argopecten irradians",48,8
"202109121055-270","Atlantic Bay Scallop","Argopecten irradians",45,8
"202109121055-270","Atlantic Bay Scallop","Argopecten irradians",42,8
"202109121055-270","Atlantic Bay Scallop","Argopecten irradians",46,8
"202109121055-270","Atlantic Bay Scallop","Argopecten irradians",44,8
"202109121117-269","Atlantic Bay Scallop","Argopecten irradians",42,1
"202109121128-256","Gray Snapper","Lutjanus griseus",148,1
"202109121318-267","Gray Snapper","Lutjanus griseus",198,1
"202109121330-280","Gray Snapper","Lutjanus griseus",161,1
"202109121350-279","Lined Seahorse","Hippocampus erectus",110,1
"202109121350-279","Great Barracuda","Sphyraena barracuda",70,1
"202109121436-265","Great Barracuda","Sphyraena barracuda",86,2
"202109121436-265","Great Barracuda","Sphyraena barracuda",103,2
"202109121534-073","Lane Snapper","Lutjanus synagris",122,5
"202109121534-073","Lane Snapper","Lutjanus synagris",92,5
"202109121534-073","Lane Snapper","Lutjanus synagris",61,5
"202109121534-073","Lane Snapper","Lutjanus synagris",27,5
"202109121534-073","Lane Snapper","Lutjanus synagris",57,5
"202109130802-255","Great Barracuda","Sphyraena barracuda",80,1
"202109130818-242","Gray Snapper","Lutjanus griseus",179,1
"202109130818-242","Great Barracuda","Sphyraena barracuda",92,2
"202109130818-242","Great Barracuda","Sphyraena barracuda",75,2
"202109130838-243","Atlantic Bay Scallop","Argopecten irradians",43,1
"202109130926-227","Gray Snapper","Lutjanus griseus",188,2
"202109130926-227","Gray Snapper","Lutjanus griseus",142,2
"202109130947-226","Great Barracuda","Sphyraena barracuda",76,1
"202109131005-241","Gray Snapper","Lutjanus griseus",195,2
"202109131005-241","Gray Snapper","Lutjanus griseus",153,2
"202109131005-241","Great Barracuda","Sphyraena barracuda",226,1
"202109131028-240","Spotted Seatrout","Cynoscion nebulosus",43,1
"202109131028-240","Great Barracuda","Sphyraena barracuda",84,2
"202109131028-240","Great Barracuda","Sphyraena barracuda",88,2
"202109131045-254","Gray Snapper","Lutjanus griseus",158,1
"202109131106-253","Gray Snapper","Lutjanus griseus",157,1
"202109131106-253","Hogchoker","Trinectes maculatus",75,1
"202109131144-225","Spotted Seatrout","Cynoscion nebulosus",49,1
"202109131202-224","Gray Snapper","Lutjanus griseus",205,2
"202109131202-224","Gray Snapper","Lutjanus griseus",200,2
"202109131252-176","Lane Snapper","Lutjanus synagris",64,3
"202109131252-176","Lane Snapper","Lutjanus synagris",55,3
"202109131252-176","Lane Snapper","Lutjanus synagris",63,3
"202109131252-176","Great Barracuda","Sphyraena barracuda",150,1
"202109131342-067","Lane Snapper","Lutjanus synagris",107,7
"202109131342-067","Lane Snapper","Lutjanus synagris",63,7
"202109131342-067","Lane Snapper","Lutjanus synagris",57,7
"202109131342-067","Lane Snapper","Lutjanus synagris",72,7
"202109131342-067","Lane Snapper","Lutjanus synagris",98,7
"202109131342-067","Lane Snapper","Lutjanus synagris",70,7
"202109131342-067","Lane Snapper","Lutjanus synagris",61,7
"202109131443-022","Lane Snapper","Lutjanus synagris",108,1
"202109131443-022","Caribbean Spiny Lobster","Panulirus argus",135,1
"202109131517-107","Atlantic Spadefish","Chaetodipterus faber",103,1
"202109131529-108","Lane Snapper","Lutjanus synagris",87,1
"202109131529-108","Blue Crab","Callinectes sapidus",NA,1
"202109140731-158","Gray Snapper","Lutjanus griseus",158,1
"202109140731-158","Lane Snapper","Lutjanus synagris",119,5
"202109140731-158","Lane Snapper","Lutjanus synagris",60,5
"202109140731-158","Lane Snapper","Lutjanus synagris",61,5
"202109140731-158","Lane Snapper","Lutjanus synagris",60,5
"202109140731-158","Lane Snapper","Lutjanus synagris",60,5
"202109140731-158","Blue Crab","Callinectes sapidus",NA,1
"202109140752-168","Grass Porgy","Calamus arctifrons",124,1
"202109140815-173","Gulf Flounder","Paralichthys albigutta",203,1
"202109140815-173","Great Barracuda","Sphyraena barracuda",138,1
"202109140838-171","Gray Snapper","Lutjanus griseus",245,3
"202109140838-171","Gray Snapper","Lutjanus griseus",145,3
"202109140838-171","Gray Snapper","Lutjanus griseus",119,3
"202109140838-171","Lane Snapper","Lutjanus synagris",100,7
"202109140838-171","Lane Snapper","Lutjanus synagris",63,7
"202109140838-171","Lane Snapper","Lutjanus synagris",52,7
"202109140838-171","Lane Snapper","Lutjanus synagris",98,7
"202109140838-171","Lane Snapper","Lutjanus synagris",101,7
"202109140838-171","Lane Snapper","Lutjanus synagris",99,7
"202109140838-171","Lane Snapper","Lutjanus synagris",87,7
"202109140907-175","Gray Snapper","Lutjanus griseus",210,1
"202109140907-175","Lane Snapper","Lutjanus synagris",73,3
"202109140907-175","Lane Snapper","Lutjanus synagris",65,3
"202109140907-175","Lane Snapper","Lutjanus synagris",57,3
"202109141006-123","Bluestriped Grunt","Haemulon sciurus",75,1
"202109141148-146","Spotted Seatrout","Cynoscion nebulosus",57,3
"202109141148-146","Spotted Seatrout","Cynoscion nebulosus",26,3
"202109141148-146","Spotted Seatrout","Cynoscion nebulosus",52,3
"202109141148-146","Gray Snapper","Lutjanus griseus",163,2
"202109141148-146","Gray Snapper","Lutjanus griseus",143,2
"202109141148-146","Lane Snapper","Lutjanus synagris",69,3
"202109141148-146","Lane Snapper","Lutjanus synagris",63,3
"202109141148-146","Lane Snapper","Lutjanus synagris",62,3
"202110250217-119","Atlantic Spadefish","Chaetodipterus faber",137,1
"202110250217-119","Lane Snapper","Lutjanus synagris",45,3
"202110250217-119","Lane Snapper","Lutjanus synagris",42,3
"202110250217-119","Lane Snapper","Lutjanus synagris",75,3
"202110250240-118","Lane Snapper","Lutjanus synagris",97,1
"202110250342-070","Lane Snapper","Lutjanus synagris",68,2
"202110250342-070","Lane Snapper","Lutjanus synagris",69,2
"202110250342-070","Blue Crab","Callinectes sapidus",NA,1
"202110250747-175","Gray Snapper","Lutjanus griseus",242,1
"202110250747-175","Gulf Flounder","Paralichthys albigutta",248,1
"202110250747-175","Blue Crab","Callinectes sapidus",NA,1
"202110250831-172","Gray Snapper","Lutjanus griseus",198,1
"202110250831-172","Lane Snapper","Lutjanus synagris",90,2
"202110250831-172","Lane Snapper","Lutjanus synagris",142,2
"202110250831-172","Blue Crab","Callinectes sapidus",NA,1
"202110250851-168","Spotted Seatrout","Cynoscion nebulosus",32,1
"202110250922-167","Lane Snapper","Lutjanus synagris",97,4
"202110250922-167","Lane Snapper","Lutjanus synagris",93,4
"202110250922-167","Lane Snapper","Lutjanus synagris",99,4
"202110250922-167","Lane Snapper","Lutjanus synagris",43,4
"202110250922-167","Blue Crab","Callinectes sapidus",NA,1
"202110250949-156","Lane Snapper","Lutjanus synagris",44,8
"202110250949-156","Lane Snapper","Lutjanus synagris",40,8
"202110250949-156","Lane Snapper","Lutjanus synagris",42,8
"202110250949-156","Lane Snapper","Lutjanus synagris",91,8
"202110250949-156","Lane Snapper","Lutjanus synagris",91,8
"202110250949-156","Lane Snapper","Lutjanus synagris",77,8
"202110250949-156","Lane Snapper","Lutjanus synagris",95,8
"202110250949-156","Lane Snapper","Lutjanus synagris",60,8
"202110250949-156","Blue Crab","Callinectes sapidus",NA,1
"202110251025-145","Gray Snapper","Lutjanus griseus",191,2
"202110251025-145","Gray Snapper","Lutjanus griseus",299,2
"202110251025-145","Lane Snapper","Lutjanus synagris",78,4
"202110251025-145","Lane Snapper","Lutjanus synagris",77,4
"202110251025-145","Lane Snapper","Lutjanus synagris",56,4
"202110251025-145","Lane Snapper","Lutjanus synagris",46,4
"202110251048-134","Lane Snapper","Lutjanus synagris",45,2
"202110251048-134","Lane Snapper","Lutjanus synagris",86,2
"202110251048-134","Blue Crab","Callinectes sapidus",NA,1
"202110251102-146","Spotted Seatrout","Cynoscion nebulosus",138,1
"202110251102-146","Gray Snapper","Lutjanus griseus",168,2
"202110251102-146","Gray Snapper","Lutjanus griseus",180,2
"202110251102-146","Lane Snapper","Lutjanus synagris",106,5
"202110251102-146","Lane Snapper","Lutjanus synagris",90,5
"202110251102-146","Lane Snapper","Lutjanus synagris",89,5
"202110251102-146","Lane Snapper","Lutjanus synagris",50,5
"202110251102-146","Lane Snapper","Lutjanus synagris",45,5
"202110251102-146","Great Barracuda","Sphyraena barracuda",60,1
"202110251140-135","Gray Snapper","Lutjanus griseus",240,4
"202110251140-135","Gray Snapper","Lutjanus griseus",255,4
"202110251140-135","Gray Snapper","Lutjanus griseus",200,4
"202110251140-135","Gray Snapper","Lutjanus griseus",162,4
"202110251205-137","Lined Seahorse","Hippocampus erectus",160,1
"202110251205-137","Gray Snapper","Lutjanus griseus",265,4
"202110251205-137","Gray Snapper","Lutjanus griseus",282,4
"202110251205-137","Gray Snapper","Lutjanus griseus",175,4
"202110251205-137","Gray Snapper","Lutjanus griseus",186,4
"202110251205-137","Caribbean Spiny Lobster","Panulirus argus",202,1
"202110251205-137","Florida Stone Crab","Menippe mercenaria",52,1
"202110251235-123","Atlantic Bay Scallop","Argopecten irradians",55,2
"202110251235-123","Atlantic Bay Scallop","Argopecten irradians",51,2
"202110251235-123","Bluestriped Grunt","Haemulon sciurus",210,1
"202110251235-123","Lane Snapper","Lutjanus synagris",37,1
"202110260126-283","Atlantic Bay Scallop","Argopecten irradians",48,8
"202110260126-283","Atlantic Bay Scallop","Argopecten irradians",45,8
"202110260126-283","Atlantic Bay Scallop","Argopecten irradians",49,8
"202110260126-283","Atlantic Bay Scallop","Argopecten irradians",47,8
"202110260126-283","Atlantic Bay Scallop","Argopecten irradians",47,8
"202110260126-283","Atlantic Bay Scallop","Argopecten irradians",48,8
"202110260126-283","Atlantic Bay Scallop","Argopecten irradians",50,8
"202110260126-283","Atlantic Bay Scallop","Argopecten irradians",51,8
"202110260213-269","Atlantic Bay Scallop","Argopecten irradians",48,1
"202110260213-269","Great Barracuda","Sphyraena barracuda",296,2
"202110260213-269","Great Barracuda","Sphyraena barracuda",105,2
"202110260305-244","Blue Crab","Callinectes sapidus",NA,1
"202110260338-228","Great Barracuda","Sphyraena barracuda",75,1
"202110260816-281","Great Barracuda","Sphyraena barracuda",242,1
"202110260832-282","Lined Seahorse","Hippocampus erectus",140,3
"202110260832-282","Lined Seahorse","Hippocampus erectus",145,3
"202110260832-282","Lined Seahorse","Hippocampus erectus",150,3
"202110260832-282","Great Barracuda","Sphyraena barracuda",167,2
"202110260832-282","Great Barracuda","Sphyraena barracuda",305,2
"202110260855-291","Great Barracuda","Sphyraena barracuda",204,1
"202110260915-290","Great Barracuda","Sphyraena barracuda",161,1
"202110260934-609","Gray Snapper","Lutjanus griseus",170,3
"202110260934-609","Gray Snapper","Lutjanus griseus",169,3
"202110260934-609","Gray Snapper","Lutjanus griseus",140,3
"202110261105-257","Great Barracuda","Sphyraena barracuda",199,1
"202110261152-270","Great Barracuda","Sphyraena barracuda",192,1
"202110261220-258","Blue Crab","Callinectes sapidus",NA,1
"202110261246-284","Great Barracuda","Sphyraena barracuda",284,1
"202110270355-240","Hogchoker","Trinectes maculatus",70,1
"202110270753-265","Spotted Seatrout","Cynoscion nebulosus",26,2
"202110270753-265","Spotted Seatrout","Cynoscion nebulosus",75,2
"202110270753-265","Blue Crab","Callinectes sapidus",NA,1
"202110270808-278","Gray Snapper","Lutjanus griseus",165,2
"202110270808-278","Gray Snapper","Lutjanus griseus",200,2
"202110270825-279","Gray Snapper","Lutjanus griseus",216,1
"202110270843-267","Spotted Seatrout","Cynoscion nebulosus",65,1
"202110270857-268","Gray Snapper","Lutjanus griseus",218,1
"202110270857-268","Great Barracuda","Sphyraena barracuda",73,1
"202110271022-313","Gray Snapper","Lutjanus griseus",200,3
"202110271022-313","Gray Snapper","Lutjanus griseus",220,3
"202110271022-313","Gray Snapper","Lutjanus griseus",163,3
"202110271111-616","Great Barracuda","Sphyraena barracuda",243,1
"202110280809-242","Great Barracuda","Sphyraena barracuda",71,1
"202110280824-227","Spotted Seatrout","Cynoscion nebulosus",30,1
"202110280824-227","Great Barracuda","Sphyraena barracuda",63,1
"202110280842-226","Great Barracuda","Sphyraena barracuda",95,1
"202110280857-241","Atlantic Spadefish","Chaetodipterus faber",69,1
"202110280925-225","Spotted Seatrout","Cynoscion nebulosus",51,2
"202110280925-225","Spotted Seatrout","Cynoscion nebulosus",27,2
"202110280948-224","Lane Snapper","Lutjanus synagris",53,3
"202110280948-224","Lane Snapper","Lutjanus synagris",120,3
"202110280948-224","Lane Snapper","Lutjanus synagris",57,3
"202110280948-224","Great Barracuda","Sphyraena barracuda",183,1
"202110280948-224","Blue Crab","Callinectes sapidus",NA,1
"202110281007-239","Spotted Seatrout","Cynoscion nebulosus",29,2
"202110281007-239","Spotted Seatrout","Cynoscion nebulosus",106,2
"202110281007-239","Great Barracuda","Sphyraena barracuda",284,1
"202110281007-239","Hogchoker","Trinectes maculatus",36,3
"202110281007-239","Hogchoker","Trinectes maculatus",42,3
"202110281007-239","Hogchoker","Trinectes maculatus",42,3
"202110281034-253","Hogchoker","Trinectes maculatus",78,1
"202110281101-237","Spotted Seatrout","Cynoscion nebulosus",200,1
"202110281101-237","Gray Snapper","Lutjanus griseus",181,4
"202110281101-237","Gray Snapper","Lutjanus griseus",201,4
"202110281101-237","Gray Snapper","Lutjanus griseus",199,4
"202110281101-237","Gray Snapper","Lutjanus griseus",159,4
"202111130333-403","Great Barracuda","Sphyraena barracuda",300,1
"202111130433-282","Atlantic Bay Scallop","Argopecten irradians",51,1
"202111130912-266","Spotted Seatrout","Cynoscion nebulosus",112,1
"202111130912-266","Great Barracuda","Sphyraena barracuda",207,2
"202111130912-266","Great Barracuda","Sphyraena barracuda",190,2
"202111130922-265","Spotted Seatrout","Cynoscion nebulosus",34,1
"202111130922-265","Blue Crab","Callinectes sapidus",NA,1
"202111131032-281","Lane Snapper","Lutjanus synagris",167,1
"202111131032-281","Hogchoker","Trinectes maculatus",87,1
"202111131042-292","Lined Seahorse","Hippocampus erectus",115,2
"202111131042-292","Lined Seahorse","Hippocampus erectus",110,2
"202111131122-301","Lined Seahorse","Hippocampus erectus",101,1
"202111131208-304","Great Barracuda","Sphyraena barracuda",136,3
"202111131208-304","Great Barracuda","Sphyraena barracuda",95,3
"202111131208-304","Great Barracuda","Sphyraena barracuda",75,3
"202111140101-112","Grass Porgy","Calamus arctifrons",224,1
"202111140218-137","Gray Snapper","Lutjanus griseus",213,1
"202111140218-137","Great Barracuda","Sphyraena barracuda",83,1
"202111140234-124","Lined Seahorse","Hippocampus erectus",150,1
"202111140234-124","Gray Snapper","Lutjanus griseus",146,1
"202111140811-070","Lane Snapper","Lutjanus synagris",29,1
"202111140838-065","Lane Snapper","Lutjanus synagris",124,1
"202111140838-065","Blue Crab","Callinectes sapidus",NA,1
"202111140857-157","Gray Snapper","Lutjanus griseus",172,1
"202111140912-167","Gray Snapper","Lutjanus griseus",47,1
"202111140912-167","Lane Snapper","Lutjanus synagris",46,1
"202111140925-172","Gray Snapper","Lutjanus griseus",142,1
"202111140944-169","Bluestriped Grunt","Haemulon sciurus",108,1
"202111140944-169","Gray Snapper","Lutjanus griseus",162,2
"202111140944-169","Gray Snapper","Lutjanus griseus",159,2
"202111140944-169","Lane Snapper","Lutjanus synagris",59,15
"202111140944-169","Lane Snapper","Lutjanus synagris",61,15
"202111140944-169","Lane Snapper","Lutjanus synagris",45,15
"202111140944-169","Lane Snapper","Lutjanus synagris",54,15
"202111140944-169","Lane Snapper","Lutjanus synagris",50,15
"202111140944-169","Lane Snapper","Lutjanus synagris",115,15
"202111140944-169","Lane Snapper","Lutjanus synagris",158,15
"202111140944-169","Lane Snapper","Lutjanus synagris",32,15
"202111140944-169","Lane Snapper","Lutjanus synagris",115,15
"202111140944-169","Lane Snapper","Lutjanus synagris",92,15
"202111140944-169","Lane Snapper","Lutjanus synagris",105,15
"202111140944-169","Lane Snapper","Lutjanus synagris",57,15
"202111140944-169","Lane Snapper","Lutjanus synagris",62,15
"202111140944-169","Lane Snapper","Lutjanus synagris",47,15
"202111140944-169","Lane Snapper","Lutjanus synagris",55,15
"202111141010-159","Gray Snapper","Lutjanus griseus",236,1
"202111141020-146","Spotted Seatrout","Cynoscion nebulosus",11,1
"202111141020-146","Gray Snapper","Lutjanus griseus",172,1
"202111141020-146","Lane Snapper","Lutjanus synagris",100,2
"202111141020-146","Lane Snapper","Lutjanus synagris",106,2
"202111141117-119","Lane Snapper","Lutjanus synagris",117,1
"202111141117-119","Pompano","Trachinotus carolinus",265,1
"202111141146-021","Lined Seahorse","Hippocampus erectus",72,1
"202111141156-022","Grass Porgy","Calamus arctifrons",93,1
"202111141156-022","Bluestriped Grunt","Haemulon sciurus",95,2
"202111141156-022","Bluestriped Grunt","Haemulon sciurus",104,2
"202111141156-022","Sailor's Grunt","Haemulon parra",68,1
"202111141156-022","Lane Snapper","Lutjanus synagris",165,9
"202111141156-022","Lane Snapper","Lutjanus synagris",62,9
"202111141156-022","Lane Snapper","Lutjanus synagris",104,9
"202111141156-022","Lane Snapper","Lutjanus synagris",97,9
"202111141156-022","Lane Snapper","Lutjanus synagris",104,9
"202111141156-022","Lane Snapper","Lutjanus synagris",96,9
"202111141156-022","Lane Snapper","Lutjanus synagris",84,9
"202111141156-022","Lane Snapper","Lutjanus synagris",63,9
"202111141156-022","Lane Snapper","Lutjanus synagris",88,9
"202111141156-022","Caribbean Spiny Lobster","Panulirus argus",160,1
"202111141216-024","Barred Hamlet","Hypoplectrus puella",84,2
"202111141216-024","Barred Hamlet","Hypoplectrus puella",53,2
"202111141216-024","Gray Snapper","Lutjanus griseus",136,15
"202111141216-024","Gray Snapper","Lutjanus griseus",87,15
"202111141216-024","Gray Snapper","Lutjanus griseus",58,15
"202111141216-024","Gray Snapper","Lutjanus griseus",82,15
"202111141216-024","Gray Snapper","Lutjanus griseus",88,15
"202111141216-024","Gray Snapper","Lutjanus griseus",87,15
"202111141216-024","Gray Snapper","Lutjanus griseus",62,15
"202111141216-024","Gray Snapper","Lutjanus griseus",70,15
"202111141216-024","Gray Snapper","Lutjanus griseus",250,15
"202111141216-024","Gray Snapper","Lutjanus griseus",103,15
"202111141216-024","Gray Snapper","Lutjanus griseus",143,15
"202111141216-024","Gray Snapper","Lutjanus griseus",88,15
"202111141216-024","Gray Snapper","Lutjanus griseus",71,15
"202111141216-024","Gray Snapper","Lutjanus griseus",82,15
"202111141216-024","Gray Snapper","Lutjanus griseus",83,15
"202111141216-024","Lane Snapper","Lutjanus synagris",52,25
"202111141216-024","Lane Snapper","Lutjanus synagris",82,25
"202111141216-024","Lane Snapper","Lutjanus synagris",90,25
"202111141216-024","Lane Snapper","Lutjanus synagris",111,25
"202111141216-024","Lane Snapper","Lutjanus synagris",68,25
"202111141216-024","Lane Snapper","Lutjanus synagris",55,25
"202111141216-024","Lane Snapper","Lutjanus synagris",48,25
"202111141216-024","Lane Snapper","Lutjanus synagris",54,25
"202111141216-024","Lane Snapper","Lutjanus synagris",56,25
"202111141216-024","Lane Snapper","Lutjanus synagris",56,25
"202111141216-024","Lane Snapper","Lutjanus synagris",74,25
"202111141216-024","Lane Snapper","Lutjanus synagris",58,25
"202111141216-024","Lane Snapper","Lutjanus synagris",51,25
"202111141216-024","Lane Snapper","Lutjanus synagris",56,25
"202111141216-024","Lane Snapper","Lutjanus synagris",55,25
"202111141216-024","Lane Snapper","Lutjanus synagris",46,25
"202111141216-024","Lane Snapper","Lutjanus synagris",47,25
"202111141216-024","Lane Snapper","Lutjanus synagris",106,25
"202111141216-024","Lane Snapper","Lutjanus synagris",111,25
"202111141216-024","Lane Snapper","Lutjanus synagris",59,25
"202111141216-024","Lane Snapper","Lutjanus synagris",46,25
"202111141216-024","Lane Snapper","Lutjanus synagris",58,25
"202111141216-024","Lane Snapper","Lutjanus synagris",47,25
"202111141216-024","Lane Snapper","Lutjanus synagris",53,25
"202111141216-024","Lane Snapper","Lutjanus synagris",48,25
"202111141243-040","Grass Porgy","Calamus arctifrons",148,1
"202111141243-040","Bluestriped Grunt","Haemulon sciurus",96,1
"202111141243-040","Gray Snapper","Lutjanus griseus",129,6
"202111141243-040","Gray Snapper","Lutjanus griseus",74,6
"202111141243-040","Gray Snapper","Lutjanus griseus",123,6
"202111141243-040","Gray Snapper","Lutjanus griseus",176,6
"202111141243-040","Gray Snapper","Lutjanus griseus",162,6
"202111141243-040","Gray Snapper","Lutjanus griseus",158,6
"202111141243-040","Lane Snapper","Lutjanus synagris",101,3
"202111141243-040","Lane Snapper","Lutjanus synagris",119,3
"202111141243-040","Lane Snapper","Lutjanus synagris",98,3
"202111150111-256","Lined Seahorse","Hippocampus erectus",100,1
"202111150111-256","Gulf Flounder","Paralichthys albigutta",405,1
"202111150123-257","Great Barracuda","Sphyraena barracuda",91,3
"202111150123-257","Great Barracuda","Sphyraena barracuda",67,3
"202111150123-257","Great Barracuda","Sphyraena barracuda",87,3
"202111150132-270","Atlantic Bay Scallop","Argopecten irradians",40,2
"202111150132-270","Atlantic Bay Scallop","Argopecten irradians",45,2
"202111150208-284","Great Barracuda","Sphyraena barracuda",76,1
"202111150216-271","Great Barracuda","Sphyraena barracuda",202,1
"202111150813-237","Gray Snapper","Lutjanus griseus",199,2
"202111150813-237","Gray Snapper","Lutjanus griseus",189,2
"202111150813-237","Lane Snapper","Lutjanus synagris",110,1
"202111150911-239","Gulf Flounder","Paralichthys albigutta",225,1
"202111150921-240","Spotted Seatrout","Cynoscion nebulosus",38,5
"202111150921-240","Spotted Seatrout","Cynoscion nebulosus",47,5
"202111150921-240","Spotted Seatrout","Cynoscion nebulosus",57,5
"202111150921-240","Spotted Seatrout","Cynoscion nebulosus",38,5
"202111150921-240","Spotted Seatrout","Cynoscion nebulosus",43,5
"202111150921-240","Lane Snapper","Lutjanus synagris",34,1
"202111150930-225","Spotted Seatrout","Cynoscion nebulosus",54,1
"202111150948-224","Lane Snapper","Lutjanus synagris",136,1
"202111151016-227","Great Barracuda","Sphyraena barracuda",86,2
"202111151016-227","Great Barracuda","Sphyraena barracuda",72,2
"202111151026-242","Great Barracuda","Sphyraena barracuda",105,1
"202111151037-243","Great Barracuda","Sphyraena barracuda",174,1
"202111151111-228","Great Barracuda","Sphyraena barracuda",74,1
"202205121424-241","Gray Snapper","Lutjanus griseus",211,1
"202205121424-241","Mutton Snapper","Lutjanus analis",196,1
"202205121441-226","Gray Snapper","Lutjanus griseus",213,1
"202205121458-227","Atlantic Bay Scallop","Argopecten irradians",22,2
"202205121458-227","Atlantic Bay Scallop","Argopecten irradians",31,2
"202205121519-229","Atlantic Bay Scallop","Argopecten irradians",19,2
"202205121519-229","Atlantic Bay Scallop","Argopecten irradians",26,2
"202205121519-229","Caribbean Spiny Lobster","Panulirus argus",45,2
"202205121519-229","Caribbean Spiny Lobster","Panulirus argus",60,2
"202205121519-229","Great Barracuda","Sphyraena barracuda",73,1
"202205121533-228","Atlantic Bay Scallop","Argopecten irradians",14,3
"202205121533-228","Atlantic Bay Scallop","Argopecten irradians",24,3
"202205121533-228","Atlantic Bay Scallop","Argopecten irradians",26,3
"202205121612-244","Atlantic Bay Scallop","Argopecten irradians",24,3
"202205121612-244","Atlantic Bay Scallop","Argopecten irradians",26,3
"202205121612-244","Atlantic Bay Scallop","Argopecten irradians",28,3
"202205121646-224","Sheepshead","Archosargus probatocephalus",52,1
"202205121646-224","Spotted Seatrout","Cynoscion nebulosus",197,2
"202205121646-224","Spotted Seatrout","Cynoscion nebulosus",194,2
"202205121646-224","Gray Snapper","Lutjanus griseus",178,1
"202205121700-240","Mutton Snapper","Lutjanus analis",128,1
"202205121710-239","Gray Snapper","Lutjanus griseus",236,1
"202205130826-281","Gray Snapper","Lutjanus griseus",103,1
"202205130902-291","Lined Seahorse","Hippocampus erectus",110,1
"202205130902-291","Gray Snapper","Lutjanus griseus",198,1
"202205130940-312","Atlantic Bay Scallop","Argopecten irradians",22,1
"202205131252-621","Gray Snapper","Lutjanus griseus",186,1
"202205131600-269","Lined Seahorse","Hippocampus erectus",100,2
"202205131600-269","Lined Seahorse","Hippocampus erectus",110,2
"202205140749-071","Atlantic Spadefish","Chaetodipterus faber",162,2
"202205140749-071","Atlantic Spadefish","Chaetodipterus faber",220,2
"202205140749-071","Gray Snapper","Lutjanus griseus",201,2
"202205140749-071","Gray Snapper","Lutjanus griseus",192,2
"202205140805-070","Hogchoker","Trinectes maculatus",47,1
"202205140844-171","Gray Snapper","Lutjanus griseus",181,3
"202205140844-171","Gray Snapper","Lutjanus griseus",188,3
"202205140844-171","Gray Snapper","Lutjanus griseus",110,3
"202205140844-171","Lane Snapper","Lutjanus synagris",142,4
"202205140844-171","Lane Snapper","Lutjanus synagris",106,4
"202205140844-171","Lane Snapper","Lutjanus synagris",88,4
"202205140844-171","Lane Snapper","Lutjanus synagris",222,4
"202205140844-171","Red Drum","Sciaenops ocellatus",124,1
"202205140916-176","Sheepshead","Archosargus probatocephalus",44,1
"202205140916-176","Gray Snapper","Lutjanus griseus",130,1
"202205140916-176","Lane Snapper","Lutjanus synagris",110,2
"202205140916-176","Lane Snapper","Lutjanus synagris",114,2
"202205140938-173","Grass Porgy","Calamus arctifrons",41,1
"202205140938-173","Lane Snapper","Lutjanus synagris",94,1
"202205140949-168","Gray Snapper","Lutjanus griseus",208,1
"202205141006-158","Lane Snapper","Lutjanus synagris",97,5
"202205141006-158","Lane Snapper","Lutjanus synagris",108,5
"202205141006-158","Lane Snapper","Lutjanus synagris",116,5
"202205141006-158","Lane Snapper","Lutjanus synagris",131,5
"202205141006-158","Lane Snapper","Lutjanus synagris",134,5
"202205141055-054","Lane Snapper","Lutjanus synagris",74,1
"202205141146-023","Gray Snapper","Lutjanus griseus",210,1
"202205141146-023","Lane Snapper","Lutjanus synagris",103,1
"202205141349-123","Gray Snapper","Lutjanus griseus",184,1
"202205141408-134","Sheepshead","Archosargus probatocephalus",52,1
"202205141418-146","Gray Snapper","Lutjanus griseus",200,1
"202205141440-133","Sheepshead","Archosargus probatocephalus",34,1
"202205141440-133","Spotted Seatrout","Cynoscion nebulosus",37,1
"202205141440-133","Lane Snapper","Lutjanus synagris",90,2
"202205141440-133","Lane Snapper","Lutjanus synagris",96,2
"202205141657-237","Gray Snapper","Lutjanus griseus",190,1
"202205150747-283","Atlantic Bay Scallop","Argopecten irradians",19,20
"202205150747-283","Atlantic Bay Scallop","Argopecten irradians",21,20
"202205150747-283","Atlantic Bay Scallop","Argopecten irradians",16,20
"202205150747-283","Atlantic Bay Scallop","Argopecten irradians",14,20
"202205150747-283","Atlantic Bay Scallop","Argopecten irradians",18,20
"202205150747-283","Atlantic Bay Scallop","Argopecten irradians",16,20
"202205150747-283","Atlantic Bay Scallop","Argopecten irradians",14,20
"202205150747-283","Atlantic Bay Scallop","Argopecten irradians",14,20
"202205150747-283","Atlantic Bay Scallop","Argopecten irradians",12,20
"202205150747-283","Atlantic Bay Scallop","Argopecten irradians",14,20
"202205150747-283","Atlantic Bay Scallop","Argopecten irradians",14,20
"202205150747-283","Atlantic Bay Scallop","Argopecten irradians",12,20
"202205150747-283","Atlantic Bay Scallop","Argopecten irradians",12,20
"202205150747-283","Atlantic Bay Scallop","Argopecten irradians",14,20
"202205150747-283","Atlantic Bay Scallop","Argopecten irradians",16,20
"202205150747-283","Atlantic Bay Scallop","Argopecten irradians",18,20
"202205150747-283","Atlantic Bay Scallop","Argopecten irradians",14,20
"202205150747-283","Atlantic Bay Scallop","Argopecten irradians",14,20
"202205150747-283","Atlantic Bay Scallop","Argopecten irradians",17,20
"202205150747-283","Atlantic Bay Scallop","Argopecten irradians",16,20
"202205150811-284","Atlantic Bay Scallop","Argopecten irradians",21,1
"202205150826-271","Atlantic Bay Scallop","Argopecten irradians",16,1
"202205150826-271","Lined Seahorse","Hippocampus erectus",90,1
"202205150826-271","Gray Snapper","Lutjanus griseus",120,1
"202205150826-271","Great Barracuda","Sphyraena barracuda",73,2
"202205150826-271","Great Barracuda","Sphyraena barracuda",96,2
"202206231019-279","Gray Snapper","Lutjanus griseus",172,1
"202206231031-266","Spotted Seatrout","Cynoscion nebulosus",85,1
"202206231031-266","Lined Seahorse","Hippocampus erectus",80,1
"202206231031-266","Gray Snapper","Lutjanus griseus",190,1
"202206231050-280","Lined Seahorse","Hippocampus erectus",85,1
"202206231050-280","Gray Snapper","Lutjanus griseus",196,2
"202206231050-280","Gray Snapper","Lutjanus griseus",219,2
"202206231059-267","Mutton Snapper","Lutjanus analis",274,1
"202206231122-253","Spotted Seatrout","Cynoscion nebulosus",34,2
"202206231122-253","Spotted Seatrout","Cynoscion nebulosus",48,2
"202206231122-253","Gray Snapper","Lutjanus griseus",217,1
"202206231138-239","Spotted Seatrout","Cynoscion nebulosus",62,1
"202206231138-239","Gray Snapper","Lutjanus griseus",138,3
"202206231138-239","Gray Snapper","Lutjanus griseus",142,3
"202206231138-239","Gray Snapper","Lutjanus griseus",241,3
"202206231216-255","Atlantic Bay Scallop","Argopecten irradians",32,1
"202206231216-255","Gray Snapper","Lutjanus griseus",211,3
"202206231216-255","Gray Snapper","Lutjanus griseus",214,3
"202206231216-255","Gray Snapper","Lutjanus griseus",226,3
"202206231227-241","Spotted Seatrout","Cynoscion nebulosus",33,1
"202206231227-241","Gray Snapper","Lutjanus griseus",246,1
"202206231308-224","Sheepshead","Archosargus probatocephalus",43,1
"202206231308-224","Gray Snapper","Lutjanus griseus",179,2
"202206231308-224","Gray Snapper","Lutjanus griseus",194,2
"202206231441-256","Gray Snapper","Lutjanus griseus",132,1
"202206231457-269","Atlantic Bay Scallop","Argopecten irradians",32,1
"202206231511-268","Lined Seahorse","Hippocampus erectus",115,1
"202206231511-268","Hogchoker","Trinectes maculatus",83,1
"202206231539-281","Gray Snapper","Lutjanus griseus",130,4
"202206231539-281","Gray Snapper","Lutjanus griseus",212,4
"202206231539-281","Gray Snapper","Lutjanus griseus",234,4
"202206231539-281","Gray Snapper","Lutjanus griseus",234,4
"202206240806-291","Lined Seahorse","Hippocampus erectus",100,1
"202206240806-291","Gray Snapper","Lutjanus griseus",196,1
"202206240906-302","Atlantic Bay Scallop","Argopecten irradians",28,1
"202206240934-304","Atlantic Bay Scallop","Argopecten irradians",22,1
"202206241140-622","Caribbean Spiny Lobster","Panulirus argus",320,1
"202206241416-271","Gray Snapper","Lutjanus griseus",116,1
"202206241416-271","Great Barracuda","Sphyraena barracuda",165,1
"202206241428-284","Lined Seahorse","Hippocampus erectus",80,1
"202206241438-294","Great Barracuda","Sphyraena barracuda",168,1
"202206241450-283","Atlantic Bay Scallop","Argopecten irradians",18,3
"202206241450-283","Atlantic Bay Scallop","Argopecten irradians",22,3
"202206241450-283","Atlantic Bay Scallop","Argopecten irradians",24,3
"202206241500-270","Atlantic Bay Scallop","Argopecten irradians",20,1
"202206241500-270","Great Barracuda","Sphyraena barracuda",86,1
"202206241528-258","Great Barracuda","Sphyraena barracuda",113,1
"202206241556-243","Gray Snapper","Lutjanus griseus",212,1
"202206241608-242","Lined Seahorse","Hippocampus erectus",120,1
"202206241608-242","Gray Snapper","Lutjanus griseus",156,2
"202206241608-242","Gray Snapper","Lutjanus griseus",160,2
"202206250815-171","Lane Snapper","Lutjanus synagris",60,1
"202206250832-237","Sheepshead","Archosargus probatocephalus",119,2
"202206250832-237","Sheepshead","Archosargus probatocephalus",115,2
"202206250832-237","Goliath Grouper","Epinephelus itajara",150,1
"202206250832-237","Gray Snapper","Lutjanus griseus",74,1
"202206250832-237","Lane Snapper","Lutjanus synagris",206,2
"202206250832-237","Lane Snapper","Lutjanus synagris",66,2
"202206250908-168","Gray Snapper","Lutjanus griseus",130,1
"202206250925-158","Sheepshead","Archosargus probatocephalus",88,2
"202206250925-158","Sheepshead","Archosargus probatocephalus",103,2
"202206250925-158","Goliath Grouper","Epinephelus itajara",158,1
"202206250925-158","Gulf Flounder","Paralichthys albigutta",129,1
"202206250947-144","Sheepshead","Archosargus probatocephalus",68,1
"202206250947-144","Grass Porgy","Calamus arctifrons",55,1
"202206250947-144","Hogfish","Lachnolaimus maximus",82,1
"202206250947-144","Gray Snapper","Lutjanus griseus",168,1
"202206250947-144","Lane Snapper","Lutjanus synagris",71,1
"202206251013-130","Spotted Seatrout","Cynoscion nebulosus",322,1
"202206251013-130","Gray Snapper","Lutjanus griseus",174,6
"202206251013-130","Gray Snapper","Lutjanus griseus",208,6
"202206251013-130","Gray Snapper","Lutjanus griseus",162,6
"202206251013-130","Gray Snapper","Lutjanus griseus",218,6
"202206251013-130","Gray Snapper","Lutjanus griseus",210,6
"202206251013-130","Gray Snapper","Lutjanus griseus",202,6
"202206251013-130","Lane Snapper","Lutjanus synagris",48,1
"202206251046-106","Gray Snapper","Lutjanus griseus",137,2
"202206251046-106","Gray Snapper","Lutjanus griseus",216,2
"202206251046-106","Lane Snapper","Lutjanus synagris",46,1
"202206251416-022","Sailor's Grunt","Haemulon parra",45,1
"202206251416-022","Hogfish","Lachnolaimus maximus",71,1
"202206251416-022","Lane Snapper","Lutjanus synagris",119,1
"202206251503-123","Spotted Seatrout","Cynoscion nebulosus",98,1
"202206251514-136","Lane Snapper","Lutjanus synagris",108,1
"202206251514-136","Great Barracuda","Sphyraena barracuda",63,2
"202206251514-136","Great Barracuda","Sphyraena barracuda",65,2
"202206251538-146","Grass Porgy","Calamus arctifrons",57,1
"202206251538-146","Spotted Seatrout","Cynoscion nebulosus",29,2
"202206251538-146","Spotted Seatrout","Cynoscion nebulosus",54,2
"202206251538-146","Great Barracuda","Sphyraena barracuda",126,1
"202206251621-147","Great Barracuda","Sphyraena barracuda",60,1
"202207091046-291","Lined Seahorse","Hippocampus erectus",90,1
"202207091046-291","Gray Snapper","Lutjanus griseus",218,1
"202207091059-290","Gray Snapper","Lutjanus griseus",148,2
"202207091059-290","Gray Snapper","Lutjanus griseus",221,2
"202207091123-312","Great Barracuda","Sphyraena barracuda",60,1
"202207091134-301","Gray Snapper","Lutjanus griseus",221,1
"202207091148-302","Atlantic Bay Scallop","Argopecten irradians",26,1
"202207091221-315","Atlantic Bay Scallop","Argopecten irradians",28,1
"202207091231-314","Gray Snapper","Lutjanus griseus",214,12
"202207091231-314","Gray Snapper","Lutjanus griseus",242,12
"202207091231-314","Gray Snapper","Lutjanus griseus",220,12
"202207091231-314","Gray Snapper","Lutjanus griseus",234,12
"202207091231-314","Gray Snapper","Lutjanus griseus",236,12
"202207091231-314","Gray Snapper","Lutjanus griseus",234,12
"202207091231-314","Gray Snapper","Lutjanus griseus",236,12
"202207091231-314","Gray Snapper","Lutjanus griseus",205,12
"202207091231-314","Gray Snapper","Lutjanus griseus",142,12
"202207091231-314","Gray Snapper","Lutjanus griseus",240,12
"202207091231-314","Gray Snapper","Lutjanus griseus",146,12
"202207091231-314","Gray Snapper","Lutjanus griseus",151,12
"202207091651-282","Bluestriped Grunt","Haemulon sciurus",170,1
"202207091651-282","Gray Snapper","Lutjanus griseus",235,1
"202207091707-267","Gray Snapper","Lutjanus griseus",161,3
"202207091707-267","Gray Snapper","Lutjanus griseus",201,3
"202207091707-267","Gray Snapper","Lutjanus griseus",208,3
"202207091720-280","Lined Seahorse","Hippocampus erectus",80,1
"202207091720-280","Gray Snapper","Lutjanus griseus",176,6
"202207091720-280","Gray Snapper","Lutjanus griseus",186,6
"202207091720-280","Gray Snapper","Lutjanus griseus",200,6
"202207091720-280","Gray Snapper","Lutjanus griseus",202,6
"202207091720-280","Gray Snapper","Lutjanus griseus",214,6
"202207091720-280","Gray Snapper","Lutjanus griseus",224,6
"202207091732-279","Great Barracuda","Sphyraena barracuda",104,1
"202207091752-265","Gray Snapper","Lutjanus griseus",222,2
"202207091752-265","Gray Snapper","Lutjanus griseus",232,2
"202207091801-266","Lined Seahorse","Hippocampus erectus",104,1
"202207091801-266","Gray Snapper","Lutjanus griseus",209,1
"202207100707-070","Gulf Flounder","Paralichthys albigutta",109,1
"202207100725-071","Gray Snapper","Lutjanus griseus",174,5
"202207100725-071","Gray Snapper","Lutjanus griseus",206,5
"202207100725-071","Gray Snapper","Lutjanus griseus",228,5
"202207100725-071","Gray Snapper","Lutjanus griseus",256,5
"202207100725-071","Gray Snapper","Lutjanus griseus",263,5
"202207100725-071","Gulf Flounder","Paralichthys albigutta",284,1
"202207100745-171","Atlantic Spadefish","Chaetodipterus faber",292,2
"202207100745-171","Atlantic Spadefish","Chaetodipterus faber",335,2
"202207100800-172","Gray Snapper","Lutjanus griseus",143,1
"202207100812-169","Sheepshead","Archosargus probatocephalus",62,3
"202207100812-169","Sheepshead","Archosargus probatocephalus",72,3
"202207100812-169","Sheepshead","Archosargus probatocephalus",198,3
"202207100812-169","Spotted Seatrout","Cynoscion nebulosus",286,1
"202207100812-169","Gray Snapper","Lutjanus griseus",260,1
"202207100839-175","Sheepshead","Archosargus probatocephalus",98,1
"202207100839-175","Gray Snapper","Lutjanus griseus",118,5
"202207100839-175","Gray Snapper","Lutjanus griseus",146,5
"202207100839-175","Gray Snapper","Lutjanus griseus",158,5
"202207100839-175","Gray Snapper","Lutjanus griseus",204,5
"202207100839-175","Gray Snapper","Lutjanus griseus",221,5
"202207100857-224","Atlantic Bay Scallop","Argopecten irradians",28,1
"202207100857-224","Spotted Seatrout","Cynoscion nebulosus",38,2
"202207100857-224","Spotted Seatrout","Cynoscion nebulosus",52,2
"202207100857-224","Gray Snapper","Lutjanus griseus",186,2
"202207100857-224","Gray Snapper","Lutjanus griseus",210,2
"202207100910-225","Atlantic Bay Scallop","Argopecten irradians",38,1
"202207100910-225","Lined Seahorse","Hippocampus erectus",75,1
"202207100910-225","Gray Snapper","Lutjanus griseus",156,1
"202207100910-225","Great Barracuda","Sphyraena barracuda",93,1
"202207100923-226","Gray Snapper","Lutjanus griseus",191,2
"202207100923-226","Gray Snapper","Lutjanus griseus",216,2
"202207100934-241","Spotted Seatrout","Cynoscion nebulosus",65,2
"202207100934-241","Spotted Seatrout","Cynoscion nebulosus",73,2
"202207100934-241","Gray Snapper","Lutjanus griseus",222,1
"202207100934-241","Great Barracuda","Sphyraena barracuda",120,1
"202207100956-255","Atlantic Bay Scallop","Argopecten irradians",21,2
"202207100956-255","Atlantic Bay Scallop","Argopecten irradians",28,2
"202207100956-255","Gray Snapper","Lutjanus griseus",216,2
"202207100956-255","Gray Snapper","Lutjanus griseus",220,2
"202207101006-254","Lined Seahorse","Hippocampus erectus",65,1
"202207101006-254","Gray Snapper","Lutjanus griseus",178,2
"202207101006-254","Gray Snapper","Lutjanus griseus",206,2
"202207101018-240","Spotted Seatrout","Cynoscion nebulosus",46,1
"202207101018-240","Lined Seahorse","Hippocampus erectus",110,1
"202207101018-240","Gray Snapper","Lutjanus griseus",213,2
"202207101018-240","Gray Snapper","Lutjanus griseus",241,2
"202207101031-239","Sheepshead","Archosargus probatocephalus",86,1
"202207101031-239","Gray Snapper","Lutjanus griseus",148,3
"202207101031-239","Gray Snapper","Lutjanus griseus",167,3
"202207101031-239","Gray Snapper","Lutjanus griseus",205,3
"202207101059-229","Gray Snapper","Lutjanus griseus",186,2
"202207101059-229","Gray Snapper","Lutjanus griseus",202,2
"202207101110-228","Bluestriped Grunt","Haemulon sciurus",62,1
"202207101110-228","Gray Snapper","Lutjanus griseus",146,1
"202207101122-227","Bluestriped Grunt","Haemulon sciurus",168,2
"202207101122-227","Bluestriped Grunt","Haemulon sciurus",188,2
"202207101227-257","Great Barracuda","Sphyraena barracuda",74,1
"202207101237-270","Great Barracuda","Sphyraena barracuda",74,1
"202207101304-284","Great Barracuda","Sphyraena barracuda",59,2
"202207101304-284","Great Barracuda","Sphyraena barracuda",73,2
"202207101311-283","Atlantic Bay Scallop","Argopecten irradians",18,3
"202207101311-283","Atlantic Bay Scallop","Argopecten irradians",21,3
"202207101311-283","Atlantic Bay Scallop","Argopecten irradians",24,3
"202207101322-294","Atlantic Bay Scallop","Argopecten irradians",19,1
"202207101412-256","Atlantic Bay Scallop","Argopecten irradians",28,1
"202207101412-256","Lined Seahorse","Hippocampus erectus",90,2
"202207101412-256","Lined Seahorse","Hippocampus erectus",110,2
"202207101423-269","Atlantic Bay Scallop","Argopecten irradians",18,2
"202207101423-269","Atlantic Bay Scallop","Argopecten irradians",24,2
"202207101423-269","Spotted Seatrout","Cynoscion nebulosus",113,1
"202207101423-269","Gray Snapper","Lutjanus griseus",225,1
"202207101433-268","Atlantic Bay Scallop","Argopecten irradians",24,1
"202207101433-268","Lined Seahorse","Hippocampus erectus",80,1
"202207101508-237","Gray Snapper","Lutjanus griseus",211,4
"202207101508-237","Gray Snapper","Lutjanus griseus",223,4
"202207101508-237","Gray Snapper","Lutjanus griseus",231,4
"202207101508-237","Gray Snapper","Lutjanus griseus",272,4
"202207101558-144","Grass Porgy","Calamus arctifrons",52,6
"202207101558-144","Grass Porgy","Calamus arctifrons",52,6
"202207101558-144","Grass Porgy","Calamus arctifrons",53,6
"202207101558-144","Grass Porgy","Calamus arctifrons",56,6
"202207101558-144","Grass Porgy","Calamus arctifrons",60,6
"202207101558-144","Grass Porgy","Calamus arctifrons",61,6
"202207101558-144","Sailor's Grunt","Haemulon parra",52,1
"202207101558-144","Gray Snapper","Lutjanus griseus",192,1
"202207101558-144","Lane Snapper","Lutjanus synagris",64,3
"202207101558-144","Lane Snapper","Lutjanus synagris",118,3
"202207101558-144","Lane Snapper","Lutjanus synagris",156,3
"202207101833-135","Spotted Seatrout","Cynoscion nebulosus",58,3
"202207101833-135","Spotted Seatrout","Cynoscion nebulosus",74,3
"202207101833-135","Spotted Seatrout","Cynoscion nebulosus",93,3
"202207101833-135","Gray Snapper","Lutjanus griseus",243,1
"202207101843-146","Sheepshead","Archosargus probatocephalus",49,2
"202207101843-146","Sheepshead","Archosargus probatocephalus",84,2
"202207101843-146","Spotted Seatrout","Cynoscion nebulosus",36,3
"202207101843-146","Spotted Seatrout","Cynoscion nebulosus",72,3
"202207101843-146","Spotted Seatrout","Cynoscion nebulosus",82,3
"202207101843-146","Lane Snapper","Lutjanus synagris",78,1
"202207101843-146","Great Barracuda","Sphyraena barracuda",66,2
"202207101843-146","Great Barracuda","Sphyraena barracuda",129,2
"202207101854-159","Sheepshead","Archosargus probatocephalus",50,3
"202207101854-159","Sheepshead","Archosargus probatocephalus",85,3
"202207101854-159","Sheepshead","Archosargus probatocephalus",89,3
"202207110649-118","Hogchoker","Trinectes maculatus",156,1
"202207110700-108","Lane Snapper","Lutjanus synagris",75,1
"202207110732-024","Spotted Seatrout","Cynoscion nebulosus",65,2
"202207110732-024","Spotted Seatrout","Cynoscion nebulosus",66,2
"202207110812-105","Gray Snapper","Lutjanus griseus",188,1
"202207110812-105","Lane Snapper","Lutjanus synagris",61,1
"202207110921-124","Great Barracuda","Sphyraena barracuda",64,3
"202207110921-124","Great Barracuda","Sphyraena barracuda",68,3
"202207110921-124","Great Barracuda","Sphyraena barracuda",68,3
"202208130913-070","Lane Snapper","Lutjanus synagris",41,2
"202208130913-070","Lane Snapper","Lutjanus synagris",53,2
"202208130913-070","Lookdown","Selene vomer",65,1
"202208130927-071","Lane Snapper","Lutjanus synagris",38,3
"202208130927-071","Lane Snapper","Lutjanus synagris",39,3
"202208130927-071","Lane Snapper","Lutjanus synagris",45,3
"202208130927-071","Gulf Flounder","Paralichthys albigutta",154,1
"202208131023-176","Spotted Seatrout","Cynoscion nebulosus",174,2
"202208131023-176","Spotted Seatrout","Cynoscion nebulosus",441,2
"202208131023-176","Gray Snapper","Lutjanus griseus",146,2
"202208131023-176","Gray Snapper","Lutjanus griseus",238,2
"202208131038-169","Sheepshead","Archosargus probatocephalus",100,1
"202208131038-169","Spotted Seatrout","Cynoscion nebulosus",116,1
"202208131038-169","Gray Snapper","Lutjanus griseus",241,2
"202208131038-169","Gray Snapper","Lutjanus griseus",281,2
"202208131038-169","Lane Snapper","Lutjanus synagris",37,2
"202208131038-169","Lane Snapper","Lutjanus synagris",72,2
"202208131038-169","Great Barracuda","Sphyraena barracuda",63,1
"202208131052-168","Spotted Seatrout","Cynoscion nebulosus",28,6
"202208131052-168","Spotted Seatrout","Cynoscion nebulosus",32,6
"202208131052-168","Spotted Seatrout","Cynoscion nebulosus",33,6
"202208131052-168","Spotted Seatrout","Cynoscion nebulosus",44,6
"202208131052-168","Spotted Seatrout","Cynoscion nebulosus",47,6
"202208131052-168","Spotted Seatrout","Cynoscion nebulosus",58,6
"202208131052-168","Gray Snapper","Lutjanus griseus",232,2
"202208131052-168","Gray Snapper","Lutjanus griseus",233,2
"202208131052-168","Lane Snapper","Lutjanus synagris",38,3
"202208131052-168","Lane Snapper","Lutjanus synagris",57,3
"202208131052-168","Lane Snapper","Lutjanus synagris",94,3
"202208131052-168","Lookdown","Selene vomer",61,2
"202208131052-168","Lookdown","Selene vomer",80,2
"202208131052-168","Great Barracuda","Sphyraena barracuda",98,1
"202208131125-143","Sheepshead","Archosargus probatocephalus",28,1
"202208131125-143","Atlantic Spadefish","Chaetodipterus faber",73,1
"202208131125-143","Gray Snapper","Lutjanus griseus",170,2
"202208131125-143","Gray Snapper","Lutjanus griseus",214,2
"202208131125-143","Lane Snapper","Lutjanus synagris",87,2
"202208131125-143","Lane Snapper","Lutjanus synagris",110,2
"202208131138-130","Atlantic Spadefish","Chaetodipterus faber",134,1
"202208131138-130","Lane Snapper","Lutjanus synagris",37,2
"202208131138-130","Lane Snapper","Lutjanus synagris",72,2
"202208131205-107","Grass Porgy","Calamus arctifrons",74,1
"202208131205-107","Lane Snapper","Lutjanus synagris",75,1
"202208131220-101","Atlantic Spadefish","Chaetodipterus faber",180,1
"202208131234-022","Lane Snapper","Lutjanus synagris",54,3
"202208131234-022","Lane Snapper","Lutjanus synagris",142,3
"202208131234-022","Lane Snapper","Lutjanus synagris",159,3
"202208131310-040","Gray Snapper","Lutjanus griseus",112,1
"202208131310-040","Lane Snapper","Lutjanus synagris",125,1
"202208131329-123","Spotted Seatrout","Cynoscion nebulosus",48,2
"202208131329-123","Spotted Seatrout","Cynoscion nebulosus",66,2
"202208131329-123","Gray Snapper","Lutjanus griseus",251,1
"202208131443-122","Gray Snapper","Lutjanus griseus",126,1
"202208131458-133","Gray Snapper","Lutjanus griseus",126,6
"202208131458-133","Gray Snapper","Lutjanus griseus",128,6
"202208131458-133","Gray Snapper","Lutjanus griseus",199,6
"202208131458-133","Gray Snapper","Lutjanus griseus",258,6
"202208131458-133","Gray Snapper","Lutjanus griseus",264,6
"202208131458-133","Gray Snapper","Lutjanus griseus",301,6
"202208131458-133","Lane Snapper","Lutjanus synagris",99,1
"202208131514-146","Sheepshead","Archosargus probatocephalus",97,1
"202208131514-146","Spotted Seatrout","Cynoscion nebulosus",29,5
"202208131514-146","Spotted Seatrout","Cynoscion nebulosus",42,5
"202208131514-146","Spotted Seatrout","Cynoscion nebulosus",84,5
"202208131514-146","Spotted Seatrout","Cynoscion nebulosus",114,5
"202208131514-146","Spotted Seatrout","Cynoscion nebulosus",124,5
"202208131514-146","Lane Snapper","Lutjanus synagris",37,4
"202208131514-146","Lane Snapper","Lutjanus synagris",41,4
"202208131514-146","Lane Snapper","Lutjanus synagris",48,4
"202208131514-146","Lane Snapper","Lutjanus synagris",108,4
"202208131537-133","Gray Snapper","Lutjanus griseus",126,6
"202208131537-133","Gray Snapper","Lutjanus griseus",128,6
"202208131537-133","Gray Snapper","Lutjanus griseus",199,6
"202208131537-133","Gray Snapper","Lutjanus griseus",258,6
"202208131537-133","Gray Snapper","Lutjanus griseus",264,6
"202208131537-133","Gray Snapper","Lutjanus griseus",301,6
"202208131537-133","Lane Snapper","Lutjanus synagris",99,1
"202208131615-156","Sheepshead","Archosargus probatocephalus",98,2
"202208131615-156","Sheepshead","Archosargus probatocephalus",120,2
"202208131615-156","Gray Snapper","Lutjanus griseus",214,2
"202208131615-156","Gray Snapper","Lutjanus griseus",221,2
"202208131615-156","Lane Snapper","Lutjanus synagris",54,2
"202208131615-156","Lane Snapper","Lutjanus synagris",65,2
"202208140805-253","Great Barracuda","Sphyraena barracuda",101,1
"202208140841-254","Atlantic Bay Scallop","Argopecten irradians",44,1
"202208140841-254","Gray Snapper","Lutjanus griseus",217,3
"202208140841-254","Gray Snapper","Lutjanus griseus",218,3
"202208140841-254","Gray Snapper","Lutjanus griseus",236,3
"202208140900-241","Gray Snapper","Lutjanus griseus",154,4
"202208140900-241","Gray Snapper","Lutjanus griseus",165,4
"202208140900-241","Gray Snapper","Lutjanus griseus",174,4
"202208140900-241","Gray Snapper","Lutjanus griseus",212,4
"202208140900-241","Great Barracuda","Sphyraena barracuda",87,2
"202208140900-241","Great Barracuda","Sphyraena barracuda",87,2
"202208140913-226","Atlantic Bay Scallop","Argopecten irradians",29,1
"202208140913-226","Gray Snapper","Lutjanus griseus",201,2
"202208140913-226","Gray Snapper","Lutjanus griseus",230,2
"202208140924-225","Great Barracuda","Sphyraena barracuda",62,1
"202208140934-224","Sheepshead","Archosargus probatocephalus",74,1
"202208140934-224","Spotted Seatrout","Cynoscion nebulosus",62,1
"202208140934-224","Gray Snapper","Lutjanus griseus",146,3
"202208140934-224","Gray Snapper","Lutjanus griseus",197,3
"202208140934-224","Gray Snapper","Lutjanus griseus",210,3
"202208141000-239","Great Barracuda","Sphyraena barracuda",82,1
"202208141017-227","Gray Snapper","Lutjanus griseus",237,1
"202208141030-228","Caribbean Spiny Lobster","Panulirus argus",95,1
"202208141038-229","Caribbean Spiny Lobster","Panulirus argus",150,1
"202208141053-242","Great Barracuda","Sphyraena barracuda",79,2
"202208141053-242","Great Barracuda","Sphyraena barracuda",177,2
"202208141102-243","Lined Seahorse","Hippocampus erectus",120,2
"202208141102-243","Lined Seahorse","Hippocampus erectus",125,2
"202208141102-243","Caribbean Spiny Lobster","Panulirus argus",155,1
"202208141135-258","Great Barracuda","Sphyraena barracuda",83,1
"202208141227-294","Atlantic Bay Scallop","Argopecten irradians",27,1
"202208141330-304","Atlantic Bay Scallop","Argopecten irradians",28,2
"202208141330-304","Atlantic Bay Scallop","Argopecten irradians",30,2
"202208141330-304","Great Barracuda","Sphyraena barracuda",117,1
"202208141339-315","Great Barracuda","Sphyraena barracuda",182,1
"202208141408-323","Great Barracuda","Sphyraena barracuda",89,1
"202208141439-618","Great Barracuda","Sphyraena barracuda",202,1
"202208141544-408","Great Barracuda","Sphyraena barracuda",98,1
"202208141635-404","Great Barracuda","Sphyraena barracuda",82,1
"202208141701-302","Atlantic Bay Scallop","Argopecten irradians",23,1
"202208141715-281","Lined Seahorse","Hippocampus erectus",95,1
"202208141715-281","Great Barracuda","Sphyraena barracuda",127,1
"202208150735-312","Great Barracuda","Sphyraena barracuda",112,1
"202208150757-609","Spotted Seatrout","Cynoscion nebulosus",84,1
"202208150757-609","Great Barracuda","Sphyraena barracuda",101,2
"202208150757-609","Great Barracuda","Sphyraena barracuda",105,2
"202208150807-290","Great Barracuda","Sphyraena barracuda",82,1
"202208150815-291","Great Barracuda","Sphyraena barracuda",196,1
"202208150828-282","Atlantic Bay Scallop","Argopecten irradians",26,2
"202208150828-282","Atlantic Bay Scallop","Argopecten irradians",28,2
"202208150835-269","Gray Snapper","Lutjanus griseus",223,1
"202208150844-258","Great Barracuda","Sphyraena barracuda",83,1
"202208150854-268","Gray Snapper","Lutjanus griseus",172,1
"202208150854-268","Great Barracuda","Sphyraena barracuda",87,4
"202208150854-268","Great Barracuda","Sphyraena barracuda",92,4
"202208150854-268","Great Barracuda","Sphyraena barracuda",94,4
"202208150854-268","Great Barracuda","Sphyraena barracuda",102,4
"202208150917-237","Sheepshead","Archosargus probatocephalus",89,1
"202208150917-237","Lane Snapper","Lutjanus synagris",42,1
"202208150917-237","Great Barracuda","Sphyraena barracuda",104,1
"202209170848-304","Atlantic Bay Scallop","Argopecten irradians",26,1
"202209170848-304","Caribbean Spiny Lobster","Panulirus argus",115,3
"202209170848-304","Caribbean Spiny Lobster","Panulirus argus",155,3
"202209170848-304","Caribbean Spiny Lobster","Panulirus argus",160,3
"202209170900-315","Atlantic Bay Scallop","Argopecten irradians",31,1
"202209171114-407","Great Barracuda","Sphyraena barracuda",280,1
"202209171146-404","Great Barracuda","Sphyraena barracuda",127,1
"202209171253-301","Great Barracuda","Sphyraena barracuda",200,1
"202209171319-609","Atlantic Spadefish","Chaetodipterus faber",91,3
"202209171319-609","Atlantic Spadefish","Chaetodipterus faber",99,3
"202209171319-609","Atlantic Spadefish","Chaetodipterus faber",110,3
"202209171329-290","Gray Snapper","Lutjanus griseus",180,2
"202209171329-290","Gray Snapper","Lutjanus griseus",222,2
"202209171329-290","Great Barracuda","Sphyraena barracuda",132,2
"202209171329-290","Great Barracuda","Sphyraena barracuda",262,2
"202209171340-291","Gray Snapper","Lutjanus griseus",154,1
"202209171355-292","Gray Snapper","Lutjanus griseus",179,2
"202209171355-292","Gray Snapper","Lutjanus griseus",179,2
"202209171355-292","Great Barracuda","Sphyraena barracuda",141,1
"202209171404-282","Gray Snapper","Lutjanus griseus",230,1
"202209171415-283","Gray Snapper","Lutjanus griseus",132,1
"202209171415-283","Great Barracuda","Sphyraena barracuda",125,2
"202209171415-283","Great Barracuda","Sphyraena barracuda",200,2
"202209171428-294","Gray Snapper","Lutjanus griseus",251,1
"202209171439-284","Spotted Seatrout","Cynoscion nebulosus",180,1
"202209171439-284","Gray Snapper","Lutjanus griseus",175,1
"202209171529-257","Lined Seahorse","Hippocampus erectus",105,1
"202209171529-257","Great Barracuda","Sphyraena barracuda",150,3
"202209171529-257","Great Barracuda","Sphyraena barracuda",153,3
"202209171529-257","Great Barracuda","Sphyraena barracuda",181,3
"202209171540-256","Atlantic Bay Scallop","Argopecten irradians",32,1
"202209171540-256","Great Barracuda","Sphyraena barracuda",105,1
"202209171549-269","Great Barracuda","Sphyraena barracuda",104,2
"202209171549-269","Great Barracuda","Sphyraena barracuda",133,2
"202209171557-268","Gray Snapper","Lutjanus griseus",158,1
"202209171557-268","Caribbean Spiny Lobster","Panulirus argus",155,1
"202209171557-268","Great Barracuda","Sphyraena barracuda",134,2
"202209171557-268","Great Barracuda","Sphyraena barracuda",139,2
"202209171629-280","Gray Snapper","Lutjanus griseus",172,2
"202209171629-280","Gray Snapper","Lutjanus griseus",192,2
"202209171645-278","Gray Snapper","Lutjanus griseus",196,5
"202209171645-278","Gray Snapper","Lutjanus griseus",206,5
"202209171645-278","Gray Snapper","Lutjanus griseus",208,5
"202209171645-278","Gray Snapper","Lutjanus griseus",210,5
"202209171645-278","Gray Snapper","Lutjanus griseus",220,5
"202209171645-278","Great Barracuda","Sphyraena barracuda",148,1
"202209171645-278","Hogchoker","Trinectes maculatus",82,1
"202209180826-071","Atlantic Spadefish","Chaetodipterus faber",65,4
"202209180826-071","Atlantic Spadefish","Chaetodipterus faber",81,4
"202209180826-071","Atlantic Spadefish","Chaetodipterus faber",98,4
"202209180826-071","Atlantic Spadefish","Chaetodipterus faber",104,4
"202209180826-071","Gray Snapper","Lutjanus griseus",158,4
"202209180826-071","Gray Snapper","Lutjanus griseus",121,4
"202209180826-071","Gray Snapper","Lutjanus griseus",211,4
"202209180826-071","Gray Snapper","Lutjanus griseus",212,4
"202209180826-071","Lane Snapper","Lutjanus synagris",62,8
"202209180826-071","Lane Snapper","Lutjanus synagris",67,8
"202209180826-071","Lane Snapper","Lutjanus synagris",73,8
"202209180826-071","Lane Snapper","Lutjanus synagris",76,8
"202209180826-071","Lane Snapper","Lutjanus synagris",78,8
"202209180826-071","Lane Snapper","Lutjanus synagris",80,8
"202209180826-071","Lane Snapper","Lutjanus synagris",81,8
"202209180826-071","Lane Snapper","Lutjanus synagris",85,8
"202209180931-101","Lane Snapper","Lutjanus synagris",74,2
"202209180931-101","Lane Snapper","Lutjanus synagris",121,2
"202209180958-024","Blue Croaker","Corvula batabana",64,2
"202209180958-024","Blue Croaker","Corvula batabana",76,2
"202209180958-024","Grass Porgy","Calamus arctifrons",92,2
"202209180958-024","Grass Porgy","Calamus arctifrons",115,2
"202209180958-024","Bluestriped Grunt","Haemulon sciurus",84,1
"202209180958-024","Gray Snapper","Lutjanus griseus",184,2
"202209180958-024","Gray Snapper","Lutjanus griseus",237,2
"202209180958-024","Lane Snapper","Lutjanus synagris",112,2
"202209180958-024","Lane Snapper","Lutjanus synagris",128,2
"202209180958-024","Great Barracuda","Sphyraena barracuda",48,1
"202209181049-136","Grass Porgy","Calamus arctifrons",84,1
"202209181049-136","Spotted Seatrout","Cynoscion nebulosus",74,1
"202209181049-136","Lined Seahorse","Hippocampus erectus",160,1
"202209181049-136","Great Barracuda","Sphyraena barracuda",75,1
"202209181101-123","Spotted Seatrout","Cynoscion nebulosus",30,1
"202209181116-124","Sheepshead","Archosargus probatocephalus",91,1
"202209181116-124","Spotted Seatrout","Cynoscion nebulosus",48,1
"202209181116-124","Bluestriped Grunt","Haemulon sciurus",175,1
"202209181116-124","Great Barracuda","Sphyraena barracuda",52,1
"202209181209-134","Spotted Seatrout","Cynoscion nebulosus",108,1
"202209181209-134","Gray Snapper","Lutjanus griseus",178,3
"202209181209-134","Gray Snapper","Lutjanus griseus",246,3
"202209181209-134","Gray Snapper","Lutjanus griseus",253,3
"202209181209-134","Lane Snapper","Lutjanus synagris",81,1
"202209181221-146","Sheepshead","Archosargus probatocephalus",81,1
"202209181221-146","Lane Snapper","Lutjanus synagris",58,4
"202209181221-146","Lane Snapper","Lutjanus synagris",70,4
"202209181221-146","Lane Snapper","Lutjanus synagris",71,4
"202209181221-146","Lane Snapper","Lutjanus synagris",106,4
"202209181234-145","Gray Snapper","Lutjanus griseus",134,2
"202209181234-145","Gray Snapper","Lutjanus griseus",181,2
"202209181400-158","Spotted Seatrout","Cynoscion nebulosus",77,1
"202209181400-158","Goliath Grouper","Epinephelus itajara",332,1
"202209181400-158","Gray Snapper","Lutjanus griseus",268,1
"202209181400-158","Lane Snapper","Lutjanus synagris",29,2
"202209181400-158","Lane Snapper","Lutjanus synagris",80,2
"202209181413-168","Spotted Seatrout","Cynoscion nebulosus",21,1
"202209181413-168","Lane Snapper","Lutjanus synagris",64,2
"202209181413-168","Lane Snapper","Lutjanus synagris",70,2
"202209181433-172","Lane Snapper","Lutjanus synagris",84,1
"202209181447-173","Gray Snapper","Lutjanus griseus",246,2
"202209181447-173","Gray Snapper","Lutjanus griseus",250,2
"202209181447-173","Lane Snapper","Lutjanus synagris",89,1
"202209181459-239","Lane Snapper","Lutjanus synagris",86,1
"202209181508-224","Gray Snapper","Lutjanus griseus",173,3
"202209181508-224","Gray Snapper","Lutjanus griseus",199,3
"202209181508-224","Gray Snapper","Lutjanus griseus",212,3
"202209181535-240","Lined Seahorse","Hippocampus erectus",95,1
"202209181546-254","Great Barracuda","Sphyraena barracuda",128,1
"202209181556-255","Lined Seahorse","Hippocampus erectus",80,2
"202209181556-255","Lined Seahorse","Hippocampus erectus",90,2
"202209181617-226","Great Barracuda","Sphyraena barracuda",115,1
"202209181625-227","Great Barracuda","Sphyraena barracuda",66,1
"202209181643-229","Great Barracuda","Sphyraena barracuda",53,2
"202209181643-229","Great Barracuda","Sphyraena barracuda",90,2
"202209181653-244","Spotted Seatrout","Cynoscion nebulosus",80,1
"202209181653-244","Gray Snapper","Lutjanus griseus",256,1
"202209181705-243","Bluestriped Grunt","Haemulon sciurus",172,1
"202209181705-243","Caribbean Spiny Lobster","Panulirus argus",120,1
"202209181715-242","Great Barracuda","Sphyraena barracuda",116,1
"202209181737-253","Gray Snapper","Lutjanus griseus",202,1
"202210151043-291","Spotted Seatrout","Cynoscion nebulosus",113,1
"202210151043-291","Bluestriped Grunt","Haemulon sciurus",122,1
"202210151043-291","Great Barracuda","Sphyraena barracuda",74,1
"202210151055-290","Bluestriped Grunt","Haemulon sciurus",124,1
"202210151109-609","Gray Snapper","Lutjanus griseus",201,1
"202210151119-312","Great Barracuda","Sphyraena barracuda",62,2
"202210151119-312","Great Barracuda","Sphyraena barracuda",208,2
"202210151206-303","Lined Seahorse","Hippocampus erectus",105,1
"202210151206-303","Gray Snapper","Lutjanus griseus",168,1
"202210151216-304","Great Barracuda","Sphyraena barracuda",230,1
"202210151319-324","Great Barracuda","Sphyraena barracuda",118,1
"202210151329-323","Great Barracuda","Sphyraena barracuda",103,1
"202210151407-622","Gray Snapper","Lutjanus griseus",162,2
"202210151407-622","Gray Snapper","Lutjanus griseus",168,2
"202210151407-622","Great Barracuda","Sphyraena barracuda",204,4
"202210151407-622","Great Barracuda","Sphyraena barracuda",186,4
"202210151407-622","Great Barracuda","Sphyraena barracuda",84,4
"202210151407-622","Great Barracuda","Sphyraena barracuda",108,4
"202210151438-616","Great Barracuda","Sphyraena barracuda",218,1
"202210151451-401","Great Barracuda","Sphyraena barracuda",164,1
"202210151659-282","Spotted Seatrout","Cynoscion nebulosus",78,1
"202210151659-282","Bluestriped Grunt","Haemulon sciurus",119,1
"202210151659-282","Gray Snapper","Lutjanus griseus",158,3
"202210151659-282","Gray Snapper","Lutjanus griseus",182,3
"202210151659-282","Gray Snapper","Lutjanus griseus",192,3
"202210151659-282","Caribbean Spiny Lobster","Panulirus argus",170,1
"202210151713-281","Gray Snapper","Lutjanus griseus",145,1
"202210151713-281","Great Barracuda","Sphyraena barracuda",76,2
"202210151713-281","Great Barracuda","Sphyraena barracuda",210,2
"202210160848-278","Great Barracuda","Sphyraena barracuda",154,1
"202210160903-265","Gray Snapper","Lutjanus griseus",146,1
"202210160912-279","Great Barracuda","Sphyraena barracuda",178,1
"202210160923-266","Great Barracuda","Sphyraena barracuda",145,1
"202210160950-280","Gray Snapper","Lutjanus griseus",154,2
"202210160950-280","Gray Snapper","Lutjanus griseus",178,2
"202210161010-239","Spotted Seatrout","Cynoscion nebulosus",38,1
"202210161010-239","Gray Snapper","Lutjanus griseus",128,1
"202210161025-240","Spotted Seatrout","Cynoscion nebulosus",121,1
"202210161037-226","Gray Snapper","Lutjanus griseus",218,1
"202210161037-226","Great Barracuda","Sphyraena barracuda",46,2
"202210161037-226","Great Barracuda","Sphyraena barracuda",73,2
"202210161047-225","Spotted Seatrout","Cynoscion nebulosus",72,1
"202210161056-224","Great Barracuda","Sphyraena barracuda",191,1
"202210161113-255","Gray Snapper","Lutjanus griseus",168,3
"202210161113-255","Gray Snapper","Lutjanus griseus",170,3
"202210161113-255","Gray Snapper","Lutjanus griseus",218,3
"202210161113-255","Lane Snapper","Lutjanus synagris",122,1
"202210161113-255","Great Barracuda","Sphyraena barracuda",87,2
"202210161113-255","Great Barracuda","Sphyraena barracuda",197,2
"202210161147-227","Great Barracuda","Sphyraena barracuda",53,4
"202210161147-227","Great Barracuda","Sphyraena barracuda",108,4
"202210161147-227","Great Barracuda","Sphyraena barracuda",108,4
"202210161147-227","Great Barracuda","Sphyraena barracuda",111,4
"202210161219-244","Gray Snapper","Lutjanus griseus",58,2
"202210161219-244","Gray Snapper","Lutjanus griseus",148,2
"202210161228-243","Spotted Seatrout","Cynoscion nebulosus",75,2
"202210161228-243","Spotted Seatrout","Cynoscion nebulosus",88,2
"202210161228-243","Caribbean Spiny Lobster","Panulirus argus",100,1
"202210161320-271","Spotted Seatrout","Cynoscion nebulosus",38,1
"202210161320-271","Bluestriped Grunt","Haemulon sciurus",112,5
"202210161320-271","Bluestriped Grunt","Haemulon sciurus",122,5
"202210161320-271","Bluestriped Grunt","Haemulon sciurus",123,5
"202210161320-271","Bluestriped Grunt","Haemulon sciurus",130,5
"202210161320-271","Bluestriped Grunt","Haemulon sciurus",138,5
"202210161320-271","Great Barracuda","Sphyraena barracuda",85,2
"202210161320-271","Great Barracuda","Sphyraena barracuda",223,2
"202210161421-284","Gray Snapper","Lutjanus griseus",147,1
"202210161448-283","Atlantic Bay Scallop","Argopecten irradians",32,3
"202210161448-283","Atlantic Bay Scallop","Argopecten irradians",38,3
"202210161448-283","Atlantic Bay Scallop","Argopecten irradians",40,3
"202210161457-269","Atlantic Bay Scallop","Argopecten irradians",32,1
"202210161457-269","Spotted Seatrout","Cynoscion nebulosus",35,1
"202210161508-256","Great Barracuda","Sphyraena barracuda",81,1
"202210161518-268","Gray Snapper","Lutjanus griseus",149,1
"202210161541-237","Gray Snapper","Lutjanus griseus",138,1
"202210161541-237","Lane Snapper","Lutjanus synagris",43,1
"202210161611-172","Sailor's Grunt","Haemulon parra",125,1
"202210161611-172","Lane Snapper","Lutjanus synagris",38,1
"202210161621-168","Spotted Seatrout","Cynoscion nebulosus",32,1
"202210161621-168","Bluestriped Grunt","Haemulon sciurus",94,3
"202210161621-168","Bluestriped Grunt","Haemulon sciurus",97,3
"202210161621-168","Bluestriped Grunt","Haemulon sciurus",104,3
"202210161621-168","Sailor's Grunt","Haemulon parra",77,1
"202210161621-168","Lane Snapper","Lutjanus synagris",118,1
"202210161639-158","Sheepshead","Archosargus probatocephalus",97,1
"202210161639-158","Barred Hamlet","Hypoplectrus puella",54,4
"202210161639-158","Barred Hamlet","Hypoplectrus puella",58,4
"202210161639-158","Barred Hamlet","Hypoplectrus puella",64,4
"202210161639-158","Barred Hamlet","Hypoplectrus puella",68,4
"202210161639-158","Gray Snapper","Lutjanus griseus",175,1
"202210161639-158","Lane Snapper","Lutjanus synagris",101,8
"202210161639-158","Lane Snapper","Lutjanus synagris",86,8
"202210161639-158","Lane Snapper","Lutjanus synagris",50,8
"202210161639-158","Lane Snapper","Lutjanus synagris",72,8
"202210161639-158","Lane Snapper","Lutjanus synagris",95,8
"202210161639-158","Lane Snapper","Lutjanus synagris",92,8
"202210161639-158","Lane Snapper","Lutjanus synagris",53,8
"202210161639-158","Lane Snapper","Lutjanus synagris",60,8
"202210161657-156","Blue Croaker","Corvula batabana",115,2
"202210161657-156","Blue Croaker","Corvula batabana",97,2
"202210161657-156","Barred Hamlet","Hypoplectrus puella",56,5
"202210161657-156","Barred Hamlet","Hypoplectrus puella",57,5
"202210161657-156","Barred Hamlet","Hypoplectrus puella",62,5
"202210161657-156","Barred Hamlet","Hypoplectrus puella",64,5
"202210161657-156","Barred Hamlet","Hypoplectrus puella",68,5
"202210161657-156","Gray Snapper","Lutjanus griseus",168,3
"202210161657-156","Gray Snapper","Lutjanus griseus",173,3
"202210161657-156","Gray Snapper","Lutjanus griseus",199,3
"202210161657-156","Lane Snapper","Lutjanus synagris",102,3
"202210161657-156","Lane Snapper","Lutjanus synagris",102,3
"202210161657-156","Lane Snapper","Lutjanus synagris",111,3
"202210161736-068","Lane Snapper","Lutjanus synagris",82,1
"202210161746-070","Lookdown","Selene vomer",55,1
"202210170848-143","Sheepshead","Archosargus probatocephalus",98,1
"202210170848-143","Spotted Seatrout","Cynoscion nebulosus",32,1
"202210170848-143","Bluestriped Grunt","Haemulon sciurus",75,1
"202210170848-143","Barred Hamlet","Hypoplectrus puella",40,1
"202210170848-143","Lane Snapper","Lutjanus synagris",37,8
"202210170848-143","Lane Snapper","Lutjanus synagris",42,8
"202210170848-143","Lane Snapper","Lutjanus synagris",44,8
"202210170848-143","Lane Snapper","Lutjanus synagris",45,8
"202210170848-143","Lane Snapper","Lutjanus synagris",52,8
"202210170848-143","Lane Snapper","Lutjanus synagris",71,8
"202210170848-143","Lane Snapper","Lutjanus synagris",72,8
"202210170848-143","Lane Snapper","Lutjanus synagris",75,8
"202210170902-130","Sheepshead","Archosargus probatocephalus",182,1
"202210170902-130","Blue Croaker","Corvula batabana",57,2
"202210170902-130","Blue Croaker","Corvula batabana",74,2
"202210170902-130","Atlantic Spadefish","Chaetodipterus faber",114,1
"202210170902-130","Barred Hamlet","Hypoplectrus puella",48,5
"202210170902-130","Barred Hamlet","Hypoplectrus puella",55,5
"202210170902-130","Barred Hamlet","Hypoplectrus puella",56,5
"202210170902-130","Barred Hamlet","Hypoplectrus puella",70,5
"202210170902-130","Barred Hamlet","Hypoplectrus puella",72,5
"202210170920-119","Grass Porgy","Calamus arctifrons",117,1
"202210170920-119","Spotted Seatrout","Cynoscion nebulosus",40,1
"202210170920-119","Barred Hamlet","Hypoplectrus puella",78,2
"202210170920-119","Barred Hamlet","Hypoplectrus puella",88,2
"202210170920-119","Lane Snapper","Lutjanus synagris",49,4
"202210170920-119","Lane Snapper","Lutjanus synagris",92,4
"202210170920-119","Lane Snapper","Lutjanus synagris",96,4
"202210170920-119","Lane Snapper","Lutjanus synagris",100,4
"202210170945-101","Spotted Seatrout","Cynoscion nebulosus",26,4
"202210170945-101","Spotted Seatrout","Cynoscion nebulosus",29,4
"202210170945-101","Spotted Seatrout","Cynoscion nebulosus",34,4
"202210170945-101","Spotted Seatrout","Cynoscion nebulosus",50,4
"202210170945-101","Gray Snapper","Lutjanus griseus",135,2
"202210170945-101","Gray Snapper","Lutjanus griseus",200,2
"202210170945-101","Lane Snapper","Lutjanus synagris",102,1
"202210171017-023","Barred Hamlet","Hypoplectrus puella",53,2
"202210171017-023","Barred Hamlet","Hypoplectrus puella",58,2
"202210171017-023","Lane Snapper","Lutjanus synagris",35,1
"202210171017-023","Barbfish","Scorpaena brasiliensis",58,1
"202210171134-159","Gray Snapper","Lutjanus griseus",152,1
"202210171134-159","Great Barracuda","Sphyraena barracuda",151,1
"202211051432-312","Great Barracuda","Sphyraena barracuda",48,2
"202211051432-312","Great Barracuda","Sphyraena barracuda",164,2
"202211051505-609","Spotted Seatrout","Cynoscion nebulosus",130,1
"202211051510-290","Gray Snapper","Lutjanus griseus",172,1
"202211051519-291","Gray Snapper","Lutjanus griseus",186,1
"202211051530-292","Lined Seahorse","Hippocampus erectus",135,1
"202211051530-292","Gray Snapper","Lutjanus griseus",171,2
"202211051530-292","Gray Snapper","Lutjanus griseus",174,2
"202211051530-292","Great Barracuda","Sphyraena barracuda",218,1
"202211051539-282","Great Barracuda","Sphyraena barracuda",103,3
"202211051539-282","Great Barracuda","Sphyraena barracuda",107,3
"202211051539-282","Great Barracuda","Sphyraena barracuda",122,3
"202211051550-283","Atlantic Bay Scallop","Argopecten irradians",34,1
"202211051600-294","Great Barracuda","Sphyraena barracuda",53,4
"202211051600-294","Great Barracuda","Sphyraena barracuda",92,4
"202211051600-294","Great Barracuda","Sphyraena barracuda",142,4
"202211051600-294","Great Barracuda","Sphyraena barracuda",164,4
"202211051609-284","Great Barracuda","Sphyraena barracuda",105,1
"202211051627-270","Gray Snapper","Lutjanus griseus",161,1
"202211051639-258","Great Barracuda","Sphyraena barracuda",84,1
"202211051649-257","Sailor's Grunt","Haemulon parra",92,1
"202211051649-257","Gray Snapper","Lutjanus griseus",186,1
"202211051649-257","Caribbean Spiny Lobster","Panulirus argus",130,1
"202211051649-257","Great Barracuda","Sphyraena barracuda",195,1
"202211051700-269","Bluestriped Grunt","Haemulon sciurus",123,1
"202211051722-268","Great Barracuda","Sphyraena barracuda",230,2
"202211051722-268","Great Barracuda","Sphyraena barracuda",231,2
"202211051733-281","Great Barracuda","Sphyraena barracuda",162,1
"202211051746-280","Gray Snapper","Lutjanus griseus",158,2
"202211051746-280","Gray Snapper","Lutjanus griseus",191,2
"202211051746-280","Great Barracuda","Sphyraena barracuda",199,2
"202211051746-280","Great Barracuda","Sphyraena barracuda",216,2
"202211051758-267","Atlantic Bay Scallop","Argopecten irradians",44,1
"202211051809-253","Great Barracuda","Sphyraena barracuda",145,1
"202211060847-278","Gray Snapper","Lutjanus griseus",166,2
"202211060847-278","Gray Snapper","Lutjanus griseus",178,2
"202211060847-278","Hogchoker","Trinectes maculatus",75,1
"202211060858-265","Gray Snapper","Lutjanus griseus",198,1
"202211060955-304","Atlantic Bay Scallop","Argopecten irradians",38,1
"202211061034-323","Great Barracuda","Sphyraena barracuda",152,1
"202211061127-622","Spotted Seatrout","Cynoscion nebulosus",180,1
"202211061127-622","Bluestriped Grunt","Haemulon sciurus",118,1
"202211061127-622","Great Barracuda","Sphyraena barracuda",152,3
"202211061127-622","Great Barracuda","Sphyraena barracuda",190,3
"202211061127-622","Great Barracuda","Sphyraena barracuda",209,3
"202211061357-254","Gray Snapper","Lutjanus griseus",171,1
"202211061357-254","Gulf Flounder","Paralichthys albigutta",272,1
"202211061419-240","Spotted Seatrout","Cynoscion nebulosus",119,1
"202211061443-225","Gulf Flounder","Paralichthys albigutta",239,1
"202211061501-226","Atlantic Bay Scallop","Argopecten irradians",42,1
"202211061511-227","Bluestriped Grunt","Haemulon sciurus",112,1
"202211061535-243","Bluestriped Grunt","Haemulon sciurus",109,1
"202211061535-243","Great Barracuda","Sphyraena barracuda",164,1
"202211061544-244","Bluestriped Grunt","Haemulon sciurus",148,1
"202211061557-229","Great Barracuda","Sphyraena barracuda",37,2
"202211061557-229","Great Barracuda","Sphyraena barracuda",136,2
"202211061607-228","Gray Snapper","Lutjanus griseus",201,1
"202211061705-123","Great Barracuda","Sphyraena barracuda",53,1
"202211061720-112","Spotted Seatrout","Cynoscion nebulosus",178,1
"202211061720-112","Barred Hamlet","Hypoplectrus puella",83,1
"202211061720-112","Great Barracuda","Sphyraena barracuda",61,1
"202211070911-070","Barbfish","Scorpaena brasiliensis",53,1
"202211070935-237","Spotted Seatrout","Cynoscion nebulosus",85,1
"202211070935-237","Gray Snapper","Lutjanus griseus",85,4
"202211070935-237","Gray Snapper","Lutjanus griseus",165,4
"202211070935-237","Gray Snapper","Lutjanus griseus",192,4
"202211070935-237","Gray Snapper","Lutjanus griseus",220,4
"202211070956-173","Gray Snapper","Lutjanus griseus",89,4
"202211070956-173","Gray Snapper","Lutjanus griseus",132,4
"202211070956-173","Gray Snapper","Lutjanus griseus",142,4
"202211070956-173","Gray Snapper","Lutjanus griseus",154,4
"202211070956-173","Lane Snapper","Lutjanus synagris",102,1
"202211071058-145","Gray Snapper","Lutjanus griseus",173,1
"202211071058-145","Lane Snapper","Lutjanus synagris",112,2
"202211071058-145","Lane Snapper","Lutjanus synagris",115,2
"202211071058-145","Caribbean Spiny Lobster","Panulirus argus",160,1
"202211071058-145","Great Barracuda","Sphyraena barracuda",164,1
"202211071110-146","Lane Snapper","Lutjanus synagris",92,1
"202211071139-144","Lane Snapper","Lutjanus synagris",93,1
"202211071152-143","Barred Hamlet","Hypoplectrus puella",66,4
"202211071152-143","Barred Hamlet","Hypoplectrus puella",67,4
"202211071152-143","Barred Hamlet","Hypoplectrus puella",78,4
"202211071152-143","Barred Hamlet","Hypoplectrus puella",86,4
"202211071152-143","Gray Snapper","Lutjanus griseus",182,2
"202211071152-143","Gray Snapper","Lutjanus griseus",201,2
"202211071152-143","Lane Snapper","Lutjanus synagris",50,7
"202211071152-143","Lane Snapper","Lutjanus synagris",51,7
"202211071152-143","Lane Snapper","Lutjanus synagris",52,7
"202211071152-143","Lane Snapper","Lutjanus synagris",66,7
"202211071152-143","Lane Snapper","Lutjanus synagris",98,7
"202211071152-143","Lane Snapper","Lutjanus synagris",110,7
"202211071152-143","Lane Snapper","Lutjanus synagris",112,7
"202211071215-065","Crevalle Jack","Caranx hippos",104,1
"202211071215-065","Lane Snapper","Lutjanus synagris",64,1
"202211071215-065","Lookdown","Selene vomer",86,1
"202211071248-118","Barred Hamlet","Hypoplectrus puella",72,1
"202211071248-118","Lane Snapper","Lutjanus synagris",57,4
"202211071248-118","Lane Snapper","Lutjanus synagris",58,4
"202211071248-118","Lane Snapper","Lutjanus synagris",63,4
"202211071248-118","Lane Snapper","Lutjanus synagris",65,4
"202211071248-118","Barbfish","Scorpaena brasiliensis",56,1
"202211071331-020","Mutton Snapper","Lutjanus analis",157,1
"202211071611-022","Barred Hamlet","Hypoplectrus puella",50,3
"202211071611-022","Barred Hamlet","Hypoplectrus puella",65,3
"202211071611-022","Barred Hamlet","Hypoplectrus puella",70,3
"202211071611-022","Lane Snapper","Lutjanus synagris",28,7
"202211071611-022","Lane Snapper","Lutjanus synagris",44,7
"202211071611-022","Lane Snapper","Lutjanus synagris",44,7
"202211071611-022","Lane Snapper","Lutjanus synagris",66,7
"202211071611-022","Lane Snapper","Lutjanus synagris",83,7
"202211071611-022","Lane Snapper","Lutjanus synagris",85,7
"202211071611-022","Lane Snapper","Lutjanus synagris",112,7
"202211071611-022","Barbfish","Scorpaena brasiliensis",155,1
"202211071637-024","Blue Croaker","Corvula batabana",78,1
"202211071637-024","Lane Snapper","Lutjanus synagris",65,3
"202211071637-024","Lane Snapper","Lutjanus synagris",108,3
"202211071637-024","Lane Snapper","Lutjanus synagris",116,3
"202211071637-024","Barbfish","Scorpaena brasiliensis",170,1
"202211071637-024","Great Barracuda","Sphyraena barracuda",81,1
"202211071651-105","Gray Snapper","Lutjanus griseus",160,1
"202211071651-105","Gulf Flounder","Paralichthys albigutta",225,2
"202211071651-105","Gulf Flounder","Paralichthys albigutta",248,2
"202305271411-279","Lined Seahorse","Hippocampus erectus",115,2
"202305271411-279","Lined Seahorse","Hippocampus erectus",70,2
"202305271435-267","Atlantic Bay Scallop","Argopecten irradians",25,1
"202305271435-267","Lined Seahorse","Hippocampus erectus",125,1
"202305271444-280","Atlantic Bay Scallop","Argopecten irradians",31,2
"202305271444-280","Atlantic Bay Scallop","Argopecten irradians",32,2
"202305271444-280","Lined Seahorse","Hippocampus erectus",135,2
"202305271444-280","Lined Seahorse","Hippocampus erectus",120,2
"202305271456-281","Blue Crab","Callinectes sapidus",NA,1
"202305271506-291","Blue Crab","Callinectes sapidus",NA,1
"202305271516-292","Lined Seahorse","Hippocampus erectus",89,1
"202305271525-282","Atlantic Bay Scallop","Argopecten irradians",18,3
"202305271525-282","Atlantic Bay Scallop","Argopecten irradians",17,3
"202305271525-282","Atlantic Bay Scallop","Argopecten irradians",18,3
"202305271538-268","Atlantic Bay Scallop","Argopecten irradians",23,16
"202305271538-268","Atlantic Bay Scallop","Argopecten irradians",29,16
"202305271538-268","Atlantic Bay Scallop","Argopecten irradians",22,16
"202305271538-268","Atlantic Bay Scallop","Argopecten irradians",18,16
"202305271538-268","Atlantic Bay Scallop","Argopecten irradians",22,16
"202305271538-268","Atlantic Bay Scallop","Argopecten irradians",21,16
"202305271538-268","Atlantic Bay Scallop","Argopecten irradians",24,16
"202305271538-268","Atlantic Bay Scallop","Argopecten irradians",18,16
"202305271538-268","Atlantic Bay Scallop","Argopecten irradians",19,16
"202305271538-268","Atlantic Bay Scallop","Argopecten irradians",18,16
"202305271538-268","Atlantic Bay Scallop","Argopecten irradians",18,16
"202305271538-268","Atlantic Bay Scallop","Argopecten irradians",22,16
"202305271538-268","Atlantic Bay Scallop","Argopecten irradians",19,16
"202305271538-268","Atlantic Bay Scallop","Argopecten irradians",23,16
"202305271538-268","Atlantic Bay Scallop","Argopecten irradians",12,16
"202305271538-268","Atlantic Bay Scallop","Argopecten irradians",18,16
"202305271554-256","Blue Crab","Callinectes sapidus",NA,1
"202305271602-269","Lined Seahorse","Hippocampus erectus",92,1
"202305271621-283","Atlantic Bay Scallop","Argopecten irradians",21,5
"202305271621-283","Atlantic Bay Scallop","Argopecten irradians",18,5
"202305271621-283","Atlantic Bay Scallop","Argopecten irradians",19,5
"202305271621-283","Atlantic Bay Scallop","Argopecten irradians",17,5
"202305271621-283","Atlantic Bay Scallop","Argopecten irradians",15,5
"202305271657-257","Atlantic Bay Scallop","Argopecten irradians",18,2
"202305271657-257","Atlantic Bay Scallop","Argopecten irradians",33,2
"202305271657-257","Blue Crab","Callinectes sapidus",NA,1
"202305271706-258","Atlantic Bay Scallop","Argopecten irradians",30,1
"202305271717-244","Atlantic Bay Scallop","Argopecten irradians",26,1
"202305271725-243","Lined Seahorse","Hippocampus erectus",120,1
"202305271745-229","Atlantic Bay Scallop","Argopecten irradians",32,1
"202305271753-228","Atlantic Bay Scallop","Argopecten irradians",28,1
"202305271753-228","Lined Seahorse","Hippocampus erectus",140,1
"202305280809-253","Atlantic Bay Scallop","Argopecten irradians",20,1
"202305280830-290","Blue Crab","Callinectes sapidus",NA,1
"202305280839-609","Atlantic Bay Scallop","Argopecten irradians",13,1
"202305280907-302","Lined Seahorse","Hippocampus erectus",125,1
"202305280917-303","Blue Crab","Callinectes sapidus",NA,1
"202305281504-255","Atlantic Bay Scallop","Argopecten irradians",25,1
"202305281523-239","Spotted Seatrout","Cynoscion nebulosus",62,1
"202305281523-239","Gray Snapper","Lutjanus griseus",157,1
"202305281535-240","Spotted Seatrout","Cynoscion nebulosus",65,1
"202305281546-241","Blue Crab","Callinectes sapidus",NA,1
"202305281604-226","Lined Seahorse","Hippocampus erectus",115,1
"202305281622-224","Sailor's Grunt","Haemulon parra",62,1
"202305290815-237","Grass Porgy","Calamus arctifrons",63,1
"202305290815-237","Gray Snapper","Lutjanus griseus",148,2
"202305290815-237","Gray Snapper","Lutjanus griseus",214,2
"202305290815-237","Blue Crab","Callinectes sapidus",NA,1
"202305290836-171","Sheepshead","Archosargus probatocephalus",87,1
"202305290836-171","Grass Porgy","Calamus arctifrons",73,1
"202305290836-171","Lane Snapper","Lutjanus synagris",51,10
"202305290836-171","Lane Snapper","Lutjanus synagris",51,10
"202305290836-171","Lane Snapper","Lutjanus synagris",54,10
"202305290836-171","Lane Snapper","Lutjanus synagris",55,10
"202305290836-171","Lane Snapper","Lutjanus synagris",58,10
"202305290836-171","Lane Snapper","Lutjanus synagris",54,10
"202305290836-171","Lane Snapper","Lutjanus synagris",48,10
"202305290836-171","Lane Snapper","Lutjanus synagris",47,10
"202305290836-171","Lane Snapper","Lutjanus synagris",48,10
"202305290836-171","Lane Snapper","Lutjanus synagris",27,10
"202305290836-171","Blue Crab","Callinectes sapidus",NA,1
"202305290854-168","Hogfish","Lachnolaimus maximus",42,1
"202305290925-169","Grass Porgy","Calamus arctifrons",52,2
"202305290925-169","Grass Porgy","Calamus arctifrons",48,2
"202305290941-167","Sheepshead","Archosargus probatocephalus",76,2
"202305290941-167","Sheepshead","Archosargus probatocephalus",85,2
"202305290957-158","Lane Snapper","Lutjanus synagris",39,1
"202305291010-156","Sailor's Grunt","Haemulon parra",58,1
"202305291027-117","Lane Snapper","Lutjanus synagris",169,1
"202305291050-108","Grass Porgy","Calamus arctifrons",48,3
"202305291050-108","Grass Porgy","Calamus arctifrons",52,3
"202305291050-108","Grass Porgy","Calamus arctifrons",46,3
"202305291050-108","Hogfish","Lachnolaimus maximus",79,1
"202305291050-108","Gray Snapper","Lutjanus griseus",167,1
"202305291109-101","Hogfish","Lachnolaimus maximus",48,1
"202305291122-022","Lane Snapper","Lutjanus synagris",140,2
"202305291122-022","Lane Snapper","Lutjanus synagris",152,2
"202305291143-024","Sheepshead","Archosargus probatocephalus",342,2
"202305291143-024","Sheepshead","Archosargus probatocephalus",148,2
"202305291143-024","Spotted Seatrout","Cynoscion nebulosus",71,1
"202305291143-024","Bluestriped Grunt","Haemulon sciurus",69,1
"202305291143-024","Barred Hamlet","Hypoplectrus puella",96,1
"202305291143-024","Hogfish","Lachnolaimus maximus",58,1
"202305291143-024","Gray Snapper","Lutjanus griseus",138,1
"202305291143-024","Caribbean Spiny Lobster","Panulirus argus",100,1
"202305291354-123","Yellowtail Snapper","Ocyurus chrysurus",166,1
"202305300843-145","Bluestriped Grunt","Haemulon sciurus",62,1
"202305300909-159","Gray Snapper","Lutjanus griseus",134,1
"202305300922-146","Goliath Grouper","Epinephelus itajara",158,1
"202306171006-253","Atlantic Bay Scallop","Argopecten irradians",38,1
"202306171045-265","Gulf Flounder","Paralichthys albigutta",48,1
"202306171103-267","Atlantic Bay Scallop","Argopecten irradians",26,2
"202306171103-267","Atlantic Bay Scallop","Argopecten irradians",24,2
"202306171140-268","Atlantic Bay Scallop","Argopecten irradians",32,3
"202306171140-268","Atlantic Bay Scallop","Argopecten irradians",24,3
"202306171140-268","Atlantic Bay Scallop","Argopecten irradians",25,3
"202306171150-282","Atlantic Bay Scallop","Argopecten irradians",24,2
"202306171150-282","Atlantic Bay Scallop","Argopecten irradians",22,2
"202306171346-290","Atlantic Bay Scallop","Argopecten irradians",21,1
"202306171357-292","Atlantic Bay Scallop","Argopecten irradians",16,2
"202306171357-292","Atlantic Bay Scallop","Argopecten irradians",24,2
"202306171411-283","Atlantic Bay Scallop","Argopecten irradians",28,9
"202306171411-283","Atlantic Bay Scallop","Argopecten irradians",30,9
"202306171411-283","Atlantic Bay Scallop","Argopecten irradians",22,9
"202306171411-283","Atlantic Bay Scallop","Argopecten irradians",24,9
"202306171411-283","Atlantic Bay Scallop","Argopecten irradians",24,9
"202306171411-283","Atlantic Bay Scallop","Argopecten irradians",26,9
"202306171411-283","Atlantic Bay Scallop","Argopecten irradians",22,9
"202306171411-283","Atlantic Bay Scallop","Argopecten irradians",22,9
"202306171411-283","Atlantic Bay Scallop","Argopecten irradians",20,9
"202306171411-283","Atlantic Spadefish","Chaetodipterus faber",122,1
"202306171422-294","Great Barracuda","Sphyraena barracuda",78,1
"202306171504-270","Atlantic Bay Scallop","Argopecten irradians",30,2
"202306171504-270","Atlantic Bay Scallop","Argopecten irradians",24,2
"202306171504-270","Lined Seahorse","Hippocampus erectus",73,1
"202306171504-270","Blue Crab","Callinectes sapidus",NA,1
"202306171531-258","Blue Crab","Callinectes sapidus",NA,1
"202306171601-242","Lined Seahorse","Hippocampus erectus",110,2
"202306171601-242","Lined Seahorse","Hippocampus erectus",110,2
"202306180920-609","Blue Crab","Callinectes sapidus",NA,1
"202306181159-323","Atlantic Bay Scallop","Argopecten irradians",32,1
"202306181314-407","Lined Seahorse","Hippocampus erectus",110,1
"202306181516-404","Great Barracuda","Sphyraena barracuda",105,1
"202306181516-404","Blue Crab","Callinectes sapidus",NA,1
"202306190827-175","Lane Snapper","Lutjanus synagris",75,1
"202306190841-176","Gray Snapper","Lutjanus griseus",208,1
"202306190922-158","Lane Snapper","Lutjanus synagris",163,2
"202306190922-158","Lane Snapper","Lutjanus synagris",51,2
"202306190936-143","Spotted Seatrout","Cynoscion nebulosus",27,1
"202306190936-143","Gray Snapper","Lutjanus griseus",272,4
"202306190936-143","Gray Snapper","Lutjanus griseus",244,4
"202306190936-143","Gray Snapper","Lutjanus griseus",215,4
"202306190936-143","Gray Snapper","Lutjanus griseus",231,4
"202306190936-143","Lane Snapper","Lutjanus synagris",68,1
"202306191012-118","Lane Snapper","Lutjanus synagris",45,2
"202306191012-118","Lane Snapper","Lutjanus synagris",35,2
"202306191027-108","Grass Porgy","Calamus arctifrons",35,1
"202306191047-020","Atlantic Spadefish","Chaetodipterus faber",130,1
"202306191047-020","Bluestriped Grunt","Haemulon sciurus",84,1
"202306191047-020","Lane Snapper","Lutjanus synagris",61,2
"202306191047-020","Lane Snapper","Lutjanus synagris",172,2
"202306191100-101","Hogfish","Lachnolaimus maximus",94,5
"202306191100-101","Hogfish","Lachnolaimus maximus",98,5
"202306191100-101","Hogfish","Lachnolaimus maximus",70,5
"202306191100-101","Hogfish","Lachnolaimus maximus",50,5
"202306191100-101","Hogfish","Lachnolaimus maximus",78,5
"202306191100-101","Gray Snapper","Lutjanus griseus",178,1
"202306191119-022","Grass Porgy","Calamus arctifrons",59,1
"202306191134-023","Lane Snapper","Lutjanus synagris",151,2
"202306191134-023","Lane Snapper","Lutjanus synagris",60,2
"202306191143-024","Goliath Grouper","Epinephelus itajara",224,2
"202306191143-024","Goliath Grouper","Epinephelus itajara",176,2
"202306191143-024","Gray Snapper","Lutjanus griseus",247,3
"202306191143-024","Gray Snapper","Lutjanus griseus",204,3
"202306191143-024","Gray Snapper","Lutjanus griseus",162,3
"202306191200-105","Spotted Seatrout","Cynoscion nebulosus",37,1
"202306191200-105","Bluestriped Grunt","Haemulon sciurus",80,4
"202306191200-105","Bluestriped Grunt","Haemulon sciurus",56,4
"202306191200-105","Bluestriped Grunt","Haemulon sciurus",64,4
"202306191200-105","Bluestriped Grunt","Haemulon sciurus",80,4
"202306191200-105","Gray Snapper","Lutjanus griseus",209,6
"202306191200-105","Gray Snapper","Lutjanus griseus",186,6
"202306191200-105","Gray Snapper","Lutjanus griseus",201,6
"202306191200-105","Gray Snapper","Lutjanus griseus",170,6
"202306191200-105","Gray Snapper","Lutjanus griseus",156,6
"202306191200-105","Gray Snapper","Lutjanus griseus",110,6
"202306191200-105","Blue Crab","Callinectes sapidus",NA,1
"202306191353-123","Grass Porgy","Calamus arctifrons",167,1
"202306200702-070","Goliath Grouper","Epinephelus itajara",242,1
"202306200702-070","Hogfish","Lachnolaimus maximus",78,1
"202306200702-070","Gray Snapper","Lutjanus griseus",176,1
"202306200742-146","Spotted Seatrout","Cynoscion nebulosus",48,2
"202306200742-146","Spotted Seatrout","Cynoscion nebulosus",51,2
"202306200742-146","Bluestriped Grunt","Haemulon sciurus",80,3
"202306200742-146","Bluestriped Grunt","Haemulon sciurus",64,3
"202306200742-146","Bluestriped Grunt","Haemulon sciurus",71,3
"202306200742-146","Gulf Flounder","Paralichthys albigutta",144,1
"202306200753-134","Grass Porgy","Calamus arctifrons",50,1
"202306200835-229","Great Barracuda","Sphyraena barracuda",52,3
"202306200835-229","Great Barracuda","Sphyraena barracuda",105,3
"202306200835-229","Great Barracuda","Sphyraena barracuda",112,3
"202306200849-227","Caribbean Spiny Lobster","Panulirus argus",110,1
"202306200849-227","Great Barracuda","Sphyraena barracuda",78,1
"202306200849-227","Blue Crab","Callinectes sapidus",NA,1
"202306200859-226","Atlantic Bay Scallop","Argopecten irradians",30,1
"202306200859-226","Lined Seahorse","Hippocampus erectus",100,1
"202306200920-255","Lined Seahorse","Hippocampus erectus",140,1
"202306201003-225","Gray Snapper","Lutjanus griseus",170,1
"202306201013-224","Gray Snapper","Lutjanus griseus",204,1
"202307150825-253","Blue Crab","Callinectes sapidus",NA,1
"202307150838-266","Gray Snapper","Lutjanus griseus",224,1
"202307150838-266","Blue Crab","Callinectes sapidus",NA,1
"202307150853-265","Spotted Seatrout","Cynoscion nebulosus",49,1
"202307150905-278","Atlantic Spadefish","Chaetodipterus faber",160,1
"202307150905-278","Spotted Seatrout","Cynoscion nebulosus",33,1
"202307150905-278","Gray Snapper","Lutjanus griseus",159,1
"202307150905-278","Great Barracuda","Sphyraena barracuda",135,1
"202307150929-267","Atlantic Spadefish","Chaetodipterus faber",42,9
"202307150929-267","Atlantic Spadefish","Chaetodipterus faber",33,9
"202307150929-267","Atlantic Spadefish","Chaetodipterus faber",38,9
"202307150929-267","Atlantic Spadefish","Chaetodipterus faber",29,9
"202307150929-267","Atlantic Spadefish","Chaetodipterus faber",35,9
"202307150929-267","Atlantic Spadefish","Chaetodipterus faber",33,9
"202307150929-267","Atlantic Spadefish","Chaetodipterus faber",31,9
"202307150929-267","Atlantic Spadefish","Chaetodipterus faber",35,9
"202307150929-267","Atlantic Spadefish","Chaetodipterus faber",38,9
"202307150929-267","Spotted Seatrout","Cynoscion nebulosus",55,1
"202307150940-280","Atlantic Bay Scallop","Argopecten irradians",32,2
"202307150940-280","Atlantic Bay Scallop","Argopecten irradians",32,2
"202307151002-282","Atlantic Bay Scallop","Argopecten irradians",21,1
"202307151013-283","Atlantic Bay Scallop","Argopecten irradians",32,4
"202307151013-283","Atlantic Bay Scallop","Argopecten irradians",28,4
"202307151013-283","Atlantic Bay Scallop","Argopecten irradians",24,4
"202307151013-283","Atlantic Bay Scallop","Argopecten irradians",25,4
"202307151045-271","Spotted Seatrout","Cynoscion nebulosus",113,1
"202307151045-271","Great Barracuda","Sphyraena barracuda",112,1
"202307151108-258","Blue Crab","Callinectes sapidus",NA,1
"202307151121-257","Atlantic Bay Scallop","Argopecten irradians",28,1
"202307151148-268","Atlantic Bay Scallop","Argopecten irradians",22,2
"202307151148-268","Atlantic Bay Scallop","Argopecten irradians",21,2
"202307151148-268","Great Barracuda","Sphyraena barracuda",121,1
"202307151209-291","Atlantic Bay Scallop","Argopecten irradians",24,1
"202307151217-290","Atlantic Bay Scallop","Argopecten irradians",25,1
"202307151239-312","Caribbean Spiny Lobster","Panulirus argus",150,1
"202307151324-304","Great Barracuda","Sphyraena barracuda",81,1
"202307151340-314","Gray Snapper","Lutjanus griseus",151,1
"202307151418-313","Lined Seahorse","Hippocampus erectus",150,1
"202307151426-323","Caribbean Spiny Lobster","Panulirus argus",120,1
"202307151817-255","Atlantic Bay Scallop","Argopecten irradians",18,1
"202307151833-241","Grass Porgy","Calamus arctifrons",90,2
"202307151833-241","Grass Porgy","Calamus arctifrons",93,2
"202307151833-241","Caribbean Spiny Lobster","Panulirus argus",170,1
"202307160840-070","Gray Snapper","Lutjanus griseus",194,1
"202307160905-171","Gray Snapper","Lutjanus griseus",211,2
"202307160905-171","Gray Snapper","Lutjanus griseus",247,2
"202307160915-172","Gray Snapper","Lutjanus griseus",156,1
"202307160915-172","Lane Snapper","Lutjanus synagris",106,2
"202307160915-172","Lane Snapper","Lutjanus synagris",94,2
"202307160934-169","Grass Porgy","Calamus arctifrons",66,2
"202307160934-169","Grass Porgy","Calamus arctifrons",79,2
"202307160946-168","Sheepshead","Archosargus probatocephalus",88,1
"202307161047-119","Bluestriped Grunt","Haemulon sciurus",157,2
"202307161047-119","Bluestriped Grunt","Haemulon sciurus",78,2
"202307161047-119","Gray Snapper","Lutjanus griseus",164,1
"202307161047-119","Blue Crab","Callinectes sapidus",NA,1
"202307161202-105","Bluestriped Grunt","Haemulon sciurus",77,5
"202307161202-105","Bluestriped Grunt","Haemulon sciurus",67,5
"202307161202-105","Bluestriped Grunt","Haemulon sciurus",77,5
"202307161202-105","Bluestriped Grunt","Haemulon sciurus",75,5
"202307161202-105","Bluestriped Grunt","Haemulon sciurus",84,5
"202307161202-105","Sailor's Grunt","Haemulon parra",80,1
"202307161202-105","Gray Snapper","Lutjanus griseus",179,4
"202307161202-105","Gray Snapper","Lutjanus griseus",120,4
"202307161202-105","Gray Snapper","Lutjanus griseus",236,4
"202307161202-105","Gray Snapper","Lutjanus griseus",222,4
"202307161202-105","Great Barracuda","Sphyraena barracuda",56,1
"202307161228-111","Bluestriped Grunt","Haemulon sciurus",84,1
"202307161441-136","Grass Porgy","Calamus arctifrons",68,4
"202307161441-136","Grass Porgy","Calamus arctifrons",77,4
"202307161441-136","Grass Porgy","Calamus arctifrons",74,4
"202307161441-136","Grass Porgy","Calamus arctifrons",76,4
"202307161441-136","Spotted Seatrout","Cynoscion nebulosus",58,1
"202307161441-136","Bluestriped Grunt","Haemulon sciurus",70,1
"202307161617-228","Great Barracuda","Sphyraena barracuda",73,1
"202307161617-228","Blue Crab","Callinectes sapidus",NA,1
"202307161648-243","Caribbean Spiny Lobster","Panulirus argus",82,1
"202307161658-242","Caribbean Spiny Lobster","Panulirus argus",130,1
"202307161707-227","Blue Crab","Callinectes sapidus",NA,1
"202307161715-226","Caribbean Spiny Lobster","Panulirus argus",100,1
"202307161853-147","Bluestriped Grunt","Haemulon sciurus",90,2
"202307161853-147","Bluestriped Grunt","Haemulon sciurus",72,2
"202307161853-147","Lined Seahorse","Hippocampus erectus",120,1
"202307161906-146","Spotted Seatrout","Cynoscion nebulosus",41,1
"202307161906-146","Bluestriped Grunt","Haemulon sciurus",78,2
"202307161906-146","Bluestriped Grunt","Haemulon sciurus",69,2
"202307161927-133","Spotted Seatrout","Cynoscion nebulosus",90,1
"202307161927-133","Gray Snapper","Lutjanus griseus",171,4
"202307161927-133","Gray Snapper","Lutjanus griseus",137,4
"202307161927-133","Gray Snapper","Lutjanus griseus",133,4
"202307161927-133","Gray Snapper","Lutjanus griseus",164,4
"202308120919-281","Atlantic Bay Scallop","Argopecten irradians",21,1
"202308120919-281","Gulf Flounder","Paralichthys albigutta",82,1
"202308120959-609","Spotted Seatrout","Cynoscion nebulosus",60,2
"202308120959-609","Spotted Seatrout","Cynoscion nebulosus",52,2
"202308121038-302","Atlantic Spadefish","Chaetodipterus faber",154,1
"202308121107-304","Great Barracuda","Sphyraena barracuda",59,3
"202308121107-304","Great Barracuda","Sphyraena barracuda",90,3
"202308121107-304","Great Barracuda","Sphyraena barracuda",121,3
"202308121305-401","Great Barracuda","Sphyraena barracuda",108,2
"202308121305-401","Great Barracuda","Sphyraena barracuda",114,2
"202308121305-401","Blue Crab","Callinectes sapidus",NA,1
"202308121410-402","Great Barracuda","Sphyraena barracuda",190,1
"202308121623-326","Great Barracuda","Sphyraena barracuda",105,1
"202308131010-267","Atlantic Bay Scallop","Argopecten irradians",32,1
"202308131010-267","Gray Snapper","Lutjanus griseus",178,1
"202308131018-266","Atlantic Bay Scallop","Argopecten irradians",27,1
"202308131018-266","Spotted Seatrout","Cynoscion nebulosus",45,1
"202308131018-266","Great Barracuda","Sphyraena barracuda",119,2
"202308131018-266","Great Barracuda","Sphyraena barracuda",78,2
"202308131045-278","Spotted Seatrout","Cynoscion nebulosus",32,5
"202308131045-278","Spotted Seatrout","Cynoscion nebulosus",28,5
"202308131045-278","Spotted Seatrout","Cynoscion nebulosus",30,5
"202308131045-278","Spotted Seatrout","Cynoscion nebulosus",29,5
"202308131045-278","Spotted Seatrout","Cynoscion nebulosus",28,5
"202308131059-265","Spotted Seatrout","Cynoscion nebulosus",22,2
"202308131059-265","Spotted Seatrout","Cynoscion nebulosus",26,2
"202308131113-280","Atlantic Spadefish","Chaetodipterus faber",74,1
"202308131113-280","Spotted Seatrout","Cynoscion nebulosus",25,1
"202308131113-280","Gray Snapper","Lutjanus griseus",209,5
"202308131113-280","Gray Snapper","Lutjanus griseus",185,5
"202308131113-280","Gray Snapper","Lutjanus griseus",189,5
"202308131113-280","Gray Snapper","Lutjanus griseus",160,5
"202308131113-280","Gray Snapper","Lutjanus griseus",161,5
"202308131131-241","Spotted Seatrout","Cynoscion nebulosus",28,1
"202308131131-241","Great Barracuda","Sphyraena barracuda",75,2
"202308131131-241","Great Barracuda","Sphyraena barracuda",78,2
"202308131146-255","Gray Snapper","Lutjanus griseus",162,1
"202308131154-254","Great Barracuda","Sphyraena barracuda",110,1
"202308131207-240","Spotted Seatrout","Cynoscion nebulosus",25,1
"202308131207-240","Great Barracuda","Sphyraena barracuda",92,1
"202308131218-239","Spotted Seatrout","Cynoscion nebulosus",105,3
"202308131218-239","Spotted Seatrout","Cynoscion nebulosus",118,3
"202308131218-239","Spotted Seatrout","Cynoscion nebulosus",126,3
"202308131218-239","Gray Snapper","Lutjanus griseus",254,1
"202308131319-226","Great Barracuda","Sphyraena barracuda",89,1
"202308131319-226","Blue Crab","Callinectes sapidus",NA,1
"202308131333-225","Spotted Seatrout","Cynoscion nebulosus",168,1
"202308131333-225","Great Barracuda","Sphyraena barracuda",80,1
"202308131343-224","Spotted Seatrout","Cynoscion nebulosus",33,1
"202308131343-224","Blue Crab","Callinectes sapidus",NA,1
"202308131403-227","Great Barracuda","Sphyraena barracuda",90,1
"202308131441-243","Caribbean Spiny Lobster","Panulirus argus",90,1
"202308131441-243","Blue Crab","Callinectes sapidus",NA,1
"202308131452-242","Great Barracuda","Sphyraena barracuda",60,2
"202308131452-242","Great Barracuda","Sphyraena barracuda",74,2
"202308131522-270","Great Barracuda","Sphyraena barracuda",75,2
"202308131522-270","Great Barracuda","Sphyraena barracuda",71,2
"202308131634-294","Caribbean Spiny Lobster","Panulirus argus",135,3
"202308131634-294","Caribbean Spiny Lobster","Panulirus argus",140,3
"202308131634-294","Caribbean Spiny Lobster","Panulirus argus",150,3
"202308131643-283","Atlantic Bay Scallop","Argopecten irradians",30,1
"202308131643-283","Caribbean Spiny Lobster","Panulirus argus",180,1
"202308131643-283","Great Barracuda","Sphyraena barracuda",82,2
"202308131643-283","Great Barracuda","Sphyraena barracuda",120,2
"202308131652-282","Caribbean Spiny Lobster","Panulirus argus",140,1
"202308131700-256","Caribbean Spiny Lobster","Panulirus argus",185,1
"202308131700-256","Blue Crab","Callinectes sapidus",NA,1
"202308131730-237","Spotted Seatrout","Cynoscion nebulosus",34,1
"202308140734-156","Gray Snapper","Lutjanus griseus",42,1
"202308140734-156","Lane Snapper","Lutjanus synagris",71,2
"202308140734-156","Lane Snapper","Lutjanus synagris",48,2
"202308140821-167","Sheepshead","Archosargus probatocephalus",124,1
"202308140821-167","Spotted Seatrout","Cynoscion nebulosus",26,2
"202308140821-167","Spotted Seatrout","Cynoscion nebulosus",22,2
"202308140821-167","Bluestriped Grunt","Haemulon sciurus",94,8
"202308140821-167","Bluestriped Grunt","Haemulon sciurus",83,8
"202308140821-167","Bluestriped Grunt","Haemulon sciurus",95,8
"202308140821-167","Bluestriped Grunt","Haemulon sciurus",102,8
"202308140821-167","Bluestriped Grunt","Haemulon sciurus",92,8
"202308140821-167","Bluestriped Grunt","Haemulon sciurus",80,8
"202308140821-167","Bluestriped Grunt","Haemulon sciurus",84,8
"202308140821-167","Bluestriped Grunt","Haemulon sciurus",100,8
"202308140821-167","Sailor's Grunt","Haemulon parra",104,5
"202308140821-167","Sailor's Grunt","Haemulon parra",84,5
"202308140821-167","Sailor's Grunt","Haemulon parra",88,5
"202308140821-167","Sailor's Grunt","Haemulon parra",69,5
"202308140821-167","Sailor's Grunt","Haemulon parra",58,5
"202308140821-167","Gray Snapper","Lutjanus griseus",170,18
"202308140821-167","Gray Snapper","Lutjanus griseus",211,18
"202308140821-167","Gray Snapper","Lutjanus griseus",148,18
"202308140821-167","Gray Snapper","Lutjanus griseus",175,18
"202308140821-167","Gray Snapper","Lutjanus griseus",148,18
"202308140821-167","Gray Snapper","Lutjanus griseus",177,18
"202308140821-167","Gray Snapper","Lutjanus griseus",206,18
"202308140821-167","Gray Snapper","Lutjanus griseus",164,18
"202308140821-167","Gray Snapper","Lutjanus griseus",212,18
"202308140821-167","Gray Snapper","Lutjanus griseus",193,18
"202308140821-167","Gray Snapper","Lutjanus griseus",195,18
"202308140821-167","Gray Snapper","Lutjanus griseus",195,18
"202308140821-167","Gray Snapper","Lutjanus griseus",191,18
"202308140821-167","Gray Snapper","Lutjanus griseus",227,18
"202308140821-167","Gray Snapper","Lutjanus griseus",250,18
"202308140821-167","Gray Snapper","Lutjanus griseus",142,18
"202308140821-167","Gray Snapper","Lutjanus griseus",150,18
"202308140821-167","Gray Snapper","Lutjanus griseus",188,18
"202308140821-167","Lane Snapper","Lutjanus synagris",58,1
"202308140821-167","Great Barracuda","Sphyraena barracuda",223,1
"202308140848-176","Spotted Seatrout","Cynoscion nebulosus",83,2
"202308140848-176","Spotted Seatrout","Cynoscion nebulosus",50,2
"202308140848-176","Lane Snapper","Lutjanus synagris",56,1
"202308140905-175","Gray Snapper","Lutjanus griseus",204,2
"202308140905-175","Gray Snapper","Lutjanus griseus",48,2
"202308140905-175","Blue Crab","Callinectes sapidus",NA,1
"202308140937-168","Sheepshead","Archosargus probatocephalus",118,1
"202308140937-168","Spotted Seatrout","Cynoscion nebulosus",42,3
"202308140937-168","Spotted Seatrout","Cynoscion nebulosus",25,3
"202308140937-168","Spotted Seatrout","Cynoscion nebulosus",47,3
"202308140937-168","Lane Snapper","Lutjanus synagris",48,2
"202308140937-168","Lane Snapper","Lutjanus synagris",56,2
"202308141000-158","Lane Snapper","Lutjanus synagris",120,3
"202308141000-158","Lane Snapper","Lutjanus synagris",45,3
"202308141000-158","Lane Snapper","Lutjanus synagris",51,3
"202308141022-143","Spotted Seatrout","Cynoscion nebulosus",32,1
"202308141022-143","Bluestriped Grunt","Haemulon sciurus",108,1
"202308141022-143","Great Barracuda","Sphyraena barracuda",60,2
"202308141022-143","Great Barracuda","Sphyraena barracuda",94,2
"202308141601-022","Lane Snapper","Lutjanus synagris",51,1
"202308141624-105","Spotted Seatrout","Cynoscion nebulosus",158,2
"202308141624-105","Spotted Seatrout","Cynoscion nebulosus",93,2
"202308141624-105","Goliath Grouper","Epinephelus itajara",234,1
"202308141624-105","Bluestriped Grunt","Haemulon sciurus",85,4
"202308141624-105","Bluestriped Grunt","Haemulon sciurus",98,4
"202308141624-105","Bluestriped Grunt","Haemulon sciurus",110,4
"202308141624-105","Bluestriped Grunt","Haemulon sciurus",77,4
"202308141624-105","Gray Snapper","Lutjanus griseus",160,1
"202308141624-105","Great Barracuda","Sphyraena barracuda",84,1
"202308141649-124","Bluestriped Grunt","Haemulon sciurus",83,1
"202308141649-124","Great Barracuda","Sphyraena barracuda",64,3
"202308141649-124","Great Barracuda","Sphyraena barracuda",65,3
"202308141649-124","Great Barracuda","Sphyraena barracuda",55,3
"202308141701-123","Spotted Seatrout","Cynoscion nebulosus",73,1
"202308141701-123","Great Barracuda","Sphyraena barracuda",76,1
"202308141725-135","Sheepshead","Archosargus probatocephalus",85,1
"202308141735-133","Bluestriped Grunt","Haemulon sciurus",100,8
"202308141735-133","Bluestriped Grunt","Haemulon sciurus",107,8
"202308141735-133","Bluestriped Grunt","Haemulon sciurus",104,8
"202308141735-133","Bluestriped Grunt","Haemulon sciurus",110,8
"202308141735-133","Bluestriped Grunt","Haemulon sciurus",72,8
"202308141735-133","Bluestriped Grunt","Haemulon sciurus",95,8
"202308141735-133","Bluestriped Grunt","Haemulon sciurus",116,8
"202308141735-133","Bluestriped Grunt","Haemulon sciurus",101,8
"202308141750-159","Bluestriped Grunt","Haemulon sciurus",82,2
"202308141750-159","Bluestriped Grunt","Haemulon sciurus",65,2
"202308141750-159","Great Barracuda","Sphyraena barracuda",72,2
"202308141750-159","Great Barracuda","Sphyraena barracuda",71,2
"202308141800-146","Grass Porgy","Calamus arctifrons",80,1
"202308141800-146","Spotted Seatrout","Cynoscion nebulosus",33,2
"202308141800-146","Spotted Seatrout","Cynoscion nebulosus",45,2
"202308141800-146","Great Barracuda","Sphyraena barracuda",67,1
"202309090837-281","Atlantic Bay Scallop","Argopecten irradians",24,1
"202309090848-292","Great Barracuda","Sphyraena barracuda",134,2
"202309090848-292","Great Barracuda","Sphyraena barracuda",68,2
"202309090900-291","Spotted Seatrout","Cynoscion nebulosus",57,3
"202309090900-291","Spotted Seatrout","Cynoscion nebulosus",84,3
"202309090900-291","Spotted Seatrout","Cynoscion nebulosus",28,3
"202309090900-291","Gray Snapper","Lutjanus griseus",225,3
"202309090900-291","Gray Snapper","Lutjanus griseus",204,3
"202309090900-291","Gray Snapper","Lutjanus griseus",65,3
"202309090900-291","Great Barracuda","Sphyraena barracuda",126,1
"202309090910-290","Spotted Seatrout","Cynoscion nebulosus",75,1
"202309090920-609","Spotted Seatrout","Cynoscion nebulosus",85,2
"202309090920-609","Spotted Seatrout","Cynoscion nebulosus",39,2
"202309090920-609","Gray Snapper","Lutjanus griseus",198,2
"202309090920-609","Gray Snapper","Lutjanus griseus",182,2
"202309090920-609","Caribbean Spiny Lobster","Panulirus argus",175,1
"202309090920-609","Great Barracuda","Sphyraena barracuda",154,1
"202309090934-312","Great Barracuda","Sphyraena barracuda",121,1
"202309090941-301","Gulf Flounder","Paralichthys albigutta",78,1
"202309090941-301","Great Barracuda","Sphyraena barracuda",122,1
"202309090952-302","Great Barracuda","Sphyraena barracuda",97,4
"202309090952-302","Great Barracuda","Sphyraena barracuda",232,4
"202309090952-302","Great Barracuda","Sphyraena barracuda",168,4
"202309090952-302","Great Barracuda","Sphyraena barracuda",134,4
"202309091003-303","Gray Snapper","Lutjanus griseus",182,1
"202309091003-303","Great Barracuda","Sphyraena barracuda",253,1
"202309091022-315","Great Barracuda","Sphyraena barracuda",113,3
"202309091022-315","Great Barracuda","Sphyraena barracuda",101,3
"202309091022-315","Great Barracuda","Sphyraena barracuda",136,3
"202309091036-314","Great Barracuda","Sphyraena barracuda",135,3
"202309091036-314","Great Barracuda","Sphyraena barracuda",139,3
"202309091036-314","Great Barracuda","Sphyraena barracuda",103,3
"202309091047-313","Spotted Seatrout","Cynoscion nebulosus",55,1
"202309091047-313","Gray Snapper","Lutjanus griseus",80,1
"202309091047-313","Great Barracuda","Sphyraena barracuda",151,4
"202309091047-313","Great Barracuda","Sphyraena barracuda",86,4
"202309091047-313","Great Barracuda","Sphyraena barracuda",118,4
"202309091047-313","Great Barracuda","Sphyraena barracuda",140,4
"202309091101-323","Spotted Seatrout","Cynoscion nebulosus",73,3
"202309091101-323","Spotted Seatrout","Cynoscion nebulosus",55,3
"202309091101-323","Spotted Seatrout","Cynoscion nebulosus",94,3
"202309091101-323","Great Barracuda","Sphyraena barracuda",78,4
"202309091101-323","Great Barracuda","Sphyraena barracuda",95,4
"202309091101-323","Great Barracuda","Sphyraena barracuda",198,4
"202309091101-323","Great Barracuda","Sphyraena barracuda",110,4
"202309091139-401","Spotted Seatrout","Cynoscion nebulosus",86,1
"202309091139-401","Great Barracuda","Sphyraena barracuda",158,3
"202309091139-401","Great Barracuda","Sphyraena barracuda",150,3
"202309091139-401","Great Barracuda","Sphyraena barracuda",138,3
"202309091148-616","Great Barracuda","Sphyraena barracuda",160,2
"202309091148-616","Great Barracuda","Sphyraena barracuda",92,2
"202309091155-618","Great Barracuda","Sphyraena barracuda",235,1
"202309091214-621","Spotted Seatrout","Cynoscion nebulosus",65,1
"202309091214-621","Great Barracuda","Sphyraena barracuda",94,1
"202309091222-622","Spotted Seatrout","Cynoscion nebulosus",90,1
"202309091222-622","Gray Snapper","Lutjanus griseus",158,2
"202309091222-622","Gray Snapper","Lutjanus griseus",161,2
"202309091222-622","Great Barracuda","Sphyraena barracuda",154,1
"202309091233-619","Gray Snapper","Lutjanus griseus",232,1
"202309091252-402","Gray Snapper","Lutjanus griseus",89,1
"202309091317-408","Great Barracuda","Sphyraena barracuda",110,2
"202309091317-408","Great Barracuda","Sphyraena barracuda",112,2
"202309091330-403","Great Barracuda","Sphyraena barracuda",168,3
"202309091330-403","Great Barracuda","Sphyraena barracuda",127,3
"202309091330-403","Great Barracuda","Sphyraena barracuda",85,3
"202309091340-404","Bluestriped Grunt","Haemulon sciurus",203,1
"202309091340-404","Great Barracuda","Sphyraena barracuda",171,3
"202309091340-404","Great Barracuda","Sphyraena barracuda",85,3
"202309091340-404","Great Barracuda","Sphyraena barracuda",168,3
"202309091503-270","Great Barracuda","Sphyraena barracuda",99,2
"202309091503-270","Great Barracuda","Sphyraena barracuda",65,2
"202309091516-284","Atlantic Bay Scallop","Argopecten irradians",35,1
"202309091516-284","Spotted Seatrout","Cynoscion nebulosus",63,1
"202309091528-294","Atlantic Bay Scallop","Argopecten irradians",46,1
"202309091528-294","Great Barracuda","Sphyraena barracuda",78,1
"202309091537-283","Great Barracuda","Sphyraena barracuda",215,1
"202309091556-269","Great Barracuda","Sphyraena barracuda",120,2
"202309091556-269","Great Barracuda","Sphyraena barracuda",111,2
"202309091606-268","Spotted Seatrout","Cynoscion nebulosus",84,1
"202309091606-268","Great Barracuda","Sphyraena barracuda",136,1
"202309091623-257","Spotted Seatrout","Cynoscion nebulosus",185,1
"202309091623-257","Great Barracuda","Sphyraena barracuda",81,1
"202309091631-258","Great Barracuda","Sphyraena barracuda",74,1
"202309091631-258","Blue Crab","Callinectes sapidus",NA,1
"202309091641-244","Great Barracuda","Sphyraena barracuda",74,4
"202309091641-244","Great Barracuda","Sphyraena barracuda",83,4
"202309091641-244","Great Barracuda","Sphyraena barracuda",75,4
"202309091641-244","Great Barracuda","Sphyraena barracuda",68,4
"202309091650-243","Gray Snapper","Lutjanus griseus",157,1
"202309091702-242","Spotted Seatrout","Cynoscion nebulosus",106,1
"202309091702-242","Great Barracuda","Sphyraena barracuda",72,1
"202309091713-227","Blue Crab","Callinectes sapidus",NA,1
"202309091741-226","Great Barracuda","Sphyraena barracuda",81,2
"202309091741-226","Great Barracuda","Sphyraena barracuda",57,2
"202309091748-241","Spotted Seatrout","Cynoscion nebulosus",25,4
"202309091748-241","Spotted Seatrout","Cynoscion nebulosus",165,4
"202309091748-241","Spotted Seatrout","Cynoscion nebulosus",28,4
"202309091748-241","Spotted Seatrout","Cynoscion nebulosus",34,4
"202309091748-241","Lane Snapper","Lutjanus synagris",81,1
"202309091748-241","Caribbean Spiny Lobster","Panulirus argus",160,3
"202309091748-241","Caribbean Spiny Lobster","Panulirus argus",190,3
"202309091748-241","Caribbean Spiny Lobster","Panulirus argus",135,3
"202309091748-241","Great Barracuda","Sphyraena barracuda",114,1
"202309091811-255","Atlantic Spadefish","Chaetodipterus faber",138,1
"202309091811-255","Spotted Seatrout","Cynoscion nebulosus",25,1
"202309091811-255","Great Barracuda","Sphyraena barracuda",78,2
"202309091811-255","Great Barracuda","Sphyraena barracuda",87,2
"202309091819-240","Spotted Seatrout","Cynoscion nebulosus",28,1
"202309091819-240","Great Barracuda","Sphyraena barracuda",84,1
"202309091830-254","Caribbean Spiny Lobster","Panulirus argus",165,1
"202309091830-254","Great Barracuda","Sphyraena barracuda",118,3
"202309091830-254","Great Barracuda","Sphyraena barracuda",76,3
"202309091830-254","Great Barracuda","Sphyraena barracuda",85,3
"202309091843-267","Atlantic Bay Scallop","Argopecten irradians",39,6
"202309091843-267","Atlantic Bay Scallop","Argopecten irradians",35,6
"202309091843-267","Atlantic Bay Scallop","Argopecten irradians",43,6
"202309091843-267","Atlantic Bay Scallop","Argopecten irradians",32,6
"202309091843-267","Atlantic Bay Scallop","Argopecten irradians",40,6
"202309091843-267","Atlantic Bay Scallop","Argopecten irradians",37,6
"202309091843-267","Gray Snapper","Lutjanus griseus",179,1
"202309091843-267","Great Barracuda","Sphyraena barracuda",90,2
"202309091843-267","Great Barracuda","Sphyraena barracuda",88,2
"202309091858-279","Gulf Flounder","Paralichthys albigutta",60,1
"202309091858-279","Great Barracuda","Sphyraena barracuda",83,1
"202309091907-266","Gray Snapper","Lutjanus griseus",160,1
"202309091926-237","Lane Snapper","Lutjanus synagris",62,3
"202309091926-237","Lane Snapper","Lutjanus synagris",60,3
"202309091926-237","Lane Snapper","Lutjanus synagris",80,3
"202309100837-070","Lane Snapper","Lutjanus synagris",25,1
"202309100852-068","Lane Snapper","Lutjanus synagris",76,1
"202309100852-068","Blue Crab","Callinectes sapidus",NA,1
"202309100904-156","Lane Snapper","Lutjanus synagris",93,6
"202309100904-156","Lane Snapper","Lutjanus synagris",88,6
"202309100904-156","Lane Snapper","Lutjanus synagris",82,6
"202309100904-156","Lane Snapper","Lutjanus synagris",74,6
"202309100904-156","Lane Snapper","Lutjanus synagris",77,6
"202309100904-156","Lane Snapper","Lutjanus synagris",56,6
"202309100919-065","Atlantic Spadefish","Chaetodipterus faber",47,2
"202309100919-065","Atlantic Spadefish","Chaetodipterus faber",44,2
"202309100919-065","Lane Snapper","Lutjanus synagris",83,1
"202309100956-157","Lane Snapper","Lutjanus synagris",65,1
"202309101035-172","Spotted Seatrout","Cynoscion nebulosus",115,1
"202309101044-168","Lane Snapper","Lutjanus synagris",81,5
"202309101044-168","Lane Snapper","Lutjanus synagris",73,5
"202309101044-168","Lane Snapper","Lutjanus synagris",71,5
"202309101044-168","Lane Snapper","Lutjanus synagris",70,5
"202309101044-168","Lane Snapper","Lutjanus synagris",81,5
"202309101100-169","Lane Snapper","Lutjanus synagris",57,2
"202309101100-169","Lane Snapper","Lutjanus synagris",50,2
"202309101119-176","Grass Porgy","Calamus arctifrons",74,1
"202309101119-176","Spotted Seatrout","Cynoscion nebulosus",62,1
"202309101200-225","Spotted Seatrout","Cynoscion nebulosus",43,1
"202309101200-225","Great Barracuda","Sphyraena barracuda",65,3
"202309101200-225","Great Barracuda","Sphyraena barracuda",66,3
"202309101200-225","Great Barracuda","Sphyraena barracuda",76,3
"202309101223-253","Gray Snapper","Lutjanus griseus",202,1
"202309101232-265","Spotted Seatrout","Cynoscion nebulosus",67,1
"202309101232-265","Blue Crab","Callinectes sapidus",NA,1
"202309101431-146","Great Barracuda","Sphyraena barracuda",85,1
"202309101444-159","Gray Snapper","Lutjanus griseus",176,1
"202309101500-136","Lane Snapper","Lutjanus synagris",68,1
"202309101515-137","Caribbean Spiny Lobster","Panulirus argus",160,1
"202309101524-124","Gray Snapper","Lutjanus griseus",64,1
"202309101524-124","Great Barracuda","Sphyraena barracuda",65,1
"202309101600-023","Lane Snapper","Lutjanus synagris",142,4
"202309101600-023","Lane Snapper","Lutjanus synagris",146,4
"202309101600-023","Lane Snapper","Lutjanus synagris",72,4
"202309101600-023","Lane Snapper","Lutjanus synagris",64,4
"202310070854-304","Spotted Seatrout","Cynoscion nebulosus",118,2
"202310070854-304","Spotted Seatrout","Cynoscion nebulosus",70,2
"202310070854-304","Gray Snapper","Lutjanus griseus",110,2
"202310070854-304","Gray Snapper","Lutjanus griseus",96,2
"202310070854-304","Great Barracuda","Sphyraena barracuda",72,1
"202310070929-313","Great Barracuda","Sphyraena barracuda",138,1
"202310070938-323","Spotted Seatrout","Cynoscion nebulosus",104,2
"202310070938-323","Spotted Seatrout","Cynoscion nebulosus",124,2
"202310070938-323","Gray Snapper","Lutjanus griseus",101,3
"202310070938-323","Gray Snapper","Lutjanus griseus",101,3
"202310070938-323","Gray Snapper","Lutjanus griseus",98,3
"202310070938-323","Great Barracuda","Sphyraena barracuda",151,3
"202310070938-323","Great Barracuda","Sphyraena barracuda",109,3
"202310070938-323","Great Barracuda","Sphyraena barracuda",120,3
"202310071019-324","Great Barracuda","Sphyraena barracuda",132,1
"202310071026-401","Gray Snapper","Lutjanus griseus",183,1
"202310071026-401","Great Barracuda","Sphyraena barracuda",175,1
"202310071036-616","Great Barracuda","Sphyraena barracuda",147,1
"202310071036-616","Blue Crab","Callinectes sapidus",NA,1
"202310071047-618","Gray Snapper","Lutjanus griseus",89,1
"202310071105-621","Sailor's Grunt","Haemulon parra",98,1
"202310071116-622","Gray Snapper","Lutjanus griseus",210,3
"202310071116-622","Gray Snapper","Lutjanus griseus",298,3
"202310071116-622","Gray Snapper","Lutjanus griseus",92,3
"202310071116-622","Great Barracuda","Sphyraena barracuda",132,1
"202310071130-619","Great Barracuda","Sphyraena barracuda",110,1
"202310071211-407","Spotted Seatrout","Cynoscion nebulosus",48,1
"202310071211-407","Great Barracuda","Sphyraena barracuda",170,1
"202310071334-401","Gray Snapper","Lutjanus griseus",183,1
"202310071334-401","Great Barracuda","Sphyraena barracuda",175,1
"202310071435-404","Great Barracuda","Sphyraena barracuda",221,3
"202310071435-404","Great Barracuda","Sphyraena barracuda",180,3
"202310071435-404","Great Barracuda","Sphyraena barracuda",156,3
"202310071517-403","Spotted Seatrout","Cynoscion nebulosus",139,1
"202310071517-403","Great Barracuda","Sphyraena barracuda",112,2
"202310071517-403","Great Barracuda","Sphyraena barracuda",54,2
"202310071607-292","Great Barracuda","Sphyraena barracuda",125,1
"202310071640-609","Spotted Seatrout","Cynoscion nebulosus",106,1
"202310071640-609","Gray Snapper","Lutjanus griseus",98,1
"202310071640-609","Great Barracuda","Sphyraena barracuda",125,2
"202310071640-609","Great Barracuda","Sphyraena barracuda",112,2
"202310071707-281","Atlantic Spadefish","Chaetodipterus faber",108,1
"202310071707-281","Spotted Seatrout","Cynoscion nebulosus",66,6
"202310071707-281","Spotted Seatrout","Cynoscion nebulosus",88,6
"202310071707-281","Spotted Seatrout","Cynoscion nebulosus",71,6
"202310071707-281","Spotted Seatrout","Cynoscion nebulosus",76,6
"202310071707-281","Spotted Seatrout","Cynoscion nebulosus",64,6
"202310071707-281","Spotted Seatrout","Cynoscion nebulosus",64,6
"202310071707-281","Great Barracuda","Sphyraena barracuda",160,1
"202310071730-280","Atlantic Spadefish","Chaetodipterus faber",86,1
"202310071730-280","Spotted Seatrout","Cynoscion nebulosus",78,2
"202310071730-280","Spotted Seatrout","Cynoscion nebulosus",67,2
"202310071730-280","Gray Snapper","Lutjanus griseus",190,1
"202310080110-268","Spotted Seatrout","Cynoscion nebulosus",64,4
"202310080110-268","Spotted Seatrout","Cynoscion nebulosus",83,4
"202310080110-268","Spotted Seatrout","Cynoscion nebulosus",65,4
"202310080110-268","Spotted Seatrout","Cynoscion nebulosus",69,4
"202310080110-268","Great Barracuda","Sphyraena barracuda",143,1
"202310080739-237","Spotted Seatrout","Cynoscion nebulosus",115,1
"202310080739-237","Lane Snapper","Lutjanus synagris",94,1
"202310080803-265","Spotted Seatrout","Cynoscion nebulosus",72,2
"202310080803-265","Spotted Seatrout","Cynoscion nebulosus",76,2
"202310080803-265","Great Barracuda","Sphyraena barracuda",183,1
"202310080830-266","Atlantic Bay Scallop","Argopecten irradians",40,1
"202310080830-266","Spotted Seatrout","Cynoscion nebulosus",72,2
"202310080830-266","Spotted Seatrout","Cynoscion nebulosus",80,2
"202310080855-254","Spotted Seatrout","Cynoscion nebulosus",179,2
"202310080855-254","Spotted Seatrout","Cynoscion nebulosus",69,2
"202310080855-254","Great Barracuda","Sphyraena barracuda",151,2
"202310080855-254","Great Barracuda","Sphyraena barracuda",154,2
"202310080910-239","Caribbean Spiny Lobster","Panulirus argus",160,3
"202310080910-239","Caribbean Spiny Lobster","Panulirus argus",175,3
"202310080910-239","Caribbean Spiny Lobster","Panulirus argus",190,3
"202310080932-241","Spotted Seatrout","Cynoscion nebulosus",31,1
"202310080958-282","Atlantic Bay Scallop","Argopecten irradians",22,1
"202310080958-282","Great Barracuda","Sphyraena barracuda",138,2
"202310080958-282","Great Barracuda","Sphyraena barracuda",142,2
"202310081022-269","Atlantic Spadefish","Chaetodipterus faber",92,4
"202310081022-269","Atlantic Spadefish","Chaetodipterus faber",92,4
"202310081022-269","Atlantic Spadefish","Chaetodipterus faber",106,4
"202310081022-269","Atlantic Spadefish","Chaetodipterus faber",112,4
"202310081022-269","Spotted Seatrout","Cynoscion nebulosus",70,4
"202310081022-269","Spotted Seatrout","Cynoscion nebulosus",62,4
"202310081022-269","Spotted Seatrout","Cynoscion nebulosus",136,4
"202310081022-269","Spotted Seatrout","Cynoscion nebulosus",66,4
"202310081022-269","Caribbean Spiny Lobster","Panulirus argus",160,3
"202310081022-269","Caribbean Spiny Lobster","Panulirus argus",150,3
"202310081022-269","Caribbean Spiny Lobster","Panulirus argus",155,3
"202310081022-269","Great Barracuda","Sphyraena barracuda",180,1
"202310081036-256","Gray Snapper","Lutjanus griseus",98,1
"202310081036-256","Great Barracuda","Sphyraena barracuda",189,1
"202310081100-283","Spotted Seatrout","Cynoscion nebulosus",77,1
"202310081100-283","Caribbean Spiny Lobster","Panulirus argus",180,5
"202310081100-283","Caribbean Spiny Lobster","Panulirus argus",160,5
"202310081100-283","Caribbean Spiny Lobster","Panulirus argus",150,5
"202310081100-283","Caribbean Spiny Lobster","Panulirus argus",170,5
"202310081100-283","Caribbean Spiny Lobster","Panulirus argus",140,5
"202310081100-283","Great Barracuda","Sphyraena barracuda",178,1
"202310081120-294","Great Barracuda","Sphyraena barracuda",162,1
"202310081222-242","Spotted Seatrout","Cynoscion nebulosus",109,1
"202310081233-227","Great Barracuda","Sphyraena barracuda",132,1
"202310081251-229","Gray Snapper","Lutjanus griseus",98,1
"202310081732-224","Bluestriped Grunt","Haemulon sciurus",133,2
"202310081732-224","Bluestriped Grunt","Haemulon sciurus",137,2
"202310081732-224","Gray Snapper","Lutjanus griseus",202,1
"202310090729-070","Lane Snapper","Lutjanus synagris",100,1
"202310090745-065","Lane Snapper","Lutjanus synagris",107,4
"202310090745-065","Lane Snapper","Lutjanus synagris",108,4
"202310090745-065","Lane Snapper","Lutjanus synagris",111,4
"202310090745-065","Lane Snapper","Lutjanus synagris",122,4
"202310090745-065","Florida Stone Crab","Menippe mercenaria",NA,1
"202310090803-073","Sheepshead","Archosargus probatocephalus",228,1
"202310090803-073","Lane Snapper","Lutjanus synagris",52,5
"202310090803-073","Lane Snapper","Lutjanus synagris",95,5
"202310090803-073","Lane Snapper","Lutjanus synagris",92,5
"202310090803-073","Lane Snapper","Lutjanus synagris",88,5
"202310090803-073","Lane Snapper","Lutjanus synagris",43,5
"202310090816-174","Lane Snapper","Lutjanus synagris",101,2
"202310090816-174","Lane Snapper","Lutjanus synagris",73,2
"202310090840-168","Lane Snapper","Lutjanus synagris",98,3
"202310090840-168","Lane Snapper","Lutjanus synagris",51,3
"202310090840-168","Lane Snapper","Lutjanus synagris",106,3
"202310090840-168","Blue Crab","Callinectes sapidus",NA,1
"202310090849-158","Grass Porgy","Calamus arctifrons",85,1
"202310090849-158","Gray Snapper","Lutjanus griseus",229,2
"202310090849-158","Gray Snapper","Lutjanus griseus",232,2
"202310090849-158","Lane Snapper","Lutjanus synagris",46,2
"202310090849-158","Lane Snapper","Lutjanus synagris",92,2
"202310090904-156","Gray Snapper","Lutjanus griseus",260,2
"202310090904-156","Gray Snapper","Lutjanus griseus",216,2
"202310090904-156","Lane Snapper","Lutjanus synagris",78,11
"202310090904-156","Lane Snapper","Lutjanus synagris",112,11
"202310090904-156","Lane Snapper","Lutjanus synagris",104,11
"202310090904-156","Lane Snapper","Lutjanus synagris",104,11
"202310090904-156","Lane Snapper","Lutjanus synagris",83,11
"202310090904-156","Lane Snapper","Lutjanus synagris",93,11
"202310090904-156","Lane Snapper","Lutjanus synagris",43,11
"202310090904-156","Lane Snapper","Lutjanus synagris",45,11
"202310090904-156","Lane Snapper","Lutjanus synagris",47,11
"202310090904-156","Lane Snapper","Lutjanus synagris",55,11
"202310090904-156","Lane Snapper","Lutjanus synagris",58,11
"202310090904-156","Blue Crab","Callinectes sapidus",NA,1
"202310090935-133","Lane Snapper","Lutjanus synagris",108,1
"202310090950-146","Lane Snapper","Lutjanus synagris",108,1
"202310091011-119","Barred Hamlet","Hypoplectrus puella",71,1
"202310091011-119","Hogfish","Lachnolaimus maximus",132,1
"202310091011-119","Lane Snapper","Lutjanus synagris",96,4
"202310091011-119","Lane Snapper","Lutjanus synagris",92,4
"202310091011-119","Lane Snapper","Lutjanus synagris",119,4
"202310091011-119","Lane Snapper","Lutjanus synagris",85,4
"202310091011-119","Yellowtail Snapper","Ocyurus chrysurus",109,2
"202310091011-119","Yellowtail Snapper","Ocyurus chrysurus",101,2
"202310091028-108","Lane Snapper","Lutjanus synagris",103,1
"202310091040-106","Lane Snapper","Lutjanus synagris",94,2
"202310091040-106","Lane Snapper","Lutjanus synagris",50,2
"202310091052-054","Barred Hamlet","Hypoplectrus puella",42,1
"202310091052-054","Lane Snapper","Lutjanus synagris",58,4
"202310091052-054","Lane Snapper","Lutjanus synagris",56,4
"202310091052-054","Lane Snapper","Lutjanus synagris",36,4
"202310091052-054","Lane Snapper","Lutjanus synagris",160,4
"202310091102-101","Blue Crab","Callinectes sapidus",NA,1
"202310091407-123","Grass Porgy","Calamus arctifrons",104,2
"202310091407-123","Grass Porgy","Calamus arctifrons",79,2
"202310091407-123","Gray Snapper","Lutjanus griseus",178,2
"202310091407-123","Gray Snapper","Lutjanus griseus",94,2
"202311270714-265","Spotted Seatrout","Cynoscion nebulosus",123,1
"202311270714-265","Blue Crab","Callinectes sapidus",NA,1
"202311270725-278","Blue Crab","Callinectes sapidus",NA,1
"202311270733-279","Spotted Seatrout","Cynoscion nebulosus",50,1
"202311270733-279","Great Barracuda","Sphyraena barracuda",296,1
"202311270744-266","Atlantic Spadefish","Chaetodipterus faber",140,1
"202311270744-266","Gray Snapper","Lutjanus griseus",125,1
"202311270744-266","Great Barracuda","Sphyraena barracuda",176,1
"202311270813-267","Spotted Seatrout","Cynoscion nebulosus",174,1
"202311270823-254","Great Barracuda","Sphyraena barracuda",290,1
"202311270837-239","Great Barracuda","Sphyraena barracuda",197,1
"202311270846-240","Spotted Seatrout","Cynoscion nebulosus",43,1
"202311270857-224","Blue Crab","Callinectes sapidus",NA,1
"202311270912-226","Great Barracuda","Sphyraena barracuda",207,1
"202311270923-255","Blue Crab","Callinectes sapidus",NA,1
"202311271011-242","Schoolmaster Snapper","Lutjanus apodus",86,1
"202311271011-242","Blue Crab","Callinectes sapidus",NA,1
"202311271053-270","Gray Snapper","Lutjanus griseus",105,1
"202311271053-270","Great Barracuda","Sphyraena barracuda",88,1
"202311271123-294","Great Barracuda","Sphyraena barracuda",187,1
"202311271132-283","Great Barracuda","Sphyraena barracuda",225,1
"202311271142-282","Great Barracuda","Sphyraena barracuda",205,1
"202311271151-281","Great Barracuda","Sphyraena barracuda",168,2
"202311271151-281","Great Barracuda","Sphyraena barracuda",309,2
"202311271158-268","Spotted Seatrout","Cynoscion nebulosus",114,1
"202311271158-268","Gray Snapper","Lutjanus griseus",112,2
"202311271158-268","Gray Snapper","Lutjanus griseus",98,2
"202311271158-268","Great Barracuda","Sphyraena barracuda",154,1
"202311271158-268","Blue Crab","Callinectes sapidus",NA,1
"202311271250-302","Gray Snapper","Lutjanus griseus",104,1
"202311271308-303","Great Barracuda","Sphyraena barracuda",201,1
"202311271315-304","Blue Crab","Callinectes sapidus",NA,1
"202311271427-324","Spotted Seatrout","Cynoscion nebulosus",108,1
"202311271427-324","Blue Crab","Callinectes sapidus",NA,1
"202311271453-618","Great Barracuda","Sphyraena barracuda",69,1
"202311271505-621","Bluestriped Grunt","Haemulon sciurus",148,8
"202311271505-621","Bluestriped Grunt","Haemulon sciurus",146,8
"202311271505-621","Bluestriped Grunt","Haemulon sciurus",163,8
"202311271505-621","Bluestriped Grunt","Haemulon sciurus",109,8
"202311271505-621","Bluestriped Grunt","Haemulon sciurus",125,8
"202311271505-621","Bluestriped Grunt","Haemulon sciurus",109,8
"202311271505-621","Bluestriped Grunt","Haemulon sciurus",128,8
"202311271505-621","Bluestriped Grunt","Haemulon sciurus",126,8
"202311271529-401","Great Barracuda","Sphyraena barracuda",271,2
"202311271529-401","Great Barracuda","Sphyraena barracuda",259,2
"202311271537-407","Great Barracuda","Sphyraena barracuda",176,1
"202311271545-408","Atlantic Spadefish","Chaetodipterus faber",125,1
"202311271545-408","Spotted Seatrout","Cynoscion nebulosus",138,1
"202311271545-408","Great Barracuda","Sphyraena barracuda",194,1
"202311271603-325","Bluestriped Grunt","Haemulon sciurus",115,4
"202311271603-325","Bluestriped Grunt","Haemulon sciurus",136,4
"202311271603-325","Bluestriped Grunt","Haemulon sciurus",132,4
"202311271603-325","Bluestriped Grunt","Haemulon sciurus",134,4
"202311271603-325","Blue Crab","Callinectes sapidus",NA,1
"202311271610-326","Great Barracuda","Sphyraena barracuda",183,2
"202311271610-326","Great Barracuda","Sphyraena barracuda",185,2
"202311271620-402","Great Barracuda","Sphyraena barracuda",185,1
"202311271708-609","Blue Crab","Callinectes sapidus",NA,1
"202311280804-156","Grass Porgy","Calamus arctifrons",141,1
"202311280804-156","Lane Snapper","Lutjanus synagris",125,6
"202311280804-156","Lane Snapper","Lutjanus synagris",79,6
"202311280804-156","Lane Snapper","Lutjanus synagris",136,6
"202311280804-156","Lane Snapper","Lutjanus synagris",101,6
"202311280804-156","Lane Snapper","Lutjanus synagris",125,6
"202311280804-156","Lane Snapper","Lutjanus synagris",85,6
"202311280814-068","Lane Snapper","Lutjanus synagris",155,3
"202311280814-068","Lane Snapper","Lutjanus synagris",126,3
"202311280814-068","Lane Snapper","Lutjanus synagris",89,3
"202311280826-065","Lane Snapper","Lutjanus synagris",81,3
"202311280826-065","Lane Snapper","Lutjanus synagris",79,3
"202311280826-065","Lane Snapper","Lutjanus synagris",49,3
"202311280826-065","Blue Crab","Callinectes sapidus",NA,1
"202311280843-143","Lane Snapper","Lutjanus synagris",104,136
"202311280843-143","Lane Snapper","Lutjanus synagris",140,136
"202311280843-143","Lane Snapper","Lutjanus synagris",149,136
"202311280843-143","Lane Snapper","Lutjanus synagris",72,136
"202311280843-143","Lane Snapper","Lutjanus synagris",106,136
"202311280843-143","Lane Snapper","Lutjanus synagris",124,136
"202311280843-143","Lane Snapper","Lutjanus synagris",125,136
"202311280843-143","Lane Snapper","Lutjanus synagris",106,136
"202311280843-143","Lane Snapper","Lutjanus synagris",76,136
"202311280843-143","Lane Snapper","Lutjanus synagris",120,136
"202311280843-143","Lane Snapper","Lutjanus synagris",104,136
"202311280843-143","Lane Snapper","Lutjanus synagris",108,136
"202311280843-143","Lane Snapper","Lutjanus synagris",142,136
"202311280843-143","Lane Snapper","Lutjanus synagris",114,136
"202311280843-143","Lane Snapper","Lutjanus synagris",132,136
"202311280843-143","Lane Snapper","Lutjanus synagris",108,136
"202311280843-143","Lane Snapper","Lutjanus synagris",158,136
"202311280843-143","Lane Snapper","Lutjanus synagris",116,136
"202311280843-143","Lane Snapper","Lutjanus synagris",85,136
"202311280843-143","Lane Snapper","Lutjanus synagris",86,136
"202311280843-143","Lane Snapper","Lutjanus synagris",96,136
"202311280843-143","Lane Snapper","Lutjanus synagris",125,136
"202311280843-143","Lane Snapper","Lutjanus synagris",95,136
"202311280843-143","Lane Snapper","Lutjanus synagris",138,136
"202311280843-143","Lane Snapper","Lutjanus synagris",112,136
"202311280843-143","Lane Snapper","Lutjanus synagris",104,136
"202311280843-143","Lane Snapper","Lutjanus synagris",104,136
"202311280843-143","Lane Snapper","Lutjanus synagris",130,136
"202311280843-143","Lane Snapper","Lutjanus synagris",112,136
"202311280843-143","Lane Snapper","Lutjanus synagris",96,136
"202311280843-143","Lane Snapper","Lutjanus synagris",72,136
"202311280843-143","Lane Snapper","Lutjanus synagris",53,136
"202311280843-143","Lane Snapper","Lutjanus synagris",109,136
"202311280843-143","Lane Snapper","Lutjanus synagris",93,136
"202311280843-143","Lane Snapper","Lutjanus synagris",110,136
"202311280843-143","Lane Snapper","Lutjanus synagris",110,136
"202311280843-143","Lane Snapper","Lutjanus synagris",140,136
"202311280843-143","Lane Snapper","Lutjanus synagris",94,136
"202311280843-143","Lane Snapper","Lutjanus synagris",113,136
"202311280843-143","Lane Snapper","Lutjanus synagris",85,136
"202311280843-143","Lane Snapper","Lutjanus synagris",105,136
"202311280843-143","Lane Snapper","Lutjanus synagris",76,136
"202311280843-143","Lane Snapper","Lutjanus synagris",94,136
"202311280843-143","Lane Snapper","Lutjanus synagris",60,136
"202311280843-143","Lane Snapper","Lutjanus synagris",85,136
"202311280843-143","Lane Snapper","Lutjanus synagris",91,136
"202311280843-143","Lane Snapper","Lutjanus synagris",83,136
"202311280843-143","Lane Snapper","Lutjanus synagris",50,136
"202311280843-143","Lane Snapper","Lutjanus synagris",70,136
"202311280843-143","Lane Snapper","Lutjanus synagris",84,136
"202311280843-143","Lane Snapper","Lutjanus synagris",84,136
"202311280843-143","Lane Snapper","Lutjanus synagris",85,136
"202311280843-143","Lane Snapper","Lutjanus synagris",76,136
"202311280843-143","Lane Snapper","Lutjanus synagris",115,136
"202311280843-143","Lane Snapper","Lutjanus synagris",73,136
"202311280843-143","Lane Snapper","Lutjanus synagris",45,136
"202311280843-143","Lane Snapper","Lutjanus synagris",94,136
"202311280843-143","Lane Snapper","Lutjanus synagris",79,136
"202311280843-143","Lane Snapper","Lutjanus synagris",91,136
"202311280843-143","Lane Snapper","Lutjanus synagris",76,136
"202311280843-143","Lane Snapper","Lutjanus synagris",87,136
"202311280843-143","Lane Snapper","Lutjanus synagris",56,136
"202311280843-143","Lane Snapper","Lutjanus synagris",70,136
"202311280843-143","Lane Snapper","Lutjanus synagris",96,136
"202311280843-143","Lane Snapper","Lutjanus synagris",111,136
"202311280843-143","Lane Snapper","Lutjanus synagris",112,136
"202311280843-143","Lane Snapper","Lutjanus synagris",141,136
"202311280843-143","Lane Snapper","Lutjanus synagris",84,136
"202311280843-143","Lane Snapper","Lutjanus synagris",108,136
"202311280843-143","Lane Snapper","Lutjanus synagris",104,136
"202311280843-143","Lane Snapper","Lutjanus synagris",79,136
"202311280843-143","Lane Snapper","Lutjanus synagris",91,136
"202311280843-143","Lane Snapper","Lutjanus synagris",72,136
"202311280843-143","Lane Snapper","Lutjanus synagris",108,136
"202311280843-143","Lane Snapper","Lutjanus synagris",115,136
"202311280843-143","Lane Snapper","Lutjanus synagris",51,136
"202311280843-143","Lane Snapper","Lutjanus synagris",107,136
"202311280843-143","Lane Snapper","Lutjanus synagris",108,136
"202311280843-143","Lane Snapper","Lutjanus synagris",95,136
"202311280843-143","Lane Snapper","Lutjanus synagris",101,136
"202311280843-143","Lane Snapper","Lutjanus synagris",127,136
"202311280843-143","Lane Snapper","Lutjanus synagris",128,136
"202311280843-143","Lane Snapper","Lutjanus synagris",64,136
"202311280843-143","Lane Snapper","Lutjanus synagris",108,136
"202311280843-143","Lane Snapper","Lutjanus synagris",105,136
"202311280843-143","Lane Snapper","Lutjanus synagris",135,136
"202311280843-143","Lane Snapper","Lutjanus synagris",95,136
"202311280843-143","Lane Snapper","Lutjanus synagris",98,136
"202311280843-143","Lane Snapper","Lutjanus synagris",76,136
"202311280843-143","Lane Snapper","Lutjanus synagris",54,136
"202311280843-143","Lane Snapper","Lutjanus synagris",101,136
"202311280843-143","Lane Snapper","Lutjanus synagris",50,136
"202311280843-143","Lane Snapper","Lutjanus synagris",74,136
"202311280843-143","Lane Snapper","Lutjanus synagris",78,136
"202311280843-143","Lane Snapper","Lutjanus synagris",54,136
"202311280843-143","Lane Snapper","Lutjanus synagris",62,136
"202311280843-143","Lane Snapper","Lutjanus synagris",72,136
"202311280843-143","Lane Snapper","Lutjanus synagris",107,136
"202311280843-143","Lane Snapper","Lutjanus synagris",75,136
"202311280843-143","Lane Snapper","Lutjanus synagris",85,136
"202311280843-143","Lane Snapper","Lutjanus synagris",102,136
"202311280843-143","Lane Snapper","Lutjanus synagris",74,136
"202311280843-143","Lane Snapper","Lutjanus synagris",61,136
"202311280843-143","Lane Snapper","Lutjanus synagris",124,136
"202311280843-143","Lane Snapper","Lutjanus synagris",121,136
"202311280843-143","Lane Snapper","Lutjanus synagris",113,136
"202311280843-143","Lane Snapper","Lutjanus synagris",85,136
"202311280843-143","Lane Snapper","Lutjanus synagris",70,136
"202311280843-143","Lane Snapper","Lutjanus synagris",75,136
"202311280843-143","Lane Snapper","Lutjanus synagris",83,136
"202311280843-143","Lane Snapper","Lutjanus synagris",92,136
"202311280843-143","Lane Snapper","Lutjanus synagris",65,136
"202311280843-143","Lane Snapper","Lutjanus synagris",50,136
"202311280843-143","Lane Snapper","Lutjanus synagris",64,136
"202311280843-143","Lane Snapper","Lutjanus synagris",58,136
"202311280843-143","Lane Snapper","Lutjanus synagris",62,136
"202311280843-143","Lane Snapper","Lutjanus synagris",50,136
"202311280843-143","Lane Snapper","Lutjanus synagris",58,136
"202311280843-143","Lane Snapper","Lutjanus synagris",88,136
"202311280843-143","Lane Snapper","Lutjanus synagris",72,136
"202311280843-143","Lane Snapper","Lutjanus synagris",48,136
"202311280843-143","Lane Snapper","Lutjanus synagris",46,136
"202311280843-143","Lane Snapper","Lutjanus synagris",65,136
"202311280843-143","Lane Snapper","Lutjanus synagris",52,136
"202311280843-143","Lane Snapper","Lutjanus synagris",52,136
"202311280843-143","Lane Snapper","Lutjanus synagris",71,136
"202311280843-143","Lane Snapper","Lutjanus synagris",38,136
"202311280843-143","Lane Snapper","Lutjanus synagris",52,136
"202311280843-143","Lane Snapper","Lutjanus synagris",48,136
"202311280843-143","Lane Snapper","Lutjanus synagris",90,136
"202311280843-143","Lane Snapper","Lutjanus synagris",84,136
"202311280843-143","Lane Snapper","Lutjanus synagris",67,136
"202311280843-143","Lane Snapper","Lutjanus synagris",64,136
"202311280843-143","Lane Snapper","Lutjanus synagris",52,136
"202311280843-143","Lane Snapper","Lutjanus synagris",109,136
"202311280843-143","Lane Snapper","Lutjanus synagris",44,136
"202311280843-143","Blue Crab","Callinectes sapidus",NA,1
"202311281044-111","Great Barracuda","Sphyraena barracuda",312,1
"202311291439-106","Lane Snapper","Lutjanus synagris",56,2
"202311291439-106","Lane Snapper","Lutjanus synagris",44,2
"202311291502-020","Bluestriped Grunt","Haemulon sciurus",119,1
"202311291502-020","Barred Hamlet","Hypoplectrus puella",74,1
"202311291502-020","Lane Snapper","Lutjanus synagris",138,15
"202311291502-020","Lane Snapper","Lutjanus synagris",142,15
"202311291502-020","Lane Snapper","Lutjanus synagris",165,15
"202311291502-020","Lane Snapper","Lutjanus synagris",126,15
"202311291502-020","Lane Snapper","Lutjanus synagris",145,15
"202311291502-020","Lane Snapper","Lutjanus synagris",147,15
"202311291502-020","Lane Snapper","Lutjanus synagris",144,15
"202311291502-020","Lane Snapper","Lutjanus synagris",118,15
"202311291502-020","Lane Snapper","Lutjanus synagris",140,15
"202311291502-020","Lane Snapper","Lutjanus synagris",99,15
"202311291502-020","Lane Snapper","Lutjanus synagris",125,15
"202311291502-020","Lane Snapper","Lutjanus synagris",153,15
"202311291502-020","Lane Snapper","Lutjanus synagris",147,15
"202311291502-020","Lane Snapper","Lutjanus synagris",173,15
"202311291502-020","Lane Snapper","Lutjanus synagris",140,15
"202311291515-022","Grass Porgy","Calamus arctifrons",176,1
"202311291515-022","Lane Snapper","Lutjanus synagris",157,2
"202311291515-022","Lane Snapper","Lutjanus synagris",141,2
"202311291724-174","Lane Snapper","Lutjanus synagris",54,2
"202311291724-174","Lane Snapper","Lutjanus synagris",35,2
"202311291724-174","Blue Crab","Callinectes sapidus",NA,1
"202405011212-254","Atlantic Bay Scallop","Argopecten irradians",24,1
"202405011231-239","Gulf Flounder","Paralichthys albigutta",119,1
"202405011231-239","Atlantic Bay Scallop","Argopecten irradians",18,2
"202405011231-239","Atlantic Bay Scallop","Argopecten irradians",21,2
"202405011250-240","Atlantic Bay Scallop","Argopecten irradians",14,3
"202405011250-240","Atlantic Bay Scallop","Argopecten irradians",16,3
"202405011250-240","Atlantic Bay Scallop","Argopecten irradians",18,3
"202405011306-225","Atlantic Bay Scallop","Argopecten irradians",20,1
"202405011416-241","Atlantic Bay Scallop","Argopecten irradians",14,1
"202405011444-227","Atlantic Bay Scallop","Argopecten irradians",14,2
"202405011444-227","Atlantic Bay Scallop","Argopecten irradians",10,2
"202405011537-244","Atlantic Bay Scallop","Argopecten irradians",18,1
"202405011634-256","Lined Seahorse","Hippocampus erectus",70,1
"202405021721-290","Atlantic Spadefish","Chaetodipterus faber",126,1
"202405030943-324","Great Barracuda","Sphyraena barracuda",216,1
"202405031041-621","Gray Snapper","Lutjanus griseus",162,3
"202405031041-621","Gray Snapper","Lutjanus griseus",153,3
"202405031041-621","Gray Snapper","Lutjanus griseus",148,3
"202405031534-237","Gray Snapper","Lutjanus griseus",161,1
"202405031534-237","Sheepshead","Archosargus probatocephalus",149,1
"202405040727-071","Lane Snapper","Lutjanus synagris",96,2
"202405040727-071","Lane Snapper","Lutjanus synagris",108,2
"202405040727-071","Grass Porgy","Calamus arctifrons",39,5
"202405040727-071","Grass Porgy","Calamus arctifrons",38,5
"202405040727-071","Grass Porgy","Calamus arctifrons",46,5
"202405040727-071","Grass Porgy","Calamus arctifrons",37,5
"202405040727-071","Grass Porgy","Calamus arctifrons",28,5
"202405041048-118","Hogfish","Lachnolaimus maximus",39,1
"202405041102-106","Lane Snapper","Lutjanus synagris",68,1
"202405041116-020","Grass Porgy","Calamus arctifrons",86,1
"202405041116-020","Gray Snapper","Lutjanus griseus",94,1
"202405041141-022","Gray Snapper","Lutjanus griseus",148,1
"202405041141-022","Lane Snapper","Lutjanus synagris",78,1
"202405041204-024","Lane Snapper","Lutjanus synagris",88,1
"202405041204-024","Spotted Seatrout","Cynoscion nebulosus",187,1
"202405041225-040","Bluestriped Grunt","Haemulon sciurus",55,1
"202405041357-147","Spotted Seatrout","Cynoscion nebulosus",34,1
"202405041700-168","Great Barracuda","Sphyraena barracuda",210,1
"202405041700-168","Spotted Seatrout","Cynoscion nebulosus",163,1
"202405041700-168","Lane Snapper","Lutjanus synagris",112,3
"202405041700-168","Lane Snapper","Lutjanus synagris",108,3
"202405041700-168","Lane Snapper","Lutjanus synagris",148,3
"202405041700-168","Sheepshead","Archosargus probatocephalus",49,6
"202405041700-168","Sheepshead","Archosargus probatocephalus",32,6
"202405041700-168","Sheepshead","Archosargus probatocephalus",30,6
"202405041700-168","Sheepshead","Archosargus probatocephalus",40,6
"202405041700-168","Sheepshead","Archosargus probatocephalus",46,6
"202405041700-168","Sheepshead","Archosargus probatocephalus",34,6
"202405041700-168","Gray Snapper","Lutjanus griseus",152,3
"202405041700-168","Gray Snapper","Lutjanus griseus",148,3
"202405041700-168","Gray Snapper","Lutjanus griseus",167,3
"202405041700-168","Atlantic Bay Scallop","Argopecten irradians",25,1
"202405041843-167","Gray Snapper","Lutjanus griseus",163,9
"202405041843-167","Gray Snapper","Lutjanus griseus",232,9
"202405041843-167","Gray Snapper","Lutjanus griseus",214,9
"202405041843-167","Gray Snapper","Lutjanus griseus",251,9
"202405041843-167","Gray Snapper","Lutjanus griseus",236,9
"202405041843-167","Gray Snapper","Lutjanus griseus",272,9
"202405041843-167","Gray Snapper","Lutjanus griseus",212,9
"202405041843-167","Gray Snapper","Lutjanus griseus",221,9
"202405041843-167","Gray Snapper","Lutjanus griseus",226,9
"202405041843-167","Bluestriped Grunt","Haemulon sciurus",192,3
"202405041843-167","Bluestriped Grunt","Haemulon sciurus",185,3
"202405041843-167","Bluestriped Grunt","Haemulon sciurus",160,3
"202405041843-167","Atlantic Spadefish","Chaetodipterus faber",207,1
"202406090735-279","Gray Snapper","Lutjanus griseus",183,1
"202406090744-280","Gray Snapper","Lutjanus griseus",180,2
"202406090744-280","Gray Snapper","Lutjanus griseus",232,2
"202406090821-239","Sheepshead","Archosargus probatocephalus",61,1
"202406090850-224","Atlantic Bay Scallop","Argopecten irradians",25,1
"202406090901-226","Gray Snapper","Lutjanus griseus",149,1
"202406090938-228","Great Barracuda","Sphyraena barracuda",119,2
"202406090938-228","Great Barracuda","Sphyraena barracuda",124,2
"202406090938-228","Bluestriped Grunt","Haemulon sciurus",93,1
"202406090946-229","Great Barracuda","Sphyraena barracuda",105,1
"202406091021-243","Great Barracuda","Sphyraena barracuda",171,1
"202406091106-284","Lined Seahorse","Hippocampus erectus",110,1
"202406091123-283","Atlantic Bay Scallop","Argopecten irradians",17,1
"202406091133-256","Gray Snapper","Lutjanus griseus",176,1
"202406091148-268","Gray Snapper","Lutjanus griseus",139,1
"202406091156-282","Gray Snapper","Lutjanus griseus",163,1
"202406091212-302","Gray Snapper","Lutjanus griseus",135,1
"202406091254-314","Gray Snapper","Lutjanus griseus",125,1
"202406091344-313","Gray Snapper","Lutjanus griseus",228,1
"202406091353-323","Spotted Seatrout","Cynoscion nebulosus",48,1
"202406091714-301","Spotted Seatrout","Cynoscion nebulosus",50,1
"202406091734-609","Spotted Seatrout","Cynoscion nebulosus",34,3
"202406091734-609","Spotted Seatrout","Cynoscion nebulosus",44,3
"202406091734-609","Spotted Seatrout","Cynoscion nebulosus",42,3
"202406091745-290","Great Barracuda","Sphyraena barracuda",279,1
"202406091753-291","Spotted Seatrout","Cynoscion nebulosus",28,2
"202406091753-291","Spotted Seatrout","Cynoscion nebulosus",34,2
"202406091804-281","Gray Snapper","Lutjanus griseus",122,2
"202406091804-281","Gray Snapper","Lutjanus griseus",187,2
"202406091827-237","Grass Porgy","Calamus arctifrons",64,2
"202406091827-237","Grass Porgy","Calamus arctifrons",59,2
"202406091827-237","Lane Snapper","Lutjanus synagris",106,5
"202406091827-237","Lane Snapper","Lutjanus synagris",114,5
"202406091827-237","Lane Snapper","Lutjanus synagris",112,5
"202406091827-237","Lane Snapper","Lutjanus synagris",119,5
"202406091827-237","Lane Snapper","Lutjanus synagris",113,5
"202406091839-174","Gray Snapper","Lutjanus griseus",160,1
"202406100946-144","Bluestriped Grunt","Haemulon sciurus",175,4
"202406100946-144","Bluestriped Grunt","Haemulon sciurus",146,4
"202406100946-144","Bluestriped Grunt","Haemulon sciurus",94,4
"202406100946-144","Bluestriped Grunt","Haemulon sciurus",75,4
"202406100946-144","Gray Snapper","Lutjanus griseus",178,12
"202406100946-144","Gray Snapper","Lutjanus griseus",233,12
"202406100946-144","Gray Snapper","Lutjanus griseus",140,12
"202406100946-144","Gray Snapper","Lutjanus griseus",115,12
"202406100946-144","Gray Snapper","Lutjanus griseus",139,12
"202406100946-144","Gray Snapper","Lutjanus griseus",228,12
"202406100946-144","Gray Snapper","Lutjanus griseus",215,12
"202406100946-144","Gray Snapper","Lutjanus griseus",115,12
"202406100946-144","Gray Snapper","Lutjanus griseus",181,12
"202406100946-144","Gray Snapper","Lutjanus griseus",161,12
"202406100946-144","Gray Snapper","Lutjanus griseus",193,12
"202406100946-144","Gray Snapper","Lutjanus griseus",151,12
"202406100946-144","Lane Snapper","Lutjanus synagris",137,3
"202406100946-144","Sailor's Grunt","Haemulon parra",92,2
"202406100946-144","Sailor's Grunt","Haemulon parra",46,2
"202406100946-144","Lane Snapper","Lutjanus synagris",109,3
"202406100946-144","Lane Snapper","Lutjanus synagris",106,3
"202406101040-159","Sheepshead","Archosargus probatocephalus",68,2
"202406101040-159","Sheepshead","Archosargus probatocephalus",47,2
"202406101040-159","Bluestriped Grunt","Haemulon sciurus",68,1
"202406101211-123","Atlantic Bay Scallop","Argopecten irradians",19,1
"202406101412-022","Gray Snapper","Lutjanus griseus",160,1
"202406101434-119","Gray Snapper","Lutjanus griseus",224,3
"202406101434-119","Gray Snapper","Lutjanus griseus",252,3
"202406101434-119","Gray Snapper","Lutjanus griseus",150,3
"202406101450-118","Lane Snapper","Lutjanus synagris",109,1
"202406101501-117","Lane Snapper","Lutjanus synagris",136,3
"202406101501-117","Lane Snapper","Lutjanus synagris",124,3
"202406101501-117","Lane Snapper","Lutjanus synagris",110,3
"202406101501-117","Gray Snapper","Lutjanus griseus",234,1
"202406101501-117","Hogfish","Lachnolaimus maximus",86,1
"202406101513-130","Hogfish","Lachnolaimus maximus",76,1
"202407110938-253","Gray Snapper","Lutjanus griseus",164,4
"202407110938-253","Gray Snapper","Lutjanus griseus",268,4
"202407110938-253","Gray Snapper","Lutjanus griseus",170,4
"202407110938-253","Gray Snapper","Lutjanus griseus",165,4
"202407110938-253","Sheepshead","Archosargus probatocephalus",64,1
"202407110938-253","Great Barracuda","Sphyraena barracuda",162,1
"202407111012-279","Gray Snapper","Lutjanus griseus",169,1
"202407111042-282","Spotted Seatrout","Cynoscion nebulosus",84,1
"202407111042-282","Gray Snapper","Lutjanus griseus",148,3
"202407111042-282","Gray Snapper","Lutjanus griseus",134,3
"202407111042-282","Gray Snapper","Lutjanus griseus",158,3
"202407111113-290","Gray Snapper","Lutjanus griseus",160,1
"202407111125-609","Spotted Seatrout","Cynoscion nebulosus",74,1
"202407111144-301","Atlantic Spadefish","Chaetodipterus faber",138,1
"202407111203-302","Lined Seahorse","Hippocampus erectus",100,1
"202407111222-304","Great Barracuda","Sphyraena barracuda",74,1
"202407111834-314","Spotted Seatrout","Cynoscion nebulosus",45,1
"202407120838-176","Gray Snapper","Lutjanus griseus",296,1
"202407120838-176","Bluestriped Grunt","Haemulon sciurus",168,1
"202407120859-168","Gray Snapper","Lutjanus griseus",166,2
"202407120859-168","Gray Snapper","Lutjanus griseus",200,2
"202407120859-168","Atlantic Bay Scallop","Argopecten irradians",41,1
"202407120859-168","Spotted Seatrout","Cynoscion nebulosus",26,1
"202407121005-158","Gray Snapper","Lutjanus griseus",154,5
"202407121005-158","Gray Snapper","Lutjanus griseus",250,5
"202407121005-158","Gray Snapper","Lutjanus griseus",168,5
"202407121005-158","Gray Snapper","Lutjanus griseus",144,5
"202407121005-158","Gray Snapper","Lutjanus griseus",167,5
"202407121005-158","Lane Snapper","Lutjanus synagris",62,1
"202407121005-158","Gulf Flounder","Paralichthys albigutta",171,1
"202407121005-158","Hogfish","Lachnolaimus maximus",102,1
"202407121023-157","Lane Snapper","Lutjanus synagris",125,2
"202407121023-157","Lane Snapper","Lutjanus synagris",62,2
"202407121124-136","Gray Snapper","Lutjanus griseus",144,1
"202407121124-136","Bluestriped Grunt","Haemulon sciurus",226,1
"202407121124-136","Spotted Seatrout","Cynoscion nebulosus",102,1
"202407121142-137","Atlantic Bay Scallop","Argopecten irradians",24,1
"202407121142-137","Bluestriped Grunt","Haemulon sciurus",66,2
"202407121142-137","Bluestriped Grunt","Haemulon sciurus",80,2
"202407121142-137","Spotted Seatrout","Cynoscion nebulosus",101,1
"202407121310-105","Grass Porgy","Calamus arctifrons",205,2
"202407121310-105","Grass Porgy","Calamus arctifrons",68,2
"202407121310-105","Lane Snapper","Lutjanus synagris",177,2
"202407121310-105","Lane Snapper","Lutjanus synagris",162,2
"202407121326-022","Grass Porgy","Calamus arctifrons",68,2
"202407121326-022","Grass Porgy","Calamus arctifrons",52,2
"202407121344-108","Hogfish","Lachnolaimus maximus",98,1
"202407121344-108","Spotted Seatrout","Cynoscion nebulosus",50,2
"202407121344-108","Spotted Seatrout","Cynoscion nebulosus",27,2
"202407121356-107","Lane Snapper","Lutjanus synagris",65,1
"202407121410-106","Lane Snapper","Lutjanus synagris",118,4
"202407121410-106","Lane Snapper","Lutjanus synagris",61,4
"202407121410-106","Lane Snapper","Lutjanus synagris",58,4
"202407121410-106","Lane Snapper","Lutjanus synagris",34,4
"202407121426-143","Lane Snapper","Lutjanus synagris",32,1
"202407121436-130","Gray Snapper","Lutjanus griseus",246,5
"202407121436-130","Gray Snapper","Lutjanus griseus",184,5
"202407121436-130","Gray Snapper","Lutjanus griseus",175,5
"202407121436-130","Gray Snapper","Lutjanus griseus",178,5
"202407121436-130","Gray Snapper","Lutjanus griseus",181,5
"202407121436-130","Hogfish","Lachnolaimus maximus",120,1
"202407121436-130","Bluestriped Grunt","Haemulon sciurus",74,1
"202407121436-130","Grass Porgy","Calamus arctifrons",59,1
"202407121436-130","Lane Snapper","Lutjanus synagris",60,1
"202407131035-237","Gray Snapper","Lutjanus griseus",182,2
"202407131035-237","Gray Snapper","Lutjanus griseus",164,2
"202407131035-237","Spotted Seatrout","Cynoscion nebulosus",48,2
"202407131035-237","Spotted Seatrout","Cynoscion nebulosus",61,2
"202407131035-237","Gulf Flounder","Paralichthys albigutta",151,1
"202407131123-255","Gray Snapper","Lutjanus griseus",220,4
"202407131123-255","Gray Snapper","Lutjanus griseus",148,4
"202407131123-255","Gray Snapper","Lutjanus griseus",174,4
"202407131123-255","Gray Snapper","Lutjanus griseus",175,4
"202407131147-240","Great Barracuda","Sphyraena barracuda",72,1
"202407131155-225","Gray Snapper","Lutjanus griseus",155,1
"202407131204-226","Spotted Seatrout","Cynoscion nebulosus",31,1
"202407131204-226","Bluestriped Grunt","Haemulon sciurus",81,2
"202407131204-226","Bluestriped Grunt","Haemulon sciurus",83,2
"202407131204-226","Great Barracuda","Sphyraena barracuda",69,1
"202407131215-242","Gray Snapper","Lutjanus griseus",192,1
"202407131215-242","Great Barracuda","Sphyraena barracuda",146,1
"202407131215-242","Caribbean Spiny Lobster","Panulirus argus",100,1
"202407131407-268","Atlantic Bay Scallop","Argopecten irradians",21,1
"202407131417-269","Spotted Seatrout","Cynoscion nebulosus",72,1
"202407131447-284","Gray Snapper","Lutjanus griseus",171,3
"202407131447-284","Gray Snapper","Lutjanus griseus",170,3
"202407131447-284","Gray Snapper","Lutjanus griseus",148,3
"202407131447-284","Bluestriped Grunt","Haemulon sciurus",118,2
"202407131447-284","Bluestriped Grunt","Haemulon sciurus",100,2
"202407131447-284","Atlantic Spadefish","Chaetodipterus faber",131,1
"202407131456-283","Gray Snapper","Lutjanus griseus",179,1
"202407131456-283","Atlantic Bay Scallop","Argopecten irradians",24,1
"202407131523-257","Gray Snapper","Lutjanus griseus",158,1
"202407131532-258","Gray Snapper","Lutjanus griseus",185,1
"202407131605-229","Great Barracuda","Sphyraena barracuda",70,1
"202407131614-228","Gray Snapper","Lutjanus griseus",184,1
"202407131614-228","Atlantic Bay Scallop","Argopecten irradians",12,1
"202408100817-281","Gray Snapper","Lutjanus griseus",138,2
"202408100817-281","Gray Snapper","Lutjanus griseus",150,2
"202408100817-281","Great Barracuda","Sphyraena barracuda",64,1
"202408100838-290","Gray Snapper","Lutjanus griseus",162,2
"202408100838-290","Gray Snapper","Lutjanus griseus",175,2
"202408100848-609","Spotted Seatrout","Cynoscion nebulosus",111,1
"202408100848-609","Gray Snapper","Lutjanus griseus",204,1
"202408100858-312","Gray Snapper","Lutjanus griseus",254,1
"202408100858-312","Spotted Seatrout","Cynoscion nebulosus",42,1
"202408100907-301","Gray Snapper","Lutjanus griseus",204,1
"202408100929-302","Gray Snapper","Lutjanus griseus",186,2
"202408100929-302","Gray Snapper","Lutjanus griseus",174,2
"202408100929-302","Great Barracuda","Sphyraena barracuda",134,2
"202408100929-302","Great Barracuda","Sphyraena barracuda",156,2
"202408100929-302","Atlantic Spadefish","Chaetodipterus faber",86,1
"202408100929-302","Spotted Seatrout","Cynoscion nebulosus",136,1
"202408101035-304","Gray Snapper","Lutjanus griseus",158,1
"202408101035-304","Great Barracuda","Sphyraena barracuda",134,1
"202408101056-314","Gray Snapper","Lutjanus griseus",198,3
"202408101056-314","Gray Snapper","Lutjanus griseus",141,3
"202408101056-314","Gray Snapper","Lutjanus griseus",161,3
"202408101116-313","Gray Snapper","Lutjanus griseus",208,1
"202408101151-618","Atlantic Bay Scallop","Argopecten irradians",18,1
"202408101151-618","Lined Sole","Achirus lineatus",104,1
"202408101446-325","Lined Seahorse","Hippocampus erectus",95,1
"202408101521-404","Gray Snapper","Lutjanus griseus",176,3
"202408101521-404","Gray Snapper","Lutjanus griseus",147,3
"202408101521-404","Gray Snapper","Lutjanus griseus",172,3
"202408110818-265","Atlantic Spadefish","Chaetodipterus faber",97,1
"202408110818-265","Gray Snapper","Lutjanus griseus",200,2
"202408110818-265","Gray Snapper","Lutjanus griseus",184,2
"202408110828-278","Bluestriped Grunt","Haemulon sciurus",87,1
"202408110828-278","Gray Snapper","Lutjanus griseus",186,2
"202408110828-278","Gray Snapper","Lutjanus griseus",244,2
"202408110842-279","Gray Snapper","Lutjanus griseus",212,2
"202408110842-279","Gray Snapper","Lutjanus griseus",216,2
"202408110850-266","Gray Snapper","Lutjanus griseus",201,1
"202408110912-280","Gray Snapper","Lutjanus griseus",171,2
"202408110912-280","Gray Snapper","Lutjanus griseus",193,2
"202408110922-267","Gray Snapper","Lutjanus griseus",202,1
"202408110934-254","Gray Snapper","Lutjanus griseus",159,1
"202408110943-255","Bluestriped Grunt","Haemulon sciurus",123,1
"202408110943-255","Gray Snapper","Lutjanus griseus",153,3
"202408110943-255","Gray Snapper","Lutjanus griseus",153,3
"202408110943-255","Gray Snapper","Lutjanus griseus",168,3
"202408111011-239","Sheepshead","Archosargus probatocephalus",78,1
"202408111011-239","Gray Snapper","Lutjanus griseus",162,1
"202408111022-240","Gray Snapper","Lutjanus griseus",148,1
"202408111032-225","Spotted Seatrout","Cynoscion nebulosus",29,1
"202408111045-224","Great Barracuda","Sphyraena barracuda",106,1
"202408111057-226","Bluestriped Grunt","Haemulon sciurus",78,1
"202408111114-243","Great Barracuda","Sphyraena barracuda",112,5
"202408111114-243","Great Barracuda","Sphyraena barracuda",109,5
"202408111114-243","Great Barracuda","Sphyraena barracuda",48,5
"202408111114-243","Great Barracuda","Sphyraena barracuda",72,5
"202408111114-243","Great Barracuda","Sphyraena barracuda",58,5
"202408111122-242","Great Barracuda","Sphyraena barracuda",102,1
"202408111122-242","Atlantic Bay Scallop","Argopecten irradians",34,1
"202408111129-227","Gray Snapper","Lutjanus griseus",178,1
"202408111129-227","Sailor's Grunt","Haemulon parra",70,1
"202408111129-227","Bluestriped Grunt","Haemulon sciurus",112,2
"202408111129-227","Bluestriped Grunt","Haemulon sciurus",60,2
"202408111153-229","Caribbean Spiny Lobster","Panulirus argus",150,1
"202408111153-229","Great Barracuda","Sphyraena barracuda",68,2
"202408111153-229","Great Barracuda","Sphyraena barracuda",60,2
"202408111153-229","Sailor's Grunt","Haemulon parra",48,1
"202408111233-257","Great Barracuda","Sphyraena barracuda",68,1
"202408111349-284","Great Barracuda","Sphyraena barracuda",192,1
"202408111349-284","Gray Snapper","Lutjanus griseus",158,1
"202408111359-294","Spotted Seatrout","Cynoscion nebulosus",111,1
"202408111408-283","Sailor's Grunt","Haemulon parra",113,1
"202408111408-283","Great Barracuda","Sphyraena barracuda",139,1
"202408111417-282","Gray Snapper","Lutjanus griseus",138,2
"202408111417-282","Gray Snapper","Lutjanus griseus",194,2
"202408111427-268","Caribbean Spiny Lobster","Panulirus argus",90,1
"202408111427-268","Gray Snapper","Lutjanus griseus",158,2
"202408111427-268","Gray Snapper","Lutjanus griseus",154,2
"202408111427-268","Bluestriped Grunt","Haemulon sciurus",128,1
"202408111427-268","Great Barracuda","Sphyraena barracuda",121,2
"202408111427-268","Great Barracuda","Sphyraena barracuda",126,2
"202408111437-269","Great Barracuda","Sphyraena barracuda",112,3
"202408111437-269","Great Barracuda","Sphyraena barracuda",98,3
"202408111437-269","Great Barracuda","Sphyraena barracuda",52,3
"202408111446-256","Gray Snapper","Lutjanus griseus",126,1
"202408120810-070","Lane Snapper","Lutjanus synagris",70,1
"202408120844-143","Lane Snapper","Lutjanus synagris",92,1
"202408120844-143","Barred Hamlet","Hypoplectrus puella",54,1
"202408120907-117","Hogfish","Lachnolaimus maximus",135,1
"202408120907-117","Gray Snapper","Lutjanus griseus",150,1
"202408120907-117","Bluestriped Grunt","Haemulon sciurus",87,2
"202408120907-117","Bluestriped Grunt","Haemulon sciurus",81,2
"202408120907-117","Lane Snapper","Lutjanus synagris",94,2
"202408120907-117","Lane Snapper","Lutjanus synagris",68,2
"202408120923-119","Bluestriped Grunt","Haemulon sciurus",201,1
"202408120923-119","Gray Snapper","Lutjanus griseus",195,2
"202408120923-119","Gray Snapper","Lutjanus griseus",154,2
"202408120923-119","Sheepshead","Archosargus probatocephalus",63,1
"202408120923-119","Spotted Seatrout","Cynoscion nebulosus",67,2
"202408120923-119","Spotted Seatrout","Cynoscion nebulosus",37,2
"202408120923-119","Lane Snapper","Lutjanus synagris",45,1
"202408120938-107","Gray Snapper","Lutjanus griseus",182,2
"202408120938-107","Gray Snapper","Lutjanus griseus",171,2
"202408120938-107","Lane Snapper","Lutjanus synagris",54,1
"202408120938-107","Bluestriped Grunt","Haemulon sciurus",75,4
"202408120938-107","Bluestriped Grunt","Haemulon sciurus",78,4
"202408120938-107","Bluestriped Grunt","Haemulon sciurus",96,4
"202408120938-107","Bluestriped Grunt","Haemulon sciurus",89,4
"202408121001-022","Grass Porgy","Calamus arctifrons",68,1
"202408121001-022","Lane Snapper","Lutjanus synagris",100,4
"202408121001-022","Lane Snapper","Lutjanus synagris",68,4
"202408121001-022","Lane Snapper","Lutjanus synagris",99,4
"202408121001-022","Lane Snapper","Lutjanus synagris",57,4
"202408121024-021","Hogfish","Lachnolaimus maximus",146,2
"202408121024-021","Hogfish","Lachnolaimus maximus",116,2
"202408121024-021","Mutton Snapper","Lutjanus analis",242,1
"202408121024-021","Lane Snapper","Lutjanus synagris",92,1
"202408121024-021","Barred Hamlet","Hypoplectrus puella",115,1
"202408121024-021","Gray Snapper","Lutjanus griseus",246,1
"202408121024-021","Atlantic Spadefish","Chaetodipterus faber",84,1
"202408121024-021","Grass Porgy","Calamus arctifrons",91,1
"202408121024-021","Yellowtail Snapper","Ocyurus chrysurus",58,1
"202408121037-020","Lane Snapper","Lutjanus synagris",128,4
"202408121037-020","Lane Snapper","Lutjanus synagris",78,4
"202408121037-020","Lane Snapper","Lutjanus synagris",74,4
"202408121037-020","Lane Snapper","Lutjanus synagris",57,4
"202408121102-024","Sailor's Grunt","Haemulon parra",54,2
"202408121102-024","Sailor's Grunt","Haemulon parra",56,2
"202408121127-123","Great Barracuda","Sphyraena barracuda",38,1
"202408121127-123","Spotted Seatrout","Cynoscion nebulosus",53,1
"202408121147-112","Atlantic Bay Scallop","Argopecten irradians",43,1
"202408121203-135","Gray Snapper","Lutjanus griseus",144,2
"202408121203-135","Gray Snapper","Lutjanus griseus",146,2
"202408121215-147","Gray Snapper","Lutjanus griseus",140,1
"202408121215-147","Bluestriped Grunt","Haemulon sciurus",61,1
"202408121245-158","Lane Snapper","Lutjanus synagris",108,1
"202408121252-168","Gray Snapper","Lutjanus griseus",202,4
"202408121252-168","Gray Snapper","Lutjanus griseus",173,4
"202408121252-168","Gray Snapper","Lutjanus griseus",193,4
"202408121252-168","Gray Snapper","Lutjanus griseus",186,4
"202408121252-168","Lane Snapper","Lutjanus synagris",57,1
"202408121312-175","Lane Snapper","Lutjanus synagris",33,1
"202408121356-171","Gray Snapper","Lutjanus griseus",170,37
"202408121356-171","Gray Snapper","Lutjanus griseus",200,37
"202408121356-171","Gray Snapper","Lutjanus griseus",156,37
"202408121356-171","Gray Snapper","Lutjanus griseus",170,37
"202408121356-171","Gray Snapper","Lutjanus griseus",204,37
"202408121356-171","Gray Snapper","Lutjanus griseus",150,37
"202408121356-171","Gray Snapper","Lutjanus griseus",200,37
"202408121356-171","Gray Snapper","Lutjanus griseus",158,37
"202408121356-171","Gray Snapper","Lutjanus griseus",162,37
"202408121356-171","Gray Snapper","Lutjanus griseus",195,37
"202408121356-171","Gray Snapper","Lutjanus griseus",198,37
"202408121356-171","Gray Snapper","Lutjanus griseus",181,37
"202408121356-171","Gray Snapper","Lutjanus griseus",162,37
"202408121356-171","Gray Snapper","Lutjanus griseus",175,37
"202408121356-171","Gray Snapper","Lutjanus griseus",186,37
"202408121356-171","Gray Snapper","Lutjanus griseus",142,37
"202408121356-171","Gray Snapper","Lutjanus griseus",168,37
"202408121356-171","Gray Snapper","Lutjanus griseus",178,37
"202408121356-171","Gray Snapper","Lutjanus griseus",201,37
"202408121356-171","Gray Snapper","Lutjanus griseus",179,37
"202408121356-171","Gray Snapper","Lutjanus griseus",175,37
"202408121356-171","Gray Snapper","Lutjanus griseus",190,37
"202408121356-171","Gray Snapper","Lutjanus griseus",182,37
"202408121356-171","Gray Snapper","Lutjanus griseus",143,37
"202408121356-171","Gray Snapper","Lutjanus griseus",177,37
"202408121356-171","Gray Snapper","Lutjanus griseus",168,37
"202408121356-171","Gray Snapper","Lutjanus griseus",154,37
"202408121356-171","Gray Snapper","Lutjanus griseus",184,37
"202408121356-171","Gray Snapper","Lutjanus griseus",143,37
"202408121356-171","Gray Snapper","Lutjanus griseus",194,37
"202408121356-171","Gray Snapper","Lutjanus griseus",175,37
"202408121356-171","Gray Snapper","Lutjanus griseus",187,37
"202408121356-171","Gray Snapper","Lutjanus griseus",173,37
"202408121356-171","Gray Snapper","Lutjanus griseus",181,37
"202408121356-171","Gray Snapper","Lutjanus griseus",185,37
"202408121356-171","Gray Snapper","Lutjanus griseus",164,37
"202408121356-171","Gray Snapper","Lutjanus griseus",163,37
"202408121356-171","Bluestriped Grunt","Haemulon sciurus",81,8
"202408121356-171","Bluestriped Grunt","Haemulon sciurus",81,8
"202408121356-171","Bluestriped Grunt","Haemulon sciurus",126,8
"202408121356-171","Bluestriped Grunt","Haemulon sciurus",74,8
"202408121356-171","Bluestriped Grunt","Haemulon sciurus",118,8
"202408121356-171","Bluestriped Grunt","Haemulon sciurus",78,8
"202408121356-171","Bluestriped Grunt","Haemulon sciurus",96,8
"202408121356-171","Bluestriped Grunt","Haemulon sciurus",72,8
"202408121356-171","Lane Snapper","Lutjanus synagris",64,7
"202408121356-171","Lane Snapper","Lutjanus synagris",65,7
"202408121356-171","Lane Snapper","Lutjanus synagris",56,7
"202408121356-171","Lane Snapper","Lutjanus synagris",65,7
"202408121356-171","Lane Snapper","Lutjanus synagris",62,7
"202408121356-171","Lane Snapper","Lutjanus synagris",68,7
"202408121356-171","Lane Snapper","Lutjanus synagris",65,7
"202408121356-171","Sheepshead","Archosargus probatocephalus",124,1
"202408121356-171","Sailor's Grunt","Haemulon parra",82,8
"202408121356-171","Sailor's Grunt","Haemulon parra",120,8
"202408121356-171","Sailor's Grunt","Haemulon parra",52,8
"202408121356-171","Sailor's Grunt","Haemulon parra",48,8
"202408121356-171","Sailor's Grunt","Haemulon parra",49,8
"202408121356-171","Sailor's Grunt","Haemulon parra",108,8
"202408121356-171","Sailor's Grunt","Haemulon parra",73,8
"202408121356-171","Sailor's Grunt","Haemulon parra",58,8
"202408121419-174","Gray Snapper","Lutjanus griseus",196,6
"202408121419-174","Gray Snapper","Lutjanus griseus",215,6
"202408121419-174","Gray Snapper","Lutjanus griseus",173,6
"202408121419-174","Gray Snapper","Lutjanus griseus",155,6
"202408121419-174","Gray Snapper","Lutjanus griseus",179,6
"202408121419-174","Gray Snapper","Lutjanus griseus",196,6
"202408121419-174","Lane Snapper","Lutjanus synagris",48,2
"202408121419-174","Lane Snapper","Lutjanus synagris",56,2
"202409070923-303","Gray Snapper","Lutjanus griseus",179,1
"202409070951-315","Great Barracuda","Sphyraena barracuda",140,1
"202409071207-325","Great Barracuda","Sphyraena barracuda",91,1
"202409071232-401","Great Barracuda","Sphyraena barracuda",154,1
"202409071437-403","Lined Seahorse","Hippocampus erectus",112,1
"202409071447-404","Great Barracuda","Sphyraena barracuda",141,1
"202409080754-267","Great Barracuda","Sphyraena barracuda",68,2
"202409080754-267","Great Barracuda","Sphyraena barracuda",147,2
"202409080754-267","Gray Snapper","Lutjanus griseus",168,1
"202409080813-280","Gray Snapper","Lutjanus griseus",228,6
"202409080813-280","Gray Snapper","Lutjanus griseus",148,6
"202409080813-280","Gray Snapper","Lutjanus griseus",147,6
"202409080813-280","Gray Snapper","Lutjanus griseus",166,6
"202409080813-280","Gray Snapper","Lutjanus griseus",186,6
"202409080813-280","Gray Snapper","Lutjanus griseus",164,6
"202409080831-266","Gray Snapper","Lutjanus griseus",222,1
"202409080843-253","Gray Snapper","Lutjanus griseus",204,2
"202409080843-253","Gray Snapper","Lutjanus griseus",143,2
"202409080916-255","Gray Snapper","Lutjanus griseus",193,1
"202409080928-254","Great Barracuda","Sphyraena barracuda",151,1
"202409080928-254","Gray Snapper","Lutjanus griseus",190,1
"202409080936-240","Great Barracuda","Sphyraena barracuda",99,1
"202409080956-226","Gray Snapper","Lutjanus griseus",164,1
"202409080956-226","Great Barracuda","Sphyraena barracuda",169,1
"202409081021-270","Spotted Seatrout","Cynoscion nebulosus",94,1
"202409081042-268","Spotted Seatrout","Cynoscion nebulosus",90,1
"202409081052-282","Gray Snapper","Lutjanus griseus",208,3
"202409081052-282","Gray Snapper","Lutjanus griseus",195,3
"202409081052-282","Gray Snapper","Lutjanus griseus",155,3
"202409081052-282","Great Barracuda","Sphyraena barracuda",96,2
"202409081052-282","Great Barracuda","Sphyraena barracuda",72,2
"202409081114-291","Gray Snapper","Lutjanus griseus",169,2
"202409081114-291","Gray Snapper","Lutjanus griseus",164,2
"202409081133-609","Gray Snapper","Lutjanus griseus",145,3
"202409081133-609","Gray Snapper","Lutjanus griseus",198,3
"202409081133-609","Gray Snapper","Lutjanus griseus",221,3
"202409081133-609","Spotted Seatrout","Cynoscion nebulosus",74,1
"202409081145-312","Great Barracuda","Sphyraena barracuda",142,2
"202409081145-312","Great Barracuda","Sphyraena barracuda",136,2
"202409081205-302","Atlantic Spadefish","Chaetodipterus faber",143,2
"202409081205-302","Atlantic Spadefish","Chaetodipterus faber",165,2
"202409081205-302","Great Barracuda","Sphyraena barracuda",288,2
"202409081205-302","Great Barracuda","Sphyraena barracuda",116,2
"202409081214-292","Gray Snapper","Lutjanus griseus",152,3
"202409081214-292","Gray Snapper","Lutjanus griseus",163,3
"202409081214-292","Gray Snapper","Lutjanus griseus",179,3
"202409081214-292","Great Barracuda","Sphyraena barracuda",121,1
"202409081214-292","Lined Seahorse","Hippocampus erectus",110,1
"202409081224-283","Atlantic Bay Scallop","Argopecten irradians",40,1
"202409081224-283","Great Barracuda","Sphyraena barracuda",137,2
"202409081224-283","Great Barracuda","Sphyraena barracuda",134,2
"202409081243-294","Caribbean Spiny Lobster","Panulirus argus",125,1
"202409081243-294","Great Barracuda","Sphyraena barracuda",121,1
"202409081243-294","Lined Seahorse","Hippocampus erectus",100,1
"202409081430-257","Spotted Seatrout","Cynoscion nebulosus",60,2
"202409081430-257","Spotted Seatrout","Cynoscion nebulosus",88,2
"202409081430-257","Great Barracuda","Sphyraena barracuda",125,5
"202409081430-257","Great Barracuda","Sphyraena barracuda",157,5
"202409081430-257","Great Barracuda","Sphyraena barracuda",115,5
"202409081430-257","Great Barracuda","Sphyraena barracuda",178,5
"202409081430-257","Great Barracuda","Sphyraena barracuda",121,5
"202409081430-257","Atlantic Bay Scallop","Argopecten irradians",35,1
"202409081430-257","Gray Snapper","Lutjanus griseus",178,2
"202409081430-257","Gray Snapper","Lutjanus griseus",157,2
"202409081505-242","Gray Snapper","Lutjanus griseus",173,1
"202409081505-242","Great Barracuda","Sphyraena barracuda",91,1
"202409081525-229","Bluestriped Grunt","Haemulon sciurus",106,1
"202409081539-228","Great Barracuda","Sphyraena barracuda",66,1
"202409081548-227","Great Barracuda","Sphyraena barracuda",119,1
"202409081558-225","Bluestriped Grunt","Haemulon sciurus",98,1
"202409081558-225","Gray Snapper","Lutjanus griseus",202,2
"202409081558-225","Gray Snapper","Lutjanus griseus",117,2
"202409081558-225","Great Barracuda","Sphyraena barracuda",256,1
"202409081634-173","Gray Snapper","Lutjanus griseus",140,1
"202409081634-173","Sheepshead","Archosargus probatocephalus",84,1
"202409081646-168","Lane Snapper","Lutjanus synagris",83,9
"202409081646-168","Lane Snapper","Lutjanus synagris",58,9
"202409081646-168","Lane Snapper","Lutjanus synagris",91,9
"202409081646-168","Lane Snapper","Lutjanus synagris",89,9
"202409081646-168","Lane Snapper","Lutjanus synagris",52,9
"202409081646-168","Lane Snapper","Lutjanus synagris",61,9
"202409081646-168","Lane Snapper","Lutjanus synagris",60,9
"202409081646-168","Lane Snapper","Lutjanus synagris",61,9
"202409081646-168","Lane Snapper","Lutjanus synagris",24,9
"202409081646-168","Spotted Seatrout","Cynoscion nebulosus",39,1
"202409081703-158","Lane Snapper","Lutjanus synagris",90,7
"202409081703-158","Lane Snapper","Lutjanus synagris",61,7
"202409081703-158","Lane Snapper","Lutjanus synagris",94,7
"202409081703-158","Lane Snapper","Lutjanus synagris",66,7
"202409081703-158","Lane Snapper","Lutjanus synagris",78,7
"202409081703-158","Lane Snapper","Lutjanus synagris",55,7
"202409081703-158","Lane Snapper","Lutjanus synagris",58,7
"202409081703-158","Hogfish","Lachnolaimus maximus",110,1
"202409081703-158","Spotted Seatrout","Cynoscion nebulosus",123,1
"202409081703-158","Gray Snapper","Lutjanus griseus",197,1
"202409081801-070","Spotted Seatrout","Cynoscion nebulosus",17,8
"202409081801-070","Spotted Seatrout","Cynoscion nebulosus",75,8
"202409081801-070","Spotted Seatrout","Cynoscion nebulosus",48,8
"202409081801-070","Spotted Seatrout","Cynoscion nebulosus",42,8
"202409081801-070","Spotted Seatrout","Cynoscion nebulosus",78,8
"202409081801-070","Spotted Seatrout","Cynoscion nebulosus",44,8
"202409081801-070","Spotted Seatrout","Cynoscion nebulosus",38,8
"202409081801-070","Spotted Seatrout","Cynoscion nebulosus",36,8
"202409081801-070","Lane Snapper","Lutjanus synagris",90,13
"202409081801-070","Lane Snapper","Lutjanus synagris",98,13
"202409081801-070","Lane Snapper","Lutjanus synagris",92,13
"202409081801-070","Lane Snapper","Lutjanus synagris",100,13
"202409081801-070","Lane Snapper","Lutjanus synagris",79,13
"202409081801-070","Lane Snapper","Lutjanus synagris",54,13
"202409081801-070","Lane Snapper","Lutjanus synagris",137,13
"202409081801-070","Lane Snapper","Lutjanus synagris",92,13
"202409081801-070","Lane Snapper","Lutjanus synagris",76,13
"202409081801-070","Lane Snapper","Lutjanus synagris",136,13
"202409081801-070","Lane Snapper","Lutjanus synagris",80,13
"202409081801-070","Lane Snapper","Lutjanus synagris",45,13
"202409081801-070","Lane Snapper","Lutjanus synagris",95,13
"202409081801-070","Gray Snapper","Lutjanus griseus",68,4
"202409081801-070","Gray Snapper","Lutjanus griseus",168,4
"202409081801-070","Gray Snapper","Lutjanus griseus",165,4
"202409081801-070","Gray Snapper","Lutjanus griseus",156,4
"202409081801-070","Gulf Flounder","Paralichthys albigutta",182,1
"202409090729-143","Gray Snapper","Lutjanus griseus",178,1
"202409090729-143","Lane Snapper","Lutjanus synagris",84,3
"202409090729-143","Lane Snapper","Lutjanus synagris",63,3
"202409090729-143","Lane Snapper","Lutjanus synagris",70,3
"202409090729-143","Yellowtail Snapper","Ocyurus chrysurus",89,1
"202409090729-143","Spotted Seatrout","Cynoscion nebulosus",67,1
"202409090743-065","Lane Snapper","Lutjanus synagris",87,1
"202409090938-117","Lane Snapper","Lutjanus synagris",94,8
"202409090938-117","Lane Snapper","Lutjanus synagris",128,8
"202409090938-117","Lane Snapper","Lutjanus synagris",132,8
"202409090938-117","Lane Snapper","Lutjanus synagris",84,8
"202409090938-117","Lane Snapper","Lutjanus synagris",90,8
"202409090938-117","Lane Snapper","Lutjanus synagris",77,8
"202409090938-117","Lane Snapper","Lutjanus synagris",103,8
"202409090938-117","Lane Snapper","Lutjanus synagris",84,8
"202409090938-117","Grass Porgy","Calamus arctifrons",108,1
"202409090951-107","Bluestriped Grunt","Haemulon sciurus",87,1
"202409090951-107","Lane Snapper","Lutjanus synagris",93,4
"202409090951-107","Lane Snapper","Lutjanus synagris",93,4
"202409090951-107","Lane Snapper","Lutjanus synagris",102,4
"202409090951-107","Lane Snapper","Lutjanus synagris",58,4
"202409091015-022","Yellowtail Snapper","Ocyurus chrysurus",95,2
"202409091015-022","Yellowtail Snapper","Ocyurus chrysurus",52,2
"202409091015-022","Lane Snapper","Lutjanus synagris",60,4
"202409091015-022","Lane Snapper","Lutjanus synagris",24,4
"202409091015-022","Lane Snapper","Lutjanus synagris",55,4
"202409091015-022","Lane Snapper","Lutjanus synagris",80,4
"202409091015-022","Barred Hamlet","Hypoplectrus puella",70,2
"202409091015-022","Barred Hamlet","Hypoplectrus puella",52,2
"202409091015-022","Gray Snapper","Lutjanus griseus",152,2
"202409091015-022","Gray Snapper","Lutjanus griseus",192,2
"202409091043-024","Gray Snapper","Lutjanus griseus",157,5
"202409091043-024","Gray Snapper","Lutjanus griseus",165,5
"202409091043-024","Gray Snapper","Lutjanus griseus",210,5
"202409091043-024","Gray Snapper","Lutjanus griseus",146,5
"202409091043-024","Gray Snapper","Lutjanus griseus",140,5
"202409091043-024","Barred Hamlet","Hypoplectrus puella",120,3
"202409091043-024","Barred Hamlet","Hypoplectrus puella",124,3
"202409091043-024","Barred Hamlet","Hypoplectrus puella",68,3
"202409091043-024","Yellowtail Snapper","Ocyurus chrysurus",80,1
"202409091043-024","Lane Snapper","Lutjanus synagris",51,2
"202409091043-024","Lane Snapper","Lutjanus synagris",52,2
"202409091043-024","Bluestriped Grunt","Haemulon sciurus",81,1
"202409091043-024","Spotted Seatrout","Cynoscion nebulosus",44,1
"202409091108-105","Gray Snapper","Lutjanus griseus",188,4
"202409091108-105","Gray Snapper","Lutjanus griseus",158,4
"202409091108-105","Gray Snapper","Lutjanus griseus",168,4
"202409091108-105","Gray Snapper","Lutjanus griseus",154,4
"202409091108-105","Bluestriped Grunt","Haemulon sciurus",169,12
"202409091108-105","Bluestriped Grunt","Haemulon sciurus",164,12
"202409091108-105","Bluestriped Grunt","Haemulon sciurus",72,12
"202409091108-105","Bluestriped Grunt","Haemulon sciurus",116,12
"202409091108-105","Bluestriped Grunt","Haemulon sciurus",130,12
"202409091108-105","Bluestriped Grunt","Haemulon sciurus",112,12
"202409091108-105","Bluestriped Grunt","Haemulon sciurus",112,12
"202409091108-105","Bluestriped Grunt","Haemulon sciurus",124,12
"202409091108-105","Bluestriped Grunt","Haemulon sciurus",91,12
"202409091108-105","Bluestriped Grunt","Haemulon sciurus",112,12
"202409091108-105","Bluestriped Grunt","Haemulon sciurus",97,12
"202409091108-105","Bluestriped Grunt","Haemulon sciurus",79,12
"202409091108-105","Yellowtail Snapper","Ocyurus chrysurus",92,1
"202409091108-105","Lane Snapper","Lutjanus synagris",87,8
"202409091108-105","Lane Snapper","Lutjanus synagris",109,8
"202409091108-105","Lane Snapper","Lutjanus synagris",68,8
"202409091108-105","Lane Snapper","Lutjanus synagris",91,8
"202409091108-105","Lane Snapper","Lutjanus synagris",86,8
"202409091108-105","Lane Snapper","Lutjanus synagris",86,8
"202409091108-105","Lane Snapper","Lutjanus synagris",54,8
"202409091108-105","Lane Snapper","Lutjanus synagris",49,8
"202409091150-124","Atlantic Bay Scallop","Argopecten irradians",52,1
"202409091150-124","Spotted Seatrout","Cynoscion nebulosus",69,2
"202409091150-124","Spotted Seatrout","Cynoscion nebulosus",64,2
"202409091205-123","Atlantic Bay Scallop","Argopecten irradians",45,1
"202409091205-123","Great Barracuda","Sphyraena barracuda",72,2
"202409091205-123","Great Barracuda","Sphyraena barracuda",68,2
"202409091205-123","Lane Snapper","Lutjanus synagris",26,1
"202409091257-159","Bluestriped Grunt","Haemulon sciurus",69,1
"202409091257-159","Spotted Seatrout","Cynoscion nebulosus",48,1
"202410050909-303","Caribbean Spiny Lobster","Panulirus argus",280,1
"202410050909-303","Gray Snapper","Lutjanus griseus",204,1
"202410050924-304","Great Barracuda","Sphyraena barracuda",235,1
"202410050924-304","Bluestriped Grunt","Haemulon sciurus",108,3
"202410050924-304","Bluestriped Grunt","Haemulon sciurus",200,3
"202410050924-304","Bluestriped Grunt","Haemulon sciurus",121,3
"202410050935-315","Great Barracuda","Sphyraena barracuda",120,1
"202410051001-313","Gray Snapper","Lutjanus griseus",178,1
"202410051011-323","Great Barracuda","Sphyraena barracuda",157,2
"202410051011-323","Great Barracuda","Sphyraena barracuda",160,2
"202410051258-302","Great Barracuda","Sphyraena barracuda",57,1
"202410051421-294","Great Barracuda","Sphyraena barracuda",163,1
"202410051433-283","Gray Snapper","Lutjanus griseus",185,4
"202410051433-283","Gray Snapper","Lutjanus griseus",197,4
"202410051433-283","Gray Snapper","Lutjanus griseus",175,4
"202410051433-283","Gray Snapper","Lutjanus griseus",187,4
"202410051458-270","Great Barracuda","Sphyraena barracuda",52,3
"202410051458-270","Great Barracuda","Sphyraena barracuda",99,3
"202410051458-270","Great Barracuda","Sphyraena barracuda",45,3
"202410051458-270","Atlantic Bay Scallop","Argopecten irradians",40,1
"202410051521-257","Gray Snapper","Lutjanus griseus",145,1
"202410051532-256","Gray Snapper","Lutjanus griseus",167,1
"202410051542-269","Gray Snapper","Lutjanus griseus",180,3
"202410051542-269","Gray Snapper","Lutjanus griseus",180,3
"202410051542-269","Gray Snapper","Lutjanus griseus",196,3
"202410051542-269","Great Barracuda","Sphyraena barracuda",198,3
"202410051542-269","Great Barracuda","Sphyraena barracuda",224,3
"202410051542-269","Great Barracuda","Sphyraena barracuda",52,3
"202410051553-282","Great Barracuda","Sphyraena barracuda",187,1
"202410051553-282","Gray Snapper","Lutjanus griseus",162,2
"202410051553-282","Gray Snapper","Lutjanus griseus",174,2
"202410051603-268","Gray Snapper","Lutjanus griseus",NA,4
"202410051603-268","Gray Snapper","Lutjanus griseus",197,4
"202410051603-268","Gray Snapper","Lutjanus griseus",156,4
"202410051603-268","Gray Snapper","Lutjanus griseus",203,4
"202410051615-281","Bluestriped Grunt","Haemulon sciurus",168,1
"202410051615-281","Great Barracuda","Sphyraena barracuda",79,1
"202410051625-280","Gray Snapper","Lutjanus griseus",156,2
"202410051625-280","Gray Snapper","Lutjanus griseus",202,2
"202410051625-280","Spotted Seatrout","Cynoscion nebulosus",58,1
"202410051637-279","Gray Snapper","Lutjanus griseus",160,2
"202410051637-279","Gray Snapper","Lutjanus griseus",218,2
"202410051645-278","Great Barracuda","Sphyraena barracuda",56,1
"202410060822-070","Lane Snapper","Lutjanus synagris",28,1
"202410060822-070","Common Snook","Centropomus undecimalis",950,1
"202410060924-174","Gray Snapper","Lutjanus griseus",220,6
"202410060924-174","Gray Snapper","Lutjanus griseus",194,6
"202410060924-174","Gray Snapper","Lutjanus griseus",173,6
"202410060924-174","Gray Snapper","Lutjanus griseus",203,6
"202410060924-174","Gray Snapper","Lutjanus griseus",197,6
"202410060924-174","Gray Snapper","Lutjanus griseus",216,6
"202410060924-174","Lane Snapper","Lutjanus synagris",70,13
"202410060924-174","Lane Snapper","Lutjanus synagris",61,13
"202410060924-174","Lane Snapper","Lutjanus synagris",125,13
"202410060924-174","Lane Snapper","Lutjanus synagris",118,13
"202410060924-174","Lane Snapper","Lutjanus synagris",56,13
"202410060924-174","Lane Snapper","Lutjanus synagris",63,13
"202410060924-174","Lane Snapper","Lutjanus synagris",45,13
"202410060924-174","Lane Snapper","Lutjanus synagris",57,13
"202410060924-174","Lane Snapper","Lutjanus synagris",70,13
"202410060924-174","Lane Snapper","Lutjanus synagris",60,13
"202410060924-174","Lane Snapper","Lutjanus synagris",49,13
"202410060924-174","Lane Snapper","Lutjanus synagris",47,13
"202410060924-174","Lane Snapper","Lutjanus synagris",59,13
"202410060924-174","Mutton Snapper","Lutjanus analis",129,1
"202410060924-174","Bluestriped Grunt","Haemulon sciurus",93,1
"202410060941-171","Gray Snapper","Lutjanus griseus",150,12
"202410060941-171","Gray Snapper","Lutjanus griseus",210,12
"202410060941-171","Gray Snapper","Lutjanus griseus",203,12
"202410060941-171","Gray Snapper","Lutjanus griseus",222,12
"202410060941-171","Gray Snapper","Lutjanus griseus",197,12
"202410060941-171","Gray Snapper","Lutjanus griseus",152,12
"202410060941-171","Gray Snapper","Lutjanus griseus",201,12
"202410060941-171","Gray Snapper","Lutjanus griseus",203,12
"202410060941-171","Gray Snapper","Lutjanus griseus",198,12
"202410060941-171","Gray Snapper","Lutjanus griseus",190,12
"202410060941-171","Gray Snapper","Lutjanus griseus",221,12
"202410060941-171","Gray Snapper","Lutjanus griseus",192,12
"202410060941-171","Bluestriped Grunt","Haemulon sciurus",147,4
"202410060941-171","Bluestriped Grunt","Haemulon sciurus",104,4
"202410060941-171","Bluestriped Grunt","Haemulon sciurus",109,4
"202410060941-171","Bluestriped Grunt","Haemulon sciurus",93,4
"202410060941-171","Lane Snapper","Lutjanus synagris",43,3
"202410060941-171","Lane Snapper","Lutjanus synagris",56,3
"202410060941-171","Lane Snapper","Lutjanus synagris",112,3
"202410060941-171","Sailor's Grunt","Haemulon parra",86,1
"202410061000-173","Great Barracuda","Sphyraena barracuda",153,2
"202410061000-173","Great Barracuda","Sphyraena barracuda",70,2
"202410061000-173","Spotted Seatrout","Cynoscion nebulosus",57,1
"202410061011-168","Lane Snapper","Lutjanus synagris",30,7
"202410061011-168","Lane Snapper","Lutjanus synagris",101,7
"202410061011-168","Lane Snapper","Lutjanus synagris",58,7
"202410061011-168","Lane Snapper","Lutjanus synagris",50,7
"202410061011-168","Lane Snapper","Lutjanus synagris",87,7
"202410061011-168","Lane Snapper","Lutjanus synagris",81,7
"202410061011-168","Lane Snapper","Lutjanus synagris",58,7
"202410061011-168","Gray Snapper","Lutjanus griseus",209,3
"202410061011-168","Gray Snapper","Lutjanus griseus",186,3
"202410061011-168","Gray Snapper","Lutjanus griseus",200,3
"202410061011-168","Grass Porgy","Calamus arctifrons",78,2
"202410061011-168","Grass Porgy","Calamus arctifrons",73,2
"202410061011-168","Bluestriped Grunt","Haemulon sciurus",124,1
"202410061038-158","Lane Snapper","Lutjanus synagris",105,1
"202410061051-167","Gray Snapper","Lutjanus griseus",206,8
"202410061051-167","Gray Snapper","Lutjanus griseus",209,8
"202410061051-167","Gray Snapper","Lutjanus griseus",253,8
"202410061051-167","Gray Snapper","Lutjanus griseus",126,8
"202410061051-167","Gray Snapper","Lutjanus griseus",203,8
"202410061051-167","Gray Snapper","Lutjanus griseus",198,8
"202410061051-167","Gray Snapper","Lutjanus griseus",205,8
"202410061051-167","Gray Snapper","Lutjanus griseus",225,8
"202410061051-167","Bluestriped Grunt","Haemulon sciurus",171,3
"202410061051-167","Bluestriped Grunt","Haemulon sciurus",183,3
"202410061051-167","Bluestriped Grunt","Haemulon sciurus",197,3
"202410061143-130","Great Barracuda","Sphyraena barracuda",236,1
"202410061143-130","Lane Snapper","Lutjanus synagris",93,3
"202410061143-130","Lane Snapper","Lutjanus synagris",59,3
"202410061143-130","Lane Snapper","Lutjanus synagris",106,3
"202410061155-106","Lane Snapper","Lutjanus synagris",107,2
"202410061155-106","Lane Snapper","Lutjanus synagris",77,2
"202410061155-106","Barred Hamlet","Hypoplectrus puella",50,1
"202410061155-106","Blue Croaker","Corvula batabana",66,1
"202410061207-101","Lane Snapper","Lutjanus synagris",177,1
"202410061224-119","Hogfish","Lachnolaimus maximus",146,1
"202410061224-119","Lane Snapper","Lutjanus synagris",80,5
"202410061224-119","Lane Snapper","Lutjanus synagris",73,5
"202410061224-119","Lane Snapper","Lutjanus synagris",54,5
"202410061224-119","Lane Snapper","Lutjanus synagris",54,5
"202410061224-119","Lane Snapper","Lutjanus synagris",54,5
"202410061224-119","Great Barracuda","Sphyraena barracuda",217,1
"202410061345-159","Gray Snapper","Lutjanus griseus",153,4
"202410061345-159","Gray Snapper","Lutjanus griseus",170,4
"202410061345-159","Gray Snapper","Lutjanus griseus",115,4
"202410061345-159","Gray Snapper","Lutjanus griseus",98,4
"202410061345-159","Spotted Seatrout","Cynoscion nebulosus",113,5
"202410061345-159","Spotted Seatrout","Cynoscion nebulosus",28,5
"202410061345-159","Spotted Seatrout","Cynoscion nebulosus",24,5
"202410061345-159","Spotted Seatrout","Cynoscion nebulosus",53,5
"202410061345-159","Spotted Seatrout","Cynoscion nebulosus",53,5
"202410061345-159","Gulf Flounder","Paralichthys albigutta",164,1
"202410061345-159","Lane Snapper","Lutjanus synagris",74,1
"202410061359-146","Gray Snapper","Lutjanus griseus",195,1
"202410061359-146","Bluestriped Grunt","Haemulon sciurus",77,1
"202410061359-146","Lane Snapper","Lutjanus synagris",58,1
"202410061422-122","Gray Snapper","Lutjanus griseus",161,1
"202410061422-122","Spotted Seatrout","Cynoscion nebulosus",48,1
"202410061431-123","Lane Snapper","Lutjanus synagris",94,1
"202410061431-123","Gray Snapper","Lutjanus griseus",187,1
"202410061454-111","Grass Porgy","Calamus arctifrons",172,1
"202410061454-111","Lane Snapper","Lutjanus synagris",68,1
"202410061506-105","Yellowtail Snapper","Ocyurus chrysurus",114,1
"202410061506-105","Lane Snapper","Lutjanus synagris",80,7
"202410061506-105","Lane Snapper","Lutjanus synagris",38,7
"202410061506-105","Lane Snapper","Lutjanus synagris",98,7
"202410061506-105","Lane Snapper","Lutjanus synagris",123,7
"202410061506-105","Lane Snapper","Lutjanus synagris",84,7
"202410061506-105","Lane Snapper","Lutjanus synagris",81,7
"202410061506-105","Lane Snapper","Lutjanus synagris",99,7
"202410061506-105","Gray Snapper","Lutjanus griseus",148,5
"202410061506-105","Gray Snapper","Lutjanus griseus",203,5
"202410061506-105","Gray Snapper","Lutjanus griseus",172,5
"202410061506-105","Gray Snapper","Lutjanus griseus",161,5
"202410061506-105","Gray Snapper","Lutjanus griseus",168,5
"202410061523-023","Grass Porgy","Calamus arctifrons",203,8
"202410061523-023","Grass Porgy","Calamus arctifrons",97,8
"202410061523-023","Grass Porgy","Calamus arctifrons",113,8
"202410061523-023","Grass Porgy","Calamus arctifrons",123,8
"202410061523-023","Grass Porgy","Calamus arctifrons",108,8
"202410061523-023","Grass Porgy","Calamus arctifrons",127,8
"202410061523-023","Grass Porgy","Calamus arctifrons",117,8
"202410061523-023","Grass Porgy","Calamus arctifrons",85,8
"202410061523-023","Lane Snapper","Lutjanus synagris",142,7
"202410061523-023","Lane Snapper","Lutjanus synagris",146,7
"202410061523-023","Lane Snapper","Lutjanus synagris",86,7
"202410061523-023","Lane Snapper","Lutjanus synagris",70,7
"202410061523-023","Lane Snapper","Lutjanus synagris",115,7
"202410061523-023","Lane Snapper","Lutjanus synagris",81,7
"202410061523-023","Lane Snapper","Lutjanus synagris",45,7
"202410061534-022","Atlantic Spadefish","Chaetodipterus faber",82,16
"202410061534-022","Atlantic Spadefish","Chaetodipterus faber",90,16
"202410061534-022","Atlantic Spadefish","Chaetodipterus faber",73,16
"202410061534-022","Atlantic Spadefish","Chaetodipterus faber",78,16
"202410061534-022","Atlantic Spadefish","Chaetodipterus faber",85,16
"202410061534-022","Atlantic Spadefish","Chaetodipterus faber",86,16
"202410061534-022","Atlantic Spadefish","Chaetodipterus faber",93,16
"202410061534-022","Atlantic Spadefish","Chaetodipterus faber",90,16
"202410061534-022","Atlantic Spadefish","Chaetodipterus faber",88,16
"202410061534-022","Atlantic Spadefish","Chaetodipterus faber",85,16
"202410061534-022","Atlantic Spadefish","Chaetodipterus faber",83,16
"202410061534-022","Atlantic Spadefish","Chaetodipterus faber",86,16
"202410061534-022","Atlantic Spadefish","Chaetodipterus faber",84,16
"202410061534-022","Atlantic Spadefish","Chaetodipterus faber",88,16
"202410061534-022","Atlantic Spadefish","Chaetodipterus faber",85,16
"202410061534-022","Atlantic Spadefish","Chaetodipterus faber",82,16
"202410061534-022","Lane Snapper","Lutjanus synagris",67,6
"202410061534-022","Lane Snapper","Lutjanus synagris",136,6
"202410061534-022","Lane Snapper","Lutjanus synagris",113,6
"202410061534-022","Lane Snapper","Lutjanus synagris",145,6
"202410061534-022","Lane Snapper","Lutjanus synagris",121,6
"202410061534-022","Lane Snapper","Lutjanus synagris",80,6
"202410070834-239","Spotted Seatrout","Cynoscion nebulosus",68,1
"202410070858-225","Bluestriped Grunt","Haemulon sciurus",215,2
"202410070858-225","Bluestriped Grunt","Haemulon sciurus",83,2
"202410070858-225","Gray Snapper","Lutjanus griseus",205,2
"202410070858-225","Gray Snapper","Lutjanus griseus",176,2
"202410070858-225","Lane Snapper","Lutjanus synagris",58,1
"202410070908-240","Gray Snapper","Lutjanus griseus",168,2
"202410070908-240","Gray Snapper","Lutjanus griseus",198,2
"202410070908-240","Great Barracuda","Sphyraena barracuda",84,2
"202410070908-240","Great Barracuda","Sphyraena barracuda",65,2
"202410070908-240","Spotted Seatrout","Cynoscion nebulosus",38,2
"202410070908-240","Spotted Seatrout","Cynoscion nebulosus",27,2
"202410070908-240","Lane Snapper","Lutjanus synagris",58,1
"202410070921-226","Spotted Seatrout","Cynoscion nebulosus",200,1
"202410070921-226","Gray Snapper","Lutjanus griseus",176,2
"202410070921-226","Gray Snapper","Lutjanus griseus",168,2
"202410070921-226","Lane Snapper","Lutjanus synagris",111,1
"202410070921-226","Bluestriped Grunt","Haemulon sciurus",102,1
"202410070932-227","Great Barracuda","Sphyraena barracuda",86,1
"202410070944-228","Great Barracuda","Sphyraena barracuda",98,1
"202410071018-243","Lane Snapper","Lutjanus synagris",117,1
"202410071018-243","Great Barracuda","Sphyraena barracuda",44,1
"202410071045-241","Gray Snapper","Lutjanus griseus",167,4
"202410071045-241","Gray Snapper","Lutjanus griseus",164,4
"202410071045-241","Gray Snapper","Lutjanus griseus",172,4
"202410071045-241","Gray Snapper","Lutjanus griseus",162,4
"202410071045-241","Lane Snapper","Lutjanus synagris",118,1
"202410071100-255","Gray Snapper","Lutjanus griseus",198,2
"202410071100-255","Gray Snapper","Lutjanus griseus",193,2
"202410071100-255","Great Barracuda","Sphyraena barracuda",68,1
"202410071110-253","Great Barracuda","Sphyraena barracuda",86,2
"202410071110-253","Great Barracuda","Sphyraena barracuda",86,2
"202410071110-253","Spotted Seatrout","Cynoscion nebulosus",39,1
"202410071110-253","Gray Snapper","Lutjanus griseus",222,1
"202410071122-254","Great Barracuda","Sphyraena barracuda",252,2
"202410071122-254","Great Barracuda","Sphyraena barracuda",59,2
"202410071122-254","Gray Snapper","Lutjanus griseus",173,1
"202410071132-267","Spotted Seatrout","Cynoscion nebulosus",153,1
"202410071132-267","Gray Snapper","Lutjanus griseus",200,2
"202410071132-267","Gray Snapper","Lutjanus griseus",171,2
"202410071229-290","Gray Snapper","Lutjanus griseus",185,1
"202410071229-290","Great Barracuda","Sphyraena barracuda",216,1
"202410071237-301","Black Drum","Pogonias cromis",463,1
"202410071237-301","Gray Snapper","Lutjanus griseus",209,2
"202410071237-301","Gray Snapper","Lutjanus griseus",201,2
"202410071237-301","Spotted Seatrout","Cynoscion nebulosus",54,1
"202410071252-609","Great Barracuda","Sphyraena barracuda",219,2
"202410071252-609","Great Barracuda","Sphyraena barracuda",177,2
"202410071252-609","Gray Snapper","Lutjanus griseus",190,2
"202410071252-609","Gray Snapper","Lutjanus griseus",190,2
"202410071301-312","Great Barracuda","Sphyraena barracuda",247,1
"202410071301-312","Hogchoker","Trinectes maculatus",98,1
"202410071323-266","Spotted Seatrout","Cynoscion nebulosus",112,7
"202410071323-266","Spotted Seatrout","Cynoscion nebulosus",59,7
"202410071323-266","Spotted Seatrout","Cynoscion nebulosus",61,7
"202410071323-266","Spotted Seatrout","Cynoscion nebulosus",47,7
"202410071323-266","Spotted Seatrout","Cynoscion nebulosus",26,7
"202410071323-266","Spotted Seatrout","Cynoscion nebulosus",41,7
"202410071323-266","Spotted Seatrout","Cynoscion nebulosus",29,7
"202410071323-266","Sheepshead","Archosargus probatocephalus",116,1
"202410071342-265","Gray Snapper","Lutjanus griseus",187,1
"202410071342-265","Spotted Seatrout","Cynoscion nebulosus",37,1
"202410071400-237","Sheepshead","Archosargus probatocephalus",121,1
"202410071400-237","Gray Snapper","Lutjanus griseus",211,1
"202411020827-265","Spotted Seatrout","Cynoscion nebulosus",175,1
"202411020827-265","Gray Snapper","Lutjanus griseus",93,1
"202411020827-265","Lane Snapper","Lutjanus synagris",64,1
"202411020849-280","Gray Snapper","Lutjanus griseus",216,2
"202411020849-280","Gray Snapper","Lutjanus griseus",173,2
"202411020849-280","Great Barracuda","Sphyraena barracuda",121,1
"202411020920-253","Great Barracuda","Sphyraena barracuda",207,2
"202411020920-253","Great Barracuda","Sphyraena barracuda",171,2
"202411020959-268","Gray Snapper","Lutjanus griseus",172,1
"202411021009-269","Gray Snapper","Lutjanus griseus",167,6
"202411021009-269","Gray Snapper","Lutjanus griseus",171,6
"202411021009-269","Gray Snapper","Lutjanus griseus",175,6
"202411021009-269","Gray Snapper","Lutjanus griseus",189,6
"202411021009-269","Gray Snapper","Lutjanus griseus",187,6
"202411021009-269","Gray Snapper","Lutjanus griseus",189,6
"202411021009-269","Great Barracuda","Sphyraena barracuda",403,1
"202411021019-256","Gray Snapper","Lutjanus griseus",171,1
"202411021029-270","Gray Snapper","Lutjanus griseus",196,1
"202411021054-292","Great Barracuda","Sphyraena barracuda",104,1
"202411021103-291","Gray Snapper","Lutjanus griseus",172,2
"202411021103-291","Gray Snapper","Lutjanus griseus",198,2
"202411021103-291","Great Barracuda","Sphyraena barracuda",58,2
"202411021103-291","Great Barracuda","Sphyraena barracuda",56,2
"202411021150-312","Gray Snapper","Lutjanus griseus",38,1
"202411021213-304","Bluestriped Grunt","Haemulon sciurus",126,1
"202411021316-323","Spotted Seatrout","Cynoscion nebulosus",38,1
"202411021329-324","Great Barracuda","Sphyraena barracuda",104,1
"202411021426-408","Great Barracuda","Sphyraena barracuda",96,1
"202411021446-402","Great Barracuda","Sphyraena barracuda",248,1
"202411021521-622","Bluestriped Grunt","Haemulon sciurus",192,1
"202411021521-622","Gray Snapper","Lutjanus griseus",183,1
"202411021521-622","Great Barracuda","Sphyraena barracuda",134,1
"202411021617-294","Lined Seahorse","Hippocampus erectus",110,1
"202411021657-243","Great Barracuda","Sphyraena barracuda",62,1
"202411021706-242","Gray Snapper","Lutjanus griseus",186,2
"202411021706-242","Gray Snapper","Lutjanus griseus",170,2
"202411021724-228","Spotted Seatrout","Cynoscion nebulosus",173,1
"202411021752-226","Gray Snapper","Lutjanus griseus",155,1
"202411021752-226","Great Barracuda","Sphyraena barracuda",126,1
"202411021805-255","Gray Snapper","Lutjanus griseus",189,1
"202411021813-254","Gray Snapper","Lutjanus griseus",165,3
"202411021813-254","Gray Snapper","Lutjanus griseus",163,3
"202411021813-254","Gray Snapper","Lutjanus griseus",162,3
"202411021813-254","Spotted Seatrout","Cynoscion nebulosus",34,1
"202411021822-241","Lane Snapper","Lutjanus synagris",122,2
"202411021822-241","Lane Snapper","Lutjanus synagris",131,2
"202411021832-240","Great Barracuda","Sphyraena barracuda",97,2
"202411021832-240","Great Barracuda","Sphyraena barracuda",178,2
"202411021832-240","Gray Snapper","Lutjanus griseus",167,1
"202411021832-240","Spotted Seatrout","Cynoscion nebulosus",130,1
"202411030724-073","Lane Snapper","Lutjanus synagris",140,5
"202411030724-073","Lane Snapper","Lutjanus synagris",99,5
"202411030724-073","Lane Snapper","Lutjanus synagris",132,5
"202411030724-073","Lane Snapper","Lutjanus synagris",116,5
"202411030724-073","Lane Snapper","Lutjanus synagris",104,5
"202411030724-073","Gray Snapper","Lutjanus griseus",190,2
"202411030724-073","Gray Snapper","Lutjanus griseus",79,2
"202411030744-070","Lined Sole","Achirus lineatus",40,2
"202411030744-070","Lined Sole","Achirus lineatus",34,2
"202411030744-070","Great Barracuda","Sphyraena barracuda",74,1
"202411030744-070","Atlantic Spadefish","Chaetodipterus faber",26,1
"202411030744-070","Lane Snapper","Lutjanus synagris",30,1
"202411030812-237","Gray Snapper","Lutjanus griseus",215,3
"202411030812-237","Gray Snapper","Lutjanus griseus",197,3
"202411030812-237","Gray Snapper","Lutjanus griseus",238,3
"202411030832-168","Gray Snapper","Lutjanus griseus",167,4
"202411030832-168","Gray Snapper","Lutjanus griseus",166,4
"202411030832-168","Gray Snapper","Lutjanus griseus",215,4
"202411030832-168","Gray Snapper","Lutjanus griseus",178,4
"202411030832-168","Lane Snapper","Lutjanus synagris",90,5
"202411030832-168","Lane Snapper","Lutjanus synagris",68,5
"202411030832-168","Lane Snapper","Lutjanus synagris",106,5
"202411030832-168","Lane Snapper","Lutjanus synagris",67,5
"202411030832-168","Lane Snapper","Lutjanus synagris",74,5
"202411030903-144","Bluestriped Grunt","Haemulon sciurus",125,2
"202411030903-144","Bluestriped Grunt","Haemulon sciurus",126,2
"202411030913-143","Bluestriped Grunt","Haemulon sciurus",112,11
"202411030913-143","Bluestriped Grunt","Haemulon sciurus",135,11
"202411030913-143","Bluestriped Grunt","Haemulon sciurus",126,11
"202411030913-143","Bluestriped Grunt","Haemulon sciurus",98,11
"202411030913-143","Bluestriped Grunt","Haemulon sciurus",124,11
"202411030913-143","Bluestriped Grunt","Haemulon sciurus",146,11
"202411030913-143","Bluestriped Grunt","Haemulon sciurus",119,11
"202411030913-143","Bluestriped Grunt","Haemulon sciurus",98,11
"202411030913-143","Bluestriped Grunt","Haemulon sciurus",123,11
"202411030913-143","Bluestriped Grunt","Haemulon sciurus",118,11
"202411030913-143","Bluestriped Grunt","Haemulon sciurus",127,11
"202411030913-143","Lane Snapper","Lutjanus synagris",93,7
"202411030913-143","Lane Snapper","Lutjanus synagris",94,7
"202411030913-143","Lane Snapper","Lutjanus synagris",93,7
"202411030913-143","Lane Snapper","Lutjanus synagris",95,7
"202411030913-143","Lane Snapper","Lutjanus synagris",104,7
"202411030913-143","Lane Snapper","Lutjanus synagris",84,7
"202411030913-143","Lane Snapper","Lutjanus synagris",66,7
"202411030913-143","Mutton Snapper","Lutjanus analis",143,1
"202411030913-143","Yellowtail Snapper","Ocyurus chrysurus",130,1
"202411030913-143","Gray Snapper","Lutjanus griseus",178,1
"202411030927-130","Grass Porgy","Calamus arctifrons",133,1
"202411030927-130","Mutton Snapper","Lutjanus analis",124,1
"202411030927-130","Lane Snapper","Lutjanus synagris",31,1
"202411030941-108","Barred Hamlet","Hypoplectrus puella",68,1
"202411030941-108","Gray Snapper","Lutjanus griseus",166,3
"202411030941-108","Gray Snapper","Lutjanus griseus",173,3
"202411030941-108","Gray Snapper","Lutjanus griseus",195,3
"202411030941-108","Lane Snapper","Lutjanus synagris",61,1
"202411030958-023","Grass Porgy","Calamus arctifrons",143,2
"202411030958-023","Grass Porgy","Calamus arctifrons",136,2
"202411031006-022","Lane Snapper","Lutjanus synagris",150,1
"202411031017-020","Atlantic Spadefish","Chaetodipterus faber",80,3
"202411031017-020","Atlantic Spadefish","Chaetodipterus faber",93,3
"202411031017-020","Atlantic Spadefish","Chaetodipterus faber",89,3
"202411031017-020","Grass Porgy","Calamus arctifrons",120,1
"202411031017-020","Bluestriped Grunt","Haemulon sciurus",105,1
"202411031017-020","Hogfish","Lachnolaimus maximus",109,1
"202411031017-020","Lined Seahorse","Hippocampus erectus",100,1
"202411031017-020","Lane Snapper","Lutjanus synagris",80,1
"202411031044-105","Atlantic Spadefish","Chaetodipterus faber",88,1
"202411031058-040","Lane Snapper","Lutjanus synagris",61,1
"202411031058-040","Gray Snapper","Lutjanus griseus",184,2
"202411031058-040","Gray Snapper","Lutjanus griseus",184,2
"202411031129-123","Gray Snapper","Lutjanus griseus",81,1
"202411031129-123","Spotted Seatrout","Cynoscion nebulosus",54,3
"202411031129-123","Spotted Seatrout","Cynoscion nebulosus",27,3
"202411031129-123","Spotted Seatrout","Cynoscion nebulosus",28,3
"202411031153-122","Gray Snapper","Lutjanus griseus",172,1
"202411031153-122","Bluestriped Grunt","Haemulon sciurus",170,1
"202411031209-147","Spotted Seatrout","Cynoscion nebulosus",78,2
"202411031209-147","Spotted Seatrout","Cynoscion nebulosus",89,2
"202411031209-147","Great Barracuda","Sphyraena barracuda",42,2
"202411031209-147","Great Barracuda","Sphyraena barracuda",108,2
"202411031209-147","Lane Snapper","Lutjanus synagris",49,1
"202411031221-146","Spotted Seatrout","Cynoscion nebulosus",53,4
"202411031221-146","Spotted Seatrout","Cynoscion nebulosus",29,4
"202411031221-146","Spotted Seatrout","Cynoscion nebulosus",41,4
"202411031221-146","Spotted Seatrout","Cynoscion nebulosus",22,4
"202411031221-146","Gray Snapper","Lutjanus griseus",185,3
"202411031221-146","Gray Snapper","Lutjanus griseus",209,3
"202411031221-146","Gray Snapper","Lutjanus griseus",188,3
"202411031221-146","Lane Snapper","Lutjanus synagris",97,1
"202411031221-146","Great Barracuda","Sphyraena barracuda",67,1
"202411030832-168","Spotted Seatrout","Cynoscion nebulosus",19,1
"202412190805-174","Lane Snapper","Lutjanus synagris",95,1
"202412190820-172","Goliath Grouper","Epinephelus itajara",480,1
"202412190820-172","Lane Snapper","Lutjanus synagris",86,2
"202412190820-172","Lane Snapper","Lutjanus synagris",99,2
"202412190820-172","Gray Snapper","Lutjanus griseus",197,3
"202412190820-172","Gray Snapper","Lutjanus griseus",173,3
"202412190820-172","Gray Snapper","Lutjanus griseus",194,3
"202412190820-172","Spotted Seatrout","Cynoscion nebulosus",36,1
"202412190835-175","Lane Snapper","Lutjanus synagris",107,3
"202412190835-175","Lane Snapper","Lutjanus synagris",81,3
"202412190835-175","Lane Snapper","Lutjanus synagris",88,3
"202412190835-175","Gray Snapper","Lutjanus griseus",58,4
"202412190835-175","Gray Snapper","Lutjanus griseus",172,4
"202412190835-175","Gray Snapper","Lutjanus griseus",168,4
"202412190835-175","Gray Snapper","Lutjanus griseus",157,4
"202412190849-169","Lane Snapper","Lutjanus synagris",84,2
"202412190849-169","Lane Snapper","Lutjanus synagris",80,2
"202412190849-169","Gray Snapper","Lutjanus griseus",217,2
"202412190849-169","Gray Snapper","Lutjanus griseus",170,2
"202412190859-168","Lane Snapper","Lutjanus synagris",110,6
"202412190859-168","Lane Snapper","Lutjanus synagris",102,6
"202412190859-168","Lane Snapper","Lutjanus synagris",56,6
"202412190859-168","Lane Snapper","Lutjanus synagris",111,6
"202412190859-168","Lane Snapper","Lutjanus synagris",96,6
"202412190859-168","Lane Snapper","Lutjanus synagris",56,6
"202412190859-168","Bluestriped Grunt","Haemulon sciurus",107,1
"202412190859-168","Gray Snapper","Lutjanus griseus",181,1
"202412190949-145","Lane Snapper","Lutjanus synagris",72,1
"202412190949-145","Caribbean Spiny Lobster","Panulirus argus",140,1
"202412191041-123","Spotted Seatrout","Cynoscion nebulosus",141,1
"202412191041-123","Grass Porgy","Calamus arctifrons",111,1
"202412191041-123","Gray Snapper","Lutjanus griseus",187,1
"202412191119-111","Gray Snapper","Lutjanus griseus",218,1
"202412191130-040","Gray Snapper","Lutjanus griseus",165,3
"202412191130-040","Gray Snapper","Lutjanus griseus",192,3
"202412191130-040","Gray Snapper","Lutjanus griseus",164,3
"202412191130-040","Lined Seahorse","Hippocampus erectus",66,1
"202412191130-040","Bluestriped Grunt","Haemulon sciurus",99,1
"202412191148-105","Mutton Snapper","Lutjanus analis",175,1
"202412191406-022","Bluestriped Grunt","Haemulon sciurus",124,1
"202412191406-022","Grass Porgy","Calamus arctifrons",122,1
"202412191406-022","Lane Snapper","Lutjanus synagris",92,1
"202412191427-020","Lane Snapper","Lutjanus synagris",159,2
"202412191427-020","Lane Snapper","Lutjanus synagris",106,2
"202412191427-020","Gray Snapper","Lutjanus griseus",163,1
"202412191427-020","Grass Porgy","Calamus arctifrons",112,1
"202412191427-020","Barred Hamlet","Hypoplectrus puella",92,2
"202412191427-020","Barred Hamlet","Hypoplectrus puella",84,2
"202412191437-101","Lane Snapper","Lutjanus synagris",109,8
"202412191437-101","Lane Snapper","Lutjanus synagris",122,8
"202412191437-101","Lane Snapper","Lutjanus synagris",117,8
"202412191437-101","Lane Snapper","Lutjanus synagris",118,8
"202412191437-101","Lane Snapper","Lutjanus synagris",85,8
"202412191437-101","Lane Snapper","Lutjanus synagris",54,8
"202412191437-101","Lane Snapper","Lutjanus synagris",117,8
"202412191437-101","Lane Snapper","Lutjanus synagris",46,8
"202412191437-101","Yellowtail Snapper","Ocyurus chrysurus",106,1
"202412191437-101","Bluestriped Grunt","Haemulon sciurus",127,1
"202412191437-101","Barred Hamlet","Hypoplectrus puella",96,2
"202412191437-101","Barred Hamlet","Hypoplectrus puella",90,2
"202412191437-101","Gray Snapper","Lutjanus griseus",167,1
"202412191449-054","Grass Porgy","Calamus arctifrons",194,1
"202412191522-070","Gulf Flounder","Paralichthys albigutta",175,1
"202412191522-070","Lane Snapper","Lutjanus synagris",62,2
"202412191522-070","Lane Snapper","Lutjanus synagris",58,2
"202412200806-225","Great Barracuda","Sphyraena barracuda",150,1
"202412200816-240","Great Barracuda","Sphyraena barracuda",123,1
"202412200827-254","Gray Snapper","Lutjanus griseus",199,2
"202412200827-254","Gray Snapper","Lutjanus griseus",159,2
"202412200836-255","Gray Snapper","Lutjanus griseus",176,1
"202412200912-227","Great Barracuda","Sphyraena barracuda",107,1
"202412201019-257","Great Barracuda","Sphyraena barracuda",162,1
"202412201324-302","Lined Seahorse","Hippocampus erectus",70,1
"202412201347-304","Lined Seahorse","Hippocampus erectus",115,2
"202412201347-304","Lined Seahorse","Hippocampus erectus",105,2
"202412201428-323","Spotted Seatrout","Cynoscion nebulosus",101,1
"202412201428-323","Sheepshead","Archosargus probatocephalus",147,1
"202412201428-323","Gray Snapper","Lutjanus griseus",158,3
"202412201428-323","Gray Snapper","Lutjanus griseus",193,3
"202412201428-323","Gray Snapper","Lutjanus griseus",185,3
"202412201449-325","Great Barracuda","Sphyraena barracuda",276,1
"202412201501-326","Great Barracuda","Sphyraena barracuda",141,1
"202412201714-312","Permit","Trachinotus falcatus",232,1
"202412201714-312","Atlantic Spadefish","Chaetodipterus faber",133,1
"202412201729-609","Bluestriped Grunt","Haemulon sciurus",121,1
"202412201747-280","Lane Snapper","Lutjanus synagris",109,1
"202412201754-266","Spotted Seatrout","Cynoscion nebulosus",64,1
"202412201754-266","Gray Snapper","Lutjanus griseus",162,1
"202412201754-266","Lane Snapper","Lutjanus synagris",129,1
"202412201815-267","Spotted Seatrout","Cynoscion nebulosus",192,1
"202412201815-267","Bluestriped Grunt","Haemulon sciurus",101,2
"202412201815-267","Bluestriped Grunt","Haemulon sciurus",92,2
"202412201815-267","Sailor's Grunt","Haemulon parra",101,1
"202412201828-265","Lined Seahorse","Hippocampus erectus",45,1
"202412201843-279","Spotted Seatrout","Cynoscion nebulosus",185,1
"202412201843-279","Lane Snapper","Lutjanus synagris",96,2
"202412201843-279","Lane Snapper","Lutjanus synagris",84,2
"202412201843-279","Atlantic Spadefish","Chaetodipterus faber",136,1
"202412201853-253","Gray Snapper","Lutjanus griseus",68,1
"202412201910-237","Lane Snapper","Lutjanus synagris",124,7
"202412201910-237","Lane Snapper","Lutjanus synagris",131,7
"202412201910-237","Lane Snapper","Lutjanus synagris",92,7
"202412201910-237","Lane Snapper","Lutjanus synagris",160,7
"202412201910-237","Lane Snapper","Lutjanus synagris",92,7
"202412201910-237","Lane Snapper","Lutjanus synagris",151,7
"202412201910-237","Lane Snapper","Lutjanus synagris",52,7
"202412201910-237","Mutton Snapper","Lutjanus analis",168,2
"202412201910-237","Mutton Snapper","Lutjanus analis",195,2
"202412201910-237","Sheepshead","Archosargus probatocephalus",158,1
"202412201910-237","Gray Snapper","Lutjanus griseus",152,5
"202412201910-237","Gray Snapper","Lutjanus griseus",224,5
"202412201910-237","Gray Snapper","Lutjanus griseus",163,5
"202412201910-237","Gray Snapper","Lutjanus griseus",164,5
"202412201910-237","Gray Snapper","Lutjanus griseus",162,5
"202412201910-237","Sailor's Grunt","Haemulon parra",137,1
"202412201910-237","Bluestriped Grunt","Haemulon sciurus",94,1
"202505231314-253","Blue Crab","Callinectes sapidus",NA,1
"202505231336-280","Blue Crab","Callinectes sapidus",NA,1
"202505231336-280","Lined Seahorse","Hippocampus erectus",100,1
"202505231405-265","Blue Crab","Callinectes sapidus",NA,1
"202505231405-265","Lined Seahorse","Hippocampus erectus",70,1
"202505231437-237","Gray Snapper","Lutjanus griseus",NA,1
"202505231437-237","Blue Crab","Callinectes sapidus",NA,1
"202505231437-237","Sheepshead","Archosargus probatocephalus",38,2
"202505231437-237","Sheepshead","Archosargus probatocephalus",52,2
"202505231437-237","Atlantic Bay Scallop","Argopecten irradians",40,1
"202505231504-070","Blue Crab","Callinectes sapidus",NA,3
"202505231504-070","Blue Crab","Callinectes sapidus",NA,3
"202505231504-070","Blue Crab","Callinectes sapidus",NA,3
"202505231504-070","Sheepshead","Archosargus probatocephalus",53,1
"202505231534-068","Lane Snapper","Lutjanus synagris",134,1
"202505231550-130","Bluestriped Grunt","Haemulon sciurus",121,1
"202505231550-130","Hogfish","Lachnolaimus maximus",82,1
"202505231601-143","Lane Snapper","Lutjanus synagris",100,4
"202505231601-143","Lane Snapper","Lutjanus synagris",119,4
"202505231601-143","Lane Snapper","Lutjanus synagris",126,4
"202505231601-143","Lane Snapper","Lutjanus synagris",139,4
"202505231601-143","Gray Snapper","Lutjanus griseus",200,1
"202505231601-143","Blue Crab","Callinectes sapidus",NA,1
"202505240839-167","Gray Snapper","Lutjanus griseus",194,14
"202505240839-167","Gray Snapper","Lutjanus griseus",246,14
"202505240839-167","Gray Snapper","Lutjanus griseus",221,14
"202505240839-167","Gray Snapper","Lutjanus griseus",212,14
"202505240839-167","Gray Snapper","Lutjanus griseus",197,14
"202505240839-167","Gray Snapper","Lutjanus griseus",221,14
"202505240839-167","Gray Snapper","Lutjanus griseus",215,14
"202505240839-167","Gray Snapper","Lutjanus griseus",207,14
"202505240839-167","Gray Snapper","Lutjanus griseus",222,14
"202505240839-167","Gray Snapper","Lutjanus griseus",196,14
"202505240839-167","Gray Snapper","Lutjanus griseus",183,14
"202505240839-167","Gray Snapper","Lutjanus griseus",206,14
"202505240839-167","Gray Snapper","Lutjanus griseus",204,14
"202505240839-167","Gray Snapper","Lutjanus griseus",187,14
"202505240901-176","Sheepshead","Archosargus probatocephalus",45,2
"202505240901-176","Sheepshead","Archosargus probatocephalus",40,2
"202505240901-176","Blue Crab","Callinectes sapidus",NA,1
"202505240915-168","Gray Snapper","Lutjanus griseus",180,2
"202505240915-168","Gray Snapper","Lutjanus griseus",212,2
"202505240915-168","Spotted Seatrout","Cynoscion nebulosus",54,2
"202505240915-168","Spotted Seatrout","Cynoscion nebulosus",49,2
"202505240915-168","Sheepshead","Archosargus probatocephalus",47,1
"202505240945-158","Hogfish","Lachnolaimus maximus",65,2
"202505240945-158","Hogfish","Lachnolaimus maximus",68,2
"202505241003-145","Atlantic Bay Scallop","Argopecten irradians",33,2
"202505241003-145","Atlantic Bay Scallop","Argopecten irradians",26,2
"202505241003-145","Gray Snapper","Lutjanus griseus",187,1
"202505241003-145","Bluestriped Grunt","Haemulon sciurus",60,1
"202505241015-146","Atlantic Bay Scallop","Argopecten irradians",21,2
"202505241015-146","Atlantic Bay Scallop","Argopecten irradians",28,2
"202505241030-134","Bluestriped Grunt","Haemulon sciurus",52,1
"202505241122-112","Atlantic Bay Scallop","Argopecten irradians",26,1
"202505241311-023","Gray Snapper","Lutjanus griseus",116,2
"202505241311-023","Gray Snapper","Lutjanus griseus",226,2
"202505241322-022","Lane Snapper","Lutjanus synagris",116,1
"202505241322-022","Lined Seahorse","Hippocampus erectus",110,1
"202505241345-119","Sheepshead","Archosargus probatocephalus",47,1
"202505241359-106","Blue Crab","Callinectes sapidus",NA,1
"202505241359-106","Grass Porgy","Calamus arctifrons",55,1
"202505241407-054","Barbfish","Scorpaena brasiliensis",130,1
"202505241426-020","Gray Snapper","Lutjanus griseus",167,1
"202505250848-315","Gray Snapper","Lutjanus griseus",212,1
"202505250855-314","Gray Snapper","Lutjanus griseus",204,1
"202505251027-402","Blue Crab","Callinectes sapidus",NA,1
"202505251244-292","Lined Seahorse","Hippocampus erectus",90,1
"202505251253-282","Atlantic Bay Scallop","Argopecten irradians",32,5
"202505251253-282","Atlantic Bay Scallop","Argopecten irradians",24,5
"202505251253-282","Atlantic Bay Scallop","Argopecten irradians",29,5
"202505251253-282","Atlantic Bay Scallop","Argopecten irradians",34,5
"202505251253-282","Atlantic Bay Scallop","Argopecten irradians",28,5
"202505251447-284","Blue Crab","Callinectes sapidus",NA,1
"202505251538-269","Atlantic Bay Scallop","Argopecten irradians",24,1
"202505260917-291","Atlantic Bay Scallop","Argopecten irradians",40,1
"202505260949-301","Blue Crab","Callinectes sapidus",NA,1
"202505261154-255","Blue Crab","Callinectes sapidus",NA,2
"202505261154-255","Blue Crab","Callinectes sapidus",NA,2
"202505261201-254","Blue Crab","Callinectes sapidus",NA,1
"202505261209-240","Lined Seahorse","Hippocampus erectus",110,1
"202505261244-226","Blue Crab","Callinectes sapidus",NA,3
"202505261244-226","Blue Crab","Callinectes sapidus",NA,3
"202505261244-226","Blue Crab","Callinectes sapidus",NA,3
"202505261244-226","Atlantic Bay Scallop","Argopecten irradians",32,1
"202505261254-225","Blue Crab","Callinectes sapidus",NA,1
"202505261543-227","Great Barracuda","Sphyraena barracuda",134,1
"202505261543-227","Lined Seahorse","Hippocampus erectus",65,1
"202505261614-244","Blue Crab","Callinectes sapidus",NA,2
"202505261614-244","Blue Crab","Callinectes sapidus",NA,2
"202505261614-244","Lined Seahorse","Hippocampus erectus",80,1
"202506161341-292","Atlantic Bay Scallop","Argopecten irradians",44,1
"202506161349-291","Blue Crab","Callinectes sapidus",NA,1
"202506161349-291","Spotted Seatrout","Cynoscion nebulosus",48,1
"202506161401-302","Atlantic Bay Scallop","Argopecten irradians",33,2
"202506161401-302","Atlantic Bay Scallop","Argopecten irradians",32,2
"202506161441-281","Blue Crab","Callinectes sapidus",NA,1
"202506161441-281","Atlantic Bay Scallop","Argopecten irradians",31,2
"202506161441-281","Atlantic Bay Scallop","Argopecten irradians",31,2
"202506161611-267","Gray Snapper","Lutjanus griseus",224,2
"202506161611-267","Gray Snapper","Lutjanus griseus",190,2
"202506161619-280","Gray Snapper","Lutjanus griseus",197,1
"202506161627-279","Blue Crab","Callinectes sapidus",NA,1
"202506161627-279","Sheepshead","Archosargus probatocephalus",61,1
"202506161642-265","Gray Snapper","Lutjanus griseus",142,1
"202506161642-265","Sheepshead","Archosargus probatocephalus",67,1
"202506170934-315","Atlantic Bay Scallop","Argopecten irradians",30,2
"202506170934-315","Atlantic Bay Scallop","Argopecten irradians",33,2
"202506170954-323","Lined Seahorse","Hippocampus erectus",100,1
"202506171002-313","Gray Snapper","Lutjanus griseus",207,1
"202506171106-325","Atlantic Bay Scallop","Argopecten irradians",25,1
"202506171140-404","Blue Crab","Callinectes sapidus",NA,1
"202506171417-269","Lined Seahorse","Hippocampus erectus",105,1
"202506171425-268","Blue Crab","Callinectes sapidus",NA,2
"202506171425-268","Blue Crab","Callinectes sapidus",NA,2
"202506171425-268","Spotted Seatrout","Cynoscion nebulosus",109,1
"202506171445-255","Blue Crab","Callinectes sapidus",NA,1
"202506171513-237","Blue Crab","Callinectes sapidus",NA,1
"202506180821-070","Gray Snapper","Lutjanus griseus",210,1
"202506180821-070","Lane Snapper","Lutjanus synagris",124,1
"202506180821-070","Blue Crab","Callinectes sapidus",NA,1
"202506180821-070","Spotted Seatrout","Cynoscion nebulosus",37,1
"202506180844-067","Blue Crab","Callinectes sapidus",NA,2
"202506180844-067","Blue Crab","Callinectes sapidus",NA,2
"202506180953-169","Spotted Seatrout","Cynoscion nebulosus",85,5
"202506180953-169","Spotted Seatrout","Cynoscion nebulosus",66,5
"202506180953-169","Spotted Seatrout","Cynoscion nebulosus",43,5
"202506180953-169","Spotted Seatrout","Cynoscion nebulosus",34,5
"202506180953-169","Spotted Seatrout","Cynoscion nebulosus",54,5
"202506180953-169","Gray Snapper","Lutjanus griseus",278,1
"202506181008-168","Gray Snapper","Lutjanus griseus",182,1
"202506181008-168","Lane Snapper","Lutjanus synagris",132,1
"202506181008-168","Sheepshead","Archosargus probatocephalus",49,2
"202506181008-168","Sheepshead","Archosargus probatocephalus",52,2
"202506181008-168","Spotted Seatrout","Cynoscion nebulosus",31,1
"202506181109-157","Lane Snapper","Lutjanus synagris",115,1
"202506181109-157","Grass Porgy","Calamus arctifrons",64,1
"202506181109-157","Gray Snapper","Lutjanus griseus",180,2
"202506181109-157","Gray Snapper","Lutjanus griseus",241,2
"202506181132-146","Spotted Seatrout","Cynoscion nebulosus",56,3
"202506181132-146","Spotted Seatrout","Cynoscion nebulosus",46,3
"202506181132-146","Spotted Seatrout","Cynoscion nebulosus",55,3
"202506181132-146","Bluestriped Grunt","Haemulon sciurus",80,1
"202506181132-146","Blue Crab","Callinectes sapidus",NA,1
"202506181200-133","Sheepshead","Archosargus probatocephalus",53,3
"202506181200-133","Sheepshead","Archosargus probatocephalus",35,3
"202506181200-133","Sheepshead","Archosargus probatocephalus",42,3
"202506181200-133","Spotted Seatrout","Cynoscion nebulosus",58,1
"202506181200-133","Bluestriped Grunt","Haemulon sciurus",46,1
"202506181217-135","Gray Snapper","Lutjanus griseus",148,2
"202506181217-135","Gray Snapper","Lutjanus griseus",117,2
"202506181217-135","Bluestriped Grunt","Haemulon sciurus",96,2
"202506181217-135","Bluestriped Grunt","Haemulon sciurus",88,2
"202506181243-136","Blue Crab","Callinectes sapidus",NA,1
"202506181250-123","Spotted Seatrout","Cynoscion nebulosus",68,1
"202506181426-023","Grass Porgy","Calamus arctifrons",54,3
"202506181426-023","Grass Porgy","Calamus arctifrons",53,3
"202506181426-023","Grass Porgy","Calamus arctifrons",66,3
"202506181426-023","Atlantic Bay Scallop","Argopecten irradians",41,1
"202506181446-021","Grass Porgy","Calamus arctifrons",40,2
"202506181446-021","Grass Porgy","Calamus arctifrons",32,2
"202506181506-119","Bluestriped Grunt","Haemulon sciurus",77,1
"202506181506-119","Gray Snapper","Lutjanus griseus",112,2
"202506181506-119","Gray Snapper","Lutjanus griseus",210,2
"202506181506-119","Sheepshead","Archosargus probatocephalus",67,1
"202506181517-118","Hogfish","Lachnolaimus maximus",95,3
"202506181517-118","Hogfish","Lachnolaimus maximus",104,3
"202506181517-118","Hogfish","Lachnolaimus maximus",70,3
"202506181517-118","Spotted Seatrout","Cynoscion nebulosus",56,1
"202506181517-118","Gray Snapper","Lutjanus griseus",187,4
"202506181517-118","Gray Snapper","Lutjanus griseus",201,4
"202506181517-118","Gray Snapper","Lutjanus griseus",223,4
"202506181517-118","Gray Snapper","Lutjanus griseus",227,4
"202506181531-117","Lane Snapper","Lutjanus synagris",128,1
"202506181531-117","Hogfish","Lachnolaimus maximus",95,1
"202506181531-117","Bluestriped Grunt","Haemulon sciurus",196,1
"202506181531-117","Blue Crab","Callinectes sapidus",NA,3
"202506181531-117","Blue Crab","Callinectes sapidus",NA,3
"202506181531-117","Blue Crab","Callinectes sapidus",NA,3
"202506181531-117","Gray Snapper","Lutjanus griseus",130,1
"202506181545-143","Blue Crab","Callinectes sapidus",NA,1
"202506190900-240","Blue Crab","Callinectes sapidus",NA,1
"202506190930-226","Blue Crab","Callinectes sapidus",NA,2
"202506190930-226","Blue Crab","Callinectes sapidus",NA,2
"202506190941-243","Gray Snapper","Lutjanus griseus",215,1
"202506190941-243","Great Barracuda","Sphyraena barracuda",77,1
"202506190941-243","Atlantic Bay Scallop","Argopecten irradians",35,1
"202506190955-227","Blue Crab","Callinectes sapidus",NA,1
"202506191006-228","Lined Seahorse","Hippocampus erectus",105,1
"202506191006-228","Bluestriped Grunt","Haemulon sciurus",76,1
"202506191051-270","Atlantic Bay Scallop","Argopecten irradians",33,2
"202506191051-270","Atlantic Bay Scallop","Argopecten irradians",30,2
"202506191104-271","Atlantic Bay Scallop","Argopecten irradians",26,1
"202506191234-294","Blue Crab","Callinectes sapidus",NA,1
"202506191234-294","Atlantic Bay Scallop","Argopecten irradians",36,1
"202506191246-284","Great Barracuda","Sphyraena barracuda",83,1
"202506191246-284","Atlantic Bay Scallop","Argopecten irradians",34,3
"202506191246-284","Atlantic Bay Scallop","Argopecten irradians",34,3
"202506191246-284","Atlantic Bay Scallop","Argopecten irradians",22,3
"202506191258-283","Blue Crab","Callinectes sapidus",NA,1
"202506191258-283","Atlantic Bay Scallop","Argopecten irradians",37,3
"202506191258-283","Atlantic Bay Scallop","Argopecten irradians",42,3
"202506191258-283","Atlantic Bay Scallop","Argopecten irradians",40,3
"202506191316-266","Spotted Seatrout","Cynoscion nebulosus",34,1
"202507071320-283","Atlantic Bay Scallop","Argopecten irradians",38,10
"202507071320-283","Atlantic Bay Scallop","Argopecten irradians",36,10
"202507071320-283","Atlantic Bay Scallop","Argopecten irradians",42,10
"202507071320-283","Atlantic Bay Scallop","Argopecten irradians",28,10
"202507071320-283","Atlantic Bay Scallop","Argopecten irradians",32,10
"202507071320-283","Atlantic Bay Scallop","Argopecten irradians",30,10
"202507071320-283","Atlantic Bay Scallop","Argopecten irradians",36,10
"202507071320-283","Atlantic Bay Scallop","Argopecten irradians",33,10
"202507071320-283","Atlantic Bay Scallop","Argopecten irradians",34,10
"202507071320-283","Atlantic Bay Scallop","Argopecten irradians",40,10
"202507071320-283","Spotted Seatrout","Cynoscion nebulosus",64,2
"202507071320-283","Spotted Seatrout","Cynoscion nebulosus",64,2
"202507071332-282","Atlantic Bay Scallop","Argopecten irradians",44,2
"202507071332-282","Atlantic Bay Scallop","Argopecten irradians",42,2
"202507071340-269","Lined Seahorse","Hippocampus erectus",130,5
"202507071340-269","Lined Seahorse","Hippocampus erectus",110,5
"202507071340-269","Lined Seahorse","Hippocampus erectus",110,5
"202507071340-269","Lined Seahorse","Hippocampus erectus",120,5
"202507071340-269","Lined Seahorse","Hippocampus erectus",110,5
"202507071352-256","Lined Seahorse","Hippocampus erectus",120,1
"202507071411-281","Great Barracuda","Sphyraena barracuda",76,1
"202507071411-281","Lined Seahorse","Hippocampus erectus",90,1
"202507071432-302","Atlantic Spadefish","Chaetodipterus faber",128,2
"202507071432-302","Atlantic Spadefish","Chaetodipterus faber",145,2
"202507071450-312","Atlantic Bay Scallop","Argopecten irradians",38,1
"202507080840-237","Blue Crab","Callinectes sapidus",NA,2
"202507080840-237","Blue Crab","Callinectes sapidus",NA,2
"202507080840-237","Sheepshead","Archosargus probatocephalus",95,1
"202507080840-237","Gray Snapper","Lutjanus griseus",81,1
"202507080914-303","Bluestriped Grunt","Haemulon sciurus",195,1
"202507080925-304","Great Barracuda","Sphyraena barracuda",118,1
"202507080925-304","Atlantic Bay Scallop","Argopecten irradians",32,1
"202507080944-314","Gray Snapper","Lutjanus griseus",221,1
"202507080954-313","Gray Snapper","Lutjanus griseus",191,1
"202507081106-618","Great Barracuda","Sphyraena barracuda",72,1
"202507081214-407","Atlantic Bay Scallop","Argopecten irradians",26,1
"202507090859-278","Blue Crab","Callinectes sapidus",NA,1
"202507090922-265","Gray Snapper","Lutjanus griseus",212,1
"202507090939-266","Gray Snapper","Lutjanus griseus",224,2
"202507090939-266","Gray Snapper","Lutjanus griseus",149,2
"202507090939-266","Spotted Seatrout","Cynoscion nebulosus",33,3
"202507090939-266","Spotted Seatrout","Cynoscion nebulosus",34,3
"202507090939-266","Spotted Seatrout","Cynoscion nebulosus",33,3
"202507090932-279","Blue Crab","Callinectes sapidus",NA,1
"202507091025-280","Blue Crab","Callinectes sapidus",NA,1
"202507091034-267","Gray Snapper","Lutjanus griseus",147,1
"202507091034-267","Spotted Seatrout","Cynoscion nebulosus",36,2
"202507091034-267","Spotted Seatrout","Cynoscion nebulosus",29,2
"202507091034-267","Atlantic Bay Scallop","Argopecten irradians",34,1
"202507091044-254","Lined Seahorse","Hippocampus erectus",120,2
"202507091044-254","Lined Seahorse","Hippocampus erectus",110,2
"202507091044-254","Blue Crab","Callinectes sapidus",NA,1
"202507091118-241","Great Barracuda","Sphyraena barracuda",73,1
"202507091159-270","Atlantic Bay Scallop","Argopecten irradians",44,2
"202507091159-270","Atlantic Bay Scallop","Argopecten irradians",40,2
"202507091224-284","Atlantic Bay Scallop","Argopecten irradians",41,1
"202507091359-257","Atlantic Bay Scallop","Argopecten irradians",25,1
"202507091408-258","Lined Seahorse","Hippocampus erectus",130,1
"202507091426-243","Bluestriped Grunt","Haemulon sciurus",99,1
"202507091426-243","Lined Seahorse","Hippocampus erectus",140,1
"202507091454-227","Lined Seahorse","Hippocampus erectus",110,1
"202507091503-228","Great Barracuda","Sphyraena barracuda",91,1
"202507091513-229","Blue Crab","Callinectes sapidus",NA,1
"202507091528-225","Grass Porgy","Calamus arctifrons",100,3
"202507091528-225","Grass Porgy","Calamus arctifrons",103,3
"202507091528-225","Grass Porgy","Calamus arctifrons",109,3
"202507091528-225","Great Barracuda","Sphyraena barracuda",87,1
"202507091528-225","Blue Crab","Callinectes sapidus",NA,1
"202507091550-239","Blue Crab","Callinectes sapidus",NA,1
"202507091610-175","Blue Crab","Callinectes sapidus",NA,4
"202507091610-175","Blue Crab","Callinectes sapidus",NA,4
"202507091610-175","Blue Crab","Callinectes sapidus",NA,4
"202507091610-175","Blue Crab","Callinectes sapidus",NA,4
"202507091610-175","Gray Snapper","Lutjanus griseus",205,1
"202507091621-173","Sheepshead","Archosargus probatocephalus",56,1
"202507091632-172","Spotted Seatrout","Cynoscion nebulosus",40,1
"202507100934-067","Lane Snapper","Lutjanus synagris",30,1
"202507100948-117","Atlantic Spadefish","Chaetodipterus faber",152,2
"202507100948-117","Atlantic Spadefish","Chaetodipterus faber",95,2
"202507100948-117","Hogfish","Lachnolaimus maximus",101,5
"202507100948-117","Hogfish","Lachnolaimus maximus",126,5
"202507100948-117","Hogfish","Lachnolaimus maximus",105,5
"202507100948-117","Hogfish","Lachnolaimus maximus",133,5
"202507100948-117","Hogfish","Lachnolaimus maximus",132,5
"202507100948-117","Gag Grouper","Mycteroperca microlepis",160,1
"202507100948-117","Spotted Seatrout","Cynoscion nebulosus",61,3
"202507100948-117","Spotted Seatrout","Cynoscion nebulosus",34,3
"202507100948-117","Spotted Seatrout","Cynoscion nebulosus",42,3
"202507101015-101","Blue Crab","Callinectes sapidus",NA,1
"202507101015-101","Bluestriped Grunt","Haemulon sciurus",87,1
"202507101015-101","Lane Snapper","Lutjanus synagris",136,1
"202507101015-101","Gray Snapper","Lutjanus griseus",147,2
"202507101015-101","Gray Snapper","Lutjanus griseus",230,2
"202507101015-101","Grass Porgy","Calamus arctifrons",78,3
"202507101015-101","Grass Porgy","Calamus arctifrons",82,3
"202507101015-101","Grass Porgy","Calamus arctifrons",70,3
"202507101044-167","Lane Snapper","Lutjanus synagris",38,1
"202507101044-167","Gray Snapper","Lutjanus griseus",232,4
"202507101044-167","Gray Snapper","Lutjanus griseus",226,4
"202507101044-167","Gray Snapper","Lutjanus griseus",215,4
"202507101044-167","Gray Snapper","Lutjanus griseus",232,4
"202507101044-167","Blue Crab","Callinectes sapidus",NA,3
"202507101044-167","Blue Crab","Callinectes sapidus",NA,3
"202507101044-167","Blue Crab","Callinectes sapidus",NA,3
"202507101108-168","Spotted Seatrout","Cynoscion nebulosus",35,2
"202507101108-168","Spotted Seatrout","Cynoscion nebulosus",68,2
"202507101209-146","Gray Snapper","Lutjanus griseus",201,1
"202507101209-146","Lined Seahorse","Hippocampus erectus",152,2
"202507101209-146","Lined Seahorse","Hippocampus erectus",135,2
"202507101306-136","Spotted Seatrout","Cynoscion nebulosus",74,2
"202507101306-136","Spotted Seatrout","Cynoscion nebulosus",66,2
"202507101354-123","Spotted Seatrout","Cynoscion nebulosus",47,3
"202507101354-123","Spotted Seatrout","Cynoscion nebulosus",82,3
"202507101354-123","Spotted Seatrout","Cynoscion nebulosus",48,3
"202507101354-123","Great Barracuda","Sphyraena barracuda",42,1
"202507101425-122","Spotted Seatrout","Cynoscion nebulosus",73,1
"202507101425-122","Gray Snapper","Lutjanus griseus",153,1
"202507101425-122","Atlantic Bay Scallop","Argopecten irradians",50,1
"202507101425-122","Bluestriped Grunt","Haemulon sciurus",85,2
"202507101425-122","Bluestriped Grunt","Haemulon sciurus",48,2
"202507101526-024","Hogfish","Lachnolaimus maximus",102,6
"202507101526-024","Hogfish","Lachnolaimus maximus",108,6
"202507101526-024","Hogfish","Lachnolaimus maximus",112,6
"202507101526-024","Hogfish","Lachnolaimus maximus",108,6
"202507101526-024","Hogfish","Lachnolaimus maximus",86,6
"202507101526-024","Hogfish","Lachnolaimus maximus",88,6
"202507101526-024","Gray Snapper","Lutjanus griseus",134,1
"202507101526-024","Spotted Seatrout","Cynoscion nebulosus",166,3
"202507101526-024","Spotted Seatrout","Cynoscion nebulosus",85,3
"202507101526-024","Spotted Seatrout","Cynoscion nebulosus",38,3
"202507101526-024","Bluestriped Grunt","Haemulon sciurus",68,1
"202507101544-022","Grass Porgy","Calamus arctifrons",46,1
"202507100908-071","Lane Snapper","Lutjanus synagris",48,1
"202507100908-071","Gray Snapper","Lutjanus griseus",202,1
"202508011443-280","Gray Snapper","Lutjanus griseus",129,1
"202508011443-280","Atlantic Bay Scallop","Argopecten irradians",42,1
"202508011501-278","Spotted Seatrout","Cynoscion nebulosus",96,1
"202508011539-255","Gray Snapper","Lutjanus griseus",201,1
"202508011549-254","Gray Snapper","Lutjanus griseus",178,2
"202508011549-254","Gray Snapper","Lutjanus griseus",192,2
"202508011549-254","Blue Crab","Callinectes sapidus",NA,1
"202508011559-240","Blue Crab","Callinectes sapidus",NA,1
"202508020902-304","Atlantic Bay Scallop","Argopecten irradians",35,1
"202508021400-404","Atlantic Bay Scallop","Argopecten irradians",30,1
"202508021534-291","Gray Snapper","Lutjanus griseus",135,1
"202508021534-291","Atlantic Bay Scallop","Argopecten irradians",41,1
"202508021544-290","Gray Snapper","Lutjanus griseus",232,1
"202508021544-290","Lined Seahorse","Hippocampus erectus",120,1
"202508021555-281","Lined Seahorse","Hippocampus erectus",95,1
"202508030944-067","Lane Snapper","Lutjanus synagris",60,2
"202508030944-067","Lane Snapper","Lutjanus synagris",58,2
"202508031010-167","Sheepshead","Archosargus probatocephalus",112,1
"202508031010-167","Lane Snapper","Lutjanus synagris",57,1
"202508031026-174","Gray Snapper","Lutjanus griseus",204,7
"202508031026-174","Gray Snapper","Lutjanus griseus",241,7
"202508031026-174","Gray Snapper","Lutjanus griseus",224,7
"202508031026-174","Gray Snapper","Lutjanus griseus",262,7
"202508031026-174","Gray Snapper","Lutjanus griseus",230,7
"202508031026-174","Gray Snapper","Lutjanus griseus",235,7
"202508031026-174","Gray Snapper","Lutjanus griseus",230,7
"202508031026-174","Blue Crab","Callinectes sapidus",NA,1
"202508031041-171","Blue Crab","Callinectes sapidus",NA,3
"202508031041-171","Blue Crab","Callinectes sapidus",NA,3
"202508031041-171","Blue Crab","Callinectes sapidus",NA,3
"202508031041-171","Gray Snapper","Lutjanus griseus",262,6
"202508031041-171","Gray Snapper","Lutjanus griseus",166,6
"202508031041-171","Gray Snapper","Lutjanus griseus",260,6
"202508031041-171","Gray Snapper","Lutjanus griseus",293,6
"202508031041-171","Gray Snapper","Lutjanus griseus",332,6
"202508031041-171","Gray Snapper","Lutjanus griseus",163,6
"202508031041-171","Bluestriped Grunt","Haemulon sciurus",64,1
"202508031041-171","Sheepshead","Archosargus probatocephalus",113,2
"202508031041-171","Sheepshead","Archosargus probatocephalus",117,2
"202508031056-172","Gray Snapper","Lutjanus griseus",160,1
"202508031056-172","Blue Crab","Callinectes sapidus",NA,1
"202508031056-172","Hogfish","Lachnolaimus maximus",152,1
"202508031111-176","Gray Snapper","Lutjanus griseus",238,2
"202508031111-176","Gray Snapper","Lutjanus griseus",132,2
"202508031111-176","Bluestriped Grunt","Haemulon sciurus",185,2
"202508031111-176","Bluestriped Grunt","Haemulon sciurus",98,2
"202508031111-176","Sheepshead","Archosargus probatocephalus",93,1
"202508031111-176","Blue Crab","Callinectes sapidus",NA,1
"202508031111-176","Lane Snapper","Lutjanus synagris",46,1
"202508031125-173","Spotted Seatrout","Cynoscion nebulosus",136,2
"202508031125-173","Spotted Seatrout","Cynoscion nebulosus",132,2
"202508031125-173","Lane Snapper","Lutjanus synagris",58,3
"202508031125-173","Lane Snapper","Lutjanus synagris",55,3
"202508031125-173","Lane Snapper","Lutjanus synagris",46,3
"202508031141-168","Gray Snapper","Lutjanus griseus",150,1
"202508031141-168","Lane Snapper","Lutjanus synagris",70,5
"202508031141-168","Lane Snapper","Lutjanus synagris",60,5
"202508031141-168","Lane Snapper","Lutjanus synagris",46,5
"202508031141-168","Lane Snapper","Lutjanus synagris",76,5
"202508031141-168","Lane Snapper","Lutjanus synagris",53,5
"202508031141-168","Spotted Seatrout","Cynoscion nebulosus",35,3
"202508031141-168","Spotted Seatrout","Cynoscion nebulosus",42,3
"202508031141-168","Spotted Seatrout","Cynoscion nebulosus",20,3
"202508031203-157","Gray Snapper","Lutjanus griseus",252,2
"202508031203-157","Gray Snapper","Lutjanus griseus",184,2
"202508031203-157","Blue Crab","Callinectes sapidus",NA,2
"202508031203-157","Blue Crab","Callinectes sapidus",NA,2
"202508031203-157","Lane Snapper","Lutjanus synagris",64,4
"202508031203-157","Lane Snapper","Lutjanus synagris",56,4
"202508031203-157","Lane Snapper","Lutjanus synagris",74,4
"202508031203-157","Lane Snapper","Lutjanus synagris",62,4
"202508031203-157","Sheepshead","Archosargus probatocephalus",72,1
"202508031219-145","Blue Crab","Callinectes sapidus",NA,2
"202508031219-145","Blue Crab","Callinectes sapidus",NA,2
"202508031358-133","Sheepshead","Archosargus probatocephalus",71,1
"202508031358-133","Atlantic Bay Scallop","Argopecten irradians",26,1
"202508031358-133","Bluestriped Grunt","Haemulon sciurus",57,1
"202508031429-159","Gray Snapper","Lutjanus griseus",161,1
"202508031429-159","Bluestriped Grunt","Haemulon sciurus",75,3
"202508031429-159","Bluestriped Grunt","Haemulon sciurus",63,3
"202508031429-159","Bluestriped Grunt","Haemulon sciurus",64,3
"202508031441-146","Spotted Seatrout","Cynoscion nebulosus",118,1
"202508031441-146","Great Barracuda","Sphyraena barracuda",69,1
"202508031511-123","Atlantic Bay Scallop","Argopecten irradians",38,2
"202508031511-123","Atlantic Bay Scallop","Argopecten irradians",39,2
"202508031611-105","Blue Crab","Callinectes sapidus",NA,1
"202508031711-022","Grass Porgy","Calamus arctifrons",60,3
"202508031711-022","Grass Porgy","Calamus arctifrons",96,3
"202508031711-022","Grass Porgy","Calamus arctifrons",72,3
"202508031711-022","Bluestriped Grunt","Haemulon sciurus",107,1
"202508031711-022","Lined Seahorse","Hippocampus erectus",110,1
"202508040856-237","Blue Crab","Callinectes sapidus",NA,6
"202508040856-237","Blue Crab","Callinectes sapidus",NA,6
"202508040856-237","Blue Crab","Callinectes sapidus",NA,6
"202508040856-237","Blue Crab","Callinectes sapidus",NA,6
"202508040856-237","Blue Crab","Callinectes sapidus",NA,6
"202508040856-237","Blue Crab","Callinectes sapidus",NA,6
"202508041002-225","Gray Snapper","Lutjanus griseus",224,1
"202508041002-225","Bluestriped Grunt","Haemulon sciurus",106,1
"202508041013-239","Gray Snapper","Lutjanus griseus",232,1
"202508041033-224","Sheepshead","Archosargus probatocephalus",58,1
"202508041046-242","Blue Crab","Callinectes sapidus",NA,1
"202508041105-228","Great Barracuda","Sphyraena barracuda",87,1
"202508041120-229","Caribbean Spiny Lobster","Panulirus argus",150,1
"202508041120-229","Great Barracuda","Sphyraena barracuda",129,1
"202508041142-243","Gray Snapper","Lutjanus griseus",225,2
"202508041142-243","Gray Snapper","Lutjanus griseus",163,2
"202508041156-258","Atlantic Bay Scallop","Argopecten irradians",42,1
"202508041212-271","Lined Seahorse","Hippocampus erectus",120,1
"202508041219-284","Great Barracuda","Sphyraena barracuda",131,1
"202508041226-283","Atlantic Bay Scallop","Argopecten irradians",44,2
"202508041226-283","Atlantic Bay Scallop","Argopecten irradians",50,2
"202508041235-294","Atlantic Bay Scallop","Argopecten irradians",32,1
"202508041354-270","Great Barracuda","Sphyraena barracuda",144,1
"202508041556-107","Gray Snapper","Lutjanus griseus",218,1
"202508041556-107","Lane Snapper","Lutjanus synagris",48,2
"202508041556-107","Lane Snapper","Lutjanus synagris",61,2
"202508041612-106","Lane Snapper","Lutjanus synagris",68,1
"202508041612-106","Bluestriped Grunt","Haemulon sciurus",98,3
"202508041612-106","Bluestriped Grunt","Haemulon sciurus",106,3
"202508041612-106","Bluestriped Grunt","Haemulon sciurus",87,3
"202509080829-304","Bluestriped Grunt","Haemulon sciurus",82,2
"202509080829-304","Bluestriped Grunt","Haemulon sciurus",73,2
"202509080829-304","Atlantic Bay Scallop","Argopecten irradians",18,1
"202509080905-313","Gray Snapper","Lutjanus griseus",216,1
"202509081021-324","Great Barracuda","Sphyraena barracuda",107,2
"202509081021-324","Great Barracuda","Sphyraena barracuda",68,2
"202509081205-404","Great Barracuda","Sphyraena barracuda",122,2
"202509081205-404","Great Barracuda","Sphyraena barracuda",194,2
"202509081430-312","Atlantic Spadefish","Chaetodipterus faber",137,1
"202509081439-609","Spotted Seatrout","Cynoscion nebulosus",94,2
"202509081439-609","Spotted Seatrout","Cynoscion nebulosus",45,2
"202509081453-290","Great Barracuda","Sphyraena barracuda",116,1
"202509081501-291","Spotted Seatrout","Cynoscion nebulosus",31,1
"202509081547-281","Gray Snapper","Lutjanus griseus",153,2
"202509081547-281","Gray Snapper","Lutjanus griseus",157,2
"202509081547-281","Atlantic Bay Scallop","Argopecten irradians",39,1
"202509090755-225","Spotted Seatrout","Cynoscion nebulosus",47,1
"202509090820-239","Gray Snapper","Lutjanus griseus",256,1
"202509090839-254","Bluestriped Grunt","Haemulon sciurus",89,1
"202509090853-255","Spotted Seatrout","Cynoscion nebulosus",51,3
"202509090853-255","Spotted Seatrout","Cynoscion nebulosus",47,3
"202509090853-255","Spotted Seatrout","Cynoscion nebulosus",43,3
"202509090902-241","Spotted Seatrout","Cynoscion nebulosus",32,1
"202509090932-226","Great Barracuda","Sphyraena barracuda",118,1
"202509091113-284","Great Barracuda","Sphyraena barracuda",121,1
"202509091122-283","Atlantic Bay Scallop","Argopecten irradians",48,1
"202509091122-283","Lined Seahorse","Hippocampus erectus",95,1
"202509091339-267","Lined Seahorse","Hippocampus erectus",110,1
"202509091339-267","Spotted Seatrout","Cynoscion nebulosus",48,3
"202509091339-267","Spotted Seatrout","Cynoscion nebulosus",35,3
"202509091339-267","Spotted Seatrout","Cynoscion nebulosus",74,3
"202509091349-280","Spotted Seatrout","Cynoscion nebulosus",26,1
"202509091410-278","Spotted Seatrout","Cynoscion nebulosus",66,1
"202509091431-266","Spotted Seatrout","Cynoscion nebulosus",76,1
"202509091513-174","Bluestriped Grunt","Haemulon sciurus",189,2
"202509091513-174","Bluestriped Grunt","Haemulon sciurus",188,2
"202509091513-174","Gray Snapper","Lutjanus griseus",173,1
"202509091513-174","Lane Snapper","Lutjanus synagris",102,2
"202509091513-174","Lane Snapper","Lutjanus synagris",105,2
"202509091526-073","Lane Snapper","Lutjanus synagris",112,1
"202509091538-071","Lane Snapper","Lutjanus synagris",67,2
"202509091538-071","Lane Snapper","Lutjanus synagris",98,2
"202509091538-071","Spotted Seatrout","Cynoscion nebulosus",128,4
"202509091538-071","Spotted Seatrout","Cynoscion nebulosus",63,4
"202509091538-071","Spotted Seatrout","Cynoscion nebulosus",43,4
"202509091538-071","Spotted Seatrout","Cynoscion nebulosus",32,4
"202509091538-071","Gray Snapper","Lutjanus griseus",197,3
"202509091538-071","Gray Snapper","Lutjanus griseus",184,3
"202509091538-071","Gray Snapper","Lutjanus griseus",227,3
"202509100748-070","Sheepshead","Archosargus probatocephalus",84,1
"202509100837-117","Hogfish","Lachnolaimus maximus",138,4
"202509100837-117","Hogfish","Lachnolaimus maximus",113,4
"202509100837-117","Hogfish","Lachnolaimus maximus",137,4
"202509100837-117","Hogfish","Lachnolaimus maximus",156,4
"202509100837-117","Lane Snapper","Lutjanus synagris",76,2
"202509100837-117","Lane Snapper","Lutjanus synagris",89,2
"202509100850-054","Hogfish","Lachnolaimus maximus",147,1
"202509100850-054","Bluestriped Grunt","Haemulon sciurus",88,1
"202509101023-022","Gray Snapper","Lutjanus griseus",236,1
"202509101040-023","Bluestriped Grunt","Haemulon sciurus",135,1
"202509101204-146","Bluestriped Grunt","Haemulon sciurus",74,1
"202509101204-146","Spotted Seatrout","Cynoscion nebulosus",192,3
"202509101204-146","Spotted Seatrout","Cynoscion nebulosus",142,3
"202509101204-146","Sheepshead","Archosargus probatocephalus",90,1
"202509101204-146","Spotted Seatrout","Cynoscion nebulosus",21,3
"202509101230-157","Gray Snapper","Lutjanus griseus",244,1
"202511150958-278","Gray Snapper","Lutjanus griseus",226,4
"202511150958-278","Gray Snapper","Lutjanus griseus",203,4
"202511150958-278","Gray Snapper","Lutjanus griseus",168,4
"202511150958-278","Gray Snapper","Lutjanus griseus",172,4
"202511150958-278","Atlantic Spadefish","Chaetodipterus faber",81,1
"202511150958-278","Sheepshead","Archosargus probatocephalus",120,3
"202511150958-278","Sheepshead","Archosargus probatocephalus",115,3
"202511150958-278","Sheepshead","Archosargus probatocephalus",121,3
"202511150958-278","Bluestriped Grunt","Haemulon sciurus",138,1
"202511150958-278","Great Barracuda","Sphyraena barracuda",277,1
"202511151011-265","Gray Snapper","Lutjanus griseus",193,3
"202511151011-265","Gray Snapper","Lutjanus griseus",213,3
"202511151011-265","Gray Snapper","Lutjanus griseus",271,3
"202511151031-280","Bluestriped Grunt","Haemulon sciurus",124,6
"202511151031-280","Bluestriped Grunt","Haemulon sciurus",162,6
"202511151031-280","Bluestriped Grunt","Haemulon sciurus",147,6
"202511151031-280","Bluestriped Grunt","Haemulon sciurus",168,6
"202511151031-280","Bluestriped Grunt","Haemulon sciurus",110,6
"202511151031-280","Bluestriped Grunt","Haemulon sciurus",125,6
"202511151031-280","Gray Snapper","Lutjanus griseus",196,1
"202511151041-267","Lined Seahorse","Hippocampus erectus",120,1
"202511151041-267","Sailor's Grunt","Haemulon parra",124,1
"202511151041-267","Bluestriped Grunt","Haemulon sciurus",106,2
"202511151041-267","Bluestriped Grunt","Haemulon sciurus",109,2
"202511151053-266","Gray Snapper","Lutjanus griseus",168,1
"202511151053-266","Spotted Seatrout","Cynoscion nebulosus",31,1
"202511151143-255","Bluestriped Grunt","Haemulon sciurus",144,3
"202511151143-255","Bluestriped Grunt","Haemulon sciurus",112,3
"202511151143-255","Bluestriped Grunt","Haemulon sciurus",115,3
"202511151155-240","Great Barracuda","Sphyraena barracuda",81,1
"202511151350-239","Gray Snapper","Lutjanus griseus",96,1
"202511151401-224","Gray Snapper","Lutjanus griseus",174,1
"202511151401-224","Blue Crab","Callinectes sapidus",NA,2
"202511151401-224","Blue Crab","Callinectes sapidus",NA,2
"202511151425-156","Lane Snapper","Lutjanus synagris",119,1
"202511151440-070","Lane Snapper","Lutjanus synagris",130,1
"202511151440-070","Caribbean Spiny Lobster","Panulirus argus",160,1
"202511151440-070","Spotted Seatrout","Cynoscion nebulosus",30,1
"202511160819-237","Sheepshead","Archosargus probatocephalus",175,1
"202511160829-174","Gray Snapper","Lutjanus griseus",200,1
"202511160829-174","Lane Snapper","Lutjanus synagris",38,1
"202511160829-174","Sheepshead","Archosargus probatocephalus",158,3
"202511160829-174","Sheepshead","Archosargus probatocephalus",183,3
"202511160829-174","Sheepshead","Archosargus probatocephalus",110,3
"202511160841-073","Lane Snapper","Lutjanus synagris",45,2
"202511160841-073","Lane Snapper","Lutjanus synagris",43,2
"202511160854-068","Lane Snapper","Lutjanus synagris",144,3
"202511160854-068","Lane Snapper","Lutjanus synagris",40,3
"202511160854-068","Lane Snapper","Lutjanus synagris",43,3
"202511160908-065","Lane Snapper","Lutjanus synagris",128,1
"202511160922-143","Lane Snapper","Lutjanus synagris",31,5
"202511160922-143","Lane Snapper","Lutjanus synagris",32,5
"202511160922-143","Lane Snapper","Lutjanus synagris",40,5
"202511160922-143","Lane Snapper","Lutjanus synagris",45,5
"202511160922-143","Lane Snapper","Lutjanus synagris",67,5
"202511160922-143","Barred Hamlet","Hypoplectrus puella",93,1
"202511160945-144","Caribbean Spiny Lobster","Panulirus argus",165,1
"202511160945-144","Gray Snapper","Lutjanus griseus",183,7
"202511160945-144","Gray Snapper","Lutjanus griseus",205,7
"202511160945-144","Gray Snapper","Lutjanus griseus",183,7
"202511160945-144","Gray Snapper","Lutjanus griseus",192,7
"202511160945-144","Gray Snapper","Lutjanus griseus",184,7
"202511160945-144","Gray Snapper","Lutjanus griseus",161,7
"202511160945-144","Gray Snapper","Lutjanus griseus",182,7
"202511161001-168","Lane Snapper","Lutjanus synagris",40,1
"202511161125-145","Gray Snapper","Lutjanus griseus",202,2
"202511161125-145","Gray Snapper","Lutjanus griseus",192,2
"202511161125-145","Lane Snapper","Lutjanus synagris",138,15
"202511161125-145","Lane Snapper","Lutjanus synagris",99,15
"202511161125-145","Lane Snapper","Lutjanus synagris",95,15
"202511161125-145","Lane Snapper","Lutjanus synagris",112,15
"202511161125-145","Lane Snapper","Lutjanus synagris",120,15
"202511161125-145","Lane Snapper","Lutjanus synagris",132,15
"202511161125-145","Lane Snapper","Lutjanus synagris",122,15
"202511161125-145","Lane Snapper","Lutjanus synagris",115,15
"202511161125-145","Lane Snapper","Lutjanus synagris",65,15
"202511161125-145","Lane Snapper","Lutjanus synagris",116,15
"202511161125-145","Lane Snapper","Lutjanus synagris",67,15
"202511161125-145","Lane Snapper","Lutjanus synagris",142,15
"202511161125-145","Lane Snapper","Lutjanus synagris",143,15
"202511161125-145","Lane Snapper","Lutjanus synagris",74,15
"202511161125-145","Lane Snapper","Lutjanus synagris",37,15
"202511161125-145","Bluestriped Grunt","Haemulon sciurus",134,25
"202511161125-145","Bluestriped Grunt","Haemulon sciurus",115,25
"202511161125-145","Bluestriped Grunt","Haemulon sciurus",142,25
"202511161125-145","Bluestriped Grunt","Haemulon sciurus",105,25
"202511161125-145","Bluestriped Grunt","Haemulon sciurus",106,25
"202511161125-145","Bluestriped Grunt","Haemulon sciurus",107,25
"202511161125-145","Bluestriped Grunt","Haemulon sciurus",121,25
"202511161125-145","Bluestriped Grunt","Haemulon sciurus",102,25
"202511161125-145","Bluestriped Grunt","Haemulon sciurus",126,25
"202511161125-145","Bluestriped Grunt","Haemulon sciurus",107,25
"202511161125-145","Bluestriped Grunt","Haemulon sciurus",109,25
"202511161125-145","Bluestriped Grunt","Haemulon sciurus",97,25
"202511161125-145","Bluestriped Grunt","Haemulon sciurus",134,25
"202511161125-145","Bluestriped Grunt","Haemulon sciurus",107,25
"202511161125-145","Bluestriped Grunt","Haemulon sciurus",104,25
"202511161125-145","Bluestriped Grunt","Haemulon sciurus",104,25
"202511161125-145","Bluestriped Grunt","Haemulon sciurus",104,25
"202511161125-145","Bluestriped Grunt","Haemulon sciurus",114,25
"202511161125-145","Bluestriped Grunt","Haemulon sciurus",98,25
"202511161125-145","Bluestriped Grunt","Haemulon sciurus",113,25
"202511161125-145","Bluestriped Grunt","Haemulon sciurus",108,25
"202511161125-145","Bluestriped Grunt","Haemulon sciurus",112,25
"202511161125-145","Bluestriped Grunt","Haemulon sciurus",93,25
"202511161125-145","Bluestriped Grunt","Haemulon sciurus",103,25
"202511161125-145","Bluestriped Grunt","Haemulon sciurus",96,25
"202511161125-145","Sailor's Grunt","Haemulon parra",87,1
"202511161327-124","Gray Snapper","Lutjanus griseus",162,2
"202511161327-124","Gray Snapper","Lutjanus griseus",177,2
"202511161327-124","Bluestriped Grunt","Haemulon sciurus",116,1
"202511161351-123","Great Barracuda","Sphyraena barracuda",91,1
"202511170742-054","Lane Snapper","Lutjanus synagris",123,1
"202511170756-101","Lane Snapper","Lutjanus synagris",71,3
"202511170756-101","Lane Snapper","Lutjanus synagris",41,3
"202511170756-101","Lane Snapper","Lutjanus synagris",49,3
"202511170808-020","Barred Hamlet","Hypoplectrus puella",86,3
"202511170808-020","Barred Hamlet","Hypoplectrus puella",94,3
"202511170808-020","Barred Hamlet","Hypoplectrus puella",61,3
"202511170808-020","Bluestriped Grunt","Haemulon sciurus",143,2
"202511170808-020","Bluestriped Grunt","Haemulon sciurus",134,2
"202511170808-020","Lane Snapper","Lutjanus synagris",146,1
"202511170808-020","Grass Porgy","Calamus arctifrons",204,1
"202511170857-105","Gray Snapper","Lutjanus griseus",112,3
"202511170857-105","Gray Snapper","Lutjanus griseus",232,3
"202511170857-105","Gray Snapper","Lutjanus griseus",162,3
"202511171213-304","Bluestriped Grunt","Haemulon sciurus",76,1
"202511171332-618","Great Barracuda","Sphyraena barracuda",260,1
"202511171345-621","Great Barracuda","Sphyraena barracuda",71,1
"202511171413-407","Great Barracuda","Sphyraena barracuda",87,1
"202511180844-281","Great Barracuda","Sphyraena barracuda",99,3
"202511180844-281","Great Barracuda","Sphyraena barracuda",175,3
"202511180844-281","Great Barracuda","Sphyraena barracuda",150,3
"202511180901-269","Atlantic Spadefish","Chaetodipterus faber",107,1
"202511180901-269","Atlantic Bay Scallop","Argopecten irradians",40,1
"202511180910-256","Great Barracuda","Sphyraena barracuda",125,1
"202511180942-302","Great Barracuda","Sphyraena barracuda",236,1
"202511181015-609","Great Barracuda","Sphyraena barracuda",76,2
"202511181015-609","Great Barracuda","Sphyraena barracuda",94,2
"202511181222-284","Caribbean Spiny Lobster","Panulirus argus",160,1
"202511181328-257","Caribbean Spiny Lobster","Panulirus argus",150,1
"202511181328-257","Bluestriped Grunt","Haemulon sciurus",112,1
"202511181337-258","Blue Crab","Callinectes sapidus",NA,1
"202511181348-244","Bluestriped Grunt","Haemulon sciurus",137,1
"202511181425-228","Great Barracuda","Sphyraena barracuda",88,1
"202511181433-229","Great Barracuda","Sphyraena barracuda",243,2
"202511181433-229","Great Barracuda","Sphyraena barracuda",86,2
